Formula,Name,Isomeric SMILES,"Mw, g/mol","Tc, K","Pc, bar","Vc, ml/mol",omega
CBrCl2F,bromodichlorofluoromethane,FC(Cl)(Cl)Br,181.819,512.9,45.37,266,0.196
CBrCl3,bromotrichloromethane,ClC(Cl)(Cl)Br,198.274,606,49.19,284,0.209
CBr2F2,dibromodifluoromethane,FC(F)(Br)Br,209.815,478,43.63,249,0.217
CBr4,carbon tetrabromide,BrC(Br)(Br)Br,331.627,706.76,42.27,326.55,0.524
CClN,cyanogen chloride,N#CCl,61.471,449,59.9,163,0.32
CF2O,carbonyl fluoride,O=C(F)F,66.006,297,57.6,141,0.283
CHBrF2,bromodifluoromethane,FC(F)Br,130.919,,,,0.152
CHBr3,bromoform,BrC(Br)Br,252.731,656.39,50.79,278.45,0.319
CHI3,iodoform,IC(I)I,393.731,718.24,40.06,309.55,0.491
CH2BrCl,bromochloromethane,ClCBr,129.384,557,68.58,204,0.15
CH2Br2,dibromomethane,BrCBr,173.835,615.89,72.28,202.49,0.162
CH2ClF,chlorofluoromethane,FCCl,68.478,411.48,80.04,124.13,0.155
CH2ClNO,carbamic chloride,NC(=O)Cl,79.486,517,61.26,201,0.243
CH2Cl2,dichloromethane,ClCCl,84.933,,,174.18,
CH2I2,diiodomethane,ICI,267.835,697.5,57.63,244.39,0.36
CH2O,formaldehyde,C=O,30.026,415.24,71.57,98.34,
CH2O2,formic acid,O=CO,46.025,,,170.47,
CH3ClO2S,methanesulfonyl chloride,CS(=O)(=O)Cl,114.553,676,52.3,260,0.3
CH3I,methyl iodide,CI,141.939,522.43,68.89,179.06,0.174
CH3NO,formamide,NC=O,45.041,554.1,108.64,118.33,
CH4Cl2Si,methyl dichlorosilane,C[SiH](Cl)Cl,115.035,483,39.5,289,0.25
CH4N2O,N-hydroxymethanimidamide,N=CNO,60.056,705,73.64,218,
CH4N2S,ammonium thiocyanate,N#C[S-].[NH4+],76.124,854,76.86,248,
CH4O3S,methanesulfonic acid,CS(=O)(=O)O,96.107,903.59,70.89,220,0.51
CH5ClSi,methyl chlorosilane,C[SiH2]Cl,80.59,442,41.7,246,0.225
CH5N,methylamine,CN,31.058,,,112.49,
CH6Si,methyl silane,C[SiH3],46.145,,,205,0.139
CI4,carbon tetraiodide,IC(I)(I)I,519.627,866.17,31.59,404.78,0.595
CN4O8,tetranitromethane,O=[N+]([O-])C([N+](=O)[O-])([N+](=O)[O-])[N+](=O)[O-],196.031,540,23.65,439,0.574
C2BrF3,bromotrifluoroethylene,FC(F)=C(F)Br,160.92,432,43.65,239,0.179
C2Cl2F2,"1,1-dichloro-2,2-difluoroethene",FC(F)=C(Cl)Cl,132.924,440.65,42,233.79,0.234
C2Cl2F2,"1,2-dichloro-1,2-difluoroethene",FC(Cl)=C(F)Cl,132.924,444.18,44.34,223.23,0.234
C2Cl2F4,dichlorotetrafluoroethane,FC(F)(F)C(F)(Cl)Cl,170.92,410.78,28.17,309.97,0.268
C2Cl3F3,"1,1,1-trichloro-2,2,2-trifluoroethane",FC(F)(F)C(Cl)(Cl)Cl,187.375,469.73,30.68,318.86,0.281
C2Cl4,tetrachloroethylene,ClC(Cl)=C(Cl)Cl,165.834,,,276.26,
C2Cl4F2,"1,1,2,2-tetrachloro-1,2-difluoroethane",FC(Cl)(Cl)C(F)(Cl)Cl,203.83,533.65,32.76,332.42,0.293
C2Cl4F2,"1,1,1,2-tetrachloro-2,2-difluoroethane",FC(F)(Cl)C(Cl)(Cl)Cl,203.83,531.74,32.73,331.48,0.293
C2Cl4O,trichloroacetyl chloride,O=C(Cl)C(Cl)(Cl)Cl,181.833,590,41,332,0.35
C2Cl5F,pentachlorofluoroethane,FC(Cl)(Cl)C(Cl)(Cl)Cl,220.285,594.54,34.84,341.13,0.305
C2Cl6,hexachloroethane,ClC(Cl)(Cl)C(Cl)(Cl)Cl,236.74,695,33.04,412,0.361
C2HBrClF3,halothane,FC(F)(F)C(Cl)Br,197.381,496,38.67,296,0.208
C2HClF4,chlorotetrafluoroethane,FC(Cl)C(F)(F)F,136.475,393.66,33.96,257.21,0.237
C2HCl2F3,"1,1-dichloro-1,2,2-trifluoroethane",FC(F)C(F)(Cl)Cl,152.93,462.04,37.42,268.44,0.252
C2HCl2F3,"1,2-dichloro-1,1,2-trifluoroethane",FC(Cl)C(F)(F)Cl,152.93,,,263.08,0.252
C2HCl3,trichloroethylene,ClC=C(Cl)Cl,131.389,,,267.06,
C2HCl3F2,"1,1,1-trichloro-2,2-difluoroethane",FC(F)C(Cl)(Cl)Cl,169.385,513.2,38.49,284.01,0.266
C2HCl3F2,"1,1,2-trichloro-1,2-difluoroethane",FC(Cl)C(F)(Cl)Cl,169.385,513.2,38.49,284.01,0.266
C2HCl3F2,"1,2,2-trichloro-1,1-difluoroethane",FC(F)(Cl)C(Cl)Cl,169.385,509.55,38.22,283.94,0.266
C2HCl3O,dichloroacetyl chloride,O=C(Cl)C(Cl)Cl,147.388,579,44.01,288,0.394
C2HCl3O,trichloroacetaldehyde,O=CC(Cl)(Cl)Cl,147.388,565,42.94,288,0.394
C2HCl3O2,trichloroacetic acid,O=C(O)C(Cl)(Cl)Cl,163.387,688,47.78,309,0.423
C2HCl4F,"1,1,1,2-tetrachloro-2-fluoroethane",FC(Cl)C(Cl)(Cl)Cl,185.84,568.81,39.22,302.62,0.279
C2HCl4F,"1,1,2,2-tetrachloro-1-fluoroethane",FC(Cl)(Cl)C(Cl)Cl,185.84,569.94,39.3,302.62,0.279
C2HCl5,pentachloroethane,ClC(Cl)C(Cl)(Cl)Cl,202.295,665,36.84,369,0.314
C2HF3,trifluoroethene,FC=C(F)F,82.024,345.24,53.63,149.36,0.275
C2HF5O,trifluoromethyl difluoromethyl ether,FC(F)OC(F)(F)F,136.019,395.88,49.47,173.6,0.357
C2HI,iodoacetylene,C#CI,151.934,505.95,64.59,182.7,0.193
C2H2Br2,"1,1-dibromoethene",C=C(Br)Br,185.846,633.02,58.01,255.47,0.205
C2H2Br2,"cis-1,2-dibromoethene",Br/C=C\Br,185.846,633.02,60.21,246.15,0.205
C2H2Br2,"trans-1,2-dibromoethene",Br/C=C/Br,185.846,633.02,59.71,248.22,0.205
C2H2Br2,"1,2-dibromoethylene; (cis+trans)",BrC=CBr,185.846,633.02,57.86,256.14,0.205
C2H2Br4,"1,1,2,2-tetrabromoethane",BrC(Br)C(Br)Br,345.654,719.6,33.94,406.99,0.557
C2H2Br4,"1,1,1,2-tetrabromoethane",BrCC(Br)(Br)Br,345.654,719.6,34,406.26,0.557
C2H2ClF3,"1-chloro-1,1,2-trifluoroethane",FCC(F)(F)Cl,118.485,437.01,46.68,212.4,0.219
C2H2ClF3,"1-chloro-1,2,2-trifluoroethane",FC(F)C(F)Cl,118.485,437.01,46.68,212.4,0.219
C2H2ClF3,"2-chloro-1,1,1-trifluoroethane",FC(F)(F)CCl,118.485,426.18,45.53,212.4,0.219
C2H2Cl2,"1,1-dichloroethylene",C=C(Cl)Cl,96.944,529.95,55.04,224.41,0.249
C2H2Cl2,"cis-1,2-dichloroethylene",Cl/C=C\Cl,96.944,,,214.44,0.249
C2H2Cl2,"trans-1,2-dichloroethylene",Cl/C=C/Cl,96.944,,,216.18,
C2H2Cl2,"1,2-dichloroethylene",ClC=CCl,96.944,529.95,58.62,210.7,0.249
C2H2Cl2F2,"1,1-dichloro-1,2-difluoroethane",FCC(F)(Cl)Cl,134.94,439.07,40.24,242.54,0.236
C2H2Cl2F2,"1,1-dichloro-2,2-difluoroethane",FC(F)C(Cl)Cl,134.94,439.07,40.24,242.54,0.236
C2H2Cl2F2,"1,2-dichloro-1,1-difluoroethane",FC(F)(Cl)CCl,134.94,479.1,43.91,242.54,0.236
C2H2Cl2F2,"1,2-dichloro-1,2-difluoroethane",FC(Cl)C(F)Cl,134.94,487.57,41.2,269.5,0.295
C2H2Cl2O,chloroacetyl chloride,O=C(Cl)CCl,112.943,581,54.18,245,0.326
C2H2Cl2O,dichloroacetaldehyde,O=CC(Cl)Cl,112.943,555,51.75,245,0.326
C2H2Cl2O2,dichloroacetic acid,O=C(O)C(Cl)Cl,128.942,686,57.98,265,0.359
C2H2Cl3F,"1,1,1-trichloro-2-fluoroethane",FCC(Cl)(Cl)Cl,151.395,543.03,48.25,245.13,0.251
C2H2Cl3F,"1,1,2-trichloro-1-fluoroethane",FC(Cl)(Cl)CCl,151.395,534.99,44.55,261.56,0.251
C2H2Cl3F,"1,1,2-trichloro-2-fluoroethane",FC(Cl)C(Cl)Cl,151.395,555.57,48.02,251.97,0.251
C2H2Cl4,"1,1,1,2-tetrachloroethane",ClCC(Cl)(Cl)Cl,167.85,577.04,38.35,321.05,0.26
C2H2Cl4,"1,1,2,2-tetrachloroethane",ClC(Cl)C(Cl)Cl,167.85,577.04,39.92,308.47,0.26
C2H2F2,"cis-1,2-difluoroethene",F/C=C\F,64.034,296.9,49.2,143.17,0.138
C2H2F2,"trans-1,2-difluoroethene",F/C=C/F,64.034,296.9,49.2,143.17,0.138
C2H2F4,"1,1,2,2-tetrafluoroethane",FC(F)C(F)F,102.03,,,204.71,0.301
C2H2F4O,bis(difluoromethyl) ether,FC(F)OC(F)F,118.029,420.25,41.87,222.67,0.338
C2H2I2,"cis-1,2-diiodoethene",I/C=C\I,279.846,695.63,48.76,283.8,0.374
C2H2I2,"trans-1,2-diiodoethylene",I/C=C/I,279.846,695.63,45.21,306.09,0.374
C2H2I4,"1,1,1,2-tetraiodoethane",ICC(I)(I)I,533.654,953.47,26.9,514.28,0.606
C2H2I4,"1,1,2,2-tetraiodoethane",IC(I)C(I)I,533.654,953.47,26.9,514.28,0.606
C2H2O,ketene,C=C=O,42.037,370,58.47,144,0.112
C2H2O2,glyoxal,O=CC=O,58.036,495,67.33,164,0.255
C2H2O4,oxalic acid,O=C(O)C(=O)O,90.034,804,101.31,170.13,0.475
C2H3Br,vinyl bromide,C=CBr,106.95,521.18,69.66,193.21,0.239
C2H3Br3,"1,1,1-tribromoethane",CC(Br)(Br)Br,266.758,671.85,43.9,324.05,0.358
C2H3Br3,"1,1,2-tribromoethane",BrCC(Br)Br,266.758,671.85,43.9,324.05,0.358
C2H3Cl,vinyl chloride,C=CCl,62.499,472.35,61.96,185.45,0.191
C2H3ClF2,"1-chloro-1,2-difluoroethane",FCC(F)Cl,100.495,468.68,48.08,226.18,0.199
C2H3ClF2,"2-chloro-1,1-difluoroethane",FC(F)CCl,100.495,468.75,48.09,226.18,0.199
C2H3ClF2,chlorodifluoroethane,CC(F)(F)Cl,100.495,439.35,45.07,226.18,0.199
C2H3ClO,acetyl chloride,CC(=O)Cl,78.498,508,61.81,196,0.24
C2H3ClO,chloroacetaldehyde,O=CCCl,78.498,555,65.84,201,0.24
C2H3ClO2,chloroacetic acid,O=C(O)CCl,94.497,686,72.56,221,0.283
C2H3ClO2,methyl chloroformate,COC(=O)Cl,94.497,525,55.53,221,0.283
C2H3Cl2F,"1,1-dichloro-2-fluoroethane",FCC(Cl)Cl,116.95,489.04,49.67,223.83,0.217
C2H3Cl2F,"1,2-dichloro-1-fluoroethane",FC(Cl)CCl,116.95,523.58,56.55,210.48,0.217
C2H3Cl3,"1,1,1-trichloroethane",CC(Cl)(Cl)Cl,133.405,,,310.15,
C2H3Cl3,"1,1,2-trichloroethane",ClCC(Cl)Cl,133.405,551.31,43.37,283.12,0.198
C2H3Cl3Si,trichlorovinylsilane,[SiH3]C(Cl)=C(Cl)Cl,161.491,543.15,30.6,408,0.282
C2H3F3,"1,1,2-trifluoroethane",FCC(F)F,84.04,345.17,40.97,195,0.278
C2H3F3O,methyl trifluoromethyl ether,COC(F)(F)F,100.039,,,153.95,
C2H3I,vinyl iodide,C=CI,153.95,539.54,56.95,220.38,0.196
C2H3I3,"1,1,1-triiodoethane",CC(I)(I)I,407.758,731.03,29.97,413.88,0.504
C2H3I3,"1,1,2-triiodoethane",ICC(I)I,407.758,731.03,29.97,413.88,0.504
C2H3N,acetonitrile,CC#N,41.053,,,146.61,
C2H3N,methyl isocyanide,[C-]#[N+]C,41.053,503.62,75.6,155.33,0.21
C2H3NO,methyl isocyanate,CN=C=O,57.052,505,60.75,190,0.273
C2H3NO,hydroxyacetonitrile,N#CCO,57.052,664,77.83,195,0.273
C2H3NO2,nitroethene,C=C[N+](=O)[O-],73.051,612.17,71.62,191.52,0.325
C2H4Br2,"1,1-dibromoethane",CC(Br)Br,187.862,635.81,52.96,280.4,0.213
C2H4ClF,1-chloro-1-fluoroethane,CC(F)Cl,82.505,444.91,62.76,168.21,0.176
C2H4ClF,1-chloro-2-fluoroethane,FCCCl,82.505,497.08,70.12,168.21,0.176
C2H4Cl2O,bis(chloromethyl) ether,ClCOCCl,114.959,579,51.14,258,0.33
C2H4F2,"1,2-difluoroethane",FCCF,66.05,392.76,54.57,170.33,0.292
C2H4I2,"1,1-diiodoethane",CC(I)I,281.862,755.01,46.2,324.31,0.377
C2H4I2,"1,2-diiodoethane",ICCI,281.862,722.11,42.59,336.44,0.377
C2H4N2,aminoacetonitrile,N#CCN,56.068,638,63.76,229,0.269
C2H4N2O6,ethylene glycol dinitrate,O=[N+]([O-])OCCO[N+](=O)[O-],152.062,654,36.69,362,0.503
C2H4N4,cyanoguanidine,N#CNC(=N)N,84.082,834,56.02,329,0.356
C2H4O,acetaldehyde,CC=O,44.053,,,,0.132
C2H4OS,thioacetic-acid,CC(O)=S,76.12,577.34,57.37,219.5,0.387
C2H4O2S,thioglycolic acid,O=C(O)CS,92.119,733,65.58,239,0.487
C2H4O3,glycolic acid,O=C(O)CO,76.051,616,75.62,177.7,0.387
C2H4O3,peroxyacetic acid,CC(=O)OO,76.051,552,60.82,198,0.387
C2H4S,ethylene sulfide,C1CS1,60.121,547,79.28,155.3,0.173
C2H5ClO,2-chloroethanol,OCCCl,80.514,585,65.64,212,0.246
C2H5ClO,chloromethyl methyl ether,COCCl,80.514,521,57.91,214,0.246
C2H5ClO2S,ethanesulfonyl chloride,CCS(=O)(=O)Cl,128.58,682,47.4,204,0.369
C2H5Cl3Si,trichloroethylsilane,[SiH3]CC(Cl)(Cl)Cl,163.507,,,414,
C2H5F,ethyl fluoride,CCF,48.06,,,155.11,
C2H5I,ethyl iodide,CCI,155.966,562.2,53.94,241.88,0.2
C2H5N,ethylenimine,C1CN1,43.069,537,72.19,173,0.218
C2H5NO,acetaldoxime,CC=NO,59.068,568,60.8,213,0.28
C2H5NO,acetamide,CC(N)=O,59.068,761,91.4,189.83,0.28
C2H5NO,N-methylformamide,CNC=O,59.068,601.9,72.33,189.73,0.28
C2H5NO2,nitroethane,CC[N+](=O)[O-],75.067,617.52,57.72,239.11,0.331
C2H6AlCl,dimethylaluminum chloride,C[Al](C)Cl,92.505,619,36.2,320,0.183
C2H6OS,dimethyl sulfoxide,CS(C)=O,78.136,729,69.87,227,0.401
C2H6OS,2-mercaptoethanol,OCCS,78.136,629,62.49,219,0.401
C2H6O2,ethylene glycol,OCCO,62.068,,,170.63,
C2H6O4S,dimethyl sulfate,COS(=O)(=O)OC,126.133,716,50.67,293,0.344
C2H6O4S,ethyl hydrogen sulfate,CCOS(=O)(=O)O,126.133,857,60.65,293,0.344
C2H6S2,"1,2-ethanedithiol",SCCS,94.204,656.56,60.65,233.57,0.272
C2H6S2,dimethyl disulfide,CSSC,94.204,,,251.18,0.272
C2H7ClSi,chlorodimethylsilane,C[SiH](C)Cl,94.617,472,36.2,299,0.253
C2H7N,ethylamine,CCN,45.085,,,169.09,
C2H7N,dimethylamine,CNC,45.085,,,177.56,0.227
C2H7NO,monoethanolamine,NCCO,61.084,,,225,0.287
C2H7NO,1-aminoethanol,CC(N)O,61.084,678.09,68.54,225,0.287
C2H8N2,ethylenediamine,NCCN,60.1,593,51.15,264,0.283
C2H8Si,dimethyl silane,C[SiH2]C,60.172,384.14,31.69,289.03,0.104
C2I2,diiodoacetylene,IC#CI,277.83,606.27,44.39,272.4,0.372
C2I4,tetraiodoethene,IC(I)=C(I)I,531.638,806.58,27.16,431.92,0.604
C2N2,cyanogen,N#CC#N,52.036,,,195,
C3ClF7,"1-chloro-1,1,2,2,3,3,3-heptafluoropropane",FC(F)(F)C(F)(F)C(F)(F)Cl,204.472,400.69,19.85,411.52,0.293
C3ClF7,"2-chloro-1,1,1,2,3,3,3-heptafluoropropane",FC(F)(F)C(F)(Cl)C(F)(F)F,204.472,399.59,19.8,411.52,0.293
C3Cl2F6,"1,2-dichlorohexafluoropropane",FC(F)(F)C(F)(Cl)C(F)(F)Cl,220.927,450.89,24.75,363.85,0.305
C3Cl2F6,"1,3-dichloro-1,1,2,2,3,3-hexafluoropropane",FC(F)(Cl)C(F)(F)C(F)(F)Cl,220.927,451.9,24.81,363.85,0.305
C3Cl3F5,"1,1,1-trichloro-2,2,3,3,3-pentafluoropropane",FC(F)(F)C(F)(F)C(Cl)(Cl)Cl,237.382,501.44,24.55,399.74,0.316
C3Cl3F5,"1,2,2-trichloro-1,1,3,3,3-pentafluoropropane",FC(F)(F)C(Cl)(Cl)C(F)(F)Cl,237.382,501.44,24.73,396.81,0.316
C3Cl3F5,"1,2,3-trichloro-1,1,2,3,3-pentafluoropropane",FC(F)(Cl)C(F)(Cl)C(F)(F)Cl,237.382,501.21,24.9,393.95,0.316
C3Cl4F4,"1,2,2,3-tetrachloro-1,1,3,3-tetrafluoropropane",FC(F)(Cl)C(Cl)(Cl)C(F)(F)Cl,253.837,556.56,26.02,410.07,0.326
C3Cl4F4,"1,1,1,3-tetrachloro-2,2,3,3-tetrafluoropropane",FC(F)(Cl)C(F)(F)C(Cl)(Cl)Cl,253.837,555.26,25.85,411.81,0.326
C3Cl5F3,"1,1,1,3,3-pentachloro-2,2,3-trifluoropropane",FC(Cl)(Cl)C(F)(F)C(Cl)(Cl)Cl,270.292,612.41,26.54,433.56,0.336
C3Cl6F2,"hexachloro-2,2-difluoropropane",FC(F)(C(Cl)(Cl)Cl)C(Cl)(Cl)Cl,286.747,666.88,26.86,456.99,0.346
C3Cl7F,"1,1,1,2,2,3,3-heptachloro-3-fluoropropane",FC(Cl)(Cl)C(Cl)(Cl)C(Cl)(Cl)Cl,303.202,707.49,26.33,484.52,0.355
C3F6,hexafluoropropylene,FC(F)=C(F)C(F)(F)F,150.021,399.32,27.85,305.67,0.299
C3F6O,trifluoromethyl trifluorovinyl ether,FC(F)=C(F)OC(F)(F)F,166.02,363,31.1,289,0.35
C3HClF6,"1-chloro-1,1,2,2,3,3-hexafluoropropane",FC(F)C(F)(F)C(F)(F)Cl,186.482,429.11,22.37,399.87,0.28
C3HClF6,"2-chloro-1,1,1,3,3,3-hexafluoropropane",FC(F)(F)C(Cl)C(F)(F)F,186.482,425.46,22.18,399.87,0.28
C3HClF6,"1-chloro-1,1,2,3,3,3-hexafluoropropane",FC(C(F)(F)F)C(F)(F)Cl,186.482,429.69,22.4,399.87,0.28
C3HClF6,"2-chloro-1,1,1,2,3,3-hexafluoropropane",FC(F)C(F)(Cl)C(F)(F)F,186.482,429.11,22.37,399.87,0.28
C3HClF6,"3-chloro-1,1,1,2,2,3-hexafluoropropane",FC(Cl)C(F)(F)C(F)(F)F,186.482,429.11,22.37,399.87,0.28
C3HCl2F3,"1,2-dichloro-3,3,3-trifluoropropene",FC(F)(F)C(Cl)=CCl,164.941,484.67,35.03,296.27,0.263
C3HCl2F5,"3,3-dichloro-1,1,1,2,2-pentafluoropropane",FC(F)(F)C(F)(F)C(Cl)Cl,202.937,475.35,27.34,355.17,0.292
C3HCl2F5,"1,3-dichloro-1,1,2,2,3-pentafluoropropane",FC(Cl)C(F)(F)C(F)(F)Cl,202.937,476.26,27.6,352.44,0.292
C3HCl2F5,"1,1-dichloro-1,2,2,3,3-pentafluoropropane",FC(F)C(F)(F)C(F)(Cl)Cl,202.937,475.35,27.55,352.44,0.292
C3HCl2F5,"1,2-dichloro-1,1,3,3,3-pentafluoropropane",FC(F)(F)C(Cl)C(F)(F)Cl,202.937,475.35,27.55,352.44,0.292
C3HCl2F5,"1,3-dichloro-1,1,2,3,3-pentafluoropropane",FC(C(F)(F)Cl)C(F)(F)Cl,202.937,475.35,27.55,352.44,0.292
C3HCl2F5,"1,1-dichloro-1,2,3,3,3-pentafluoropropane",FC(C(F)(F)F)C(F)(Cl)Cl,202.937,475.35,27.55,352.44,0.292
C3HCl2F5,"2,2-dichloro-1,1,1,3,3-pentafluoropropane",FC(F)C(Cl)(Cl)C(F)(F)F,202.937,475.35,27.55,352.44,0.292
C3HCl2F5,"2,3-dichloro-1,1,1,2,3-pentafluoropropane",FC(Cl)C(F)(Cl)C(F)(F)F,202.937,476.12,27.6,352.44,0.292
C3HCl2F5,"1,2-dichloro-1,1,2,3,3-pentafluoropropane",FC(F)C(F)(Cl)C(F)(F)Cl,202.937,475.35,27.55,352.44,0.292
C3HCl3F4,trichlorotetrafluoropropane,FC(C(F)(F)F)C(Cl)(Cl)Cl,219.392,533.76,26.79,398.72,0.304
C3HCl3F4,"1,3,3-trichloro-1,1,2,2-tetrafluoropropane",FC(F)(Cl)C(F)(F)C(Cl)Cl,219.392,533.76,26.79,398.72,0.304
C3HCl3F4,"1,1,3-trichloro-1,2,2,3-tetrafluoropropane",FC(Cl)C(F)(F)C(F)(Cl)Cl,219.392,533.76,26.79,398.72,0.304
C3HCl3F4,"1,1,1-trichloro-2,2,3,3-tetrafluoropropane",FC(F)C(F)(F)C(Cl)(Cl)Cl,219.392,533.76,26.79,398.72,0.304
C3HCl4F3,tetrachlorotrifluoropropane,FC(F)(F)C(Cl)(Cl)C(Cl)Cl,235.847,576.39,28.25,400.16,0.315
C3HCl4F3,"1,1,3,3-tetrachloro-1,2,2-trifluoropropane",FC(Cl)(Cl)C(F)(F)C(Cl)Cl,235.847,576.75,28.26,400.16,0.315
C3HCl4F3,"1,1,1,3-tetrachloro-2,2,3-trifluoropropane",FC(Cl)C(F)(F)C(Cl)(Cl)Cl,235.847,576.39,28.25,400.16,0.315
C3HCl5F2,pentachlorodifluoropropane,FC(F)(C(Cl)Cl)C(Cl)(Cl)Cl,252.302,631.64,28.77,421.81,0.325
C3HCl6F,"1,1,1,2,2,3-hexachloro-3-fluoropropane",FC(Cl)C(Cl)(Cl)C(Cl)(Cl)Cl,268.757,688.51,30.48,425.16,0.336
C3HF7,heptafluoropropane,FC(F)C(F)(F)C(F)(F)F,170.027,,,,0.367
C3HF7O,"trifluoromethyl 1,1,2,2-tetrafluoroethyl ether",FC(F)C(F)(F)OC(F)(F)F,186.026,421.14,30,286.24,0.4
C3HF7O,"trifluoromethyl 1,2,2,2-tetrafluoroethyl ether",FC(OC(F)(F)F)C(F)(F)F,186.026,421.14,30,286.24,0.4
C3H2ClF5,"3-chloro-1,1,1,2,2-pentafluoropropane",FC(F)(F)C(F)(F)CCl,168.492,419.62,23.04,388.28,0.266
C3H2ClF5,"1-chloro-1,2,2,3,3-pentafluoropropane",FC(F)C(F)(F)C(F)Cl,168.492,419.62,23.04,388.28,0.266
C3H2ClF5,"1-chloro-1,1,2,2,3-pentafluoropropane",FCC(F)(F)C(F)(F)Cl,168.492,419.62,23.04,388.28,0.266
C3H2ClF5,"1-chloro-1,1,3,3,3-pentafluoropropane",FC(F)(F)CC(F)(F)Cl,168.492,448.36,24.62,388.28,0.266
C3H2ClF5,"2-chloro-1,1,1,3,3-pentafluoropropane",FC(F)C(Cl)C(F)(F)F,168.492,419.62,23.04,388.28,0.266
C3H2ClF5,"3-chloro-1,1,1,2,3-pentafluoropropane",FC(Cl)C(F)C(F)(F)F,168.492,448.07,24.61,388.28,0.266
C3H2Cl2F4,"1,1-dichloro-1,3,3,3-tetrafluoropropane",FC(F)(F)CC(F)(Cl)Cl,184.947,440.1,24.33,377.95,0.279
C3H2Cl2F4,"1,1-dichloro-1,2,2,3-tetrafluoropropane",FCC(F)(F)C(F)(Cl)Cl,184.947,440.1,24.33,377.95,0.279
C3H2Cl2F4,"1,1-dichloro-2,2,3,3-tetrafluoropropane",FC(F)C(F)(F)C(Cl)Cl,184.947,440.1,24.33,377.95,0.279
C3H2Cl2F4,"1,2-dichloro-1,1,2,3-tetrafluoropropane",FCC(F)(Cl)C(F)(F)Cl,184.947,440.1,24.33,377.95,0.279
C3H2Cl2F4,"1,2-dichloro-1,2,3,3-tetrafluoropropane",FC(F)C(F)(Cl)C(F)Cl,184.947,440.1,24.33,377.95,0.279
C3H2Cl2F4,"1,3-dichloro-1,1,2,2-tetrafluoropropane",FC(F)(Cl)C(F)(F)CCl,184.947,440.1,24.33,377.95,0.279
C3H2Cl2F4,"1,3-dichloro-1,1,3,3-tetrafluoropropane",FC(F)(Cl)CC(F)(F)Cl,184.947,440.1,24.33,377.95,0.279
C3H2Cl2F4,"1,3-dichloro-1,2,2,3-tetrafluoropropane",FC(Cl)C(F)(F)C(F)Cl,184.947,440.1,24.33,377.95,0.279
C3H2Cl2F4,"2,2-dichloro-1,1,3,3-tetrafluoropropane",FC(F)C(Cl)(Cl)C(F)F,184.947,440.1,24.33,377.95,0.279
C3H2Cl2F4,"2,2-dichloro-1,1,1,3-tetrafluoropropane",FCC(Cl)(Cl)C(F)(F)F,184.947,440.1,24.33,377.95,0.279
C3H2Cl2F4,"2,3-dichloro-1,1,1,2-tetrafluoropropane",FC(F)(F)C(F)(Cl)CCl,184.947,440.1,24.33,377.95,0.279
C3H2Cl2F4,"2,3-dichloro-1,1,1,3-tetrafluoropropane",FC(Cl)C(Cl)C(F)(F)F,184.947,440.1,24.33,377.95,0.279
C3H2Cl3F3,"1,1,1-trichloro-3,3,3-trifluoropropane",FC(F)(F)CC(Cl)(Cl)Cl,201.402,500.63,26.47,387.13,0.291
C3H2Cl3F3,"1,1,1-trichloro-2,2,3-trifluoropropane",FCC(F)(F)C(Cl)(Cl)Cl,201.402,500.63,26.47,387.13,0.291
C3H2Cl3F3,"1,1,3-trichloro-1,2,2-trifluoropropane",FC(Cl)(Cl)C(F)(F)CCl,201.402,500.63,26.47,387.13,0.291
C3H2Cl3F3,"1,1,3-trichloro-2,2,3-trifluoropropane",FC(Cl)C(F)(F)C(Cl)Cl,201.402,500.63,26.47,387.13,0.291
C3H2Cl4,"1,2,3,3-tetrachloro-1-propene",ClC=C(Cl)C(Cl)Cl,179.861,634.58,41.05,325.02,0.28
C3H2Cl4,"1,1,2,3-tetrachloropropene",ClCC(Cl)=C(Cl)Cl,179.861,634.58,41.46,321.75,0.28
C3H2Cl4F2,tetrachlorodifluoropropane,FC(F)(CCl)C(Cl)(Cl)Cl,217.857,559.21,28.02,400.16,0.303
C3H2Cl4F2,"1,1,3,3-tetrachloro-2,2-difluoropropane",FC(F)(C(Cl)Cl)C(Cl)Cl,217.857,559.21,28.02,400.16,0.303
C3H2Cl5F,pentachlorofluoropropane,FC(Cl)(Cl)C(Cl)(Cl)CCl,234.312,616.09,29.51,410.11,0.314
C3H2F4,"2,3,3,3-tetrafluoropropene",C=C(F)C(F)(F)F,114.041,377.19,40.56,207.35,0.314
C3H2F4,"1,3,3,3-tetrafluoropropene",FC=CC(F)(F)F,114.041,394.53,42.42,207.35,0.314
C3H2F6,"1,1,1,2,2,3-hexafluoropropane",FCC(F)(F)C(F)(F)F,152.037,412.57,27.88,314.72,0.351
C3H2F6,"1,1,1,2,3,3-hexafluoropropane",FC(F)C(F)C(F)(F)F,152.037,,,314.72,
C3H2F6,"1,1,1,3,3,3-hexafluoropropane",FC(F)(F)CC(F)(F)F,152.037,,,314.72,
C3H2F6,"1,1,2,2,3,3-hexafluoropropane",FC(F)C(F)(F)C(F)F,152.037,412.57,27.88,314.72,0.351
C3H2F6O,"1,2,2,2-tetrafluoroethyl difluoromethyl ether",FC(F)OC(F)C(F)(F)F,168.036,441.38,34.55,266.33,0.385
C3H2N2,malononitrile,N#CCC#N,66.063,715,65.16,248,0.303
C3H3Cl,propargyl chloride,C#CCCl,74.51,541,61.45,211,0.229
C3H3ClF4,"2-chloro-1,1,1,2-tetrafluoropropane",CC(F)(Cl)C(F)(F)F,150.502,428.11,28.87,323.28,0.25
C3H3ClF4,"3-chloro-1,1,2,2-tetrafluoropropane",FC(F)C(F)(F)CCl,150.502,428.11,28.87,323.28,0.25
C3H3ClF4,"1-chloro-1,1,2,2-tetrafluoropropane",CC(F)(F)C(F)(F)Cl,150.502,428.11,28.87,323.28,0.25
C3H3ClF4,"1-chloro-1,2,2,3-tetrafluoropropane",FCC(F)(F)C(F)Cl,150.502,428.11,28.87,323.28,0.25
C3H3ClF4,"2-chloro-1,1,3,3-tetrafluoropropane",FC(F)C(Cl)C(F)F,150.502,428.11,28.87,323.28,0.25
C3H3ClF4,"2-chloro-1,1,1,3-tetrafluoropropane",FCC(Cl)C(F)(F)F,150.502,428.11,28.87,323.28,0.25
C3H3ClF4,"3-chloro-1,1,2,3-tetrafluoropropane",FC(F)C(F)C(F)Cl,150.502,428.11,28.87,323.28,0.25
C3H3ClF4,"2-chloro-1,2,3,3-tetrafluoropropane",FCC(F)(Cl)C(F)F,150.502,428.11,28.87,323.28,0.25
C3H3ClF4,"3-chloro-1,1,1,2-tetrafluoropropane",FC(CCl)C(F)(F)F,150.502,428.11,28.87,323.28,0.25
C3H3ClF4,"1-chloro-1,1,2,3-tetrafluoropropane",FCC(F)C(F)(F)Cl,150.502,428.11,28.87,323.28,0.25
C3H3ClF4,"3-chloro-1,1,1,3-tetrafluoropropane",FC(Cl)CC(F)(F)F,150.502,428.11,28.87,323.28,0.25
C3H3ClF4,"1-chloro-1,1,3,3-tetrafluoropropane",FC(F)CC(F)(F)Cl,150.502,428.11,28.87,323.28,0.25
C3H3Cl2F3,"2,3-dichloro-1,1,1-trifluoropropane",FC(F)(F)C(Cl)CCl,166.957,516.85,32.96,334.94,0.264
C3H3Cl2F3,"1,1-dichloro-3,3,3-trifluoropropane",FC(F)(F)CC(Cl)Cl,166.957,493.81,31.5,334.94,0.264
C3H3Cl2F3,"1,1-dichloro-1,2,2-trifluoropropane",CC(F)(F)C(F)(Cl)Cl,166.957,493.81,31.5,334.94,0.264
C3H3Cl2F3,"1,1-dichloro-2,2,3-trifluoropropane",FCC(F)(F)C(Cl)Cl,166.957,493.81,31.5,334.94,0.264
C3H3Cl2F3,"1,3-dichloro-1,2,3-trifluoropropane",FC(Cl)C(F)C(F)Cl,166.957,493.81,31.5,334.94,0.264
C3H3Cl2F3,"1,3-dichloro-1,1,2-trifluoropropane",FC(CCl)C(F)(F)Cl,166.957,493.81,31.5,334.94,0.264
C3H3Cl2F3,"1,3-dichloro-1,2,2-trifluoropropane",FC(Cl)C(F)(F)CCl,166.957,493.81,31.5,334.94,0.264
C3H3Cl2F3,dichlorotrifluoropropane,CC(Cl)(Cl)C(F)(F)F,166.957,493.81,31.5,334.94,0.264
C3H3Cl3,"1,1,2-trichloro-1-propene",CC(Cl)=C(Cl)Cl,145.416,591.78,40.45,321.01,0.221
C3H3Cl3,"1,2,3-trichloropropene",ClC=C(Cl)CCl,145.416,591.78,41.51,312.84,0.221
C3H3Cl3,"3,3,3-trichloro-1-propene",C=CC(Cl)(Cl)Cl,145.416,591.78,39.92,325.24,0.221
C3H3Cl3,"1,1,3-trichloro-1-propene",ClCC=C(Cl)Cl,145.416,591.78,39.92,325.24,0.221
C3H3Cl3F2,trichlorodifluoropropane,CC(F)(F)C(Cl)(Cl)Cl,183.412,542.71,32.36,351.01,0.278
C3H3Cl4F,tetrachlorofluoropropane,CC(Cl)(Cl)C(F)(Cl)Cl,199.867,596.39,33.02,370.35,0.29
C3H3F5,"1,1,1,2,3-pentafluoropropane",FCC(F)C(F)(F)F,134.047,392.44,28.09,303.8,0.335
C3H3F5,"1,1,2,2,3-pentafluoropropane",FCC(F)(F)C(F)F,134.047,,,303.8,
C3H3F5,"1,1,2,3,3-pentafluoropropane",FC(F)C(F)C(F)F,134.047,392.44,28.09,303.8,0.335
C3H3F5O,perfluoroethyl methyl ether,COC(F)(F)C(F)(F)F,150.046,444.03,34.68,272.94,0.37
C3H3F5O,"difluoromethyl 2,2,2-trifluoroethyl ether",FC(F)OCC(F)(F)F,150.046,,,255.72,
C3H3F5O,"difluoromethyl 1,1,2-trifluoroethyl ether",FCC(F)(F)OC(F)F,150.046,434.09,36.19,255.72,0.37
C3H3I,1-iodo-1-propyne,CC#CI,165.961,622.12,58.78,242.57,0.217
C3H3I,3-iodo-1-propyne,C#CCI,165.961,622.12,58.37,244.27,0.217
C3H3N,acrylonitrile,C=CC#N,53.064,,,192.93,
C3H3NO,oxazole,c1cocn1,69.063,554,52.64,237,0.313
C3H4,allene,C=C=C,40.065,,,165.62,
C3H4Br2,"1,1-dibromo-1-propene",CC=C(Br)Br,199.873,652.06,47.91,313.17,0.254
C3H4Br2,"cis-1,3-dibromo-1-propene",Br/C=C\CBr,199.873,652.06,50.34,298.05,0.254
C3H4Br2,"trans-1,3-dibromo-1-propene",Br/C=C/CBr,199.873,652.06,47.98,312.71,0.254
C3H4Br2,"2,3-dibromo-1-propene",C=C(Br)CBr,199.873,652.06,49.93,300.48,0.254
C3H4Br2,"1,3-dibromo-1-propene",BrC=CCBr,199.873,652.06,49.94,300.4,0.254
C3H4Br4,"1,1,1,2-tetrabromopropane",CC(Br)C(Br)(Br)Br,359.681,732.08,29.22,472.54,0.589
C3H4Br4,"1,1,1,3-tetrabromopropane",BrCCC(Br)(Br)Br,359.681,732.08,29.22,472.54,0.589
C3H4Br4,"1,1,2,2-tetrabromopropane",CC(Br)(Br)C(Br)Br,359.681,732.08,29.22,472.54,0.589
C3H4Br4,"1,1,2,3-tetrabromopropane",BrCC(Br)C(Br)Br,359.681,732.08,29.22,472.54,0.589
C3H4Br4,"1,1,3,3-tetrabromopropane",BrC(Br)CC(Br)Br,359.681,732.08,29.22,472.54,0.589
C3H4Br4,"1,2,2,3-tetrabromopropane",BrCC(Br)(Br)CBr,359.681,732.08,29.22,472.54,0.589
C3H4ClF3,"3-chloro-1,1,1-trifluoropropane",FC(F)(F)CCCl,132.512,478.79,40.22,265.46,0.233
C3H4ClF3,"1-chloro-2,2,3-trifluoropropane",FCC(F)(F)CCl,132.512,475.09,39.91,265.46,0.233
C3H4ClF3,"1-chloro-1,2,2-trifluoropropane",CC(F)(F)C(F)Cl,132.512,475.09,39.91,265.46,0.233
C3H4ClF3,"1-chloro-1,2,3-trifluoropropane",FCC(F)C(F)Cl,132.512,475.09,39.91,265.46,0.233
C3H4ClF3,"1-chloro-1,1,2-trifluoropropane",CC(F)C(F)(F)Cl,132.512,475.09,39.91,265.46,0.233
C3H4ClF3,"1-chloro-1,1,3-trifluoropropane",FCCC(F)(F)Cl,132.512,475.09,39.91,265.46,0.233
C3H4ClF3,"2-chloro-1,2,3-trifluoropropane",FCC(F)(Cl)CF,132.512,475.09,39.91,265.46,0.233
C3H4ClF3,"2-chloro-1,1,2-trifluoropropane",CC(F)(Cl)C(F)F,132.512,475.09,39.91,265.46,0.233
C3H4ClF3,"3-chloro-1,1,2-trifluoropropane",FC(F)C(F)CCl,132.512,475.09,39.91,265.46,0.233
C3H4ClF3,chlorotrifluoropropane,CC(Cl)C(F)(F)F,132.512,475.09,39.91,265.46,0.233
C3H4Cl2,"2,3-dichloropropene",C=C(Cl)CCl,110.971,559.32,48.2,265.75,0.281
C3H4Cl2,"1,1-dichloropropene",CC=C(Cl)Cl,110.971,559.32,47.03,272.38,0.281
C3H4Cl2,"(Z)-1,2-dichloropropene",C/C(Cl)=C/Cl,110.971,559.32,46.48,275.62,0.281
C3H4Cl2,"(E)-1,2-dichloropropene",C/C(Cl)=C\Cl,110.971,559.32,46.81,273.65,0.281
C3H4Cl2,"cis-1,3-dichloropropene",Cl/C=C\CCl,110.971,559.32,48.82,262.37,0.281
C3H4Cl2,"trans-1,3-dichloropropene",Cl/C=C/CCl,110.971,559.32,48.49,264.18,0.281
C3H4Cl2,"3,3-dichloropropene",C=CC(Cl)Cl,110.971,559.32,46.49,275.55,0.281
C3H4Cl2,"1,3-dichloropropene",ClC=CCCl,110.971,559.32,48.82,262.37,0.281
C3H4Cl2,"1,2-dichloropropene",CC(Cl)=CCl,110.971,559.32,46.48,275.62,0.281
C3H4Cl2F2,"1,1-dichloro-1,2-difluoropropane",CC(F)C(F)(Cl)Cl,148.967,473.81,42.68,242.54,0.249
C3H4Cl2F2,"1,1-dichloro-2,2-difluoropropane",CC(F)(F)C(Cl)Cl,148.967,473.81,42.68,242.54,0.249
C3H4Cl2F2,"1,2-dichloro-1,1-difluoropropane",CC(Cl)C(F)(F)Cl,148.967,473.81,42.68,242.54,0.249
C3H4Cl2F2,"1,3-dichloro-2,2-difluoropropane",FC(F)(CCl)CCl,148.967,473.81,42.68,242.54,0.249
C3H4Cl3F,trichlorofluoropropane,FCCC(Cl)(Cl)Cl,165.422,575.02,38.72,317.83,0.263
C3H4Cl4,"1,1,1,2-tetrachloropropane",CC(Cl)C(Cl)(Cl)Cl,181.877,597.44,33.51,373.87,0.283
C3H4Cl4,"1,1,1,3-tetrachloropropane",ClCCC(Cl)(Cl)Cl,181.877,597.44,34.49,363.19,0.283
C3H4Cl4,"1,1,2,2-tetrachloropropane",CC(Cl)(Cl)C(Cl)Cl,181.877,597.44,34.47,363.43,0.283
C3H4Cl4,"1,1,2,3-tetrachloropropane",ClCC(Cl)C(Cl)Cl,181.877,597.44,34.52,362.96,0.283
C3H4Cl4,"1,1,3,3-tetrachloropropane",ClC(Cl)CC(Cl)Cl,181.877,597.44,34.47,363.43,0.283
C3H4Cl4,"1,2,2,3-tetrachloropropane",ClCC(Cl)(Cl)CCl,181.877,597.44,34.09,367.51,0.283
C3H4F2,"1,1-difluoro-1-propene",CC=C(F)F,78.061,335.28,44.25,176.68,0.16
C3H4F4,"1,1,1,2-tetrafluoropropane",CC(F)C(F)(F)F,116.057,409.33,39.94,227.95,0.316
C3H4F4,"1,1,1,3-tetrafluoropropane",FCCC(F)(F)F,116.057,409.33,39.94,227.95,0.316
C3H4F4,"1,1,2,2-tetrafluoropropane",CC(F)(F)C(F)F,116.057,409.33,39.94,227.95,0.316
C3H4F4,"1,1,2,3-tetrafluoropropane",FCC(F)C(F)F,116.057,409.33,39.94,227.95,0.316
C3H4F4,"1,1,3,3-tetrafluoropropane",FC(F)CC(F)F,116.057,409.33,39.94,227.95,0.316
C3H4F4,"1,2,2,3-tetrafluoropropane",FCC(F)(F)CF,116.057,409.33,39.94,227.95,0.316
C3H4F4O,"methyl 1,1,2,2-tetrafluoroethyl ether",COC(F)(F)C(F)F,132.056,465.68,37.41,271.43,0.353
C3H4I4,"1,1,1,2-tetraiodopropane",CC(I)C(I)(I)I,547.681,965.73,23.48,586.34,0.616
C3H4I4,"1,1,1,3-tetraiodopropane",ICCC(I)(I)I,547.681,965.73,23.48,586.34,0.616
C3H4I4,"1,1,2,2-tetraiodopropane",CC(I)(I)C(I)I,547.681,965.73,23.48,586.34,0.616
C3H4I4,"1,1,2,3-tetraiodopropane",ICC(I)C(I)I,547.681,965.73,23.48,586.34,0.616
C3H4I4,"1,1,3,3-tetraiodopropane",IC(I)CC(I)I,547.681,965.73,23.48,586.34,0.616
C3H4I4,"1,2,2,3-tetraiodopropane",ICC(I)(I)CI,547.681,965.73,23.48,586.34,0.616
C3H4N2,1H-pyrazole,c1cn[nH]c1,68.079,734,70.42,235,0.309
C3H4O,acrolein,C=CC=O,56.064,561.99,67.03,187.51,0.239
C3H4O,propargyl alcohol,C#CCO,56.064,580,73.7,176,0.239
C3H4O2,acrylic acid,C=CC(=O)O,72.063,,,207.9,
C3H4O2,beta-propiolactone,O=C1CCO1,72.063,686,73,206,0.36
C3H4O2,vinyl formate,C=COC=O,72.063,481.26,50.06,210.77,0.36
C3H4O3,ethylene carbonate,O=C1OCCO1,88.062,806,89.75,193,0.463
C3H4O3,pyruvic acid,CC(=O)C(=O)O,88.062,634.52,57.06,239,0.463
C3H4O4,malonic acid,O=C(O)CC(=O)O,104.061,805,69.71,243.29,0.553
C3H5Br,1-bromo-1-propene,CC=CBr,120.977,548.72,58.18,239.37,0.309
C3H5Br,cis-1-bromo-1-propene,C/C=C\Br,120.977,548.72,58.51,238.02,0.309
C3H5Br,trans-1-bromo-1-propene,C/C=C/Br,120.977,548.72,57.84,240.78,0.309
C3H5Br,2-bromo-1-propene,C=C(C)Br,120.977,548.72,56.57,246.19,0.309
C3H5Br,3-bromo-1-propene,C=CCBr,120.977,548.72,57.44,242.46,0.309
C3H5Br3,"1,1,1-tribromopropane",CCC(Br)(Br)Br,280.785,686.75,37.66,379.41,0.396
C3H5Br3,"1,1,2-tribromopropane",CC(Br)C(Br)Br,280.785,686.75,36.4,392.51,0.396
C3H5Br3,"1,1,3-tribromopropane",BrCCC(Br)Br,280.785,686.75,36.49,391.53,0.396
C3H5Br3,"1,2,2-tribromopropane",CC(Br)(Br)CBr,280.785,686.75,35.53,402.1,0.396
C3H5Br3,"1,2,3-tribromopropane",BrCC(Br)CBr,280.785,686.75,37.39,382.15,0.396
C3H5Cl,1-chloro-1-propene,CC=CCl,76.526,511.32,52.8,231.52,0.235
C3H5Cl,cis-1-chloro-1-propene,C/C=C\Cl,76.526,511.32,53.35,229.09,0.235
C3H5Cl,trans-1-chloro-1-propene,C/C=C/Cl,76.526,511.32,53.35,229.12,0.235
C3H5Cl,2-chloro-1-propene,C=C(C)Cl,76.526,511.32,51.15,238.99,0.235
C3H5Cl,3-chloro-1-propene,C=CCCl,76.526,511.32,54.08,226.02,0.235
C3H5ClF2,"1-chloro-2,2-difluoropropane",CC(F)(F)CCl,114.522,482.05,45.23,243,0.215
C3H5ClF2,"3-chloro-1,1-difluoropropane",FC(F)CCCl,114.522,482.05,45.23,243,0.215
C3H5ClF2,"1-chloro-1,3-difluoropropane",FCCC(F)Cl,114.522,482.05,45.23,243,0.215
C3H5ClO,epichlorohydrin,ClCC1CO1,92.525,615,61.85,233,0.278
C3H5ClO2,methyl chloroacetate,COC(=O)CCl,108.524,600,51.05,270,0.316
C3H5ClO2,ethyl chloroformate,CCOC(=O)Cl,108.524,,,274,0.316
C3H5Cl2F,"1,2-dichloro-2-fluoropropane",CC(F)(Cl)CCl,130.977,536.49,44.61,268.65,0.232
C3H5Cl2F,dichlorofluoropropane,CCC(F)(Cl)Cl,130.977,527.47,43.86,268.65,0.232
C3H5Cl3,"1,1,1-trichloropropane",CCC(Cl)(Cl)Cl,147.432,575.1,34.49,364.95,0.225
C3H5Cl3,"1,1,2-trichloropropane",CC(Cl)C(Cl)Cl,147.432,575.1,37.36,336.88,0.225
C3H5Cl3,"1,1,3-trichloropropane",ClCCC(Cl)Cl,147.432,575.1,36.79,342.14,0.225
C3H5Cl3,"1,2,2-trichloropropane",CC(Cl)(Cl)CCl,147.432,575.1,35.61,353.51,0.225
C3H5Cl3,"1,2,3-trichloropropane",ClCC(Cl)CCl,147.432,575.1,37.76,333.38,0.225
C3H5F,1-fluoro-1-propene,CC=CF,60.071,375,44.88,199.22,0.172
C3H5F,cis-1-fluoro-1-propene,C/C=C\F,60.071,375,49.45,180.82,0.172
C3H5F,trans-1-fluoro-1-propene,C/C=C/F,60.071,375,49.45,180.82,0.172
C3H5F,2-fluoro-1-propene,C=C(C)F,60.071,375,49.45,180.82,0.172
C3H5F,3-fluoro-1-propene,C=CCF,60.071,375,47.5,188.23,0.172
C3H5F3,"1,1,2-trifluoropropane",CC(F)C(F)F,98.067,377.41,36.37,236.01,0.296
C3H5F3,"1,1,3-trifluoropropane",FCCC(F)F,98.067,377.41,36.37,236.01,0.296
C3H5F3,"1,2,2-trifluoropropane",CC(F)(F)CF,98.067,377.41,36.37,236.01,0.296
C3H5F3,"1,2,3-trifluoropropane",FCC(F)CF,98.067,377.41,36.37,236.01,0.296
C3H5F3,trifluoropropane,CCC(F)(F)F,98.067,377.41,36.37,236.01,0.296
C3H5F3O,"2,2,2-trifluoroethyl methyl ether",COCC(F)(F)F,114.066,461.67,48.1,214,0.334
C3H5I,1-iodo-1-propene,CC=CI,167.977,581.09,45.04,294.98,0.22
C3H5I,cis-1-iodo-1-propene,C/C=C\I,167.977,581.09,45.04,294.98,0.22
C3H5I,trans-1-iodo-1-propene,C/C=C/I,167.977,581.09,45.04,294.98,0.22
C3H5I,2-iodo-1-propene,C=C(C)I,167.977,581.09,45.21,293.87,0.22
C3H5I,3-iodo-1-propene,C=CCI,167.977,603.57,48.04,287.22,0.22
C3H5I3,"1,1,1-triiodopropane",CCC(I)(I)I,421.785,746.24,25.95,479.47,0.516
C3H5I3,"1,1,2-triiodopropane",CC(I)C(I)I,421.785,746.24,25.95,479.47,0.516
C3H5I3,"1,1,3-triiodopropane",ICCC(I)I,421.785,746.24,25.95,479.47,0.516
C3H5I3,"1,2,2-triiodopropane",CC(I)(I)CI,421.785,746.24,25.95,479.47,0.516
C3H5I3,"1,2,3-triiodopropane",ICC(I)CI,421.785,746.24,25.95,479.47,0.516
C3H5N,propionitrile,CCC#N,55.08,,,209.26,0.266
C3H5N,ethyl isocyanide,[C-]#[N+]CC,55.08,554.2,57.03,222.67,0.266
C3H5NO,acrylamide,C=CC(N)=O,71.079,776,67.04,260,0.319
C3H5NO,hydracrylonitrile,N#CCCO,71.079,690,63.78,243,0.319
C3H5NO,lactonitrile,CC(O)C#N,71.079,643,59.43,243,0.319
C3H5NO,ethyl isocyanate,CCN=C=O,71.079,526,47.9,246.67,0.319
C3H5NO2,1-nitro-1-propene,CC=C[N+](=O)[O-],87.078,647.46,51.22,278.31,0.364
C3H5NO2,2-nitro-1-propene,C=C(C)[N+](=O)[O-],87.078,647.46,50.64,281.54,0.364
C3H5NO2,3-nitro-1-propene,C=CC[N+](=O)[O-],87.078,647.46,50.35,283.12,0.364
C3H5N3O9,nitroglycerine,O=[N+]([O-])OCC(CO[N+](=O)[O-])O[N+](=O)[O-],227.085,680,30.02,419,0.618
C3H6Br2,"1,1-dibromopropane",CCC(Br)Br,201.889,654.72,47.14,318.75,0.261
C3H6Br2,"1,2-dibromopropane",CC(Br)CBr,201.889,654.72,45.71,328.71,0.261
C3H6Br2,"1,3-dibromopropane",BrCCCBr,201.889,654.72,47.03,319.47,0.261
C3H6Br2,"2,2-dibromopropane",CC(C)(Br)Br,201.889,654.72,42.74,351.6,0.261
C3H6ClF,1-chloro-3-fluoropropane,FCCCCl,96.532,518.14,52.47,230.25,0.194
C3H6ClF,chlorofluoropropane,CCC(F)Cl,96.532,518.14,52.47,230.25,0.194
C3H6ClF,2-chloro-2-fluoropropane,CC(C)(F)Cl,96.532,515.35,52.19,230.25,0.194
C3H6ClF,2-chloro-1-fluoropropane,CC(Cl)CF,96.532,518.14,52.47,230.25,0.194
C3H6Cl2,"1,1-dichloropropane",CCC(Cl)Cl,112.987,573.33,44.49,294.42,0.286
C3H6Cl2,"1,2-dichloropropane",CC(Cl)CCl,112.987,573.33,45.62,287.13,0.286
C3H6Cl2,"1,3-dichloropropane",ClCCCCl,112.987,573.33,47.12,277.99,0.286
C3H6Cl2,"2,2-dichloropropane",CC(C)(Cl)Cl,112.987,573.33,43.62,300.3,0.286
C3H6Cl2O,"2,3-dichloro-1-propanol",OCC(Cl)CCl,128.986,647,47.04,308,0.359
C3H6Cl2O,"1,3-dichloro-2-propanol",OC(CCl)CCl,128.986,633,46.03,308,0.359
C3H6Cl2Si,dichlorovinylmethylsilane,[SiH3]CC=C(Cl)Cl,141.073,544.1,29.4,409,0.293
C3H6F2,"1,1-difluoropropane",CCC(F)F,80.077,430.39,47.07,212.65,0.312
C3H6F2,"1,2-difluoropropane",CC(F)CF,80.077,430.39,49.54,202.06,0.312
C3H6F2,"1,3-difluoropropane",FCCCF,80.077,430.39,45.85,218.33,0.312
C3H6F2,"2,2-difluoropropane",CC(C)(F)F,80.077,430.39,45.79,218.63,0.312
C3H6I2,"1,1-diiodopropane",CCC(I)I,295.889,775.25,38.6,391.61,0.392
C3H6I2,"1,2-diiodopropane",CC(I)CI,295.889,775.25,40.29,375.19,0.392
C3H6I2,"1,3-diiodopropane",ICCCI,295.889,775.25,40.27,375.36,0.392
C3H6I2,"2,2-diiodopropane",CC(C)(I)I,295.889,775.25,38.6,391.61,0.392
C3H6N6,"1,3,5-triazine-2,4,6-triamine",Nc1nc(N)nc(N)n1,126.123,1017,47.94,445,0.454
C3H6O,allyl alcohol,C=CCO,58.08,,,182.61,0.256
C3H6O,methyl vinyl ether,C=COC,58.08,447.34,48.77,204.62,0.256
C3H6O,propionaldehyde,CCC=O,58.08,,,,0.256
C3H6O,"1,3-propylene oxide",C1COC1,58.08,497.34,63.08,175.88,0.256
C3H6O,(S)-(-)-propylene oxide,C[C@H]1CO1,58.08,497.34,57.28,193.68,0.256
C3H6O,(R)-(+)-propylene oxide,C[C@@H]1CO1,58.08,497.34,56.99,194.67,0.256
C3H6O2,1-hydroxy-2-propanone,CC(=O)CO,74.079,596,57.16,228,0.374
C3H6O2,glycidol,OCC1CO1,74.079,630,63.78,216,0.374
C3H6O2S,3-mercaptopropionic acid,O=C(O)CCS,106.146,729,54.51,281,0.564
C3H6O3,lactic acid,CC(O)C(=O)O,90.078,675,57.65,251,0.475
C3H6O3,methoxyacetic acid,COCC(=O)O,90.078,691,59.02,251,0.475
C3H6O3,trioxane,C1OCOCO1,90.078,604,57.8,224,0.475
C3H6O3,dimethyl carbonate,COC(=O)OC,90.078,548,46.8,251,0.475
C3H6O3,3-hydroxypropanoic acid,O=C(O)CCO,90.078,600,43.74,294.04,0.475
C3H6S,thiacyclobutane,C1CSC1,74.148,602,61.08,218,0.218
C3H6S,2-methylthiacyclopropane,CC1CS1,74.148,561.1,57.14,217.23,0.218
C3H7Br,1-bromopropane,CCCBr,122.993,,,269.17,
C3H7Br,2-bromopropane,CC(C)Br,122.993,532.49,48.32,278.96,0.319
C3H7Cl,1-chloropropane,CCCCl,78.542,,,266.16,
C3H7Cl,2-chloropropane,CC(C)Cl,78.542,496.5,45.02,262.95,0.241
C3H7ClO2,"3-chloro-1,2-propanediol",OCC(O)CCl,110.54,648,52.47,283,0.321
C3H7F,1-fluoropropane,CCCF,62.087,421.12,53.69,186.54,0.245
C3H7F,2-fluoropropane,CC(C)F,62.087,421.12,48.66,205.81,0.245
C3H7I,1-iodopropane,CCCI,169.993,602.26,44.63,307.72,0.224
C3H7I,2-iodopropane,CC(C)I,169.993,583.79,41.95,317.33,0.224
C3H7N,allylamine,C=CCN,57.096,505,51.7,222.75,0.273
C3H7N,2-methylaziridine,CC1CN1,57.096,529,58.13,208,0.273
C3H7NO,"N,N-dimethylformamide",CN(C)C=O,73.095,,,,0.325
C3H7NO,N-methylacetamide,CNC(C)=O,73.095,718,60.81,264.56,0.325
C3H7NO,N-ethylformamide,CCNC=O,73.095,642.29,55.66,258.55,0.325
C3H7NO2,1-nitropropane,CCC[N+](=O)[O-],89.094,652.19,46.15,310.39,0.369
C3H7NO2,2-nitropropane,CC(C)[N+](=O)[O-],89.094,652.19,45.43,315.32,0.369
C3H8OS,2-(methylthio)ethanol,CSCCO,92.163,620,53.93,248.67,0.267
C3H8O2,2-methoxyethanol,COCCO,76.095,564,50.84,242,0.387
C3H8O2,"1,2-propanediol",CC(O)CO,76.095,700.17,64.3,237.52,0.387
C3H8O2,"1,3-propanediol",OCCCO,76.095,,,232.39,0.387
C3H8O2,"(R)-(-)-1,2-propanediol",C[C@@H](O)CO,76.095,700.17,64.82,235.61,0.387
C3H8O2,"(S)-(+)-1,2-propanediol",C[C@H](O)CO,76.095,700.17,64.82,235.61,0.387
C3H8O3,glycerol,OCC(O)CO,92.094,,,264,
C3H8O4S,ethyl methyl sulfate,CCOS(=O)(=O)OC,140.16,775,45.71,345.5,0.371
C3H8S,1-propanethiol,CCCS,76.164,,,257.89,0.224
C3H8S,2-propanethiol,CC(C)S,76.164,535.32,44.03,268.26,0.224
C3H8S,2-thiabutane,CCSC,76.164,,,259.38,
C3H8S2,"1,3-propanedithiol",SCCCS,108.231,681.5,49.82,290.04,0.305
C3H8S2,"1,2-propanedithiol",CC(S)CS,108.231,681.5,49.97,289.14,0.305
C3H8S2,"2,3-dithiapentane",CCSSC,108.231,626.5,42.89,309.66,0.305
C3H8S2,"2,4-dithiapentane",CSCSC,108.231,626.5,42.34,313.72,0.305
C3H9Al,trimethyl aluminum,C[Al](C)C,72.087,537.86,47.02,268.68,0.218
C3H9Ga,trimethylgallium,C[Ga](C)C,114.828,510,44,211,0.208
C3H9N,propylamine,CCCN,59.112,,,219.57,
C3H9NO,1-amino-2-propanol,CC(O)CN,75.111,717.63,57.69,278,0.331
C3H9NO,3-amino-1-propanol,NCCCO,75.111,717.63,55,278,0.331
C3H9NO,2-amino-1-propanol,CC(N)CO,75.111,717.63,54.63,278,0.331
C3H9NO,(2s)-2-amino-1-propanol,C[C@H](N)CO,75.111,717.63,54.63,278,0.331
C3H9NO,(R)-(-)-1-amino-2-propanol,C[C@@H](O)CN,75.111,717.63,54.63,278,0.331
C3H9NO,(S)-(+)-1-amino-2-propanol,C[C@H](O)CN,75.111,717.63,54.63,278,0.331
C3H9NO,(R)-(-)-2-amino-1-propanol,C[C@@H](N)CO,75.111,717.63,54.63,278,0.331
C3H9O4P,trimethyl phosphate,COP(=O)(OC)OC,140.075,729,83.7,277,0.489
C3H10N2,"1,2-propanediamine",CC(N)CN,74.127,585.03,41.43,316,0.328
C3H10N2,"1,3-propanediamine",NCCCN,74.127,608,43.05,316,0.328
C3H10O3Si,trimethoxysilane,CO[SiH](OC)OC,122.196,525,28.9,408,0.322
C3H10Si,trimethyl silane,C[SiH](C)C,74.199,435.95,29.55,345.67,0.148
C4ClF7,"1-chloro-1,2,2,3,3,4,4-heptafluorocyclobutane",FC1(F)C(F)(F)C(F)(Cl)C1(F)F,216.483,452.42,28.69,316.71,0.302
C4Cl2F6,"2,3-dichloro-1,1,1,4,4,4-hexafluoro-2-butene",FC(F)(F)C(Cl)=C(Cl)C(F)(F)F,232.938,494.66,24.55,396.47,0.313
C4Cl2F6,"1,2-dichloro-1,2,3,3,4,4-hexafluorocyclobutane",FC1(F)C(F)(F)C(F)(Cl)C1(F)Cl,232.938,481.75,24.63,384.91,0.313
C4Cl2F6,"(E)-2,3-dichloro-1,1,1,4,4,4-hexafluorobutene",FC(F)(F)/C(Cl)=C(\Cl)C(F)(F)F,232.938,491.35,24.42,395.98,0.313
C4Cl2F6,"(Z)-2,3-dichloro-1,1,1,4,4,4-hexafluorobutene",FC(F)(F)/C(Cl)=C(/Cl)C(F)(F)F,232.938,493.93,24.55,395.98,0.313
C4Cl2F6,"1,4-dichloro-1,1,2,3,4,4-hexafluoro-2-butene",FC(=C(F)C(F)(F)Cl)C(F)(F)Cl,232.938,493.93,24.55,395.98,0.313
C4Cl4S,tetrachlorothiophene,Clc1sc(Cl)c(Cl)c1Cl,221.923,753,36.7,428,0.361
C4Cl6,"hexachloro-1,3-butadiene",ClC(Cl)=C(Cl)C(Cl)=C(Cl)Cl,260.762,738,25.51,550,0.391
C4F8,octafluoro-2-butene,FC(=C(F)C(F)(F)F)C(F)(F)F,200.028,472.27,27.16,348.37,0.38
C4F8,perfluoroisobutene,FC(F)=C(C(F)(F)F)C(F)(F)F,200.028,472.27,27.16,348.37,0.38
C4F8,"1,1,2,3,3,4,4,4-octafluoro-1-butene",FC(F)=C(F)C(F)(F)C(F)(F)F,200.028,472.27,27.16,348.37,0.38
C4F10,perfluoroisobutane,FC(F)(F)C(F)(C(F)(F)F)C(F)(F)F,238.024,409.53,17.25,453.64,0.433
C4HF9,"1,1,1,2,2,3,3,4,4-nonafluorobutane",FC(F)C(F)(F)C(F)(F)C(F)(F)F,220.034,421.5,21.14,389.7,0.404
C4HI,"1-iodo-1,3-butadiyne",C#CC#CI,175.956,556.89,37.95,332.12,0.233
C4H2,"buta-1,3-diyne",C#CC#C,50.06,478.02,61.46,181.39,0.167
C4H2Cl4,"1,2,3,4-tetrachloro-1,3-butadiene",ClC=C(Cl)C(Cl)=CCl,191.872,665.46,35.99,382.92,0.298
C4H2Cl4,"1,1,2,3-tetrachloro-1,3-butadiene",C=C(Cl)C(Cl)=C(Cl)Cl,191.872,665.46,36.99,372.59,0.298
C4H2F8,"1,1,1,2,3,4,4,4-octafluorobutane",FC(C(F)C(F)(F)F)C(F)(F)F,202.044,450.25,24.14,372.79,0.392
C4H2N2,trans-2-butenedinitrile,N#C/C=C/C#N,78.074,657,50.97,287,0.339
C4H2O3,maleic anhydride,O=C1C=CC(=O)O1,98.057,721,69.88,219,0.521
C4H3F7,"1,1,1,2,2,3,3-heptafluorobutane",CC(F)(F)C(F)(F)C(F)(F)F,184.054,427.25,23.91,365.17,0.378
C4H3F7O,perfluoroisopropyl methyl ether,COC(F)(C(F)(F)F)C(F)(F)F,200.053,445.45,27.85,320.45,0.41
C4H3F7O,perfluoropropyl methyl ether,COC(F)(F)C(F)(F)C(F)(F)F,200.053,,,320.45,
C4H4,vinylacetylene,C#CC=C,52.076,454,52.82,199.96,0.175
C4H4Cl2,"1,1-dichloro-1,3-butadiene",C=CC=C(Cl)Cl,122.982,555.31,40.53,309.16,0.307
C4H4Cl2,"1,2-dichloro-1,3-butadiene",C=CC(Cl)=CCl,122.982,555.31,40.41,310.04,0.307
C4H4Cl2,"2,3-dichloro-1,3-butadiene",C=C(Cl)C(=C)Cl,122.982,553.92,40.42,309.22,0.307
C4H4Cl4,"1,3,4,4-tetrachloro-1-butene",ClC=CC(Cl)C(Cl)Cl,193.888,654.05,36.19,373.38,0.301
C4H4Cl4,"2,3,3,4-tetrachloro-1-butene",C=C(Cl)C(Cl)(Cl)CCl,193.888,654.05,35.72,378.23,0.301
C4H4F6O,"bis(2,2,2-trifluoroethyl) ether",FC(F)(F)COCC(F)(F)F,182.063,496.24,29.66,342.82,0.397
C4H4I2,"1,4-diiodo-2-butyne",ICC#CCI,305.884,775.12,37.51,398.02,0.404
C4H4N2,succinonitrile,N#CCCC#N,80.09,770,57.01,300,0.345
C4H4N2,pyrazine,c1cnccn1,80.09,626,50.74,274,0.345
C4H4N2,pyridazine,c1ccnnc1,80.09,774,62.74,274,0.345
C4H4N2,pyrimidine,c1cncnc1,80.09,638,51.72,274,0.345
C4H4O2,diketene,C=C1CC(=O)O1,84.074,616,56.86,234,0.438
C4H4O3,succinic anhydride,O=C1CCC(=O)O1,100.073,811,77,223,0.532
C4H4O4,fumaric acid,O=C(O)/C=C/C(=O)O,116.072,771,53.88,297,0.615
C4H4O4,maleic acid,O=C(O)/C=C\C(=O)O,116.072,773,54.02,297,0.615
C4H5Cl,chloroprene,C=CC(=C)Cl,88.537,505,43.85,271.19,0.268
C4H5Cl,"4-chloro-1,2-butadiene",C=C=CCCl,88.537,512.13,46.68,258.38,0.268
C4H5Cl,"1-chloro-1,3-butadiene",C=CC=CCl,88.537,512.13,45.07,267.6,0.268
C4H5Cl3,"1,2,4-trichloro-2-butene",ClCC=C(Cl)CCl,159.443,614.24,37.02,357.8,0.246
C4H5Cl3,"2,3,4-trichloro-1-butene",C=C(Cl)C(Cl)CCl,159.443,614.24,35.7,371.05,0.246
C4H5Cl3,"1,1,3-trichloro-2-methyl-1-propene",CC(CCl)=C(Cl)Cl,159.443,614.24,35.79,370.06,0.246
C4H5Cl3,"3,3,3-trichloro-2-methyl-1-propene",C=C(C)C(Cl)(Cl)Cl,159.443,614.24,34.11,388.33,0.246
C4H5F5,"1,1,1,3,3-pentafluorobutane",CC(F)(F)CC(F)(F)F,148.074,,,370.26,
C4H5F5O,perfluoroethyl ethyl ether,CCOC(F)(F)C(F)(F)F,164.073,448.72,29.03,323.84,0.382
C4H5I,"2-iodo-1,3-butadiene",C=CC(=C)I,179.988,620.73,42.09,332.12,0.24
C4H5I,"4-iodo-1,2-butadiene",C=C=CCI,179.988,620.73,41.66,335.59,0.24
C4H5N,trans-crotonitrile,C/C=C/C#N,67.091,585.73,52.18,253.36,0.306
C4H5N,cis-crotonitrile,C/C=C\C#N,67.091,585.73,53.12,248.92,0.306
C4H5N,methacrylonitrile,C=C(C)C#N,67.091,585.73,51.25,257.96,0.306
C4H5N,vinylacetonitrile,C=CCC#N,67.091,585.73,53.89,245.32,0.306
C4H5N,2-butenenitrile,CC=CC#N,67.091,585.73,53.5,247.14,0.306
C4H5N,pyrrole,c1cc[nH]c1,67.091,,,214.07,0.306
C4H5N,3-isocyano-1-propene,[C-]#[N+]CC=C,67.091,585.73,51.18,258.35,0.306
C4H5NO,2-hydroxy-3-butenenitrile,C=CC(O)C#N,83.09,639,50.86,278,0.353
C4H5NO2,methyl cyanoacetate,COC(=O)CC#N,99.089,687,48.86,305,0.394
C4H5NO2,succinimide,O=C1CCC(=O)N1,99.089,858,68.68,271,0.394
C4H5N3,"1,1'-imidodiacetonitrile",N#CCNCC#N,95.105,731,44.64,357,0.384
C4H6,cyclobutene,C1=CCC1,54.092,446.33,52.98,195.5,0.182
C4H6,dimethylacetylene,CC#CC,54.092,435.95,48.85,207.09,0.182
C4H6,ethylacetylene,C#CCC,54.092,435.95,45.62,221.75,0.182
C4H6,"1,2-butadiene",C=C=CC,54.092,435.95,48.59,208.2,0.182
C4H6Br2,"1,1-dibromo-1-butene",CCC=C(Br)Br,213.9,670.19,43.59,347.6,0.3
C4H6Br2,"1,2-dibromo-1-butene",CCC(Br)=CBr,213.9,670.19,43.59,347.6,0.3
C4H6Br2,"1,3-dibromo-2-butene",CC(Br)=CCBr,213.9,670.19,43.59,347.6,0.3
C4H6Br2,"3,4-dibromo-1-butene",C=CC(Br)CBr,213.9,670.19,43.59,347.6,0.3
C4H6Br2,"trans-1,4-dibromo-2-butene",BrC/C=C/CBr,213.9,670.19,43.59,347.6,0.3
C4H6Br2,"1,3-dibromo-2-methyl-1-propene",CC(=CBr)CBr,213.9,670.19,43.59,347.6,0.3
C4H6Br2,"1,4-dibromo-2-butene",BrCC=CCBr,213.9,670.19,43.59,347.6,0.3
C4H6Br4,"1,1,4,4-tetrabromobutane",BrC(Br)CCC(Br)Br,373.708,744.22,25.49,541.19,0.62
C4H6Br4,"1,2,2,3-tetrabromobutane",CC(Br)C(Br)(Br)CBr,373.708,744.22,25.49,541.19,0.62
C4H6Br4,"1,2,3,4-tetrabromobutane",BrCC(Br)C(Br)CBr,373.708,744.22,25.49,541.19,0.62
C4H6Cl2,"1,3-dichloro-trans-2-butene",C/C(Cl)=C\CCl,124.998,586.2,40.58,325.15,0.311
C4H6Cl2,"1,4-dichloro-cis-2-butene",ClC/C=C\CCl,124.998,586.2,42.06,313.69,0.311
C4H6Cl2,"1,4-dichloro-trans-2-butene",ClC/C=C/CCl,124.998,586.2,42.02,314.01,0.311
C4H6Cl2,"3,4-dichloro-1-butene",C=CC(Cl)CCl,124.998,586.2,40.37,326.85,0.311
C4H6Cl2,3-chloro-2-(chloromethyl)-1-propene,C=C(CCl)CCl,124.998,586.2,41.64,316.82,0.311
C4H6Cl2,"1,3-dichloro-1-butene",CC(Cl)C=CCl,124.998,586.2,39.78,331.66,0.311
C4H6Cl2,"2,3-dichloro-1-butene",C=C(Cl)C(C)Cl,124.998,586.2,39.78,331.7,0.311
C4H6Cl2,"1,1-dichloro-2-butene",CC=CC(Cl)Cl,124.998,586.2,39.65,332.75,0.311
C4H6Cl2,"1,2-dichloro-2-butene",CC=C(Cl)CCl,124.998,586.2,40.88,322.76,0.311
C4H6Cl2,"cis-1,3-dichloro-2-butene",C/C(Cl)=C/CCl,124.998,586.2,40.89,322.63,0.311
C4H6Cl2,"Z-2,3-dichloro-2-butene",C/C(Cl)=C(\C)Cl,124.998,586.2,40.95,322.2,0.311
C4H6Cl2,"E-2,3-dichloro-2-butene",C/C(Cl)=C(/C)Cl,124.998,586.2,40.1,329.05,0.311
C4H6Cl2,"1,1-dichloro-2-methyl-1-propene",CC(C)=C(Cl)Cl,124.998,586.2,40.23,327.98,0.311
C4H6Cl2,"3,3-dichloro-2-methyl-1-propene",C=C(C)C(Cl)Cl,124.998,586.2,39.86,331,0.311
C4H6Cl2,"1,4-dichloro-2-butene",ClCC=CCCl,124.998,586.2,39.96,330.13,0.311
C4H6Cl2,dichlorobutene,CCC=C(Cl)Cl,124.998,586.2,40.91,322.46,0.311
C4H6Cl4,"1,1,1,2-tetrachlorobutane",CCC(Cl)C(Cl)(Cl)Cl,195.904,616.77,29.21,435.08,0.304
C4H6Cl4,"1,2,2,3-tetrachlorobutane",CC(Cl)C(Cl)(Cl)CCl,195.904,616.77,30.15,421.62,0.304
C4H6Cl4,"1,2,3,3-tetrachlorobutane",CC(Cl)(Cl)C(Cl)CCl,195.904,616.77,29.96,424.18,0.304
C4H6Cl4,"1,1,1,2-tetrachloro-2-methylpropane",CC(C)(Cl)C(Cl)(Cl)Cl,195.904,616.77,29.25,434.6,0.304
C4H6Cl4,"1,1,2,3-tetrachloro-2-methylpropane",CC(Cl)(CCl)C(Cl)Cl,195.904,616.77,30.44,417.51,0.304
C4H6Cl4,"1,2,3-trichloro-2-(chloromethyl)propane",ClCC(Cl)(CCl)CCl,195.904,616.77,32.08,396.17,0.304
C4H6Cl4,"1,2,3,4-tetrachlorobutane",ClCC(Cl)C(Cl)CCl,195.904,616.77,29.25,434.6,0.304
C4H6O,cis-crotonaldehyde,C/C=C\C=O,70.091,596.77,52.35,250.53,0.346
C4H6O,trans-crotonaldehyde,C/C=C/C=O,70.091,596.77,55.36,236.92,0.346
C4H6O,3-butenal,C=CCC=O,70.091,596.77,50.09,261.84,0.346
C4H6O,methacrolein,C=C(C)C=O,70.091,596.77,54.5,240.62,0.346
C4H6O,"2,5-dihydrofuran",C1=CCOC1,70.091,542,57.82,206,0.346
C4H6O,"2,3-dihydrofuran",C1=COCC1,70.091,524,56.17,205,0.346
C4H6O,divinyl ether,C=COC=C,70.091,463,40.7,250,0.346
C4H6O,3-buten-2-one,C=CC(C)=O,70.091,556.77,54.53,224.38,0.346
C4H6O,2-methyl-1-propen-1-one,CC(C)=C=O,70.091,556.77,55.79,219.34,0.346
C4H6O2,cis-2-butenoic acid,C/C=C\C(=O)O,86.09,630.92,50.98,266.65,0.451
C4H6O2,trans-2-butenoic acid,C/C=C/C(=O)O,86.09,630.92,50.19,270.8,0.451
C4H6O2,vinylacetic acid,C=CCC(=O)O,86.09,630.92,49.9,272.4,0.451
C4H6O2,methacrylic acid,C=C(C)C(=O)O,86.09,630.92,50.03,271.66,0.451
C4H6O2,cyclopropanecarboxylic acid,O=C(O)C1CC1,86.09,656.42,46.6,269.13,0.5
C4H6O2,"2-butyne-1,4-diol",OCC#CCO,86.09,695,58.49,256,0.451
C4H6O2,gamma-butyrolactone,O=C1CCCO1,86.09,739,60.08,265,0.451
C4H6O2,methyl acrylate,C=CC(=O)OC,86.09,510.92,41.92,262.56,0.451
C4H6O2,vinyl acetate,C=COC(C)=O,86.09,,,270.4,0.451
C4H6O2,allyl formate,C=CCOC=O,86.09,510.92,41.76,263.56,0.451
C4H6O2,"2,3-butanedione",CC(=O)C(C)=O,86.09,556.77,55.79,219.34,0.346
C4H6O3,acetic anhydride,CC(=O)OC(C)=O,102.089,,,290,
C4H6O3,propylene carbonate,CC1COC(=O)O1,102.089,778,66.79,246,0.543
C4H6O4,succinic acid,O=C(O)CCC(=O)O,118.088,806,55.91,298.47,0.625
C4H6O4,(acetyloxy)acetic acid,CC(=O)OCC(=O)O,118.088,764,50.86,311,0.625
C4H6O4,methylmalonic acid,CC(C(=O)O)C(=O)O,118.088,806,51.42,324.5,0.625
C4H6O5,diglycolic acid,O=C(O)COCC(=O)O,134.087,820,50.28,331,0.7
C4H6O5,malic acid,O=C(O)CC(O)C(=O)O,134.087,781,47.89,331,0.7
C4H6O6,tartaric acid,O=C(O)C(O)C(O)C(=O)O,150.086,828,54.01,305,0.769
C4H7Br,1-bromo-1-butene,CCC=CBr,135.004,574.11,47.97,298.49,0.374
C4H7Br,cis-1-bromo-1-butene,CC/C=C\Br,135.004,574.11,47.97,298.49,0.374
C4H7Br,trans-1-bromo-1-butene,CC/C=C/Br,135.004,574.11,48.01,298.22,0.374
C4H7Br,2-bromo-1-butene,C=C(Br)CC,135.004,574.11,47.72,300.03,0.374
C4H7Br,3-bromo-1-butene,C=CC(C)Br,135.004,574.11,48.59,294.69,0.374
C4H7Br,4-bromo-1-butene,C=CCCBr,135.004,574.11,48.18,297.19,0.374
C4H7Br,1-bromo-2-butene,CC=CCBr,135.004,574.11,49.08,291.75,0.374
C4H7Br,1-bromo-cis-2-butene,C/C=C\CBr,135.004,574.11,48.58,294.74,0.374
C4H7Br,1-bromo-trans-2-butene,C/C=C/CBr,135.004,574.11,48.58,294.74,0.374
C4H7Br,2-bromo-2-butene,CC=C(C)Br,135.004,574.11,48.5,295.22,0.374
C4H7Br,2-bromo-cis-2-butene,C/C=C(/C)Br,135.004,574.11,48.18,297.19,0.374
C4H7Br,2-bromo-trans-2-butene,C/C=C(\C)Br,135.004,574.11,48.42,295.73,0.374
C4H7Br,1-bromo-2-methyl-1-propene,CC(C)=CBr,135.004,574.11,48.02,298.17,0.374
C4H7Br,3-bromo-2-methyl-1-propene,C=C(C)CBr,135.004,574.11,47.71,300.11,0.374
C4H7Br3,"1,1,1-tribromobutane",CCCC(Br)(Br)Br,294.812,701.14,32.79,437.23,0.433
C4H7Br3,"1,1,2-tribromobutane",CCC(Br)C(Br)Br,294.812,701.14,32.79,437.23,0.433
C4H7Br3,"1,1,3-tribromobutane",CC(Br)CC(Br)Br,294.812,701.14,32.79,437.23,0.433
C4H7Br3,"1,1,4-tribromobutane",BrCCCC(Br)Br,294.812,701.14,32.79,437.23,0.433
C4H7Br3,"1,2,2-tribromobutane",CCC(Br)(Br)CBr,294.812,701.14,32.79,437.23,0.433
C4H7Br3,"1,2,3-tribromobutane",CC(Br)C(Br)CBr,294.812,701.14,32.79,437.23,0.433
C4H7Br3,"1,2,4-tribromobutane",BrCCC(Br)CBr,294.812,701.14,32.79,437.23,0.433
C4H7Br3,"1,3,3-tribromobutane",CC(Br)(Br)CCBr,294.812,701.14,32.79,437.23,0.433
C4H7Br3,"2,3,3-tribromobutane",CC(Br)C(C)(Br)Br,294.812,701.14,32.79,437.23,0.433
C4H7Br3,"1,1,1-tribromo-2-methylpropane",CC(C)C(Br)(Br)Br,294.812,701.14,32.79,437.23,0.433
C4H7Br3,"1,1,2-tribromo-2-methylpropane",CC(C)(Br)C(Br)Br,294.812,701.14,32.79,437.23,0.433
C4H7Br3,"1,1,3-tribromo-2-methylpropane",CC(CBr)C(Br)Br,294.812,701.14,32.79,437.23,0.433
C4H7Br3,"1,2,3-tribromo-2-methylpropane",CC(Br)(CBr)CBr,294.812,701.14,32.79,437.23,0.433
C4H7Br3,"1,3-dibromo-2-(bromomethyl)propane",BrCC(CBr)CBr,294.812,701.14,32.79,437.23,0.433
C4H7Cl,1-chloro-1-butene,CCC=CCl,90.553,545.57,44.41,288.6,0.273
C4H7Cl,cis-1-chloro-1-butene,CC/C=C\Cl,90.553,545.57,44.32,289.18,0.273
C4H7Cl,trans-1-chloro-1-butene,CC/C=C/Cl,90.553,545.57,44.65,287.04,0.273
C4H7Cl,2-chloro-1-butene,C=C(Cl)CC,90.553,545.57,44.04,291.03,0.273
C4H7Cl,3-chloro-1-butene,C=CC(C)Cl,90.553,545.57,43.7,293.26,0.273
C4H7Cl,4-chloro-1-butene,C=CCCCl,90.553,545.57,44.47,288.22,0.273
C4H7Cl,1-chloro-2-butene,CC=CCCl,90.553,545.57,45.83,279.68,0.273
C4H7Cl,1-chloro-cis-2-butene,C/C=C\CCl,90.553,545.57,46.28,276.96,0.273
C4H7Cl,1-chloro-trans-2-butene,C/C=C/CCl,90.553,545.57,45.5,281.68,0.273
C4H7Cl,2-chloro-2-butene,CC=C(C)Cl,90.553,545.57,45.65,280.77,0.273
C4H7Cl,2-chloro-cis-2-butene,C/C=C(\C)Cl,90.553,545.57,44.88,285.57,0.273
C4H7Cl,2-chloro-Z-2-butene,C/C=C(/C)Cl,90.553,545.57,44.51,287.95,0.273
C4H7Cl,1-chloro-2-methyl-1-propene,CC(C)=CCl,90.553,545.57,44.86,285.72,0.273
C4H7Cl,3-chloro-2-methyl-1-propene,C=C(C)CCl,90.553,545.57,45.29,282.97,0.273
C4H7ClO2,ethyl chloroacetate,CCOC(=O)CCl,122.551,618,42.67,327,0.346
C4H7Cl3,"1,1,1-trichlorobutane",CCCC(Cl)(Cl)Cl,161.459,597.35,30.03,427.92,0.249
C4H7Cl3,"1,1,2-trichlorobutane",CCC(Cl)C(Cl)Cl,161.459,597.35,31.07,413.5,0.249
C4H7Cl3,"1,1,3-trichlorobutane",CC(Cl)CC(Cl)Cl,161.459,597.35,30.76,417.72,0.249
C4H7Cl3,"1,1,4-trichlorobutane",ClCCCC(Cl)Cl,161.459,597.35,31.07,413.5,0.249
C4H7Cl3,"1,2,2-trichlorobutane",CCC(Cl)(Cl)CCl,161.459,597.35,31.07,413.5,0.249
C4H7Cl3,"1,2,3-trichlorobutane",CC(Cl)C(Cl)CCl,161.459,597.35,32.49,395.47,0.249
C4H7Cl3,"1,2,4-trichlorobutane",ClCCC(Cl)CCl,161.459,597.35,32.58,394.43,0.249
C4H7Cl3,"1,3,3-trichlorobutane",CC(Cl)(Cl)CCCl,161.459,597.35,31.07,413.5,0.249
C4H7Cl3,"2,2,3-trichlorobutane",CC(Cl)C(C)(Cl)Cl,161.459,597.35,30.67,418.92,0.249
C4H7Cl3,"1,1,1-trichloro-2-methylpropane",CC(C)C(Cl)(Cl)Cl,161.459,597.35,31.07,413.5,0.249
C4H7Cl3,"1,1,2-trichloro-2-methylpropane",CC(C)(Cl)C(Cl)Cl,161.459,597.35,31.1,413.09,0.249
C4H7Cl3,"1,1,3-trichloro-2-methylpropane",CC(CCl)C(Cl)Cl,161.459,597.35,31.21,411.73,0.249
C4H7Cl3,"1,2,3-trichloro-2-methylpropane",CC(Cl)(CCl)CCl,161.459,597.35,32.09,400.36,0.249
C4H7Cl3,"1,3-dichloro-2-(chloromethyl)-propane",ClCC(CCl)CCl,161.459,597.35,31.07,413.5,0.249
C4H7F,1-fluoro-1-butene,CCC=CF,74.098,414.96,42.44,229.12,0.194
C4H7F,cis-1-fluoro-1-butene,CC/C=C\F,74.098,414.96,42.44,229.12,0.194
C4H7F,trans-1-fluoro-1-butene,CC/C=C/F,74.098,414.96,42.44,229.12,0.194
C4H7F,2-fluoro-1-butene,C=C(F)CC,74.098,414.96,41.47,234.47,0.194
C4H7F,3-fluoro-1-butene,C=CC(C)F,74.098,414.96,41.47,234.47,0.194
C4H7F,4-fluoro-1-butene,C=CCCF,74.098,414.96,41.47,234.47,0.194
C4H7F,1-fluoro-2-butene,CC=CCF,74.098,414.96,41.47,234.47,0.194
C4H7F,cis-1-fluoro-2-butene,C/C=C\CF,74.098,414.96,41.47,234.47,0.194
C4H7F,trans-1-fluoro-2-butene,C/C=C/CF,74.098,414.96,41.47,234.47,0.194
C4H7F,2-fluoro-2-butene,CC=C(C)F,74.098,414.96,41.47,234.47,0.194
C4H7F,E-2-fluoro-2-butene,C/C=C(\C)F,74.098,414.96,41.47,234.47,0.194
C4H7F,Z-2-fluoro-2-butene,C/C=C(/C)F,74.098,414.96,41.47,234.47,0.194
C4H7F,1-fluoro-2-methyl-1-propene,CC(C)=CF,74.098,414.96,41.47,234.47,0.194
C4H7F,3-fluoro-2-methyl-1-propene,C=C(C)CF,74.098,414.96,41.47,234.47,0.194
C4H7F3,"1,1,1-trifluorobutane",CCCC(F)(F)F,112.094,406.56,31.92,284.65,0.312
C4H7F3,"1,1,2-trifluorobutane",CCC(F)C(F)F,112.094,406.56,32.38,280.67,0.312
C4H7F3,"1,1,3-trifluorobutane",CC(F)CC(F)F,112.094,406.56,32.38,280.67,0.312
C4H7F3,"1,1,4-trifluorobutane",FCCCC(F)F,112.094,406.56,32.38,280.67,0.312
C4H7F3,"1,2,2-trifluorobutane",CCC(F)(F)CF,112.094,406.56,32.38,280.67,0.312
C4H7F3,"1,2,3-trifluorobutane",CC(F)C(F)CF,112.094,406.56,32.38,280.67,0.312
C4H7F3,"1,2,4-trifluorobutane",FCCC(F)CF,112.094,406.56,32.38,280.67,0.312
C4H7F3,"1,3,3-trifluorobutane",CC(F)(F)CCF,112.094,406.56,32.38,280.67,0.312
C4H7F3,"2,3,3-trifluorobutane",CC(F)C(C)(F)F,112.094,406.56,32.38,280.67,0.312
C4H7F3,"1,1,1-trifluoro-2-methylpropane",CC(C)C(F)(F)F,112.094,406.56,32.38,280.67,0.312
C4H7F3,"1,1,2-trifluoro-2-methylpropane",CC(C)(F)C(F)F,112.094,406.56,32.38,280.67,0.312
C4H7F3,"1,1,3-trifluoro-2-methylpropane",CC(CF)C(F)F,112.094,406.56,32.38,280.67,0.312
C4H7F3,"1,3-difluoro-2-(fluoromethyl)-propane",FCC(CF)CF,112.094,406.56,32.38,280.67,0.312
C4H7I,1-iodo-1-butene,CCC=CI,182.004,610.79,38.73,354.27,0.243
C4H7I,cis-1-iodo-1-butene,CC/C=C\I,182.004,610.79,38.73,354.27,0.243
C4H7I,trans-1-iodo-1-butene,CC/C=C/I,182.004,610.79,38.73,354.27,0.243
C4H7I,2-iodo-1-butene,C=C(I)CC,182.004,610.79,38.73,354.27,0.243
C4H7I,3-iodo-1-butene,C=CC(C)I,182.004,610.79,38.73,354.27,0.243
C4H7I,4-iodo-1-butene,C=CCCI,182.004,610.79,38.73,354.27,0.243
C4H7I,1-iodo-2-butene,CC=CCI,182.004,610.79,38.73,354.27,0.243
C4H7I,1-iodo-cis-2-butene,C/C=C\CI,182.004,610.79,38.73,354.27,0.243
C4H7I,1-iodo-trans-2-butene,C/C=C/CI,182.004,610.79,38.73,354.27,0.243
C4H7I,2-iodo-2-butene,CC=C(C)I,182.004,610.79,38.73,354.27,0.243
C4H7I,2-iodo-E-2-butene,C/C=C(\C)I,182.004,610.79,38.73,354.27,0.243
C4H7I,2-iodo-Z-2-butene,C/C=C(/C)I,182.004,610.79,38.73,354.27,0.243
C4H7I,1-iodo-2-methyl-1-propene,CC(C)=CI,182.004,610.79,38.73,354.27,0.243
C4H7I,3-iodo-2-methyl-1-propene,C=C(C)CI,182.004,610.79,38.73,354.27,0.243
C4H7I3,"1,1,1-triiodobutane",CCCC(I)(I)I,435.812,761.05,22.79,547.15,0.528
C4H7I3,"1,1,2-triiodobutane",CCC(I)C(I)I,435.812,761.05,22.79,547.15,0.528
C4H7I3,"1,1,3-triiodobutane",CC(I)CC(I)I,435.812,761.05,22.79,547.15,0.528
C4H7I3,"1,1,4-triiodobutane",ICCCC(I)I,435.812,761.05,22.79,547.15,0.528
C4H7I3,"1,2,2-triiodobutane",CCC(I)(I)CI,435.812,761.05,22.79,547.15,0.528
C4H7I3,"1,2,3-triiodobutane",CC(I)C(I)CI,435.812,761.05,22.79,547.15,0.528
C4H7I3,"1,2,4-triiodobutane",ICCC(I)CI,435.812,761.05,22.79,547.15,0.528
C4H7I3,"1,3,3-triiodobutane",CC(I)(I)CCI,435.812,761.05,22.79,547.15,0.528
C4H7I3,"2,2,3-triiodobutane",CC(I)C(C)(I)I,435.812,761.05,22.79,547.15,0.528
C4H7I3,"1,1,1-triiodo-2-methylpropane",CC(C)C(I)(I)I,435.812,761.05,22.79,547.15,0.528
C4H7I3,"1,1,2-triiodo-2-methylpropane",CC(C)(I)C(I)I,435.812,761.05,22.79,547.15,0.528
C4H7I3,"1,1,3-triiodo-2-methylpropane",CC(CI)C(I)I,435.812,761.05,22.79,547.15,0.528
C4H7I3,"1,2,3-triiodo-2-methylpropane",CC(I)(CI)CI,435.812,761.05,22.79,547.15,0.528
C4H7I3,"1,3-diiodo-2-(iodomethyl)-propane",ICC(CI)CI,435.812,761.05,22.79,547.15,0.528
C4H7N,butyronitrile,CCCC#N,69.107,,,270.97,
C4H7N,isobutyronitrile,CC(C)C#N,69.107,596.4,48.05,279.48,0.313
C4H7N,propyl isocyanide,[C-]#[N+]CCC,69.107,596.4,47.04,285.46,0.313
C4H7N,isopropyl isocyanide,[C-]#[N+]C(C)C,69.107,596.4,45.97,292.11,0.313
C4H7NO,acetone cyanohydrin,CC(C)(O)C#N,85.106,620,46.23,296,0.359
C4H7NO,2-methacrylamide,C=C(C)C(N)=O,85.106,741,54.89,298,0.359
C4H7NO,3-methoxypropionitrile,COCCC#N,85.106,638,43.46,324,0.359
C4H7NO,2-pyrrolidone,O=C1CCCN1,85.106,802,67.05,264,0.359
C4H7NO,propyl isocyanate,CCCN=C=O,85.106,547,39.8,303.33,0.359
C4H7NO2,2-nitrobutene,C=C(CC)[N+](=O)[O-],101.105,678.96,45.15,325.37,0.399
C4H7NO2,1-nitro-3-butene,C=CCC[N+](=O)[O-],101.105,678.96,45.15,325.37,0.399
C4H7NO2,2-nitro-2-butene,CC=C(C)[N+](=O)[O-],101.105,678.96,45.15,325.37,0.399
C4H8,methylcyclopropane,CC1CC1,56.108,437.13,50.33,201.05,0.189
C4H8,cyclobutane,C1CCC1,56.108,459.93,50.61,210.36,0.189
C4H8,2-butene,CC=CC,56.108,427.53,40.58,243.85,0.189
C4H8Br2,"1,1-dibromobutane",CCCC(Br)Br,215.916,672.73,38.87,390.36,0.307
C4H8Br2,"1,2-dibromobutane",CCC(Br)CBr,215.916,672.73,38.89,390.1,0.307
C4H8Br2,"1,3-dibromobutane",CC(Br)CCBr,215.916,672.73,38.83,390.78,0.307
C4H8Br2,"1,4-dibromobutane",BrCCCCBr,215.916,672.73,39.78,381.44,0.307
C4H8Br2,"2,2-dibromobutane",CCC(C)(Br)Br,215.916,672.73,37.98,399.48,0.307
C4H8Br2,"2,3-dibromobutane",CC(Br)C(C)Br,215.916,672.73,39.01,388.97,0.307
C4H8Br2,"1,1-dibromo-2-methylpropane",CC(C)C(Br)Br,215.916,672.73,38.5,394.07,0.307
C4H8Br2,"1,2-dibromo-2-methylpropane",CC(C)(Br)CBr,215.916,672.73,38.03,398.99,0.307
C4H8Br2,"1,3-dibromo-2-methylpropane",CC(CBr)CBr,215.916,672.73,39.27,386.36,0.307
C4H8ClF,1-chloro-4-fluorobutane,FCCCCCl,110.559,562.04,47.78,269.54,0.21
C4H8Cl2,"1,1-dichlorobutane",CCCC(Cl)Cl,127.014,599.89,37.57,358.52,0.315
C4H8Cl2,"1,2-dichlorobutane",CCC(Cl)CCl,127.014,599.89,38.89,346.32,0.315
C4H8Cl2,"1,3-dichlorobutane",CC(Cl)CCCl,127.014,599.89,38.75,347.56,0.315
C4H8Cl2,"1,4-dichlorobutane",ClCCCCCl,127.014,599.89,39.87,337.77,0.315
C4H8Cl2,"2,2-dichlorobutane",CCC(C)(Cl)Cl,127.014,599.89,36.94,364.58,0.315
C4H8Cl2,"DL-2,3-dichlorobutane",C[C@@H](Cl)[C@@H](C)Cl,127.014,599.89,38.62,348.76,0.315
C4H8Cl2,"(2R,3S)-2,3-Dichlorobutane",C[C@H](Cl)[C@@H](C)Cl,127.014,599.89,38.51,349.75,0.315
C4H8Cl2,"1,1-dichloro-2-methylpropane",CC(C)C(Cl)Cl,127.014,599.89,38.4,350.71,0.315
C4H8Cl2,"1,2-dichloro-2-methylpropane",CC(C)(Cl)CCl,127.014,599.89,37.94,354.96,0.315
C4H8Cl2,"1,3-dichloro-2-methylpropane",CC(CCl)CCl,127.014,599.89,38.4,350.71,0.315
C4H8Cl2,"2,3-dichlorobutane, dl and meso",CC(Cl)C(C)Cl,127.014,599.89,38.69,348.05,0.315
C4H8Cl2O,bis(2-chloroethyl) ether,ClCCOCCCl,143.013,666,40.27,364,0.386
C4H8F2,"1,1-difluorobutane",CCCC(F)F,94.104,463.65,40.52,261.51,0.331
C4H8F2,"1,2-difluorobutane",CCC(F)CF,94.104,463.65,41.5,255.35,0.331
C4H8F2,"1,3-difluorobutane",CC(F)CCF,94.104,463.65,41.5,255.35,0.331
C4H8F2,"1,4-difluorobutane",FCCCCF,94.104,463.65,41.5,255.35,0.331
C4H8F2,"2,2-difluorobutane",CCC(C)(F)F,94.104,463.65,41.5,255.35,0.331
C4H8F2,"2,3-difluorobutane",CC(F)C(C)F,94.104,463.65,41.5,255.35,0.331
C4H8F2,"1,1-difluoro-2-methylpropane",CC(C)C(F)F,94.104,463.65,41.5,255.35,0.331
C4H8F2,"1,2-difluoro-2-methylpropane",CC(C)(F)CF,94.104,463.65,41.5,255.35,0.331
C4H8F2,"1,3-difluoro-2-methylpropane",CC(CF)CF,94.104,463.65,41.5,255.35,0.331
C4H8I2,"1,1-diiodobutane",CCCC(I)I,309.916,794.75,33.08,460.45,0.408
C4H8I2,"1,2-diiodobutane",CCC(I)CI,309.916,794.75,33.32,457.06,0.408
C4H8I2,"1,3-diiodobutane",CC(I)CCI,309.916,794.75,33.32,457.06,0.408
C4H8I2,"1,4-diiodobutane",ICCCCI,309.916,806.38,35.06,440.77,0.408
C4H8I2,"2,2-diiodobutane",CCC(C)(I)I,309.916,794.75,33.32,457.06,0.408
C4H8I2,"2,3-diiodobutane",CC(I)C(C)I,309.916,794.75,33.32,457.06,0.408
C4H8I2,"1,1-diiodo-2-methylpropane",CC(C)C(I)I,309.916,794.75,33.32,457.06,0.408
C4H8I2,"1,2-diiodo-2-methylpropane",CC(C)(I)CI,309.916,794.75,33.32,457.06,0.408
C4H8I2,"1,3-diiodo-2-methylpropane",CC(CI)CI,309.916,794.75,33.32,457.06,0.408
C4H8O,"1,2-epoxybutane",CCC1CO1,72.107,526,44.69,258,0.36
C4H8O,ethyl vinyl ether,C=COCC,72.107,,,263.14,
C4H8O,3-methoxy-1-propene,C=CCOC,72.107,481.36,41.45,254.56,0.36
C4H8O,isobutyraldehyde,CC(C)C=O,72.107,540.36,45.41,260.85,0.36
C4H8O,2-buten-1-ol,CC=CCO,72.107,571.36,53.15,235.67,0.36
C4H8O,cis-2-buten-1-ol,C/C=C\CO,72.107,571.36,53.15,235.67,0.36
C4H8O,trans-2-buten-1-ol,C/C=C/CO,72.107,571.36,53.15,235.67,0.36
C4H8O,3-buten-1-ol,C=CCCO,72.107,571.36,52.24,239.78,0.36
C4H8O,3-buten-2-ol,C=CC(C)O,72.107,571.36,52.01,240.81,0.36
C4H8O,2-methyl-2-propen-1-ol,C=C(C)CO,72.107,571.36,52.91,236.74,0.36
C4H8O,"2,2-dimethyloxirane",CC1(C)CO1,72.107,521,47.19,242,0.36
C4H8O,butylene oxide,C1CCOC1,72.107,531.36,46.52,250.4,0.36
C4H8OS,3-(methylthio)propanal,CSCCC=O,104.174,650,43.61,314,0.554
C4H8O2,isopropyl formate,CC(C)OC=O,88.106,514.9,37.81,292.69,0.463
C4H8O2,"cis-2-butene-1,4-diol",OC/C=C\CO,88.106,724.9,57.38,271.49,0.463
C4H8O2,"trans-2-butene-1,4-diol",OC/C=C/CO,88.106,724.9,57.38,271.49,0.463
C4H8O2,"3-butene-1,2-diol",C=CC(O)CO,88.106,724.9,55.9,278.66,0.463
C4H8O2,"2-butene-1,4-diol",OCC=CCO,88.106,725,55.84,279,0.463
C4H8O2,"1,3-dioxane",C1COCOC1,88.106,590,53.05,239,0.463
C4H8O2,3-hydroxybutanal,CC(O)CC=O,88.106,620,47.93,278,0.463
C4H8O2S,sulfolane,O=S1(=O)CCCC1,120.173,853,58.71,300,0.635
C4H8O3,2-hydroxybutanoic acid,CCC(O)C(=O)O,104.105,664,36.83,379.83,0.554
C4H8O3,3-hydroxybutanoic acid,CC(O)CC(=O)O,104.105,664,35.79,390.85,0.554
C4H8O3,4-hydroxybutanoic acid,O=C(O)CCCO,104.105,664,46.11,303.39,0.554
C4H8O3,2-hydroxy-2-methylpropanoic acid,CC(C)(O)C(=O)O,104.105,664,46.11,303.39,0.554
C4H8O3,methyl lactate,COC(=O)C(C)O,104.105,584,40.87,301,0.554
C4H8S,tetrahydrothiophene,C1CCSC1,88.175,,,248.87,0.257
C4H8S,2-ethylthiacyclopropane,CCC1CS1,88.175,594.72,47.29,273.36,0.257
C4H8S,"2,2-dimethylthiacyclopropane",CC1(C)CS1,88.175,574.84,45,277.69,0.257
C4H8S,"cis-2,3-Dimethylthiirane",C[C@@H]1S[C@@H]1C,88.175,537.89,42.11,277.69,0.257
C4H8S,"2,trans-3-dimethylthiacyclopropane",C[C@@H]1S[C@H]1C,88.175,537.89,42.11,277.69,0.257
C4H9Br,1-bromobutane,CCCCBr,137.02,557.6,41.89,331.12,0.383
C4H9Br,2-bromobutane,CCC(C)Br,137.02,557.6,41.26,336.2,0.383
C4H9Br,1-bromo-2-methylpropane,CC(C)CBr,137.02,557.6,41.42,334.88,0.383
C4H9Br,2-bromo-2-methylpropane,CC(C)(C)Br,137.02,557.6,39.69,349.48,0.383
C4H9Cl,1-chlorobutane,CCCCCl,92.569,530.18,39.62,313.6,0.278
C4H9Cl,2-chlorobutane,CCC(C)Cl,92.569,,,318.81,0.278
C4H9Cl,1-chloro-2-methylpropane,CC(C)CCl,92.569,530.18,39.18,317.1,0.278
C4H9Cl,2-chloro-2-methylpropane,CC(C)(C)Cl,92.569,530.18,37.25,333.51,0.278
C4H9F,1-fluorobutane,CCCCF,76.114,460.26,43.61,246.69,0.267
C4H9F,2-fluorobutane,CCC(C)F,76.114,460.26,42.48,253.24,0.267
C4H9F,1-fluoro-2-methylpropane,CC(C)CF,76.114,460.26,42.07,255.67,0.267
C4H9F,2-fluoro-2-methylpropane,CC(C)(C)F,76.114,460.26,41.08,261.86,0.267
C4H9I,1-iodobutane,CCCCI,184.02,638.79,38.48,372.01,0.246
C4H9I,2-iodobutane,CCC(C)I,184.02,623.28,37.04,377.04,0.246
C4H9I,1-iodo-2-methylpropane,CC(C)CI,184.02,624.97,37.31,375.37,0.246
C4H9I,2-iodo-2-methylpropane,CC(C)(C)I,184.02,596.77,34.05,392.8,0.246
C4H9NO,"N,N-dimethylacetamide",CC(=O)N(C)C,87.122,658,44.35,326.64,0.364
C4H9NO,morpholine,C1COCCN1,87.122,618,49.3,276,0.364
C4H9NO2,1-nitrobutane,CCCC[N+](=O)[O-],103.121,683.23,38.52,382.8,0.404
C4H9NO2,2-nitrobutane,CCC(C)[N+](=O)[O-],103.121,683.23,39,378.1,0.404
C4H9NO2,1-nitro-2-methylpropane,CC(C)C[N+](=O)[O-],103.121,683.23,38.07,387.36,0.404
C4H9NO2,2-nitro-2-methylpropane,CC(C)(C)[N+](=O)[O-],103.121,683.23,37.67,391.47,0.404
C4H10O,methyl isopropyl ether,COC(C)C,74.123,,,281.52,
C4H10OS,2-(ethylthio)ethanol,CCSCCO,106.19,641,43.81,310.97,0.301
C4H10OS,3-(methylthio)-1-propanol,CSCCCO,106.19,641,44.51,306.12,0.301
C4H10OS2,"2,2'-oxydiethanethiol",SCCOCCS,138.257,720,38.46,378,0.718
C4H10O2,t-butyl hydroperoxide,CC(C)(C)OO,90.122,576,42.58,290,0.475
C4H10O2,2-ethoxyethanol,CCOCCO,90.122,588.82,43.12,292.7,0.475
C4H10O2,2-methoxy-1-propanol,COC(C)CO,90.122,588.82,43.85,287.84,0.475
C4H10O2,propylene glycol monomethyl ether,COCC(C)O,90.122,588.82,45.2,279.25,0.475
C4H10O2,(S)-(+)-2-methoxypropanol,CO[C@@H](C)CO,90.122,588.82,43.85,287.84,0.475
C4H10O2,methoxypropanol,CCC(O)OC,90.122,588.82,42.79,295,0.475
C4H10O2,(S)-(+)-1-methoxy-2-propanol,COC[C@H](C)O,90.122,588.82,42.84,294.61,0.475
C4H10O2,(R)-(-)-1-methoxy-2-propanol,COC[C@@H](C)O,90.122,588.82,42.84,294.61,0.475
C4H10O2,3-methoxy-1-propanol,COCCCO,90.122,588.82,40.89,308.71,0.475
C4H10O2,"1,2-butanediol",CCC(O)CO,90.122,,,,0.475
C4H10O2,"1,4-butanediol",OCCCCO,90.122,728.82,52.44,297.9,0.475
C4H10O2,"DL-2,3-butanediol",C[C@@H](O)[C@@H](C)O,90.122,728.82,50.84,307.3,0.475
C4H10O2,"meso-2,3-butanediol",C[C@H](O)[C@@H](C)O,90.122,728.82,51.26,304.78,0.475
C4H10O2,"2-methyl-1,2-propanediol",CC(C)(O)CO,90.122,728.82,51.02,306.22,0.475
C4H10O2,"1-methyl-1,3-propanediol",CC(O)CCO,90.122,728.82,51.25,304.87,0.475
C4H10O2,"(2S,3S)-(+)-2,3-butanediol",C[C@H](O)[C@H](C)O,90.122,728.82,50.83,307.34,0.475
C4H10O2,"(S)-(+)-1,3-butanediol",C[C@H](O)CCO,90.122,728.82,51.76,301.83,0.475
C4H10O2,"2,3-butanediol",CC(O)C(C)O,90.122,728.82,51.76,301.83,0.475
C4H10O2,"(R)-(-)-1,3-butanediol",C[C@@H](O)CCO,90.122,728.82,51.76,301.83,0.475
C4H10O2,"2-methyl-1,3-propanediol",CC(CO)CO,90.122,728.82,52.57,297.19,0.475
C4H10O2S,bis(2-hydroxyethyl) sulfide,OCCSCCO,122.189,731,43.9,343,0.645
C4H10O3,diethylene glycol,OCCOCCO,106.121,,,312,0.564
C4H10O3,"1,2,3-butanetriol",CC(O)C(O)CO,106.121,719,49.54,305,0.564
C4H10O3,"1,2,4-butanetriol",OCCC(O)CO,106.121,697,47.1,311,0.564
C4H10O3S,diethyl sulfite,CCOS(=O)OCC,138.188,690,37.79,373,0.367
C4H10O4S,diethyl sulfate,CCOS(=O)(=O)OCC,154.187,749,37.68,398,0.397
C4H10O4S,methyl propyl sulfate,CCCOS(=O)(=O)OC,154.187,792,39.85,398,0.397
C4H10S,1-butanethiol,CCCCS,90.191,,,315.44,0.262
C4H10S,2-butanethiol,CCC(C)S,90.191,563.95,38.1,320.95,0.262
C4H10S,isobutyl mercaptan,CC(C)CS,90.191,563.95,38.38,318.63,0.262
C4H10S,tert-butyl mercaptan,CC(C)(C)S,90.191,563.95,36.44,335.54,0.262
C4H10S,2-thiapentane,CCCSC,90.191,563.95,38.76,315.44,0.262
C4H10S,3-methyl-2-thiabutane,CSC(C)C,90.191,563.95,38.1,320.95,0.262
C4H10S2,"1,4-butanedithiol",SCCCCS,122.258,704.27,40.08,366.12,0.336
C4H10S2,"1,3-butanedithiol",CC(S)CCS,122.258,704.27,41.08,357.17,0.336
C4H10S2,"1,2-butanedithiol",CCC(S)CS,122.258,704.27,41.85,350.58,0.336
C4H10S2,"2,3-butanedithiol",CC(S)C(C)S,122.258,704.27,39.74,369.26,0.336
C4H10S2,"2,3-dithiahexane",CCCSSC,122.258,649.27,36.61,369.48,0.336
C4H10S2,"3,4-dithiahexane",CCSSCC,122.258,,,370.15,0.336
C4H10S2,"2,4-dithiahexane",CCSCSC,122.258,649.27,36.99,365.74,0.336
C4H10S2,"2,5-dithiahexane",CSCCSC,122.258,649.27,38.81,348.56,0.336
C4H11N,butylamine,CCCCN,73.139,,,271.14,
C4H11N,isobutylamine,CC(C)CN,73.139,522.4,42.4,276.05,0.325
C4H11N,sec-butylamine,CCC(C)N,73.139,,,280.66,0.325
C4H11N,(R)-(-)-sec-butylamine,CC[C@@H](C)N,73.139,522.4,41.84,279.72,0.325
C4H11N,(S)-(+)-sec-butylamine,CC[C@H](C)N,73.139,522.4,42.26,276.96,0.325
C4H11N,methyl-propylamine,CCCNC,73.139,482.4,38,284.44,0.325
C4H11N,methylisopropylamine,CNC(C)C,73.139,482.4,37.87,285.41,0.325
C4H11N,dimethylethylamine,CCN(C)C,73.139,,,,0.325
C4H12N2O,N-aminoethyl ethanolamine,NCCNCCO,104.153,698,38.88,387,0.406
C4H12O2Si,dimethoxydimethylsilane,CO[Si](C)(C)OC,120.224,524,26.6,441,0.263
C4H12Si,tetramethylsilane,C[Si](C)(C)C,88.226,,,404.09,
C4H12Si,diethylsilane,CC[SiH2]CC,88.226,499.97,30.81,373.6,0.187
C4H12Si,ethyldimethylsilane,CC[SiH](C)C,88.226,482.83,28.91,384.57,0.187
C4H13N3,diethylene triamine,NCCNCCN,103.169,676,42.66,342,0.404
C4I2,"1,4-diiodo-1,3-butadiyne",IC#CC#CI,301.852,769.53,45.4,328.05,0.399
C5Cl6,hexachlorocyclopentadiene,ClC1=C(Cl)C(Cl)(Cl)C(Cl)=C1Cl,272.773,746,26.56,526,0.406
C5F8,octafluorocyclopentene,FC1=C(F)C(F)(F)C(F)(F)C1(F)F,212.039,465.23,26.11,351.73,0.398
C5F10,"1,1,2,3,3,4,4,5,5,5-decafluoro-1-pentene",FC(F)=C(F)C(F)(F)C(F)(F)C(F)(F)F,250.035,533.36,24.99,401.82,0.448
C5F12,perfluoropentane,FC(F)(F)C(F)(F)C(F)(F)C(F)(F)C(F)(F)F,288.031,464.25,16.19,514.88,0.494
C5H4,"1,3-pentadiyne",C#CC#CC,64.087,503.41,53.92,213.98,0.217
C5H4O2,furfural,O=Cc1ccco1,96.085,,,252,
C5H4O3,"3-methyl-2,5-furandione",CC1=CC(=O)OC1=O,112.084,721,55.29,272,0.595
C5H5I,1-iodo-3-penten-1-yne,CC=CC#CI,191.999,588.61,39.15,333.56,0.258
C5H6,cyclopentadiene,C1=CCC=C1,66.103,482.36,48.98,225.17,0.223
C5H6,2-methyl-1-butene-3-yne,C#CC(=C)C,66.103,470.1,41.73,257.57,0.223
C5H6,1-pentene-3-yne,C=CC#CC,66.103,508.73,47.88,242.9,0.223
C5H6,1-pentene-4-yne,C#CCC=C,66.103,483.77,44.79,246.93,0.223
C5H6,cis-3-penten-1-yne,C#C/C=C\C,66.103,487.65,46.24,241.12,0.223
C5H6,trans-3-penten-1-yne,C#C/C=C/C,66.103,495.97,47.02,241.12,0.223
C5H6N2,glutaronitrile,N#CCCCC#N,94.117,782,48.49,352,0.382
C5H6O,3-methylfuran,Cc1ccoc1,82.102,522.86,45.17,250.6,0.426
C5H6O2,furfuryl alcohol,OCc1ccco1,98.101,632,51,263,0.521
C5H6O3,glutaric anhydride,O=C1CCCC(=O)O1,114.1,838,63.4,275,0.605
C5H6O4,citraconic acid,C/C(=C/C(=O)O)C(=O)O,130.099,829,49.73,340,0.682
C5H6O4,itaconic acid,C=C(CC(=O)O)C(=O)O,130.099,821,49.25,340,0.682
C5H6S,2-methylthiophene,Cc1cccs1,98.17,,,277.41,0.282
C5H6S,3-methylthiophene,Cc1ccsc1,98.17,,,276.75,0.282
C5H7Cl,"1-chloro-2-methyl-1,3-butadiene",C=CC(C)=CCl,102.564,569.87,41.85,315.16,0.302
C5H7Cl,"1-chloro-3-methyl-1,3-butadiene",C=C(C)C=CCl,102.564,558.71,40.18,321.79,0.302
C5H7Cl,"2-chloro-3-methyl-1,3-butadiene",C=C(C)C(=C)Cl,102.564,558.71,40.44,319.77,0.302
C5H7I,1-iodo-1-pentyne,CCCC#CI,194.015,676.17,40.79,366.94,0.261
C5H7N,N-methylpyrrole,Cn1cccc1,81.118,662.99,50.51,291.15,0.348
C5H7N,2-methylpyrrole,Cc1ccc[nH]1,81.118,662.99,53.32,275.83,0.348
C5H7N,3-methylpyrrole,Cc1cc[nH]c1,81.118,662.99,48.13,305.54,0.348
C5H7N,4-pentenenitrile,C=CCCC#N,81.118,622.99,44.52,310.38,0.348
C5H7N,trans-3-pentenenitrile,C/C=C/CC#N,81.118,622.99,45.38,304.56,0.348
C5H7N,cis-2-pentenenitrile,CC/C=C\C#N,81.118,622.99,44.14,313.06,0.348
C5H7N,3-pentenenitrile,CC=CCC#N,81.118,622.99,47.36,291.79,0.348
C5H7NO2,ethyl cyanoacetate,CCOC(=O)CC#N,113.116,679,40.43,358,0.426
C5H8,spiropentane,C1CC12CC2,68.119,499.74,48.19,236.5,0.23
C5H8,cyclopentene,C1=CCCC1,68.119,493.63,46.05,244.44,0.23
C5H8,isoprene,C=CC(=C)C,68.119,478.63,41.91,260.47,0.23
C5H8,"3-methyl-1,2-butadiene",C=C=C(C)C,68.119,478.63,42.35,257.72,0.23
C5H8,"1,2-pentadiene",C=C=CCC,68.119,478.63,42.88,254.57,0.23
C5H8,"1,3-pentadiene",C=CC=CC,68.119,478.63,42.5,256.81,0.23
C5H8,"cis-1,3-pentadiene",C=C/C=C\C,68.119,478.63,42.73,255.46,0.23
C5H8,"trans-1,3-pentadiene",C=C/C=C/C,68.119,478.63,41.61,262.33,0.23
C5H8,"1,4-pentadiene",C=CCC=C,68.119,478.63,40.27,271.03,0.23
C5H8,"2,3-pentadiene",CC=C=CC,68.119,478.63,43.03,253.69,0.23
C5H8,1-pentyne,C#CCCC,68.119,478.63,40.11,272.15,0.23
C5H8,2-pentyne,CC#CCC,68.119,478.63,41.3,264.3,0.23
C5H8,3-methyl-1-butyne,C#CC(C)C,68.119,478.63,38.16,286.07,0.23
C5H8Br4,"1,3-dibromo-2,2-bis(bromomethyl)propane",BrCC(CBr)(CBr)CBr,387.735,756.05,22.5,612.08,0.65
C5H8Cl2,3-chloro-2-(chloromethyl)-1-butene,C=C(CCl)C(C)Cl,139.025,611.04,35.46,381.16,0.339
C5H8Cl2,"1,3-dichloro-2-methyl-2-butene",CC(Cl)=C(C)CCl,139.025,611.04,35.68,378.73,0.339
C5H8Cl2,"1,4-dichloro-2-methyl-2-butene",CC(=CCCl)CCl,139.025,611.04,36.57,369.57,0.339
C5H8Cl2,"3,3-dichloro-2-methyl-1-butene",C=C(C)C(C)(Cl)Cl,139.025,611.04,35.62,379.42,0.339
C5H8Cl2,"2,5-dichloro-2-pentene",CC(Cl)=CCCCl,139.025,611.04,35.26,383.25,0.339
C5H8Cl4,"2,2-bis(chloromethyl)-1,3-dichloropropane",ClCC(CCl)(CCl)CCl,209.931,635.15,25.71,500.24,0.325
C5H8Cl4,"1,1,1,5-tetrachloropentane",ClCCCCC(Cl)(Cl)Cl,209.931,635.15,26.27,489.61,0.325
C5H8I4,"2,2-bis(iodomethyl)-1,3-diiodopropane",ICC(CI)(CI)CI,575.735,989.47,18.51,735.98,0.636
C5H8N4O12,pentaerythritol tetranitrate,O=[N+]([O-])OCC(CO[N+](=O)[O-])(CO[N+](=O)[O-])CO[N+](=O)[O-],316.135,676,15.32,731,0.725
C5H8O,cyclopentanone,O=C1CCCC1,84.118,,,258,
C5H8O,methyl isopropenyl ketone,C=C(C)C(C)=O,84.118,566,40.48,302,0.439
C5H8O,2-pentenal,CCC=CC=O,84.118,626.97,46.04,294.08,0.439
C5H8O,trans-2-pentenal,CC/C=C/C=O,84.118,626.97,46.04,294.08,0.439
C5H8O,3-pentenal,CC=CCC=O,84.118,626.97,43.92,308.28,0.439
C5H8O,4-pentenal,C=CCCC=O,84.118,626.97,45.53,297.4,0.439
C5H8O,2-methyl-2-butenal,CC=C(C)C=O,84.118,626.97,46.75,289.63,0.439
C5H8O,trans-2-methyl-2-butenal,C/C=C(\C)C=O,84.118,626.97,46.75,289.63,0.439
C5H8O,3-methyl-2-butenal,CC(C)=CC=O,84.118,626.97,46.85,289.03,0.439
C5H8O,2-methyl-3-butenal,C=CC(C)C=O,84.118,626.97,43.92,308.28,0.439
C5H8O,3-methyl-3-butenal,C=C(C)CC=O,84.118,626.97,43.92,308.28,0.439
C5H8O,2-ethylacrolein,C=C(C=O)CC,84.118,626.97,45.98,294.49,0.439
C5H8O,trans-3-penten-2-one,C/C=C/C(C)=O,84.118,586.97,45.29,279.91,0.439
C5H8O,1-penten-3-one,C=CC(=O)CC,84.118,586.97,44.31,286.11,0.439
C5H8O,3-penten-2-one,CC=CC(C)=O,84.118,586.97,45.07,281.24,0.439
C5H8O2,2-pentenoic acid,CCC=CC(=O)O,100.117,657.37,41.03,339.24,0.532
C5H8O2,cis-2-pentenoic acid,CC/C=C\C(=O)O,100.117,657.37,40.85,340.72,0.532
C5H8O2,trans-2-pentenoic acid,CC/C=C/C(=O)O,100.117,657.37,41.03,339.24,0.532
C5H8O2,3-pentenoic acid,CC=CCC(=O)O,100.117,657.37,40.85,340.72,0.532
C5H8O2,cis-3-pentenoic acid,C/C=C\CC(=O)O,100.117,657.37,40.85,340.72,0.532
C5H8O2,trans-3-pentenoic acid,C/C=C/CC(=O)O,100.117,657.37,40.85,340.72,0.532
C5H8O2,4-pentenoic acid,C=CCCC(=O)O,100.117,657.37,41.01,339.36,0.532
C5H8O2,cis-2-methyl-2-butenoic acid,C/C=C(/C)C(=O)O,100.117,657.37,41.14,338.33,0.532
C5H8O2,trans-2-methyl-2-butenoic acid,C/C=C(\C)C(=O)O,100.117,657.37,40.17,346.47,0.532
C5H8O2,3-methyl-2-butenoic acid,CC(C)=CC(=O)O,100.117,657.37,42.28,329.15,0.532
C5H8O2,2-methyl-3-butenoic acid,C=CC(C)C(=O)O,100.117,657.37,40.85,340.72,0.532
C5H8O2,3-methyl-3-butenoic acid,C=C(C)CC(=O)O,100.117,657.37,40.85,340.72,0.532
C5H8O2,2-methylenebutanoic acid,C=C(CC)C(=O)O,100.117,657.37,41.52,335.21,0.532
C5H8O2,acetylacetone,CC(=O)CC(C)=O,100.117,646.65,,323,0.532
C5H8O2,allyl acetate,C=CCOC(C)=O,100.117,537.37,34.92,325.79,0.532
C5H8O2,isopropenyl acetate,C=C(C)OC(C)=O,100.117,537.37,34.33,331.39,0.532
C5H8O2,vinyl propanoate,C=COC(=O)CC,100.117,537.37,34.23,332.35,0.532
C5H8O2,methyl cis-2-butenoate,C/C=C\C(=O)OC,100.117,537.37,34.23,332.35,0.532
C5H8O2,methyl trans-2-butenoate,C/C=C/C(=O)OC,100.117,537.37,35.94,316.54,0.532
C5H8O2,ethyl acrylate,C=CC(=O)OCC,100.117,537.37,34.74,327.49,0.532
C5H8O2,methyl methacrylate,C=C(C)C(=O)OC,100.117,537.37,35.6,319.54,0.532
C5H8O2,methyl 3-butenoate,C=CCC(=O)OC,100.117,537.37,35.7,318.72,0.532
C5H8O2,4-methyl-gamma-butyrolactone,CC1CCC(=O)O1,100.117,727,55.17,279,0.532
C5H8O2,pentanedial,O=CCCCC=O,100.117,660,40.27,347,0.532
C5H8O2,"2,3-pentanedione",CCC(=O)C(C)=O,100.117,537.37,34.92,325.79,0.532
C5H8O3,2-hydroxyethyl acrylate,C=CC(=O)OCCO,116.116,662,38.27,359,0.615
C5H8O3,levulinic acid,CC(=O)CCC(=O)O,116.116,738,44.65,343,0.615
C5H8O3,methyl acetoacetate,COC(=O)CC(C)=O,116.116,642,38.85,343,0.615
C5H8O4,glutaric acid,O=C(O)CCCC(=O)O,132.115,807,43.27,379.41,0.691
C5H8O4,dimethylmalonic acid,CC(C)(C(=O)O)C(=O)O,132.115,807,48.2,340.65,0.691
C5H8O4,ethylpropanedioic acid,CCC(C(=O)O)C(=O)O,132.115,807,48.2,340.65,0.691
C5H9Br,1-bromo-1-pentene,CCCC=CBr,149.031,597.71,41.55,352.56,0.434
C5H9Br,cis-1-bromo-1-pentene,CCC/C=C\Br,149.031,597.71,40.38,362.76,0.434
C5H9Br,trans-1-bromo-1-pentene,CCC/C=C/Br,149.031,597.71,40.38,362.76,0.434
C5H9Br,2-bromo-1-pentene,C=C(Br)CCC,149.031,597.71,40.03,365.97,0.434
C5H9Br,3-bromo-1-pentene,C=CC(Br)CC,149.031,597.71,39.95,366.69,0.434
C5H9Br,4-bromo-1-pentene,C=CCC(C)Br,149.031,597.71,40.58,361.04,0.434
C5H9Br,5-bromo-1-pentene,C=CCCCBr,149.031,597.71,41.24,355.23,0.434
C5H9Br,1-bromo-2-pentene,CCC=CCBr,149.031,597.71,41.31,354.62,0.434
C5H9Br,1-bromo-cis-2-pentene,CC/C=C\CBr,149.031,597.71,41.08,356.6,0.434
C5H9Br,1-bromo-trans-2-pentene,CC/C=C/CBr,149.031,597.71,41.08,356.6,0.434
C5H9Br,2-bromo-2-pentene,CCC=C(C)Br,149.031,597.71,42.16,347.46,0.434
C5H9Br,2-bromo-Z-2-pentene,CC/C=C(/C)Br,149.031,597.71,41.92,349.43,0.434
C5H9Br,2-bromo-E-2-pentene,CC/C=C(\C)Br,149.031,597.71,41.92,349.43,0.434
C5H9Br,3-bromo-2-pentene,CC=C(Br)CC,149.031,597.71,42,348.78,0.434
C5H9Br,3-bromo-Z-2-pentene,C/C=C(\Br)CC,149.031,597.71,41.77,350.76,0.434
C5H9Br,3-bromo-E-2-pentene,C/C=C(/Br)CC,149.031,597.71,41.77,350.76,0.434
C5H9Br,4-bromo-2-pentene,CC=CC(C)Br,149.031,597.71,40.39,362.69,0.434
C5H9Br,4-bromo-cis-2-pentene,C/C=C\C(C)Br,149.031,597.71,41.78,350.66,0.434
C5H9Br,4-bromo-trans-2-pentene,C/C=C/C(C)Br,149.031,597.71,41.78,350.66,0.434
C5H9Br,5-bromo-2-pentene,CC=CCCBr,149.031,597.71,41.98,348.94,0.434
C5H9Br,5-bromo-cis-2-pentene,C/C=C\CCBr,149.031,597.71,41.75,350.86,0.434
C5H9Br,5-bromo-trans-2-pentene,C/C=C/CCBr,149.031,597.71,41.75,350.86,0.434
C5H9Br,Z-1-bromo-2-methyl-1-butene,CC/C(C)=C\Br,149.031,597.71,40.6,360.83,0.434
C5H9Br,E-1-bromo-2-methyl-1-butene,CC/C(C)=C/Br,149.031,597.71,40.6,360.83,0.434
C5H9Br,3-bromo-2-methyl-1-butene,C=C(C)C(C)Br,149.031,597.71,40.34,363.11,0.434
C5H9Br,4-bromo-2-methyl-1-butene,C=C(C)CCBr,149.031,597.71,40.34,363.11,0.434
C5H9Br,cis-1-bromo-3-methyl-1-butene,CC(C)/C=C\Br,149.031,597.71,40.3,363.47,0.434
C5H9Br,trans-1-bromo-3-methyl-1-butene,CC(C)/C=C/Br,149.031,597.71,40.3,363.47,0.434
C5H9Br,2-bromo-3-methyl-1-butene,C=C(Br)C(C)C,149.031,597.71,40.3,363.47,0.434
C5H9Br,3-bromo-3-methyl-1-butene,C=CC(C)(C)Br,149.031,597.71,40.34,363.11,0.434
C5H9Br,4-bromo-3-methyl-1-butene,C=CC(C)CBr,149.031,597.71,39.95,366.69,0.434
C5H9Br,1-bromo-2-methyl-E-2-butene,C/C=C(\C)CBr,149.031,597.71,41.13,356.15,0.434
C5H9Br,1-bromo-2-methyl-Z-2-butene,C/C=C(/C)CBr,149.031,597.71,41.13,356.15,0.434
C5H9Br,1-bromo-3-methyl-2-butene,CC(C)=CCBr,149.031,597.71,42.26,346.68,0.434
C5H9Br,2-bromo-3-methyl-2-butene,CC(C)=C(C)Br,149.031,597.71,42.4,345.51,0.434
C5H9Br,3-bromo-2-ethyl-1-propene,C=C(CC)CBr,149.031,597.71,42.32,346.16,0.434
C5H9Br3,"1,1,1-tribromopentane",CCCCC(Br)(Br)Br,308.839,715.06,28.89,497.39,0.468
C5H9Cl,1-chloro-1-pentene,CCCC=CCl,104.58,576.28,38.58,344.88,0.307
C5H9Cl,cis-1-chloro-1-pentene,CCC/C=C\Cl,104.58,576.28,38.68,343.96,0.307
C5H9Cl,trans-1-chloro-1-pentene,CCC/C=C/Cl,104.58,576.28,38.68,343.96,0.307
C5H9Cl,2-chloro-1-pentene,C=C(Cl)CCC,104.58,576.28,38.63,344.42,0.307
C5H9Cl,3-chloro-1-pentene,C=CC(Cl)CC,104.58,576.28,38.24,347.89,0.307
C5H9Cl,4-chloro-1-pentene,C=CCC(C)Cl,104.58,576.28,37.47,355.07,0.307
C5H9Cl,5-chloro-1-pentene,C=CCCCCl,104.58,576.28,38.89,342.05,0.307
C5H9Cl,1-chloro-2-pentene,CCC=CCCl,104.58,576.28,38.94,341.69,0.307
C5H9Cl,1-chloro-cis-2-pentene,CC/C=C\CCl,104.58,576.28,38.5,345.52,0.307
C5H9Cl,1-chloro-trans-2-pentene,CC/C=C/CCl,104.58,576.28,39.37,337.89,0.307
C5H9Cl,2-chloro-2-pentene,CCC=C(C)Cl,104.58,576.28,38.87,342.28,0.307
C5H9Cl,2-chloro-cis-2-pentene,CC/C=C(/C)Cl,104.58,576.28,38.52,345.34,0.307
C5H9Cl,2-chloro-E-2-pentene,CC/C=C(\C)Cl,104.58,576.28,38.52,345.34,0.307
C5H9Cl,3-chloro-2-pentene,CC=C(Cl)CC,104.58,576.28,39.17,339.67,0.307
C5H9Cl,3-chloro-Z-2-pentene,C/C=C(\Cl)CC,104.58,576.28,38.19,348.35,0.307
C5H9Cl,3-chloro-E-2-pentene,C/C=C(/Cl)CC,104.58,576.28,38.19,348.35,0.307
C5H9Cl,4-chloro-2-pentene,CC=CC(C)Cl,104.58,576.28,38.46,345.89,0.307
C5H9Cl,4-chloro-cis-2-pentene,C/C=C\C(C)Cl,104.58,576.28,38.26,347.75,0.307
C5H9Cl,4-chloro-trans-2-pentene,C/C=C/C(C)Cl,104.58,576.28,38.26,347.75,0.307
C5H9Cl,5-chloro-2-pentene,CC=CCCCl,104.58,576.28,38.74,343.37,0.307
C5H9Cl,5-chloro-cis-2-pentene,C/C=C\CCCl,104.58,576.28,38.47,345.8,0.307
C5H9Cl,5-chloro-trans-2-pentene,C/C=C/CCCl,104.58,576.28,38.47,345.8,0.307
C5H9Cl,Z-1-chloro-2-methyl-1-butene,CC/C(C)=C\Cl,104.58,576.28,38.52,345.34,0.307
C5H9Cl,E-1-chloro-2-methyl-1-butene,CC/C(C)=C/Cl,104.58,576.28,38.52,345.34,0.307
C5H9Cl,1-chloro-3-methyl-1-butene,CC(C)C=CCl,104.58,576.28,39.71,335,0.307
C5H9Cl,cis-1-chloro-3-methyl-1-butene,CC(C)/C=C\Cl,104.58,576.28,38.52,345.34,0.307
C5H9Cl,trans-1-chloro-3-methyl-1-butene,CC(C)/C=C/Cl,104.58,576.28,38.52,345.34,0.307
C5H9Cl,3-chloro-2-methyl-1-butene,C=C(C)C(C)Cl,104.58,576.28,38.7,343.73,0.307
C5H9Cl,4-chloro-2-methyl-1-butene,C=C(C)CCCl,104.58,576.28,38.52,345.34,0.307
C5H9Cl,2-chloro-3-methyl-1-butene,C=C(Cl)C(C)C,104.58,576.28,38.52,345.34,0.307
C5H9Cl,3-chloro-3-methyl-1-butene,C=CC(C)(C)Cl,104.58,576.28,37.43,355.45,0.307
C5H9Cl,4-chloro-3-methyl-1-butene,C=CC(C)CCl,104.58,576.28,38.52,345.34,0.307
C5H9Cl,1-chloro-2-methyl-E-2-butene,C/C=C(\C)CCl,104.58,576.28,39.95,333.04,0.307
C5H9Cl,1-chloro-3-methyl-2-butene,CC(C)=CCCl,104.58,576.28,39.97,332.87,0.307
C5H9Cl,2-chloro-3-methyl-2-butene,CC(C)=C(C)Cl,104.58,576.28,38.74,343.37,0.307
C5H9Cl,3-chloro-2-ethyl-1-propene,C=C(CC)CCl,104.58,576.28,38.52,345.34,0.307
C5H9Cl,1-chloro-2-methyl-1-butene,CCC(C)=CCl,104.58,576.28,39.4,337.67,0.307
C5H9Cl,1-chloro-2-methyl-2-butene,CC=C(C)CCl,104.58,576.28,40.21,330.86,0.307
C5H9Cl3,"1,1,1-trichloropentane",CCCCC(Cl)(Cl)Cl,175.486,618.29,26.37,495.52,0.273
C5H9Cl3,"1,2,3-trichloro-2-methylbutane",CC(Cl)C(C)(Cl)CCl,175.486,618.29,28.22,463.09,0.273
C5H9Cl3,"2,2,3-trichloro-3-methylbutane",CC(C)(Cl)C(C)(Cl)Cl,175.486,618.29,27.2,480.39,0.273
C5H9Cl3,"1,3-dichloro-2-(chloromethyl)-2-methylpropane",CC(CCl)(CCl)CCl,175.486,618.29,28.72,455.1,0.273
C5H9F,1-fluoro-1-pentene,CCCC=CF,88.125,449.93,37.74,274.53,0.213
C5H9F,cis-1-fluoro-1-pentene,CCC/C=C\F,88.125,449.93,37.74,274.53,0.213
C5H9F,trans-1-fluoro-1-pentene,CCC/C=C/F,88.125,449.93,37.74,274.53,0.213
C5H9F,2-fluoro-1-pentene,C=C(F)CCC,88.125,449.93,37.74,274.53,0.213
C5H9F,3-fluoro-1-pentene,C=CC(F)CC,88.125,449.93,37.74,274.53,0.213
C5H9F,4-fluoro-1-pentene,C=CCC(C)F,88.125,449.93,37.74,274.53,0.213
C5H9F,5-fluoro-1-pentene,C=CCCCF,88.125,449.93,36.12,286.83,0.213
C5H9F,1-fluoro-cis-2-pentene,CC/C=C\CF,88.125,449.93,37.74,274.53,0.213
C5H9F,1-fluoro-trans-2-pentene,CC/C=C/CF,88.125,449.93,37.74,274.53,0.213
C5H9F,2-fluoro-Z-2-pentene,CC/C=C(/C)F,88.125,449.93,37.74,274.53,0.213
C5H9F,2-fluoro-E-2-pentene,CC/C=C(\C)F,88.125,449.93,37.74,274.53,0.213
C5H9F,3-fluoro-Z-2-pentene,C/C=C(\F)CC,88.125,449.93,37.74,274.53,0.213
C5H9F,3-fluoro-E-2-pentene,C/C=C(/F)CC,88.125,449.93,37.74,274.53,0.213
C5H9F,4-fluoro-cis-2-pentene,C/C=C\C(C)F,88.125,449.93,37.74,274.53,0.213
C5H9F,4-fluoro-trans-2-pentene,C/C=C/C(C)F,88.125,449.93,37.74,274.53,0.213
C5H9F,5-fluoro-cis-2-pentene,C/C=C\CCF,88.125,449.93,37.74,274.53,0.213
C5H9F,5-fluoro-trans-2-pentene,C/C=C/CCF,88.125,449.93,37.74,274.53,0.213
C5H9F,Z-1-fluoro-2-methyl-1-butene,CC/C(C)=C\F,88.125,449.93,37.74,274.53,0.213
C5H9F,E-1-fluoro-2-methyl-1-butene,CC/C(C)=C/F,88.125,449.93,37.74,274.53,0.213
C5H9F,3-fluoro-2-methyl-1-butene,C=C(C)C(C)F,88.125,449.93,37.74,274.53,0.213
C5H9F,4-fluoro-2-methyl-1-butene,C=C(C)CCF,88.125,449.93,37.74,274.53,0.213
C5H9F,cis-1-fluoro-3-methyl-1-butene,CC(C)/C=C\F,88.125,449.93,37.74,274.53,0.213
C5H9F,trans-1-fluoro-3-methyl-1-butene,CC(C)/C=C/F,88.125,449.93,37.74,274.53,0.213
C5H9F,2-fluoro-3-methyl-1-butene,C=C(F)C(C)C,88.125,449.93,37.74,274.53,0.213
C5H9F,3-fluoro-3-methyl-1-butene,C=CC(C)(C)F,88.125,449.93,37.74,274.53,0.213
C5H9F,4-fluoro-3-methyl-1-butene,C=CC(C)CF,88.125,449.93,37.74,274.53,0.213
C5H9F,1-fluoro-2-methyl-E-2-butene,C/C=C(\C)CF,88.125,449.93,37.74,274.53,0.213
C5H9F,1-fluoro-2-methyl-Z-2-butene,C/C=C(/C)CF,88.125,449.93,37.74,274.53,0.213
C5H9F,1-fluoro-3-methyl-2-butene,CC(C)=CCF,88.125,449.93,37.74,274.53,0.213
C5H9F,2-fluoro-3-methyl-2-butene,CC(C)=C(C)F,88.125,449.93,37.74,274.53,0.213
C5H9F,3-fluoro-2-ethyl-1-propene,C=C(CC)CF,88.125,449.93,37.74,274.53,0.213
C5H9F3,"1,1,1-trifluoropentane",CCCCC(F)(F)F,126.121,433.26,28.3,336.29,0.327
C5H9I,1-iodo-1-pentene,CCCC=CI,196.031,638.81,33.42,422.04,0.264
C5H9I,cis-1-iodo-1-pentene,CCC/C=C\I,196.031,638.81,33.42,422.04,0.264
C5H9I,trans-1-iodo-1-pentene,CCC/C=C/I,196.031,638.81,33.42,422.04,0.264
C5H9I,2-iodo-1-pentene,C=C(I)CCC,196.031,638.81,33.42,422.04,0.264
C5H9I,3-iodo-1-pentene,C=CC(I)CC,196.031,638.81,33.42,422.04,0.264
C5H9I,4-iodo-1-pentene,C=CCC(C)I,196.031,638.81,33.42,422.04,0.264
C5H9I,5-iodo-1-pentene,C=CCCCI,196.031,638.81,33.42,422.04,0.264
C5H9I,1-iodo-cis-2-pentene,CC/C=C\CI,196.031,638.81,33.42,422.04,0.264
C5H9I,1-iodo-trans-2-pentene,CC/C=C/CI,196.031,638.81,33.42,422.04,0.264
C5H9I,2-iodo-Z-2-pentene,CC/C=C(/C)I,196.031,638.81,33.42,422.04,0.264
C5H9I,2-iodo-E-2-pentene,CC/C=C(\C)I,196.031,638.81,33.42,422.04,0.264
C5H9I,3-iodo-Z-2-pentene,C/C=C(\I)CC,196.031,638.81,33.42,422.04,0.264
C5H9I,3-iodo-E-2-pentene,C/C=C(/I)CC,196.031,638.81,33.42,422.04,0.264
C5H9I,4-iodo-cis-2-pentene,C/C=C\C(C)I,196.031,638.81,33.42,422.04,0.264
C5H9I,4-iodo-trans-2-pentene,C/C=C/C(C)I,196.031,638.81,33.42,422.04,0.264
C5H9I,5-iodo-cis-2-pentene,C/C=C\CCI,196.031,638.81,33.42,422.04,0.264
C5H9I,5-iodo-trans-2-pentene,C/C=C/CCI,196.031,638.81,33.42,422.04,0.264
C5H9I,Z-1-iodo-2-methyl-1-butene,CC/C(C)=C\I,196.031,638.81,33.42,422.04,0.264
C5H9I,E-1-iodo-2-methyl-1-butene,CC/C(C)=C/I,196.031,638.81,33.42,422.04,0.264
C5H9I,3-iodo-2-methyl-1-butene,C=C(C)C(C)I,196.031,638.81,33.42,422.04,0.264
C5H9I,4-iodo-2-methyl-1-butene,C=C(C)CCI,196.031,638.81,33.42,422.04,0.264
C5H9I,cis-1-iodo-3-methyl-1-butene,CC(C)/C=C\I,196.031,638.81,33.42,422.04,0.264
C5H9I,trans-1-iodo-3-methyl-1-butene,CC(C)/C=C/I,196.031,638.81,33.42,422.04,0.264
C5H9I,2-iodo-3-methyl-1-butene,C=C(I)C(C)C,196.031,638.81,33.42,422.04,0.264
C5H9I,3-iodo-3-methyl-1-butene,C=CC(C)(C)I,196.031,638.81,33.42,422.04,0.264
C5H9I,4-iodo-3-methyl-1-butene,C=CC(C)CI,196.031,638.81,33.42,422.04,0.264
C5H9I,1-iodo-2-methyl-E-2-butene,C/C=C(\C)CI,196.031,638.81,33.42,422.04,0.264
C5H9I,1-iodo-2-methyl-Z-2-butene,C/C=C(/C)CI,196.031,638.81,33.42,422.04,0.264
C5H9I,1-iodo-3-methyl-2-butene,CC(C)=CCI,196.031,638.81,33.42,422.04,0.264
C5H9I,2-iodo-3-methyl-2-butene,CC(C)=C(C)I,196.031,638.81,33.42,422.04,0.264
C5H9I,3-iodo-2-ethyl-1-propene,C=C(CC)CI,196.031,638.81,33.42,422.04,0.264
C5H9I,iodocyclopentane,IC1CCCC1,196.031,688.54,40.37,376.52,0.264
C5H9I3,"1,1,1-triiodopentane",CCCCC(I)(I)I,449.839,775.48,20.24,616.81,0.54
C5H9N,valeronitrile,CCCCC#N,83.134,632.96,41.91,334.15,0.353
C5H9N,2-methylbutanenitrile,CCC(C)C#N,83.134,632.96,41.17,340.16,0.353
C5H9N,3-methylbutanenitrile,CC(C)CC#N,83.134,632.96,41.42,338.14,0.353
C5H9N,"2,2-dimethylpropanenitrile",CC(C)(C)C#N,83.134,632.96,40.11,349.14,0.353
C5H9N,butyl isocyanide,[C-]#[N+]CCCC,83.134,632.96,40.21,348.32,0.353
C5H9N,isobutyl isocyanide,[C-]#[N+]CC(C)C,83.134,632.96,39.81,351.78,0.353
C5H9N,sec-butyl isocyanide,[C-]#[N+]C(C)CC,83.134,632.96,40.04,349.8,0.353
C5H9N,tert-butyl isocyanide,[C-]#[N+]C(C)(C)C,83.134,632.96,39,359.14,0.353
C5H9N,(S)-(+)-2-methylbutyronitrile,CC[C@H](C)C#N,83.134,632.96,41.41,338.24,0.353
C5H9NO,butyl isocyanate,CCCCN=C=O,99.133,568,34.22,360,0.394
C5H9NO,isobutyl isocyanate,CC(C)CN=C=O,99.133,568,34.22,360,0.394
C5H9NO,2-isocyanato-2-methylpropane,CC(C)(C)N=C=O,99.133,568,34.22,360,0.394
C5H9NO2,4-morpholinecarboxaldehyde,O=CN1CCOCC1,115.132,762,48.37,335,0.431
C5H9NO2,5-nitro-1-pentene,C=CCCC[N+](=O)[O-],115.132,707.54,36.11,416.68,0.431
C5H9NO2,2-nitro-2-pentene,CCC=C(C)[N+](=O)[O-],115.132,707.54,38.58,389.92,0.431
C5H9NO2,3-nitro-2-pentene,CC=C(CC)[N+](=O)[O-],115.132,707.54,38.58,389.92,0.431
C5H9NO4,L-glutamic acid,N[C@@H](CCC(=O)O)C(=O)O,147.13,782,38.05,420,0.494
C5H10,"1,1-dimethylcyclopropane",CC1(C)CC1,70.135,464.97,37.76,280.1,0.236
C5H10,"1,cis-2-dimethylcyclopropane",C[C@@H]1C[C@@H]1C,70.135,485.69,41.88,263.83,0.236
C5H10,"trans-1,2-Dimethylcyclopropane",C[C@@H]1C[C@H]1C,70.135,471.88,38.98,275.35,0.236
C5H10,ethylcyclopropane,CCC1CC1,70.135,480.93,40.75,268.46,0.236
C5H10,methylcyclobutane,CC1CCC1,70.135,477.75,39.49,275.24,0.236
C5H10,2-pentene,CC=CCC,70.135,469.25,35.38,301.73,0.236
C5H10Br2,"1,1-dibromopentane",CCCCC(Br)Br,229.943,689.94,33.17,461,0.351
C5H10Br2,"1,2-dibromopentane",CCCC(Br)CBr,229.943,689.94,33.41,457.64,0.351
C5H10Br2,"1,3-dibromopentane",CCC(Br)CCBr,229.943,689.94,33.27,459.57,0.351
C5H10Br2,"1,4-dibromopentane",CC(Br)CCCBr,229.943,689.94,33.78,452.74,0.351
C5H10Br2,"1,5-dibromopentane",BrCCCCCBr,229.943,689.94,34.15,447.71,0.351
C5H10Br2,"2,2-dibromopentane",CCCC(C)(Br)Br,229.943,689.94,32.83,465.73,0.351
C5H10Br2,"2,3-dibromopentane",CCC(Br)C(C)Br,229.943,689.94,33.64,454.56,0.351
C5H10Br2,"2,4-dibromopentane",CC(Br)CC(C)Br,229.943,689.94,33.29,459.33,0.351
C5H10Br2,"3,3-dibromopentane",CCC(Br)(Br)CC,229.943,689.94,33.31,459,0.351
C5H10Br2,"1,1-dibromo-2-methylbutane",CCC(C)C(Br)Br,229.943,689.94,33.31,459,0.351
C5H10Br2,"1,2-dibromo-2-methylbutane",CCC(C)(Br)CBr,229.943,689.94,33.28,459.53,0.351
C5H10Br2,"1,3-dibromo-2-methylbutane",CC(Br)C(C)CBr,229.943,689.94,37.03,412.95,0.351
C5H10Br2,"1,4-dibromo-2-methylbutane",CC(CBr)CCBr,229.943,689.94,34.4,444.56,0.351
C5H10Br2,"1,1-dibromo-3-methylbutane",CC(C)CC(Br)Br,229.943,689.94,33.31,459,0.351
C5H10Br2,"1,2-dibromo-3-methylbutane",CC(C)C(Br)CBr,229.943,689.94,33.57,455.48,0.351
C5H10Br2,"1,3-dibromo-3-methylbutane",CC(C)(Br)CCBr,229.943,689.94,33.46,457.02,0.351
C5H10Br2,"2,2-dibromo-3-methylbutane",CC(C)C(C)(Br)Br,229.943,689.94,33.8,452.45,0.351
C5H10Br2,"2,3-dibromo-2-methylbutane",CC(Br)C(C)(C)Br,229.943,689.94,34.52,442.98,0.351
C5H10Br2,"1,1-dibromo-2,2-dimethylpropane",CC(C)(C)C(Br)Br,229.943,689.94,33.37,458.27,0.351
C5H10Br2,"1,3-dibromo-2,2-dimethylpropane",CC(C)(CBr)CBr,229.943,689.94,33.95,450.36,0.351
C5H10Br2,"1,3-dibromo-2-ethylpropane",CCC(CBr)CBr,229.943,689.94,34.04,449.24,0.351
C5H10ClF,1-chloro-5-fluoropentane,FCCCCCCl,124.586,602.01,42.1,322.03,0.225
C5H10Cl2,"1,1-dichloropentane",CCCCC(Cl)Cl,141.041,624.46,32.69,421.48,0.343
C5H10Cl2,"1,2-dichloropentane",CCCC(Cl)CCl,141.041,624.46,33.64,409.49,0.343
C5H10Cl2,"1,3-dichloropentane",CCC(Cl)CCCl,141.041,624.46,33.87,406.81,0.343
C5H10Cl2,"1,4-dichloropentane",CC(Cl)CCCCl,141.041,624.46,33.51,411.15,0.343
C5H10Cl2,"1,5-dichloropentane",ClCCCCCCl,141.041,624.46,34.49,399.43,0.343
C5H10Cl2,"2,2-dichloropentane",CCCC(C)(Cl)Cl,141.041,624.46,32.24,427.34,0.343
C5H10Cl2,"2,3-dichloropentane",CCC(Cl)C(C)Cl,141.041,624.46,33.7,408.85,0.343
C5H10Cl2,"2,4-dichloropentane",CC(Cl)CC(C)Cl,141.041,624.46,33.02,417.18,0.343
C5H10Cl2,"3,3-dichloropentane",CCC(Cl)(Cl)CC,141.041,624.46,32.72,421,0.343
C5H10Cl2,"1,1-dichloro-2-methylbutane",CCC(C)C(Cl)Cl,141.041,624.46,32.76,420.51,0.343
C5H10Cl2,"1,1-dichloro-3-methylbutane",CC(C)CC(Cl)Cl,141.041,624.46,32.51,423.76,0.343
C5H10Cl2,"1,2-dichloro-2-methylbutane",CCC(C)(Cl)CCl,141.041,624.46,33.51,411.1,0.343
C5H10Cl2,"1,2-dichloro-3-methylbutane",CC(C)C(Cl)CCl,141.041,624.46,33.89,406.54,0.343
C5H10Cl2,"1,3-dichloro-2-methylbutane",CC(Cl)C(C)CCl,141.041,624.46,34.27,402.07,0.343
C5H10Cl2,"1,3-dichloro-3-methylbutane",CC(C)(Cl)CCCl,141.041,624.46,33.58,410.27,0.343
C5H10Cl2,"1,4-dichloro-2-methylbutane",CC(CCl)CCCl,141.041,624.46,34.64,397.68,0.343
C5H10Cl2,"2,2-dichloro-3-methylbutane",CC(C)C(C)(Cl)Cl,141.041,624.46,34.27,402.07,0.343
C5H10Cl2,"2,3-dichloro-2-methylbutane",CC(Cl)C(C)(C)Cl,141.041,624.46,34.27,402.07,0.343
C5H10Cl2,"1,3-dichloro-2-ethylpropane",CCC(CCl)CCl,141.041,624.46,34.27,402.07,0.343
C5H10Cl2,"1,1-dichloro-2,2-dimethylpropane",CC(C)(C)C(Cl)Cl,141.041,624.46,34.27,402.07,0.343
C5H10Cl2,"1,3-dichloro-2,2-dimethylpropane",CC(C)(CCl)CCl,141.041,624.46,34.04,404.78,0.343
C5H10F2,"1,1-difluoropentane",CCCCC(F)F,108.131,493.6,36.96,299.92,0.348
C5H10F2,"1,2-difluoropentane",CCCC(F)CF,108.131,493.6,36.96,299.92,0.348
C5H10F2,"1,3-difluoropentane",CCC(F)CCF,108.131,493.6,36.96,299.92,0.348
C5H10F2,"1,4-difluoropentane",CC(F)CCCF,108.131,493.6,36.96,299.92,0.348
C5H10F2,"1,5-difluoropentane",FCCCCCF,108.131,493.6,36.96,299.92,0.348
C5H10F2,"2,2-difluoropentane",CCCC(C)(F)F,108.131,493.6,36.96,299.92,0.348
C5H10F2,"2,3-difluoropentane",CCC(F)C(C)F,108.131,493.6,36.96,299.92,0.348
C5H10F2,"2,4-difluoropentane",CC(F)CC(C)F,108.131,493.6,36.96,299.92,0.348
C5H10F2,"3,3-difluoropentane",CCC(F)(F)CC,108.131,493.6,36.96,299.92,0.348
C5H10F2,"1,1-difluoro-2-methylbutane",CCC(C)C(F)F,108.131,493.6,36.96,299.92,0.348
C5H10F2,"1,1-difluoro-3-methylbutane",CC(C)CC(F)F,108.131,493.6,36.96,299.92,0.348
C5H10F2,"1,2-difluoro-2-methylbutane",CCC(C)(F)CF,108.131,493.6,36.96,299.92,0.348
C5H10F2,"1,2-difluoro-3-methylbutane",CC(C)C(F)CF,108.131,493.6,36.96,299.92,0.348
C5H10F2,"1,3-difluoro-2-methylbutane",CC(F)C(C)CF,108.131,493.6,36.96,299.92,0.348
C5H10F2,"1,3-difluoro-3-methylbutane",CC(C)(F)CCF,108.131,493.6,36.96,299.92,0.348
C5H10F2,"1,4-difluoro-2-methylbutane",CC(CF)CCF,108.131,493.6,36.96,299.92,0.348
C5H10F2,"2,2-difluoro-3-methylbutane",CC(C)C(C)(F)F,108.131,493.6,36.96,299.92,0.348
C5H10F2,"2,3-difluoro-2-methylbutane",CC(F)C(C)(C)F,108.131,493.6,36.96,299.92,0.348
C5H10F2,"1,3-difluoro-2-ethylpropane",CCC(CF)CF,108.131,493.6,36.96,299.92,0.348
C5H10F2,"1,1-difluoro-2,2-dimethylpropane",CC(C)(C)C(F)F,108.131,493.6,36.96,299.92,0.348
C5H10F2,"1,3-difluoro-2,2-dimethylpropane",CC(C)(CF)CF,108.131,493.6,36.96,299.92,0.348
C5H10I2,"1,1-diiodopentane",CCCCC(I)I,323.943,813.58,28.9,530.17,0.423
C5H10I2,"1,2-diiodopentane",CCCC(I)CI,323.943,813.58,28.96,528.96,0.423
C5H10I2,"1,3-diiodopentane",CCC(I)CCI,323.943,813.58,29.13,525.97,0.423
C5H10I2,"1,4-diiodopentane",CC(I)CCCI,323.943,813.58,29.29,523.01,0.423
C5H10I2,"1,5-diiodopentane",ICCCCCI,323.943,843.62,31.16,509.77,0.423
C5H10I2,"2,2-diiodopentane",CCCC(C)(I)I,323.943,813.58,29.81,513.99,0.423
C5H10I2,"2,3-diiodopentane",CCC(I)C(C)I,323.943,813.58,29.81,513.99,0.423
C5H10I2,"2,4-diiodopentane",CC(I)CC(C)I,323.943,813.58,29.81,513.99,0.423
C5H10I2,"3,3-diiodopentane",CCC(I)(I)CC,323.943,813.58,29.81,513.99,0.423
C5H10I2,"1,1-diiodo-2-methylbutane",CCC(C)C(I)I,323.943,813.58,29.81,513.99,0.423
C5H10I2,"1,1-diiodo-3-methylbutane",CC(C)CC(I)I,323.943,813.58,29.81,513.99,0.423
C5H10I2,"1,2-diiodo-2-methylbutane",CCC(C)(I)CI,323.943,813.58,29.81,513.99,0.423
C5H10I2,"1,3-diiodo-2-methylbutane",CC(I)C(C)CI,323.943,813.58,29.81,513.99,0.423
C5H10I2,"1,4-diiodo-2-methylbutane",CC(CI)CCI,323.943,813.58,29.81,513.99,0.423
C5H10I2,"1,2-diiodo-3-methylbutane",CC(C)C(I)CI,323.943,813.58,29.81,513.99,0.423
C5H10I2,"1,3-diiodo-3-methylbutane",CC(C)(I)CCI,323.943,813.58,29.81,513.99,0.423
C5H10I2,"2,2-diiodo-3-methylbutane",CC(C)C(C)(I)I,323.943,813.58,29.81,513.99,0.423
C5H10I2,"2,3-diiodo-2-methylbutane",CC(I)C(C)(C)I,323.943,813.58,29.81,513.99,0.423
C5H10I2,"1,3-diiodo-2-ethylpropane",CCC(CI)CI,323.943,813.58,29.81,513.99,0.423
C5H10I2,"1,1-diiodo-2,2-dimethylpropane",CC(C)(C)C(I)I,323.943,813.58,29.81,513.99,0.423
C5H10I2,"1,3-diiodo-2,2-dimethylpropane",CC(C)(CI)CI,323.943,813.58,29.81,513.99,0.423
C5H10O,2-methylbutanal,CCC(C)C=O,86.134,570.01,39.2,313.26,0.451
C5H10O,3-methylbutanal,CC(C)CC=O,86.134,570.01,38.61,318.05,0.451
C5H10O,"2,2-dimethylpropanal",CC(C)(C)C=O,86.134,570.01,37.97,323.37,0.451
C5H10O,3-methyltetrahydrofuran,CC1CCOC1,86.134,556.01,43.66,274.33,0.451
C5H10O,allyl ethyl ether,C=CCOCC,86.134,511.01,34.67,317.5,0.451
C5H10O,isopropyl vinyl ether,C=COC(C)C,86.134,511.01,34.04,323.43,0.451
C5H10O,3-methoxy-2-methyl-1-propene,C=C(C)COC,86.134,511.01,35.33,311.58,0.451
C5H10O,propyl vinyl ether,C=COCCC,86.134,511.01,34.8,316.36,0.451
C5H10O,cyclopentanol,OC1CCCC1,86.134,,,268.9,
C5H10O,2-penten-1-ol,CCC=CCO,86.134,601.01,44.37,291.79,0.451
C5H10O,cis-2-penten-1-ol,CC/C=C\CO,86.134,601.01,44.37,291.79,0.451
C5H10O,trans-2-penten-1-ol,CC/C=C/CO,86.134,601.01,44.37,291.79,0.451
C5H10O,3-penten-1-ol,CC=CCCO,86.134,601.01,42.88,301.92,0.451
C5H10O,4-penten-1-ol,C=CCCCO,86.134,601.01,43.19,299.78,0.451
C5H10O,trans-1-methyl-2-buten-1-ol,C/C=C/C(C)O,86.134,601.01,43.75,295.95,0.451
C5H10O,1-methyl-2-buten-1-ol,CC=CC(C)O,86.134,601.01,43.75,295.95,0.451
C5H10O,2-methyl-2-buten-1-ol,CC=C(C)CO,86.134,601.01,42.88,301.92,0.451
C5H10O,3-methyl-2-buten-1-ol,CC(C)=CCO,86.134,601.01,44.06,293.86,0.451
C5H10O,1-methyl-3-buten-1-ol,C=CCC(C)O,86.134,601.01,43.38,298.5,0.451
C5H10O,2-methyl-3-buten-1-ol,C=CC(C)CO,86.134,601.01,43.25,299.35,0.451
C5H10O,3-methyl-3-buten-1-ol,C=C(C)CCO,86.134,601.01,44.37,291.79,0.451
C5H10O,2-methyl-3-buten-2-ol,C=CC(C)(C)O,86.134,601.01,42.32,305.94,0.451
C5H10O,3-methyl-3-buten-2-ol,C=C(C)C(C)O,86.134,601.01,42.88,301.92,0.451
C5H10O,1-penten-3-ol,C=CC(O)CC,86.134,601.01,43.5,297.64,0.451
C5H10O,ethyl propenyl ether,CC=COCC,86.134,511.01,35.76,307.87,0.451
C5H10O2,2-methylbutanoic acid,CCC(C)C(=O)O,102.133,630.95,38.73,344.02,0.543
C5H10O2,(S)-(+)-2-methylbutanoic acid,CC[C@H](C)C(=O)O,102.133,630.95,38.16,349.15,0.543
C5H10O2,"2,2-dimethylpropanoic acid",CC(C)(C)C(=O)O,102.133,630.95,37.29,357.29,0.543
C5H10O2,butyl formate,CCCCOC=O,102.133,540.95,33.44,341.58,0.543
C5H10O2,sec-butyl formate,CCC(C)OC=O,102.133,540.95,33.06,345.5,0.543
C5H10O2,tert-butyl formate,CC(C)(C)OC=O,102.133,540.95,32.76,348.74,0.543
C5H10O2,isopropyl acetate,CC(=O)OC(C)C,102.133,,,349.12,
C5H10O2,tetrahydrofurfuryl alcohol,OCC1CCCO1,102.133,639,46.53,290,0.543
C5H10O2S,3-methyl sulfolane,CC1CCS(=O)(=O)C1,134.2,817,46.97,353,0.7
C5H10O3,diethyl carbonate,CCOC(=O)OCC,118.132,576,33.5,356,0.625
C5H10O3,ethyl lactate,CCOC(=O)C(C)O,118.132,588,34.39,354,0.625
C5H10O3,3-hydroxy-3-methylbutanoic acid,CC(C)(O)CC(=O)O,118.132,588,28.54,426.56,0.625
C5H10O3,2-hydroxypentanoic acid,CCCC(O)C(=O)O,118.132,588,32.11,379.05,0.625
C5H10O3,(S)-(+)-2-hydroxy-3-methylbutyric acid,CC(C)[C@H](O)C(=O)O,118.132,588,32.11,379.05,0.625
C5H10S,thiacyclohexane,C1CCSCC1,102.202,661.07,46.62,302.93,0.291
C5H10S,"2,2,3-trimethylthiacyclopropane",CC1SC1(C)C,102.202,569.72,36.71,331.51,0.291
C5H10S,2-methylthiacyclopentane,CC1CCCS1,102.202,661.07,44.88,314.66,0.291
C5H10S,3-methylthiacyclopentane,CC1CCSC1,102.202,661.07,45.34,311.48,0.291
C5H10S,cyclopentanethiol,SC1CCCC1,102.202,,,310.5,0.291
C5H11Br,1-bromopentane,CCCCCBr,151.047,580.97,36.11,393.3,0.442
C5H11Br,2-bromopentane,CCCC(C)Br,151.047,580.97,35.73,397.55,0.442
C5H11Br,3-bromopentane,CCC(Br)CC,151.047,580.97,35.91,395.58,0.442
C5H11Br,1-bromo-2-methylbutane,CCC(C)CBr,151.047,580.97,36.19,392.53,0.442
C5H11Br,1-bromo-3-methylbutane,CC(C)CCBr,151.047,580.97,35.71,397.79,0.442
C5H11Br,2-bromo-2-methylbutane,CCC(C)(C)Br,151.047,580.97,36.02,394.28,0.442
C5H11Br,2-bromo-3-methylbutane,CC(C)C(C)Br,151.047,580.97,36.24,391.91,0.442
C5H11Br,"1-bromo-2,2-dimethylpropane",CC(C)(C)CBr,151.047,580.97,35.45,400.67,0.442
C5H11Br,(2S)-1-bromo-2-methylbutane,CC[C@H](C)CBr,151.047,580.97,36.52,388.91,0.442
C5H11Cl,1-chloropentane,CCCCCCl,106.596,560.45,34.65,372.47,0.312
C5H11Cl,2-chloropentane,CCCC(C)Cl,106.596,560.45,34.08,378.72,0.312
C5H11Cl,(2S)-2-Chloropentane,CCC[C@H](C)Cl,106.596,560.45,34.26,376.69,0.312
C5H11Cl,3-chloropentane,CCC(Cl)CC,106.596,560.45,35,368.74,0.312
C5H11Cl,1-chloro-2-methylbutane,CCC(C)CCl,106.596,560.45,34.65,372.42,0.312
C5H11Cl,1-chloro-3-methylbutane,CC(C)CCCl,106.596,560.45,34.03,379.2,0.312
C5H11Cl,2-chloro-2-methylbutane,CCC(C)(C)Cl,106.596,560.45,33.8,381.84,0.312
C5H11Cl,2-chloro-3-methylbutane,CC(C)C(C)Cl,106.596,560.45,33.66,383.45,0.312
C5H11Cl,"1-chloro-2,2-dimethylpropane",CC(C)(C)CCl,106.596,560.45,33.84,381.36,0.312
C5H11F,1-fluoropentane,CCCCCF,90.141,494.62,38.65,293.96,0.286
C5H11F,2-fluoropentane,CCCC(C)F,90.141,494.62,38.69,293.6,0.286
C5H11F,3-fluoropentane,CCC(F)CC,90.141,494.62,38.69,293.6,0.286
C5H11F,1-fluoro-2-methylbutane,CCC(C)CF,90.141,494.62,38.69,293.6,0.286
C5H11F,1-fluoro-3-methylbutane,CC(C)CCF,90.141,494.62,38.69,293.6,0.286
C5H11F,2-fluoro-2-methylbutane,CCC(C)(C)F,90.141,494.62,38.69,293.6,0.286
C5H11F,2-fluoro-3-methylbutane,CC(C)C(C)F,90.141,494.62,38.69,293.6,0.286
C5H11F,"1-fluoro-2,2-dimethylpropane",CC(C)(C)CF,90.141,494.62,38.69,293.6,0.286
C5H11I,1-iodopentane,CCCCCI,198.047,671.37,33.9,436.14,0.267
C5H11I,2-iodopentane,CCCC(C)I,198.047,670.91,33.54,440.53,0.267
C5H11I,3-iodopentane,CCC(I)CC,198.047,670.91,33.6,439.73,0.267
C5H11I,1-iodo-2-methylbutane,CCC(C)CI,198.047,670.91,33.84,436.56,0.267
C5H11I,1-iodo-3-methylbutane,CC(C)CCI,198.047,659.1,32.77,442.94,0.267
C5H11I,2-iodo-2-methylbutane,CCC(C)(C)I,198.047,670.91,33.12,446.12,0.267
C5H11I,2-iodo-3-methylbutane,CC(C)C(C)I,198.047,670.91,33.21,444.94,0.267
C5H11I,"1-iodo-2,2-dimethylpropane",CC(C)(C)CI,198.047,670.91,33.13,446.01,0.267
C5H11N,N-methylpyrrolidine,CN1CCCC1,85.15,567.85,37.54,333.9,0.359
C5H11N,piperidine,C1CCNCC1,85.15,,,306.22,
C5H11N,cyclopentylamine,NC1CCCC1,85.15,612.85,46.96,288.04,0.359
C5H11N,2-methylpyrrolidine,CC1CCCN1,85.15,607.85,41.86,320.49,0.359
C5H11N,3-methylpyrrolidine,CC1CCNC1,85.15,607.85,41.11,326.32,0.359
C5H11NO,tert-butylformamide,CC(C)(C)NC=O,101.149,709.05,37.36,410.62,0.399
C5H11NO,"N,N-diethylformamide",CCN(C=O)CC,101.149,709.05,37.81,405.74,0.399
C5H11NO2,1-nitropentane,CCCCC[N+](=O)[O-],117.148,711.44,33.04,456.67,0.435
C5H11NO2,2-nitropentane,CCCC(C)[N+](=O)[O-],117.148,711.44,32.57,463.28,0.435
C5H11NO2,3-nitropentane,CCC(CC)[N+](=O)[O-],117.148,711.44,32.61,462.68,0.435
C5H11NO2,1-nitro-2-methylbutane,CCC(C)C[N+](=O)[O-],117.148,711.44,32.69,461.56,0.435
C5H11NO2,1-nitro-3-methylbutane,CC(C)CC[N+](=O)[O-],117.148,711.44,32.9,458.69,0.435
C5H11NO2,2-nitro-2-methylbutane,CCC(C)(C)[N+](=O)[O-],117.148,711.44,32.95,458,0.435
C5H11NO2,2-nitro-3-methylbutane,CC(C)C(C)[N+](=O)[O-],117.148,711.44,32.78,460.33,0.435
C5H11NO2,"1-nitro-2,2-dimethylpropane",CC(C)(C)C[N+](=O)[O-],117.148,711.44,32.85,459.34,0.435
C5H12N2,1-methylpiperazine,CN1CCNCC1,100.165,681.95,50.24,294.03,0.397
C5H12N2,2-methylpiperazine,CC1CNCCN1,100.165,681.95,50.24,294.03,0.397
C5H12N2,homopiperazine,C1CNCCNC1,100.165,681.95,50.24,294.03,0.397
C5H12N2,(S)-(+)-2-methylpiperazine,C[C@H]1CNCCN1,100.165,681.95,50.24,294.03,0.397
C5H12N2,(R)-(-)-2-methylpiperazine,C[C@@H]1CNCCN1,100.165,681.95,50.24,294.03,0.397
C5H12O,(S)-(+)-2-pentanol,CCC[C@H](C)O,88.15,569.99,37.55,326.17,0.463
C5H12O,(R)-(-)-2-pentanol,CCC[C@@H](C)O,88.15,569.99,37.72,324.72,0.463
C5H12O,3-pentanol,CCC(O)CC,88.15,,,,0.463
C5H12O,2-methyl-1-butanol,CCC(C)CO,88.15,,,324.72,
C5H12O,(S)-(-)-2-methyl-1-butanol,CC[C@H](C)CO,88.15,569.99,37.55,326.17,0.463
C5H12O,3-methyl-2-butanol,CC(C)C(C)O,88.15,569.99,37.94,322.82,0.463
C5H12O,3-methyl-1-butanol,CC(C)CCO,88.15,,,325.68,
C5H12O,(S)-3-methyl-2-butanol,CC(C)[C@H](C)O,88.15,569.99,36.99,331.14,0.463
C5H12O,"2,2-dimethyl-1-propanol",CC(C)(C)CO,88.15,569.99,37.61,325.68,0.463
C5H12O,tert-pentyl-alcohol,CCC(C)(C)O,88.15,,,329.09,
C5H12O,methyl sec-butyl ether,CCC(C)OC,88.15,499.99,32.2,333.66,0.463
C5H12O,methyl isobutyl ether,COCC(C)C,88.15,499.99,31.57,340.3,0.463
C5H12O,methyl tert-butyl ether,COC(C)(C)C,88.15,,,334.75,
C5H12O,ethyl isopropyl ether,CCOC(C)C,88.15,499.99,31.07,345.79,0.463
C5H12OS,4-(methylthio)-1-butanol,CSCCCCO,120.217,650,36.58,371.21,0.331
C5H12O2,1-ethoxy-2-propanol,CCOCC(C)O,104.149,614.49,36.11,358.49,0.554
C5H12O2,2-ethoxy-1-propanol,CCOC(C)CO,104.149,614.49,36.19,357.73,0.554
C5H12O2,2-isopropoxyethanol,CC(C)OCCO,104.149,614.49,36.12,358.39,0.554
C5H12O2,3-methoxy-1-butanol,COC(C)CCO,104.149,614.49,37.08,349.1,0.554
C5H12O2,3-ethoxy-1-propanol,CCOCCCO,104.149,614.49,36.17,357.92,0.554
C5H12O2,1-methoxy-2-butanol,CCC(O)COC,104.149,614.49,36.26,356.97,0.554
C5H12O2,neopentyl glycol,CC(C)(CO)CO,104.149,754.49,43.72,363.53,0.554
C5H12O2,"1,2-pentanediol",CCCC(O)CO,104.149,754.49,42.49,374.09,0.554
C5H12O2,"1,3-pentanediol",CCC(O)CCO,104.149,754.49,43.44,365.91,0.554
C5H12O2,"1,4-pentanediol",CC(O)CCCO,104.149,754.49,43.54,365.02,0.554
C5H12O2,"1,5-pentanediol",OCCCCCO,104.149,754.49,43.84,362.51,0.554
C5H12O2,"2,3-pentanediol",CCC(O)C(C)O,104.149,754.49,43.09,368.83,0.554
C5H12O2,"DL-erythro-2,3-pentanediol",CC[C@@H](O)[C@H](C)O,104.149,754.49,43.72,363.53,0.554
C5H12O2,"meso-2,4-pentanediol",CC(O)CC(C)O,104.149,754.49,42.23,376.33,0.554
C5H12O2,"(R,R)-(-)-2,4-pentanediol",C[C@@H](O)C[C@@H](C)O,104.149,754.49,43.72,363.53,0.554
C5H12O2,"(2S,4S)-2,4-Pentanediol",C[C@H](O)C[C@H](C)O,104.149,754.49,43.72,363.53,0.554
C5H12O2,"rel-(2R,4S)-2,4-Pentanediol",C[C@H](O)C[C@@H](C)O,104.149,754.49,43.72,363.53,0.554
C5H12O2,"2-methyl-1,2-butanediol",CCC(C)(O)CO,104.149,754.49,43.72,363.53,0.554
C5H12O2,"2-methyl-1,3-butanediol",CC(O)C(C)CO,104.149,754.49,43.69,363.74,0.554
C5H12O2,"2-methyl-1,4-butanediol",CC(CO)CCO,104.149,754.49,43.72,363.53,0.554
C5H12O2,"2-methyl-2,3-butanediol",CC(O)C(C)(C)O,104.149,754.49,42.52,373.76,0.554
C5H12O2,"3-methyl-1,2-butanediol",CC(C)C(O)CO,104.149,754.49,44.09,360.47,0.554
C5H12O2,"3-methyl-1,3-butanediol",CC(C)(O)CCO,104.149,754.49,41.25,385.28,0.554
C5H12O2,"2-ethyl-1,3-propanediol",CCC(CO)CO,104.149,754.49,43.72,363.53,0.554
C5H12O2,diethoxymethane,CCOCOCC,104.149,524,31.63,349,0.554
C5H12O3,2-(2-methoxyethoxy)ethanol,COCCOCCO,120.148,630,35.45,367,0.635
C5H12O4,pentaerythritol,OCC(CO)(CO)CO,136.147,780,41.44,381,0.709
C5H12S,1-pentanethiol,CCCCCS,104.218,589.61,33.53,374.65,0.296
C5H12S,3-pentanethiol,CCC(S)CC,104.218,589.61,33.46,375.46,0.296
C5H12S,2-methyl-1-butanethiol,CCC(C)CS,104.218,589.61,33.72,372.55,0.296
C5H12S,(2S)-2-Methyl-1-butanethiol,CC[C@H](C)CS,104.218,589.61,33.72,372.52,0.296
C5H12S,3-methyl-1-butanethiol,CC(C)CCS,104.218,589.61,33.22,378.12,0.296
C5H12S,2-methyl-2-butanethiol,CCC(C)(C)S,104.218,589.61,32.72,383.98,0.296
C5H12S,3-methyl-2-butanethiol,CC(C)C(C)S,104.218,589.61,33.44,375.71,0.296
C5H12S,"2,2-dimethyl-1-propanethiol",CC(C)(C)CS,104.218,589.61,32.92,381.58,0.296
C5H12S,2-thiahexane,CCCCSC,104.218,589.61,33.53,374.65,0.296
C5H12S,3-thiahexane,CCCSCC,104.218,589.61,33.24,377.9,0.296
C5H12S,3-methyl-2-thiapentane,CCC(C)SC,104.218,589.61,33,380.64,0.296
C5H12S,4-methyl-2-thiapentane,CSCC(C)C,104.218,589.61,33.12,379.37,0.296
C5H12S,2-methyl-3-thiapentane,CCSC(C)C,104.218,589.61,32.67,384.6,0.296
C5H12S,"3,3-dimethyl-2-thiabutane",CSC(C)(C)C,104.218,589.61,32.69,384.26,0.296
C5H12S2,"1,5-pentanedithiol",SCCCCCS,136.285,725.27,36.2,410.26,0.364
C5H12S2,"1,4-pentanedithiol",CC(S)CCCS,136.285,725.27,36.35,408.47,0.364
C5H12S2,"1,3-pentanedithiol",CCC(S)CCS,136.285,725.27,36.35,408.47,0.364
C5H12S2,"1,2-pentanedithiol",CCCC(S)CS,136.285,725.27,36.35,408.47,0.364
C5H12S2,"2,3-dithiaheptane",CCCCSSC,136.285,670.27,32.43,423.18,0.364
C5H12S2,"3,4-dithiaheptane",CCCSSCC,136.285,670.27,32.43,423.18,0.364
C5H12S2,"3,5-dithiaheptane",CCSCSCC,136.285,670.27,32.43,423.18,0.364
C5H12S2,"2,4-dithiaheptane",CCCSCSC,136.285,670.27,32.43,423.18,0.364
C5H12S2,"2-methyl-3,4-dithiahexane",CCSSC(C)C,136.285,670.27,32.43,423.18,0.364
C5H12S2,"1,3-bis(methylsulfanyl)propane",CSCCCSC,136.285,670.27,33.25,412.69,0.364
C5H13N,pentylamine,CCCCCN,87.166,557.66,37.28,329.34,0.364
C5H13N,1-methylbutylamine,CCCC(C)N,87.166,557.66,36.36,337.63,0.364
C5H13N,2-methylbutylamine,CCC(C)CN,87.166,557.66,37.19,330.13,0.364
C5H13N,3-methylbutylamine,CC(C)CCN,87.166,557.66,36.93,332.41,0.364
C5H13N,"1,1-dimethylpropylamine",CCC(C)(C)N,87.166,557.66,35.89,342.08,0.364
C5H13N,"1,2-dimethylpropylamine",CC(C)C(C)N,87.166,557.66,37.4,328.28,0.364
C5H13N,"2,2-dimethylpropylamine",CC(C)(C)CN,87.166,557.66,35.92,341.81,0.364
C5H13N,3-pentanamine,CCC(N)CC,87.166,557.66,37.14,330.55,0.364
C5H13N,(S)-(-)-2-methylbutylamine,CC[C@H](C)CN,87.166,557.66,36.86,333.06,0.364
C5H13N,methyl-butylamine,CCCCNC,87.166,517.66,33.34,341.86,0.364
C5H13N,methylisobutylamine,CNCC(C)C,87.166,517.66,32.9,346.43,0.364
C5H13N,methyl-sec-butylamine,CCC(C)NC,87.166,517.66,32.9,346.43,0.364
C5H13N,methyl-tert-butylamine,CNC(C)(C)C,87.166,517.66,33.45,340.74,0.364
C5H13N,ethylpropylamine,CCCNCC,87.166,517.66,33.26,342.66,0.364
C5H13N,ethylisopropylamine,CCNC(C)C,87.166,517.66,32.9,346.43,0.364
C5H13N,methyldiethylamine,CCN(C)CC,87.166,517.66,31.89,357.36,0.364
C5H13N,dimethyl-propylamine,CCCN(C)C,87.166,517.66,31.56,361.12,0.364
C5H13N,dimethylisopropylamine,CC(C)N(C)C,87.166,517.66,32.38,351.93,0.364
C5H14Si,diethylmethylsilane,CC[SiH](C)CC,102.253,529.52,27.84,430.3,0.222
C5H14Si,dimethylisopropylsilane,CC(C)[SiH](C)C,102.253,529.52,28.75,416.79,0.222
C6Cl6,hexachlorobenzene,Clc1c(Cl)c(Cl)c(Cl)c(Cl)c1Cl,284.784,825,28.94,526,0.42
C6F12,perfluoro-1-hexene,FC(F)=C(F)C(F)(F)C(F)(F)C(F)(F)C(F)(F)F,300.042,586.39,22.39,463.35,0.507
C6F14,"perfluoro-2,3-dimethylbutane",FC(F)(F)C(F)(C(F)(F)F)C(F)(C(F)(F)F)C(F)(F)F,338.038,512.68,14.84,582.95,0.547
C6F14,perfluorohexane,FC(F)(F)C(F)(F)C(F)(F)C(F)(F)C(F)(F)C(F)(F)F,338.038,512.68,14.84,582.95,0.547
C6F14,perfluoro-2-methylpentane,FC(F)(F)C(F)(F)C(F)(F)C(F)(C(F)(F)F)C(F)(F)F,338.038,512.68,15.44,560.18,0.547
C6F14,perfluoro-3-methylpentane,FC(F)(F)C(F)(F)C(F)(C(F)(F)F)C(F)(F)C(F)(F)F,338.038,512.68,14.84,582.95,0.547
C6HCl5,pentachlorobenzene,Clc1cc(Cl)c(Cl)c(Cl)c1Cl,250.339,791.17,29.96,508.5,0.479
C6HI5,pentaiodobenzene,Ic1cc(I)c(I)c(I)c1I,707.594,1160.01,17.8,761.73,0.722
C6H2Cl4,"1,2,3,4-tetrachlorobenzene",Clc1ccc(Cl)c(Cl)c1Cl,215.894,772.88,36.41,426.65,0.433
C6H2Cl4,"1,2,3,5-tetrachlorobenzene",Clc1cc(Cl)c(Cl)c(Cl)c1,215.894,761.15,35.86,426.65,0.433
C6H2Cl4,"1,2,4,5-tetrachlorobenzene",Clc1cc(Cl)c(Cl)cc1Cl,215.894,759.69,44.22,345.33,0.433
C6H2I4,"1,2,3,4-tetraiodobenzene",Ic1ccc(I)c(I)c1I,581.698,1064.89,22.14,657.37,0.64
C6H2I4,"1,2,3,5-tetraiodobenzene",Ic1cc(I)c(I)c(I)c1,581.698,1064.89,22.14,657.37,0.64
C6H2I4,"1,2,4,5-tetraiodobenzene",Ic1cc(I)c(I)cc1I,581.698,1064.89,22.14,657.37,0.64
C6H3ClN2O4,"1-chloro-2,4-dinitrobenzene",O=[N+]([O-])c1ccc(Cl)c([N+](=O)[O-])c1,202.553,813.77,34.79,478,0.484
C6H3Cl2NO2,"1,2-dichloro-4-nitrobenzene",O=[N+]([O-])c1ccc(Cl)c(Cl)c1,192.001,758,36,436,0.468
C6H3Cl3,"1,2,4-trichlorobenzene",Clc1ccc(Cl)c(Cl)c1,181.449,707.42,37.52,395.57,0.382
C6H3Cl3,"1,2,3-trichlorobenzene",Clc1cccc(Cl)c1Cl,181.449,714.47,38.03,394.16,0.382
C6H3Cl3,"1,3,5-trichlorobenzene",Clc1cc(Cl)cc(Cl)c1,181.449,699.66,37.23,394.34,0.382
C6H3F3,"1,2,4-trifluorobenzene",Fc1ccc(F)c(F)c1,132.084,528.98,43.55,264.81,0.283
C6H3F3,"1,3,5-trifluorobenzene",Fc1cc(F)cc(F)c1,132.084,528.98,44.09,261.58,0.283
C6H3F3,"1,2,3-trifluorobenzene",Fc1cccc(F)c1F,132.084,528.98,44.21,260.84,0.283
C6H3I3,"1,2,3-triiodobenzene",Ic1cccc(I)c1I,455.802,950.7,27.34,555.7,0.545
C6H3I3,"1,2,4-triiodobenzene",Ic1ccc(I)c(I)c1,455.802,950.7,27.34,555.7,0.545
C6H3I3,"1,3,5-triiodobenzene",Ic1cc(I)cc(I)c1,455.802,950.7,27.34,555.7,0.545
C6H3N3O6,"1,3,5-trinitrobenzene",O=[N+]([O-])c1cc([N+](=O)[O-])cc([N+](=O)[O-])c1,213.105,846,33.25,479,0.599
C6H4Br2,m-dibromobenzene,Brc1cccc(Br)c1,235.906,747.03,42.24,389.09,0.519
C6H4Br2,o-dibromobenzene,Brc1ccccc1Br,235.906,747.03,43.21,380.33,0.519
C6H4Br2,p-dibromobenzene,Brc1ccc(Br)cc1,235.906,747.03,50.54,325.18,0.519
C6H4ClNO2,m-chloronitrobenzene,O=[N+]([O-])c1cccc(Cl)c1,157.556,742,37.12,432,0.413
C6H4ClNO2,o-chloronitrobenzene,O=[N+]([O-])c1ccccc1Cl,157.556,757,37.87,432,0.413
C6H4ClNO2,p-chloronitrobenzene,O=[N+]([O-])c1ccc(Cl)cc1,157.556,751,37.57,432,0.413
C6H4Cl2,o-dichlorobenzene,Clc1ccccc1Cl,147.004,705,45.18,341.71,0.324
C6H4Cl2,m-dichlorobenzene,Clc1cccc(Cl)c1,147.004,,,347.47,0.324
C6H4Cl2,p-dichlorobenzene,Clc1ccc(Cl)cc1,147.004,,,359.37,0.324
C6H4F2,m-difluorobenzene,Fc1cccc(F)c1,114.094,505.51,45.86,245.74,0.264
C6H4F2,o-difluorobenzene,Fc1ccccc1F,114.094,505.51,45.29,248.82,0.264
C6H4F2,p-difluorobenzene,Fc1ccc(F)cc1,114.094,505.51,45.86,245.74,0.264
C6H4I2,o-diiodobenzene,Ic1ccccc1I,329.906,865.23,37.09,436.08,0.429
C6H4I2,m-diiodobenzene,Ic1cccc(I)c1,329.906,834.28,34.84,447.54,0.429
C6H4I2,p-diiodobenzene,Ic1ccc(I)cc1,329.906,834.28,35.44,440.05,0.429
C6H4N2,3-pyridinecarbonitrile,N#Cc1cccnc1,104.112,703,44.05,344,0.406
C6H4N2O4,m-dinitrobenzene,O=[N+]([O-])c1cccc([N+](=O)[O-])c1,168.108,797.43,41.38,383.65,0.53
C6H4N2O4,o-dinitrobenzene,O=[N+]([O-])c1ccccc1[N+](=O)[O-],168.108,797.43,33.23,477.78,0.53
C6H4N2O4,p-dinitrobenzene,O=[N+]([O-])c1ccc([N+](=O)[O-])cc1,168.108,797.43,42.96,369.56,0.53
C6H4O2,p-benzoquinone,O=C1C=CC(=O)C=C1,108.096,683,49.2,291,0.575
C6H5ClO,m-chlorophenol,Oc1cccc(Cl)c1,128.558,729,51.05,320,0.359
C6H5ClO,o-chlorophenol,Oc1ccccc1Cl,128.558,675,46.54,325,0.359
C6H5ClO,p-chlorophenol,Oc1ccc(Cl)cc1,128.558,738,50.88,325,0.359
C6H5ClO3S,4-chlorobenzenesulfonic acid,O=S(=O)(O)c1ccc(Cl)cc1,192.623,613.2,29.58,429,
C6H5Cl2N,"3,4-dichloroaniline",Nc1ccc(Cl)c(Cl)c1,162.019,800,42.04,409,0.42
C6H5Cl3Si,trichlorophenylsilane,Cl[Si](Cl)(Cl)c1ccccc1,211.551,688,29.6,499,0.396
C6H5NO2,nitrobenzene,O=[N+]([O-])c1ccccc1,123.111,722.71,44.52,341.8,0.447
C6H5NO2,3-pyridinecarboxylic acid,O=C(O)c1cccnc1,123.111,760,45.85,349,0.447
C6H6,"1,5-hexadien-3-yne",C=CC#CC=C,78.114,544.88,46.41,264.46,0.259
C6H6,"1,3-hexadien-5-yne",C#CC=CC=C,78.114,542.48,45.88,266.29,0.259
C6H6,"1,4-hexadiyne",C#CCC#CC,78.114,536.42,46.84,257.95,0.259
C6H6,"1,5-hexadiyne",C#CCCC#C,78.114,543.89,46.11,265.69,0.259
C6H6,"2,4-hexadiyne",CC#CC#CC,78.114,605.23,52.11,261.57,0.259
C6H6,"1,3-hexadiyne",C#CC#CCC,78.114,550.96,47.27,262.51,0.259
C6H6ClN,m-chloroaniline,Nc1cccc(Cl)c1,127.574,751,46.29,364,0.357
C6H6ClN,o-chloroaniline,Nc1ccccc1Cl,127.574,722,44.5,364,0.357
C6H6ClN,p-chloroaniline,Nc1ccc(Cl)cc1,127.574,754,46.47,364,0.357
C6H6N2,(2Z)-2-Hexenedinitrile,N#C/C=C\CCC#N,106.128,796,43.66,392,0.411
C6H6N2,(2E)-2-Hexenedinitrile,N#C/C=C/CCC#N,106.128,766,42.02,392,0.411
C6H6N2,"trans-1,4-dicyano-2-butene",N#CC/C=C/CC#N,106.128,755,38.11,426,0.411
C6H6N2O2,m-nitroaniline,Nc1cccc([N+](=O)[O-])c1,138.126,815,33.4,504.2,0.477
C6H6N2O2,o-nitroaniline,Nc1ccccc1[N+](=O)[O-],138.126,784,32.15,503.93,0.477
C6H6N2O2,p-nitroaniline,Nc1ccc([N+](=O)[O-])cc1,138.126,851,34.89,504.07,0.477
C6H6N2O2,N-nitroaniline,O=[N+]([O-])Nc1ccccc1,138.126,816.67,33.48,504.07,0.477
C6H6N4,nitrilotrisacetonitrile,N#CCN(CC#N)CC#N,134.142,823,35.24,485,0.47
C6H6O2,pyrocatechol,Oc1ccccc1O,110.112,764,53.25,300,0.585
C6H6O2,resorcinol,Oc1cccc(O)c1,110.112,810,56.46,300,0.585
C6H6O2,Hydroquinone,Oc1ccc(O)cc1,110.112,823,57.36,300,0.585
C6H6O3,"1,2,3-benzenetriol",Oc1cccc(O)c1O,126.111,830,53.5,318,0.663
C6H6O3S,benzenesulfonic acid,O=S(=O)(O)c1ccccc1,158.178,860,43.88,386,0.801
C6H6S,phenyl mercaptan,Sc1ccccc1,110.181,,,297.72,0.31
C6H7N,3-methylpyridine,Cc1cccnc1,93.129,,,322.5,0.379
C6H7N,methylpyridine,Cc1ccccn1,93.129,631.45,42.63,323.73,0.379
C6H8,methylcyclopentadiene,CC1=CC=CC1,80.13,528.97,42.4,280.28,0.265
C6H8,"1,3-cyclohexadiene",C1=CCCC=C1,80.13,536.52,43.64,276.24,0.265
C6H8,"1,4-cyclohexadiene",C1=CCC=CC1,80.13,528.97,43.65,272.29,0.265
C6H8,"trans-1,3,5-hexatriene",C=C/C=C/C=C,80.13,535.53,42.23,284.88,0.265
C6H8,"cis-1,3,5-hexatriene",C=C/C=C\C=C,80.13,532.57,40.68,294.15,0.265
C6H8,1-hexen-3-yne,C=CC#CCC,80.13,542.44,40.82,298.56,0.265
C6H8,1-hexen-4-yne,C=CCC#CC,80.13,536.02,41.49,290.27,0.265
C6H8,1-hexen-5-yne,C#CCCC=C,80.13,536.02,41.36,291.18,0.265
C6H8,2-hexen-4-yne,CC#CC=CC,80.13,544.13,42.38,288.46,0.265
C6H8,2-methyl-1-penten-3-yne,C=C(C)C#CC,80.13,536.02,41.69,288.85,0.265
C6H8,3-methyl-3-penten-1-yne,C#CC(C)=CC,80.13,519.6,38.46,303.51,0.265
C6H8,"1,3,5-hexatriene",C=CC=CC=C,80.13,535.11,42.21,284.83,0.265
C6H8N2,adiponitrile,N#CCCCCC#N,108.144,781,41.26,406,0.415
C6H8N2,methylglutaronitrile,CC(C#N)CCC#N,108.144,742,39.39,404,0.415
C6H8N2,m-phenylenediamine,Nc1cccc(N)c1,108.144,824,46.88,377,0.415
C6H8N2,o-phenylenediamine,Nc1ccccc1N,108.144,781,53.18,315,0.415
C6H8N2,p-phenylenediamine,Nc1ccc(N)cc1,108.144,796,53.86,317,0.415
C6H8N2,phenylhydrazine,NNc1ccccc1,108.144,761,39.05,418,0.415
C6H8N2O,bis(cyanoethyl) ether,N#CCCOCCC#N,124.143,783,43.67,377,0.45
C6H8O,2-ethylfuran,CCc1ccco1,96.129,550.13,37.59,311.38,0.51
C6H8O,3-ethylfuran,CCc1ccoc1,96.129,550.13,37.41,312.91,0.51
C6H8O,"2,3-dimethylfuran",Cc1ccoc1C,96.129,550.13,37.41,312.91,0.51
C6H8O,"2,4-dimethylfuran",Cc1coc(C)c1,96.129,550.13,37.47,312.42,0.51
C6H8O,"2,5-dimethylfuran",Cc1ccc(C)o1,96.129,550.13,36.92,317.07,0.51
C6H8O,"3,4-dimethylfuran",Cc1cocc1C,96.129,550.13,40.3,,0.51
C6H8O4,dimethyl maleate,COC(=O)/C=C\C(=O)OC,144.126,675,33.57,403,0.744
C6H8O6,ascorbic acid,O=C1O[C@H]([C@@H](O)CO)C(O)=C1O,176.124,783,44.49,339,0.87
C6H8O7,citric acid,O=C(O)CC(O)(CC(=O)O)C(=O)O,192.123,822,36.98,419.68,0.928
C6H8S,2-ethylthiophene,CCc1cccs1,112.197,628.14,39.45,335.94,0.314
C6H8S,3-ethylthiophene,CCc1ccsc1,112.197,628.14,39.69,333.87,0.314
C6H8S,"2,3-dimethylthiophene",Cc1ccsc1C,112.197,628.14,39.88,332.3,0.314
C6H8S,"2,4-dimethylthiophene",Cc1csc(C)c1,112.197,628.14,39.57,334.92,0.314
C6H8S,"2,5-dimethylthiophene",Cc1ccc(C)s1,112.197,628.14,39.06,339.28,0.314
C6H8S,"3,4-dimethylthiophene",Cc1cscc1C,112.197,628.14,40.17,329.92,0.314
C6H9Cl,"3-chloro-1,3-hexadiene",C=CC(Cl)=CCC,116.591,600.81,35.71,382.64,0.334
C6H9Cl,"1-chloro-3-methyl-1,2-pentadiene",CCC(C)=C=CCl,116.591,600.81,36.5,374.4,0.334
C6H9Cl3,"1,1,2-trichloro-1-hexene",CCCCC(Cl)=C(Cl)Cl,187.497,655.31,27.11,503.3,0.291
C6H9N,"2,4-dimethylpyrrole",Cc1c[nH]c(C)c1,95.145,695.97,44.21,343.15,0.384
C6H9N,"2,5-dimethylpyrrole",Cc1ccc(C)[nH]1,95.145,695.97,44.89,338,0.384
C6H9N,1-ethyl-1H-pyrrole,CCn1cccc1,95.145,695.97,42.91,353.55,0.384
C6H9N,2-ethyl-1H-pyrrole,CCc1ccc[nH]1,95.145,695.97,43.1,352,0.384
C6H9N,5-hexenenitrile,C=CCCCC#N,95.145,655.97,38.33,373.07,0.384
C6H10,1-methylcyclopentene,CC1=CCCC1,82.146,530.53,39.4,301.76,0.271
C6H10,3-methylcyclopentene,CC1C=CCC1,82.146,530.53,38.37,309.89,0.271
C6H10,4-methylcyclopentene,CC1CC=CC1,82.146,530.53,38.61,307.94,0.271
C6H10,cyclohexene,C1=CCCCC1,82.146,,,296.41,0.271
C6H10,hexadiene,C=CC=CCC,82.146,515.53,38.11,303.18,0.271
C6H10,"1,2-hexadiene",C=C=CCCC,82.146,515.53,37.66,306.79,0.271
C6H10,"1,cis-3-hexadiene",C=C/C=C\CC,82.146,515.53,37.01,312.16,0.271
C6H10,"1,trans-3-hexadiene",C=C/C=C/CC,82.146,515.53,37.01,312.16,0.271
C6H10,"1,4-hexadiene",C=CCC=CC,82.146,515.53,37.01,312.16,0.271
C6H10,"1,cis-4-hexadiene",C=CC/C=C\C,82.146,515.53,36.69,314.86,0.271
C6H10,"1,trans-4-hexadiene",C=CC/C=C/C,82.146,515.53,36.69,314.86,0.271
C6H10,"1,5-hexadiene",C=CCCC=C,82.146,,,318.71,0.271
C6H10,"2,3-hexadiene",CC=C=CCC,82.146,515.53,35.43,326.09,0.271
C6H10,"2,4-hexadiene",CC=CC=CC,82.146,515.53,38.26,301.99,0.271
C6H10,"cis-2,trans-4-hexadiene",C/C=C\C=C\C,82.146,515.53,38.22,302.29,0.271
C6H10,"cis-2,cis-4-hexadiene",C/C=C\C=C/C,82.146,515.53,37.96,304.32,0.271
C6H10,"trans-2,trans-4-hexadiene",C/C=C/C=C/C,82.146,515.53,37.65,306.9,0.271
C6H10,"3-methyl-1,2-pentadiene",C=C=C(C)CC,82.146,515.53,37.65,306.9,0.271
C6H10,"4-methyl-1,2-pentadiene",C=C=CC(C)C,82.146,515.53,37.2,310.57,0.271
C6H10,"2-methyl-1,3-pentadiene",C=C(C)C=CC,82.146,515.53,38.28,301.79,0.271
C6H10,"3-methyl-1,3-pentadiene",C=CC(C)=CC,82.146,515.53,38.92,296.83,0.271
C6H10,"2-methyl-1,cis-3-pentadiene",C=C(C)/C=C\C,82.146,515.53,37.9,304.83,0.271
C6H10,"2-methyl-1,trans-3-pentadiene",C=C(C)/C=C/C,82.146,515.53,37.9,304.83,0.271
C6H10,"3-methyl-1,cis-3-pentadiene",C=C/C(C)=C\C,82.146,515.53,38.92,296.83,0.271
C6H10,"3-methyl-1,trans-3-pentadiene",C=C/C(C)=C/C,82.146,515.53,38.92,296.83,0.271
C6H10,"4-methyl-1,3-pentadiene",C=CC=C(C)C,82.146,515.53,37.9,304.83,0.271
C6H10,"2-methyl-1,4-pentadiene",C=CCC(=C)C,82.146,515.53,36.31,318.15,0.271
C6H10,"3-methyl-1,4-pentadiene",C=CC(C)C=C,82.146,515.53,36.38,317.6,0.271
C6H10,"2-methyl-2,3-pentadiene",CC=C=C(C)C,82.146,515.53,37.39,308.98,0.271
C6H10,"2-ethyl-1,3-butadiene",C=CC(=C)CC,82.146,515.53,37.77,305.86,0.271
C6H10,"2,3-dimethyl-1,3-butadiene",C=C(C)C(=C)C,82.146,515.53,38.47,300.29,0.271
C6H10,1-hexyne,C#CCCCC,82.146,515.53,35.33,326.98,0.271
C6H10,2-hexyne,CC#CCCC,82.146,515.53,36.23,318.9,0.271
C6H10,3-hexyne,CCC#CCC,82.146,515.53,35.69,323.71,0.271
C6H10,3-methyl-1-pentyne,C#CC(C)CC,82.146,515.53,34.86,331.45,0.271
C6H10,4-methyl-1-pentyne,C#CCC(C)C,82.146,515.53,34.5,334.87,0.271
C6H10,4-methyl-2-pentyne,CC#CC(C)C,82.146,515.53,35.27,327.53,0.271
C6H10,"3,3-dimethyl-1-butyne",C#CC(C)(C)C,82.146,515.53,32.67,353.63,0.271
C6H10Cl2,"cis-1,2-dichloro-1-hexene",CCCC/C(Cl)=C/Cl,153.052,634.18,30.78,447.83,0.365
C6H10Cl2,"trans-1,2-dichloro-1-hexene",CCCC/C(Cl)=C\Cl,153.052,634.18,32,430.8,0.365
C6H10O,mesityl oxide,CC(=O)C=C(C)C,98.145,600,35.87,355,0.521
C6H10O,2-ethyl-1-buten-1-one,CCC(=C=O)CC,98.145,613.82,36.99,352.14,0.521
C6H10O,3-hexen-2-one,CCC=CC(C)=O,98.145,613.82,38.84,335.37,0.521
C6H10O,4-hexen-2-one,CC=CCC(C)=O,98.145,613.82,38.12,341.75,0.521
C6H10O,4-hexen-3-one,CC=CC(=O)CC,98.145,613.82,38.33,339.89,0.521
C6H10O,5-hexen-2-one,C=CCCC(C)=O,98.145,613.82,37.1,351.13,0.521
C6H10O,trans-3-hexen-2-one,CC/C=C/C(C)=O,98.145,613.82,38.9,334.9,0.521
C6H10O,2-methyl-1-penten-3-one,C=C(C)C(=O)CC,98.145,613.82,38.17,341.27,0.521
C6H10O,4-methyl-4-penten-2-one,C=C(C)CC(C)=O,98.145,613.82,37.53,347.08,0.521
C6H10O,3-methyl-3-penten-2-one,CC=C(C)C(C)=O,98.145,613.82,39.7,328.11,0.521
C6H10O,2-hexenal,CCCC=CC=O,98.145,653.82,38.37,361.68,0.521
C6H10O,trans-2-hexenal,CCC/C=C/C=O,98.145,653.82,38.56,359.89,0.521
C6H10O,3-hexenal,CCC=CCC=O,98.145,653.82,38.57,359.74,0.521
C6H10O,cis-3-hexenal,CC/C=C\CC=O,98.145,653.82,37.47,370.34,0.521
C6H10O,trans-3-hexenal,CC/C=C/CC=O,98.145,653.82,37.47,370.34,0.521
C6H10O,4-hexenal,CC=CCCC=O,98.145,653.82,38.57,359.74,0.521
C6H10O,2-methyl-2-pentenal,CCC=C(C)C=O,98.145,653.82,39.21,353.87,0.521
C6H10O,trans-2-methyl-2-pentenal,CC/C=C(\C)C=O,98.145,653.82,39.21,353.87,0.521
C6H10O,3-methyl-2-pentenal,CCC(C)=CC=O,98.145,653.82,38.57,359.74,0.521
C6H10O,4-methyl-2-pentenal,CC(C)C=CC=O,98.145,653.82,39.32,352.88,0.521
C6H10O,4-methyl-3-pentenal,CC(C)=CCC=O,98.145,653.82,38.57,359.74,0.521
C6H10O,2-ethylcrotonaldehyde,C/C=C(/C=O)CC,98.145,653.82,38.57,359.74,0.521
C6H10O,cyclohexanone,O=C1CCCCC1,98.145,,,300.73,
C6H10O2,2-hexenoic acid,CCCC=CC(=O)O,114.144,681.34,35.87,395.2,0.605
C6H10O2,trans-2-hexenoic acid,CCC/C=C/C(=O)O,114.144,681.34,35.87,395.2,0.605
C6H10O2,3-hexenoic acid,CCC=CCC(=O)O,114.144,681.34,34.95,405.56,0.605
C6H10O2,trans-3-hexenoic acid,CC/C=C/CC(=O)O,114.144,681.34,34.95,405.56,0.605
C6H10O2,5-hexenoic acid,C=CCCCC(=O)O,114.144,681.34,34.82,407.08,0.605
C6H10O2,2-methyl-2-pentenoic acid,CCC=C(C)C(=O)O,114.144,681.34,35.36,400.83,0.605
C6H10O2,trans-2-methyl-2-pentenoic acid,CC/C=C(\C)C(=O)O,114.144,681.34,35.44,400.02,0.605
C6H10O2,cis-3-methyl-2-pentenoic acid,CC/C(C)=C\C(=O)O,114.144,681.34,35.78,396.17,0.605
C6H10O2,4-methyl-2-pentenoic acid,CC(C)C=CC(=O)O,114.144,681.34,34.47,411.23,0.605
C6H10O2,2-methyl-3-pentenoic acid,CC=CC(C)C(=O)O,114.144,681.34,35.04,404.55,0.605
C6H10O2,2-methylenepentanoic acid,C=C(CCC)C(=O)O,114.144,681.34,35.58,398.45,0.605
C6H10O2,2-methyl-4-pentenoic acid,C=CCC(C)C(=O)O,114.144,681.34,34.34,412.74,0.605
C6H10O2,"2,2-dimethyl-3-butenoic acid",C=CC(C)(C)C(=O)O,114.144,681.34,34.64,409.27,0.605
C6H10O2,trans-2-ethyl-2-butenoic acid,C/C=C(\CC)C(=O)O,114.144,681.34,34.68,408.71,0.605
C6H10O2,epsilon-caprolactone,O=C1CCCCCO1,114.144,771,45.57,352,0.605
C6H10O2,ethyl methacrylate,C=C(C)C(=O)OCC,114.144,561.34,30.07,388.37,0.605
C6H10O2,propyl acrylate,C=CC(=O)OCCC,114.144,561.34,29.75,392.51,0.605
C6H10O2,2-buten-1-yl acetate,CC=CCOC(C)=O,114.144,561.34,30.52,382.69,0.605
C6H10O2,allyl propanoate,C=CCOC(=O)CC,114.144,561.34,30.31,385.31,0.605
C6H10O2,ethyl 3-butenoate,C=CCC(=O)OCC,114.144,561.34,30.24,386.22,0.605
C6H10O2,ethyl cis-2-butenoate,C/C=C\C(=O)OCC,114.144,561.34,30.48,383.2,0.605
C6H10O2,ethyl 2-butenoate,CC=CC(=O)OCC,114.144,561.34,30.45,383.55,0.605
C6H10O2,ethyl trans-2-butenoate,C/C=C/C(=O)OCC,114.144,561.34,30.45,383.55,0.605
C6H10O2,vinyl butanoate,C=COC(=O)CCC,114.144,561.34,29.78,392.2,0.605
C6H10O2,vinyl 2-methylpropanoate,C=COC(=O)C(C)C,114.144,561.34,29.48,396.1,0.605
C6H10O2,methyl 2-methyl-2-butenoate,CC=C(C)C(=O)OC,114.144,561.34,31.14,375,0.605
C6H10O2,methyl 3-methyl-2-butenoate,COC(=O)C=C(C)C,114.144,561.34,31.1,375.57,0.605
C6H10O2,isopropyl acrylate,C=CC(=O)OC(C)C,114.144,561.34,29.18,400.16,0.605
C6H10O2,methyl trans-2-pentenoate,CC/C=C/C(=O)OC,114.144,561.34,30.2,386.69,0.605
C6H10O2,methyl trans-3-pentenoate,C/C=C/CC(=O)OC,114.144,561.34,30.95,377.37,0.605
C6H10O2,allyl glycidyl ether,C=CCOCC1CO1,114.144,629,35.76,366,0.605
C6H10O2,"2,4-hexanedione",CCC(=O)CC(C)=O,114.144,629,35.76,366,0.605
C6H10O2,"3,4-hexanedione",CCC(=O)C(=O)CC,114.144,629,35.76,366,0.605
C6H10O2,"2,5-hexanedione",CC(=O)CCC(C)=O,114.144,629,35.76,366,0.605
C6H10O2,"2,3-hexanedione",CCCC(=O)C(C)=O,114.144,629,35.76,366,0.605
C6H10O2,"3-methyl-2,4-pentanedione, tautomers",CC(=O)C(C)C(C)=O,114.144,629,35.76,366,0.605
C6H10O2,"3,4-dihydro-2-methoxy-2H-pyran",COC1CCC=CO1,114.144,599,37.65,331,0.605
C6H10O3,ethylacetoacetate,CCOC(=O)CC(C)=O,130.143,643,33.54,391,0.682
C6H10O3,propionic anhydride,CCC(=O)OC(=O)CC,130.143,623,32.09,396,0.682
C6H10O3,ethylene glycol monomethacrylate,C=C(C)C(=O)OCCO,130.143,677,35.04,394,0.682
C6H10O4,adipic acid,O=C(O)CCCCC(=O)O,146.142,809,35.59,454.45,0.752
C6H10O4,diethyl oxalate,CCOC(=O)C(=O)OCC,146.142,,,,0.752
C6H10O4,ethylene glycol diacetate,CC(=O)OCCOC(C)=O,146.142,653,31.38,416,0.752
C6H10O4,ethylidene diacetate,CC(=O)OC(C)OC(C)=O,146.142,635,31.27,406,0.752
C6H10O4,"2,3-dimethylbutanedioic acid",CC(C(=O)O)C(C)C(=O)O,146.142,809,38.53,419.84,0.752
C6H10O4,dimethyl succinate,COC(=O)CCC(=O)OC,146.142,657,30.98,424,0.752
C6H10O4,3-methylglutaric acid,CC(CC(=O)O)CC(=O)O,146.142,809,38.53,419.84,0.752
C6H10O4,"2,2-dimethylsuccinic acid",CC(C)(CC(=O)O)C(=O)O,146.142,809,38.53,419.84,0.752
C6H10O4,2-methylglutaric acid,CC(CCC(=O)O)C(=O)O,146.142,809,38.53,419.84,0.752
C6H10O4,n-propylmalonic acid,CCCC(C(=O)O)C(=O)O,146.142,809,38.53,419.84,0.752
C6H11Br,1-bromo-1-hexene,CCCCC=CBr,163.058,619.8,35.26,423.43,0.491
C6H11Br,cis-1-bromo-1-hexene,CCCC/C=C\Br,163.058,619.8,35.26,423.43,0.491
C6H11Br,trans-1-bromo-1-hexene,CCCC/C=C/Br,163.058,619.8,35.26,423.43,0.491
C6H11Br,2-bromo-1-hexene,C=C(Br)CCCC,163.058,619.8,36.29,411.37,0.491
C6H11Br,5-bromo-1-hexene,C=CCCC(C)Br,163.058,619.8,36.29,411.37,0.491
C6H11Br,6-bromo-1-hexene,C=CCCCCBr,163.058,619.8,36.51,408.89,0.491
C6H11Br,1-bromo-2-hexene,CCCC=CCBr,163.058,619.8,36.29,411.37,0.491
C6H11Br,4-bromo-2-hexene,CC=CC(Br)CC,163.058,619.8,36.29,411.37,0.491
C6H11Br,6-bromo-2-hexene,CC=CCCCBr,163.058,619.8,36.29,411.37,0.491
C6H11Br,5-bromo-2-methyl-2-pentene,CC(C)=CCCBr,163.058,619.8,36.51,408.89,0.491
C6H11Cl,1-chloro-1-hexene,CCCCC=CCl,118.607,604.23,35.23,389.12,0.338
C6H11Cl,cis-1-chloro-1-hexene,CCCC/C=C\Cl,118.607,604.23,35.23,389.12,0.338
C6H11Cl,trans-1-chloro-1-hexene,CCCC/C=C/Cl,118.607,604.23,35.23,389.12,0.338
C6H11Cl,2-chloro-1-hexene,C=C(Cl)CCCC,118.607,604.23,35.23,389.12,0.338
C6H11Cl,5-chloro-1-hexene,C=CCCC(C)Cl,118.607,604.23,35.23,389.12,0.338
C6H11Cl,3-chloro-2-hexene,CC=C(Cl)CCC,118.607,604.23,35.23,389.12,0.338
C6H11Cl,4-chloro-2-hexene,CC=CC(Cl)CC,118.607,604.23,35.23,389.12,0.338
C6H11Cl,"1-chloro-2,3-dimethyl-2-butene",CC(C)=C(C)CCl,118.607,604.23,35.23,389.12,0.338
C6H11Cl,1-chloro-3-hexene,CCC=CCCCl,118.607,604.23,35.23,389.12,0.338
C6H11Cl,cis-3-chloro-3-hexene,CC/C=C(\Cl)CC,118.607,604.23,35.23,389.12,0.338
C6H11Cl,3-chloro-2-methyl-1-pentene,C=C(C)C(Cl)CC,118.607,604.23,35.23,389.12,0.338
C6H11Cl,5-chloro-2-methyl-2-pentene,CC(C)=CCCCl,118.607,604.23,35.23,389.12,0.338
C6H11Cl3,"1,1,1-trichlorohexane",CCCCCC(Cl)(Cl)Cl,189.513,638.09,23.5,563.94,0.295
C6H11F,cis-1-fluoro-1-hexene,CCCC/C=C\F,102.152,481.18,34.18,318.56,0.231
C6H11F,trans-1-fluoro-1-hexene,CCCC/C=C/F,102.152,481.18,34.18,318.56,0.231
C6H11F3,"1,1,1-trifluorohexane",CCCCCC(F)(F)F,140.148,457.96,26.06,379.23,0.341
C6H11I,cis-1-iodo-1-hexene,CCCC/C=C\I,210.058,665.35,29.3,492.67,0.285
C6H11I,trans-1-iodo-1-hexene,CCCC/C=C/I,210.058,665.35,29.3,492.67,0.285
C6H11I,iodocyclohexane,IC1CCCCC1,210.058,705.33,35.56,430.31,0.285
C6H11N,hexanenitrile,CCCCCC#N,97.161,,,398.68,0.389
C6H11N,2-methylpentanenitrile,CCCC(C)C#N,97.161,665.43,35.64,405.97,0.389
C6H11N,2-ethylbutanenitrile,CCC(C#N)CC,97.161,665.43,36.08,401.03,0.389
C6H11N,3-methylpentanenitrile,CCC(C)CC#N,97.161,665.43,36.35,398.03,0.389
C6H11N,4-methylpentanenitrile,CC(C)CCC#N,97.161,665.43,36.2,399.7,0.389
C6H11N,"2,2-dimethylbutanenitrile",CCC(C)(C)C#N,97.161,665.43,34.85,415.24,0.389
C6H11N,"2,3-dimethylbutanenitrile",CC(C)C(C)C#N,97.161,665.43,35.87,403.33,0.389
C6H11N,"3,3-dimethylbutanenitrile",CC(C)(C)CC#N,97.161,665.43,36.96,391.51,0.389
C6H11N,1-isocyanopentane,[C-]#[N+]CCCCC,97.161,665.43,36.56,395.72,0.389
C6H11NO,epsilon-caprolactam,O=C1CCCCCN1,113.16,806,48.26,356,0.426
C6H11NO,cyclohexanone oxime,ON=C1CCCCC1,113.16,715,41.3,369,0.426
C6H11NO2,6-nitro-1-hexene,C=CCCCC[N+](=O)[O-],129.159,733.77,30.65,500.29,0.46
C6H11NO2,2-nitro-2-hexene,CCCC=C(C)[N+](=O)[O-],129.159,733.77,33.16,462.34,0.46
C6H11NO2,3-nitro-3-hexene,CCC=C(CC)[N+](=O)[O-],129.159,733.77,33.16,462.34,0.46
C6H12,1-methyl-1-ethylcyclopropane,CCC1(C)CC1,84.162,507.94,35.06,323.9,0.276
C6H12,1-methyl-cis-2-ethylcyclopropane,CC[C@H]1C[C@H]1C,84.162,518.53,36.58,316.9,0.276
C6H12,1-methyl-trans-2-ethylcyclopropane,CC[C@@H]1C[C@H]1C,84.162,505.8,34.41,328.59,0.276
C6H12,"1,1,2-trimethylcyclopropane",CC1CC1(C)C,84.162,504.34,34.38,327.9,0.276
C6H12,"1,cis-2,cis-3-trimethylcyclopropane",C[C@H]1[C@@H](C)[C@H]1C,84.162,520.06,36.9,315.08,0.276
C6H12,"1,cis-2,trans-3-trimethylcyclopropane",C[C@H]1[C@H](C)[C@H]1C,84.162,510.4,34.99,326.08,0.276
C6H12,propylcyclopropane,CCCC1CC1,84.162,520.15,36.48,318.73,0.276
C6H12,isopropylcyclopropane,CC(C)C1CC1,84.162,506.65,34,,0.276
C6H12,"1,1-dimethylcyclobutane",CC1(C)CCC1,84.162,514.04,34.69,331.2,0.276
C6H12,"1,cis-2-dimethylcyclobutane",C[C@@H]1CC[C@@H]1C,84.162,525.83,36.88,318.74,0.276
C6H12,"1,trans-2-dimethylcyclobutane",C[C@@H]1CC[C@H]1C,84.162,513.5,34.66,331.2,0.276
C6H12,"1,trans-3-dimethylcyclobutane",C[C@H]1C[C@H](C)C1,84.162,509.64,33.76,337.49,0.276
C6H12,ethylcyclobutane,CCC1CCC1,84.162,528.1,36.56,322.87,0.276
C6H12,2-hexene,CC=CCCC,84.162,505.47,31.65,356.99,0.276
C6H12,cis-2-hexene,C/C=C\CCC,84.162,505.47,31.93,353.86,0.276
C6H12,trans-2-hexene,C/C=C/CCC,84.162,505.47,31.37,360.18,0.276
C6H12,hex-3-ene,CCC=CCC,84.162,505.47,32,353.14,0.276
C6H12,cis-3-hexene,CC/C=C\CC,84.162,505.47,31.48,358.9,0.276
C6H12,trans-3-hexene,CC/C=C/CC,84.162,505.47,31.37,360.18,0.276
C6H12,2-methyl-1-pentene,C=C(C)CCC,84.162,505.47,31.48,358.9,0.276
C6H12,3-methyl-1-pentene,C=CC(C)CC,84.162,505.47,30.81,366.71,0.276
C6H12,4-methyl-1-pentene,C=CCC(C)C,84.162,505.47,30.59,369.38,0.276
C6H12,4-methyl-2-pentene,CC=CC(C)C,84.162,505.47,31.26,361.47,0.276
C6H12,cis-4-methyl-2-pentene,C/C=C\C(C)C,84.162,505.47,30.92,365.38,0.276
C6H12,trans-4-methyl-2-pentene,C/C=C/C(C)C,84.162,505.47,30.87,366.04,0.276
C6H12,2-methyl-2-pentene,CCC=C(C)C,84.162,505.47,31.82,355.11,0.276
C6H12,3-methyl-2-pentene,CC=C(C)CC,84.162,505.47,32.78,344.75,0.276
C6H12,cis-3-methyl-2-pentene,C/C=C(/C)CC,84.162,505.47,32.27,350.16,0.276
C6H12,trans-3-methyl-2-pentene,C/C=C(\C)CC,84.162,505.47,32.49,347.74,0.276
C6H12,"2,3-dimethyl-1-butene",C=C(C)C(C)C,84.162,505.47,31.37,360.18,0.276
C6H12,"2,3-dimethyl-2-butene",CC(C)=C(C)C,84.162,505.47,33.06,341.81,0.276
C6H12,"3,3-dimethyl-1-butene",C=CC(C)(C)C,84.162,505.47,29.98,376.92,0.276
C6H12,2-ethyl-1-butene,C=C(CC)CC,84.162,505.47,32.04,352.62,0.276
C6H12Br2,"1,1-dibromohexane",CCCCCC(Br)Br,243.97,706.43,28.98,530.95,0.393
C6H12Br2,"1,2-dibromohexane",CCCCC(Br)CBr,243.97,706.43,29.37,523.93,0.393
C6H12Br2,"1,4-dibromohexane",CCC(Br)CCCBr,243.97,706.43,29.92,514.29,0.393
C6H12Br2,"1,5-dibromohexane",CC(Br)CCCCBr,243.97,706.43,29.09,528.91,0.393
C6H12Br2,"1,6-dibromohexane",BrCCCCCCBr,243.97,706.43,30.1,511.22,0.393
C6H12Br2,"2,2-dibromohexane",CCCCC(C)(Br)Br,243.97,706.43,30.97,496.85,0.393
C6H12Br2,"2,3-dibromohexane",CCCC(Br)C(C)Br,243.97,706.43,29.45,522.42,0.393
C6H12Br2,"2,5-dibromohexane",CC(Br)CCC(C)Br,243.97,706.43,30.97,496.85,0.393
C6H12Br2,"(2R,5R)-2,5-Dibromohexane",C[C@@H](Br)CC[C@@H](C)Br,243.97,706.43,29.4,523.37,0.393
C6H12Br2,"3,4-dibromohexane",CCC(Br)C(Br)CC,243.97,706.43,29.74,517.39,0.393
C6H12Br2,"1,2-dibromo-2,3-dimethylbutane",CC(C)C(C)(Br)CBr,243.97,706.43,29.95,513.79,0.393
C6H12Br2,"1,2-dibromo-3,3-dimethylbutane",CC(C)(C)C(Br)CBr,243.97,706.43,30.1,511.22,0.393
C6H12Br2,"1,4-dibromo-2,3-dimethylbutane",CC(CBr)C(C)CBr,243.97,706.43,30.32,507.44,0.393
C6H12Br2,"1,5-dibromo-3-methylpentane",CC(CCBr)CCBr,243.97,706.43,29.43,522.89,0.393
C6H12Br2,"2,3-dibromo-2,3-dimethylbutane",CC(C)(Br)C(C)(C)Br,243.97,706.43,30.97,496.85,0.393
C6H12ClF,1-chloro-6-fluorohexane,FCCCCCCCl,138.613,638.77,37.84,373.6,0.239
C6H12Cl2,"1,1-dichlorohexane",CCCCCC(Cl)Cl,155.068,647.39,28.91,485.58,0.368
C6H12Cl2,"1,2-dichlorohexane",CCCCC(Cl)CCl,155.068,647.39,30.98,453.01,0.368
C6H12Cl2,"1,3-dichlorohexane",CCCC(Cl)CCCl,155.068,647.39,30.83,455.27,0.368
C6H12Cl2,"1,4-dichlorohexane",CCC(Cl)CCCCl,155.068,647.39,30.83,455.27,0.368
C6H12Cl2,"1,6-dichlorohexane",ClCCCCCCCl,155.068,647.39,30.39,461.88,0.368
C6H12Cl2,"2,2-dichlorohexane",CCCCC(C)(Cl)Cl,155.068,647.39,28.6,490.75,0.368
C6H12Cl2,"2,3-dichlorohexane",CCCC(Cl)C(C)Cl,155.068,647.39,29.88,469.74,0.368
C6H12Cl2,"(2R,5R)-2,5-Dichlorohexane",C[C@@H](Cl)CC[C@@H](C)Cl,155.068,647.39,29.7,472.59,0.368
C6H12Cl2,"2,5-dichlorohexane, (R*,S*)-",C[C@H](Cl)CC[C@@H](C)Cl,155.068,647.39,30.83,455.27,0.368
C6H12Cl2,"1,1-dichloro-3,3-dimethylbutane",CC(C)(C)CC(Cl)Cl,155.068,647.39,29.01,483.88,0.368
C6H12Cl2,"2,2-dichloro-3,3-dimethylbutane",CC(C)(C)C(C)(Cl)Cl,155.068,647.39,30.83,455.27,0.368
C6H12F2,"1,1-difluorohexane",CCCCCC(F)F,122.158,520.94,33.06,347.76,0.363
C6H12I2,"1,1-diiodohexane",CCCCCC(I)I,337.97,831.78,26.65,577.63,0.437
C6H12I2,"1,6-diiodohexane",ICCCCCCI,337.97,831.78,26.65,577.63,0.437
C6H12N2,triethylenediamine,C1CN2CCN1CC2,112.176,655,36.59,382,0.424
C6H12N2,6-aminohexanenitrile,N#CCCCCCN,112.176,697,33.73,441,0.424
C6H12N4,methenamine,C1N2CN3CN1CN(C2)C3,140.19,837,42.91,402,0.481
C6H12O,butyl vinyl ether,C=COCCCC,100.161,537.45,30.32,375.27,0.532
C6H12O,sec-butyl vinyl ether,C=COC(C)CC,100.161,537.45,30.2,376.73,0.532
C6H12O,tert-butyl vinyl ether,C=COC(C)(C)C,100.161,537.45,30.09,378.14,0.532
C6H12O,isobutyl vinyl ether,C=COCC(C)C,100.161,537.45,29.87,380.88,0.532
C6H12O,3-(1-methylethoxy)-1-propene,C=CCOC(C)C,100.161,537.45,30.43,373.88,0.532
C6H12O,3-propoxy-1-propene,C=CCOCCC,100.161,537.45,30.43,373.88,0.532
C6H12O,1-methylcyclopentanol,CC1(O)CCCC1,100.161,647.45,40.15,341.35,0.532
C6H12O,cis-2-methylcyclopentanol,C[C@H]1CCC[C@H]1O,100.161,647.45,41.94,326.78,0.532
C6H12O,trans-2-methylcyclopentanol,C[C@@H]1CCC[C@H]1O,100.161,647.45,41.24,332.34,0.532
C6H12O,3-methylcyclopentanol,CC1CCC(O)C1,100.161,647.45,40.76,336.26,0.532
C6H12O,cyclohexanol,OC1CCCCC1,100.161,,,317.77,
C6H12O,hexanal,CCCCCC=O,100.161,,,372.1,
C6H12O,2-methylpentanal,CCCC(C)C=O,100.161,596.45,33.83,373.2,0.532
C6H12O,3-methylpentanal,CCC(C)CC=O,100.161,596.45,33.83,373.28,0.532
C6H12O,4-methylpentanal,CC(C)CCC=O,100.161,596.45,33.83,373.28,0.532
C6H12O,2-ethylbutanal,CCC(C=O)CC,100.161,596.45,34.14,369.9,0.532
C6H12O,"2,2-dimethylbutanal",CCC(C)(C)C=O,100.161,596.45,33.48,377.12,0.532
C6H12O,"2,3-dimethylbutanal",CC(C)C(C)C=O,100.161,596.45,33.83,373.28,0.532
C6H12O,"3,3-dimethylbutanal",CC(C)(C)CC=O,100.161,596.45,33.83,373.28,0.532
C6H12O,3-methyl-2-pentanone,CCC(C)C(C)=O,100.161,587.45,33.27,373.76,0.532
C6H12O,4-methyl-2-pentanone,CC(=O)CC(C)C,100.161,,,379.96,
C6H12O,2-ethyltetrahydrofuran,CCC1CCCO1,100.161,582.45,37.13,332.09,0.532
C6H12O,3-ethyltetrahydrofuran,CCC1CCOC1,100.161,582.45,36.01,342.37,0.532
C6H12O,"2,2-dimethyltetrahydrofuran",CC1(C)CCCO1,100.161,582.45,36.01,342.37,0.532
C6H12O,"2,4-dimethyltetrahydrofuran",CC1COC(C)C1,100.161,582.45,36.01,342.37,0.532
C6H12O,"2,5-dimethyltetrahydrofuran",CC1CCC(C)O1,100.161,582.45,36.01,342.37,0.532
C6H12O,"3,3-dimethyltetrahydrofuran",CC1(C)CCOC1,100.161,582.45,36.01,342.37,0.532
C6H12O,"3,4-dimethyltetrahydrofuran",CC1COCC1C,100.161,582.45,36.01,342.37,0.532
C6H12O,"3,3-dimethyl-2-butanone",CC(=O)C(C)(C)C,100.161,587.45,32.98,377.06,0.532
C6H12O,ethyl isopropyl ketone,CCC(=O)C(C)C,100.161,587.45,33.22,374.31,0.532
C6H12O,2-hexen-1-ol,CCCC=CCO,100.161,627.45,37.5,354.18,0.532
C6H12O,cis-2-hexen-1-ol,CCC/C=C\CO,100.161,627.45,37.82,351.18,0.532
C6H12O,trans-2-hexen-1-ol,CCC/C=C/CO,100.161,627.45,37.5,354.18,0.532
C6H12O,3-hexen-1-ol,CCC=CCCO,100.161,627.45,37.72,352.18,0.532
C6H12O,cis-3-hexen-1-ol,CC/C=C\CCO,100.161,627.45,37.72,352.18,0.532
C6H12O,trans-3-hexen-1-ol,CC/C=C/CCO,100.161,627.45,37.34,355.7,0.532
C6H12O,4-hexen-1-ol,CC=CCCCO,100.161,627.45,37.89,350.54,0.532
C6H12O,trans-4-hexen-1-ol,C/C=C/CCCO,100.161,627.45,37.89,350.54,0.532
C6H12O,5-hexen-1-ol,C=CCCCCO,100.161,627.45,39.03,340.34,0.532
C6H12O,1-methyl-2-penten-1-ol,CCC=CC(C)O,100.161,627.45,37.77,351.71,0.532
C6H12O,2-methyl-2-penten-1-ol,CCC=C(C)CO,100.161,627.45,37.77,351.71,0.532
C6H12O,4-methyl-2-penten-1-ol,CC(C)C=CCO,100.161,627.45,37.77,351.71,0.532
C6H12O,1-methyl-3-penten-1-ol,CC=CCC(C)O,100.161,627.45,37.77,351.71,0.532
C6H12O,2-methyl-3-penten-1-ol,CC=CC(C)CO,100.161,627.45,37.77,351.71,0.532
C6H12O,3-methyl-3-penten-1-ol,CC=C(C)CCO,100.161,627.45,37.77,351.71,0.532
C6H12O,4-methyl-3-penten-1-ol,CC(C)=CCCO,100.161,627.45,38.25,347.26,0.532
C6H12O,1-methyl-4-penten-1-ol,C=CCCC(C)O,100.161,627.45,37.77,351.71,0.532
C6H12O,2-methyl-4-penten-3-ol,C=CC(O)C(C)C,100.161,627.45,37.77,351.71,0.532
C6H12O,4-methyl-4-penten-2-ol,C=C(C)CC(C)O,100.161,627.45,37.77,351.71,0.532
C6H12O,3-methyl-1-penten-3-ol,C=CC(C)(O)CC,100.161,627.45,37.18,357.23,0.532
C6H12O,1-hexen-3-ol,C=CC(O)CCC,100.161,627.45,36.97,359.28,0.532
C6H12O,4-hexen-3-ol,CC=CC(O)CC,100.161,627.45,37.77,351.71,0.532
C6H12O2,2-methylpentanoic acid,CCCC(C)C(=O)O,116.16,654.61,33.71,403.02,0.615
C6H12O2,3-methylpentanoic acid,CCC(C)CC(=O)O,116.16,654.61,33.5,405.53,0.615
C6H12O2,4-methylpentanoic acid,CC(C)CCC(=O)O,116.16,654.61,33.34,407.48,0.615
C6H12O2,"2,2-dimethylbutanoic acid",CCC(C)(C)C(=O)O,116.16,654.61,33.56,404.8,0.615
C6H12O2,"2,3-dimethylbutanoic acid",CC(C)C(C)C(=O)O,116.16,654.61,33.56,404.85,0.615
C6H12O2,"3,3-dimethylbutanoic acid",CC(C)(C)CC(=O)O,116.16,654.61,32.9,412.9,0.615
C6H12O2,2-ethylbutanoic acid,CCC(CC)C(=O)O,116.16,654.61,33.19,409.35,0.615
C6H12O2,pentyl formate,CCCCCOC=O,116.16,,,401.88,
C6H12O2,1-methylbutyl formate,CCCC(C)OC=O,116.16,564.61,29.21,401.16,0.615
C6H12O2,2-methylbutyl formate,CCC(C)COC=O,116.16,564.61,29.21,401.16,0.615
C6H12O2,"1,1-dimethylpropyl formate",CCC(C)(C)OC=O,116.16,564.61,29.26,400.41,0.615
C6H12O2,"1,2-dimethylpropyl formate",CC(C)C(C)OC=O,116.16,564.61,29.21,401.16,0.615
C6H12O2,"2,2-dimethylpropyl formate",CC(C)(C)COC=O,116.16,564.61,29.21,401.16,0.615
C6H12O2,3-methylbutyl formate,CC(C)CCOC=O,116.16,564.61,28.89,405.52,0.615
C6H12O2,1-ethylpropyl formate,CCC(CC)OC=O,116.16,564.61,28.89,405.52,0.615
C6H12O2,butyl acetate,CCCCOC(C)=O,116.16,,,404.63,
C6H12O2,sec-butyl acetate,CCC(C)OC(C)=O,116.16,564.61,28.64,409.11,0.615
C6H12O2,isobutyl acetate,CC(=O)OCC(C)C,116.16,,,408.55,
C6H12O2,tert-butyl acetate,CC(=O)OC(C)(C)C,116.16,564.61,28.36,413.11,0.615
C6H12O2,propyl propanoate,CCCOC(=O)CC,116.16,,,404.08,
C6H12O2,isopropyl propanoate,CCC(=O)OC(C)C,116.16,,,407.42,0.615
C6H12O2,ethyl butanoate,CCCC(=O)OCC,116.16,,,405.75,0.615
C6H12O2,ethyl isobutanoate,CCOC(=O)C(C)C,116.16,,,411.96,
C6H12O2,methyl pentanoate,CCCCC(=O)OC,116.16,564.61,29.32,399.7,0.615
C6H12O2,methyl isopentanoate,COC(=O)CC(C)C,116.16,564.61,29.12,402.43,0.615
C6H12O2,methyl tert-pentanoate,CCC(C)C(=O)OC,116.16,564.61,28.84,406.3,0.615
C6H12O2,cyclohexyl peroxide,OOC1CCCCC1,116.16,685,41.57,342,0.615
C6H12O2,diacetone alcohol,CC(=O)CC(C)(C)O,116.16,606,32.5,387,0.615
C6H12O3,hydroxycaproic acid,CCCCC(O)C(=O)O,132.159,730,34.14,435,0.691
C6H12O3,paraldehyde,CC1OC(C)OC(C)O1,132.159,579,32.27,365,0.691
C6H12O3,2-ethyl-2-hydroxybutyric acid,CCC(O)(CC)C(=O)O,132.159,579,26.55,443.67,0.691
C6H12O3,L-a-hydroxyisocaproic acid,CC(C)C[C@H](O)C(=O)O,132.159,683,31.32,443.67,0.691
C6H12O3,propylene glycol monomethyl ether acetate,COCC(C)OC(C)=O,132.159,,,421,
C6H12O6,glucose,O=C[C@H](O)[C@@H](O)[C@H](O)[C@H](O)CO,180.156,755,34.95,414,0.885
C6H12O6,inositol,O[C@H]1[C@H](O)[C@@H](O)[C@H](O)[C@@H](O)[C@H]1O,180.156,850,39.54,412,0.885
C6H12S,thiacycloheptane,C1CCCSCC1,116.229,640.07,34.32,391.5,0.323
C6H12S,2-ethylthiacyclopentane,CCC1CCCS1,116.229,684.72,38.58,372.54,0.323
C6H12S,3-ethylthiacyclopentane,CCC1CCSC1,116.229,684.72,38.88,369.7,0.323
C6H12S,"2,2-dimethylthiacyclopentane",CC1(C)CCCS1,116.229,684.72,37.53,382.94,0.323
C6H12S,"2,cis-3-dimethylthiacyclopentane",C[C@@H]1CCS[C@@H]1C,116.229,684.72,37.53,382.94,0.323
C6H12S,"2,trans-3-dimethylthiacyclopentane",C[C@@H]1CCS[C@H]1C,116.229,684.72,37.53,382.94,0.323
C6H12S,"2,cis-4-dimethylthiacyclopentane",C[C@@H]1CS[C@H](C)C1,116.229,684.72,37.53,382.94,0.323
C6H12S,"2,trans-4-dimethylthiacyclopentane",C[C@@H]1CS[C@@H](C)C1,116.229,684.72,37.53,382.94,0.323
C6H12S,"2,cis-5-dimethylthiacyclopentane",C[C@@H]1CC[C@H](C)S1,116.229,684.72,37.53,382.94,0.323
C6H12S,"2,trans-5-dimethylthiacyclopentane",C[C@@H]1CC[C@@H](C)S1,116.229,684.72,37.36,384.7,0.323
C6H12S,"3,3-dimethylthiacyclopentane",CC1(C)CCSC1,116.229,684.72,37.36,384.7,0.323
C6H12S,"3,cis-4-dimethylthiacyclopentane",C[C@@H]1CSC[C@@H]1C,116.229,684.72,37.36,384.7,0.323
C6H12S,"3,trans-4-dimethylthiacyclopentane",C[C@@H]1CSC[C@H]1C,116.229,684.72,37.36,384.7,0.323
C6H12S,2-methylthiacyclohexane,CC1CCCCS1,116.229,684.72,38.54,372.97,0.323
C6H12S,3-methylthiacyclohexane,CC1CCCSC1,116.229,684.72,38.78,370.64,0.323
C6H12S,4-methylthiacyclohexane,CC1CCSCC1,116.229,684.72,38.76,370.78,0.323
C6H12S,cyclohexanethiol,SC1CCCCC1,116.229,664,39.26,355,0.323
C6H13Br,1-bromohexane,CCCCCCBr,165.074,602.87,31.69,457.05,0.498
C6H13Br,2-bromohexane,CCCCC(C)Br,165.074,602.87,31.4,461.27,0.498
C6H13Br,3-bromohexane,CCCC(Br)CC,165.074,602.87,31.64,457.76,0.498
C6H13Br,1-bromo-2-methylpentane,CCCC(C)CBr,165.074,602.87,31.8,455.51,0.498
C6H13Br,1-bromo-3-methylpentane,CCC(C)CCBr,165.074,602.87,31.96,453.19,0.498
C6H13Br,1-bromo-4-methylpentane,CC(C)CCCBr,165.074,602.87,31.49,460.03,0.498
C6H13Br,2-bromo-2-methylpentane,CCCC(C)(C)Br,165.074,602.87,31.88,454.3,0.498
C6H13Br,2-bromo-3-methylpentane,CCC(C)C(C)Br,165.074,602.87,31.73,456.45,0.498
C6H13Br,2-bromo-4-methylpentane,CC(C)CC(C)Br,165.074,602.87,31.11,465.55,0.498
C6H13Br,3-bromo-2-methylpentane,CCC(Br)C(C)C,165.074,602.87,31.73,456.45,0.498
C6H13Br,3-bromo-3-methylpentane,CCC(C)(Br)CC,165.074,602.87,31.96,453.14,0.498
C6H13Br,"1-bromo-2,2-dimethylbutane",CCC(C)(C)CBr,165.074,602.87,31.63,457.9,0.498
C6H13Br,"1-bromo-2,3-dimethylbutane",CC(C)C(C)CBr,165.074,602.87,32.38,447.26,0.498
C6H13Br,"1-bromo-3,3-dimethylbutane",CC(C)(C)CCBr,165.074,602.87,31.07,466.13,0.498
C6H13Br,"2-bromo-2,3-dimethylbutane",CC(C)C(C)(C)Br,165.074,602.87,32.07,451.62,0.498
C6H13Br,"2-bromo-3,3-dimethylbutane",CC(Br)C(C)(C)C,165.074,602.87,31.73,456.45,0.498
C6H13Br,1-bromo-2-ethylbutane,CCC(CC)CBr,165.074,602.87,32.05,451.99,0.498
C6H13Cl,1-chlorohexane,CCCCCCCl,120.623,588.05,30.63,434.47,0.342
C6H13Cl,2-chlorohexane,CCCCC(C)Cl,120.623,588.05,30.27,439.59,0.342
C6H13Cl,3-chlorohexane,CCCC(Cl)CC,120.623,588.05,30.21,440.45,0.342
C6H13Cl,1-chloro-2-methylpentane,CCCC(C)CCl,120.623,588.05,30.47,436.8,0.342
C6H13Cl,1-chloro-3-methylpentane,CCC(C)CCCl,120.623,588.05,30.78,432.33,0.342
C6H13Cl,1-chloro-4-methylpentane,CC(C)CCCCl,120.623,588.05,30.47,436.8,0.342
C6H13Cl,2-chloro-2-methylpentane,CCCC(C)(C)Cl,120.623,588.05,29.97,444.02,0.342
C6H13Cl,2-chloro-3-methylpentane,CCC(C)C(C)Cl,120.623,588.05,30.47,436.8,0.342
C6H13Cl,2-chloro-4-methylpentane,CC(C)CC(C)Cl,120.623,588.05,29.88,445.39,0.342
C6H13Cl,3-chloro-2-methylpentane,CCC(Cl)C(C)C,120.623,588.05,30.47,436.8,0.342
C6H13Cl,3-chloro-3-methylpentane,CCC(C)(Cl)CC,120.623,588.05,30.55,435.6,0.342
C6H13Cl,1-chloro-2-ethylbutane,CCC(CC)CCl,120.623,588.05,31.16,427.12,0.342
C6H13Cl,"1-chloro-2,2-dimethylbutane",CCC(C)(C)CCl,120.623,588.05,30.66,434.05,0.342
C6H13Cl,"1-chloro-2,3-dimethylbutane",CC(C)C(C)CCl,120.623,588.05,27.96,475.91,0.342
C6H13Cl,"1-chloro-3,3-dimethylbutane",CC(C)(C)CCCl,120.623,588.05,30.17,441.06,0.342
C6H13Cl,"2-chloro-2,3-dimethylbutane",CC(C)C(C)(C)Cl,120.623,588.05,28.09,473.81,0.342
C6H13Cl,"2-chloro-3,3-dimethylbutane",CC(Cl)C(C)(C)C,120.623,588.05,30.54,435.78,0.342
C6H13F,1-fluorohexane,CCCCCCF,104.168,525.42,34.37,345.06,0.303
C6H13F,2-fluorohexane,CCCCC(C)F,104.168,525.42,35.04,338.47,0.303
C6H13F,3-fluorohexane,CCCC(F)CC,104.168,525.42,35.04,338.47,0.303
C6H13F,1-fluoro-2-methylpentane,CCCC(C)CF,104.168,525.42,35.04,338.47,0.303
C6H13F,1-fluoro-3-methylpentane,CCC(C)CCF,104.168,525.42,35.04,338.47,0.303
C6H13F,1-fluoro-4-methylpentane,CC(C)CCCF,104.168,525.42,35.04,338.47,0.303
C6H13F,2-fluoro-2-methylpentane,CCCC(C)(C)F,104.168,525.42,35.04,338.47,0.303
C6H13F,2-fluoro-3-methylpentane,CCC(C)C(C)F,104.168,525.42,35.04,338.47,0.303
C6H13F,2-fluoro-4-methylpentane,CC(C)CC(C)F,104.168,525.42,35.04,338.47,0.303
C6H13F,3-fluoro-2-methylpentane,CCC(F)C(C)C,104.168,525.42,35.04,338.47,0.303
C6H13F,3-fluoro-3-methylpentane,CCC(C)(F)CC,104.168,525.42,35.04,338.47,0.303
C6H13F,"1-fluoro-2,2-dimethylbutane",CCC(C)(C)CF,104.168,525.42,35.04,338.47,0.303
C6H13F,"1-fluoro-2,3-dimethylbutane",CC(C)C(C)CF,104.168,525.42,35.04,338.47,0.303
C6H13F,"1-fluoro-3,3-dimethylbutane",CC(C)(C)CCF,104.168,525.42,35.04,338.47,0.303
C6H13F,"2-fluoro-2,3-dimethylbutane",CC(C)C(C)(C)F,104.168,525.42,35.04,338.47,0.303
C6H13F,"2-fluoro-3,3-dimethylbutane",CC(F)C(C)(C)C,104.168,525.42,35.04,338.47,0.303
C6H13I,1-iodohexane,CCCCCCI,212.074,704.38,30.22,504.47,0.288
C6H13I,2-iodohexane,CCCCC(C)I,212.074,697.25,29.29,515.16,0.288
C6H13I,3-iodohexane,CCCC(I)CC,212.074,697.25,29.49,511.73,0.288
C6H13I,1-iodo-2-methylpentane,CCCC(C)CI,212.074,697.25,29.49,511.73,0.288
C6H13I,1-iodo-3-methylpentane,CCC(C)CCI,212.074,697.25,28.82,523.65,0.288
C6H13I,1-iodo-4-methylpentane,CC(C)CCCI,212.074,697.25,29.53,510.99,0.288
C6H13I,2-iodo-2-methylpentane,CCCC(C)(C)I,212.074,697.25,29.49,511.73,0.288
C6H13I,2-iodo-3-methylpentane,CCC(C)C(C)I,212.074,697.25,29.49,511.73,0.288
C6H13I,2-iodo-4-methylpentane,CC(C)CC(C)I,212.074,697.25,29.49,511.73,0.288
C6H13I,3-iodo-2-methylpentane,CCC(I)C(C)C,212.074,697.25,29.49,511.73,0.288
C6H13I,3-iodo-3-methylpentane,CCC(C)(I)CC,212.074,697.25,29.49,511.73,0.288
C6H13I,"1-iodo-2,2-dimethylbutane",CCC(C)(C)CI,212.074,697.25,29.49,511.73,0.288
C6H13I,"1-iodo-2,3-dimethylbutane",CC(C)C(C)CI,212.074,697.25,29.49,511.73,0.288
C6H13I,"1-iodo-3,3-dimethylbutane",CC(C)(C)CCI,212.074,697.25,29.49,511.73,0.288
C6H13I,"2-iodo-2,3-dimethylbutane",CC(C)C(C)(C)I,212.074,697.25,30.01,502.79,0.288
C6H13I,"2-iodo-3,3-dimethylbutane",CC(I)C(C)(C)C,212.074,697.25,29.49,511.73,0.288
C6H13N,cyclohexylamine,NC1CCCCC1,99.177,644.82,40.11,348.72,0.394
C6H13N,1-methylcyclopentanamine,CC1(N)CCCC1,99.177,644.82,36.76,380.5,0.394
C6H13N,2-methylcyclopentanamine,CC1CCCC1N,99.177,644.82,36.67,381.36,0.394
C6H13N,hexamethyleneimine,C1CCCNCC1,99.177,624,37.49,361,0.394
C6H13N,"1,2-dimethylpyrrolidine",CC1CCCN1C,99.177,599.82,33.16,392.3,0.394
C6H13N,"2,2-dimethylpyrrolidine",CC1(C)CCCN1,99.177,639.82,35.39,392.12,0.394
C6H13N,"2,4-dimethylpyrrolidine",CC1CNC(C)C1,99.177,639.82,35.84,387.24,0.394
C6H13N,"cis-2,5-dimethylpyrrolidine",C[C@@H]1CC[C@H](C)N1,99.177,639.82,35.36,392.46,0.394
C6H13N,1-ethylpyrrolidine,CCN1CCCC1,99.177,599.82,32.91,395.29,0.394
C6H13N,1-methylpiperidine,CN1CCCCC1,99.177,624.82,34.7,390.59,0.394
C6H13N,2-methylpiperidine,CC1CCCCN1,99.177,624.82,36.11,375.25,0.394
C6H13N,3-methylpiperidine,CC1CCCNC1,99.177,624.82,36.17,374.72,0.394
C6H13N,4-methylpiperidine,CC1CCNCC1,99.177,624.82,37.34,362.93,0.394
C6H13N,"2,5-dimethylpyrrolidine, cis and trans",CC1CCC(C)N1,99.177,639.82,34.82,398.57,0.394
C6H13N,(S)-(+)-2-methylpiperidine,C[C@H]1CCCCN1,99.177,624.82,35.06,386.55,0.394
C6H13NO,N-butylacetamide,CCCCNC(C)=O,115.176,700,30.89,481.8,0.431
C6H13NO,"N,N-diethylacetamide",CCN(CC)C(C)=O,115.176,700,31.6,471.05,0.431
C6H13NO2,1-nitrohexane,CCCCCC[N+](=O)[O-],131.175,737.37,29.02,529.53,0.464
C6H13NO2,2-nitrohexane,CCCCC(C)[N+](=O)[O-],131.175,737.37,28.3,543.1,0.464
C6H13NO2,3-nitrohexane,CCCC(CC)[N+](=O)[O-],131.175,737.37,28.74,534.71,0.464
C6H13NO2,2-nitro-3-methylpentane,CCC(C)C(C)[N+](=O)[O-],131.175,737.37,29.06,528.82,0.464
C6H13NO2,"1-nitro-2,2-dimethylbutane",CCC(C)(C)C[N+](=O)[O-],131.175,737.37,29.06,528.82,0.464
C6H13NO2,"1-nitro-2,3-dimethylbutane",CC(C)C(C)C[N+](=O)[O-],131.175,737.37,29.63,518.65,0.464
C6H13NO2,"2-nitro-2,3-dimethylbutane",CC(C)C(C)(C)[N+](=O)[O-],131.175,737.37,27.8,552.94,0.464
C6H13NO2,"2-nitro-3,3-dimethylbutane",CC([N+](=O)[O-])C(C)(C)C,131.175,737.37,29.06,528.82,0.464
C6H14N2,"1,4-dimethylpiperazine",CN1CCN(C)CC1,114.192,710.7,40,378.23,0.429
C6H14N2,"cis-2,5-dimethylpiperazine",C[C@H]1CN[C@@H](C)CN1,114.192,710.7,43.03,351.57,0.429
C6H14N2,"trans-2,5-dimethylpiperazine",C[C@@H]1CN[C@@H](C)CN1,114.192,710.7,43.03,351.57,0.429
C6H14N2,"cis-2,6-dimethylpiperazine",C[C@@H]1CNC[C@H](C)N1,114.192,710.7,43.03,351.57,0.429
C6H14N2,"2,5-dimethylpiperazine",CC1CNC(C)CN1,114.192,710.7,43.03,351.57,0.429
C6H14N2,"2,6-dimethylpiperazine",CC1CNCC(C)N1,114.192,710.7,43.03,351.57,0.429
C6H14N2,1-ethylpiperazine,CCN1CCNCC1,114.192,710.7,42.07,359.59,0.429
C6H14N2O,1-piperazineethanol,OCCN1CCNCC1,130.191,711,38.44,386,0.462
C6H14N2O2,lysine,NCCCC[C@H](N)C(=O)O,146.19,821,33.46,502,0.492
C6H14O,"2-hexanol, (R)",CCCC[C@@H](C)O,102.177,,,,0.543
C6H14O,(S)-(+)-2-hexanol,CCCC[C@H](C)O,102.177,596.03,33.35,,0.543
C6H14O,(RS)-2-hexanol,CCCCC(C)O,102.177,,,,0.543
C6H14O,3-hexanol,CCCC(O)CC,102.177,596.03,32.78,,0.543
C6H14O,"3-hexanol, (R)",CCC[C@H](O)CC,102.177,596.03,33.35,,0.543
C6H14O,2-methyl-1-pentanol,CCCC(C)CO,102.177,,,380.38,
C6H14O,3-methyl-1-pentanol,CCC(C)CCO,102.177,596.03,32.75,384.27,0.543
C6H14O,4-methyl-2-pentanol,CC(C)CC(C)O,102.177,,,392.89,0.543
C6H14O,3-methyl-2-pentanol,CCC(C)C(C)O,102.177,596.03,33.74,,0.543
C6H14O,2-methyl-3-pentanol,CCC(O)C(C)C,102.177,596.03,33.3,,0.543
C6H14O,3-methyl-3-pentanol,CCC(C)(O)CC,102.177,,,382.15,
C6H14O,2-ethyl-1-butanol,CCC(CC)CO,102.177,596.03,33.19,379.28,0.543
C6H14O,"2,2-dimethyl-1-butanol",CCC(C)(C)CO,102.177,596.03,33.47,,0.543
C6H14O,"2,3-dimethyl-1-butanol",CC(C)C(C)CO,102.177,596.03,33.74,,0.543
C6H14O,"3,3-dimethyl-1-butanol",CC(C)(C)CCO,102.177,596.03,33.47,,0.543
C6H14O,"2,3-dimethyl-2-butanol",CC(C)C(C)(C)O,102.177,596.03,33.65,,0.543
C6H14O,"3,3-dimethyl-2-butanol",CC(O)C(C)(C)C,102.177,596.03,33.65,,0.543
C6H14O,tert-hexyl alcohol,CCCC(C)(C)O,102.177,596.03,33.35,,0.543
C6H14O,methyl 1-methylbutyl ether,CCCC(C)OC,102.177,526.03,28.48,390.07,0.543
C6H14O,methyl 1-ethylpropyl ether,CCC(CC)OC,102.177,526.03,28.43,390.7,0.543
C6H14O,methyl 2-methylbutyl ether,CCC(C)COC,102.177,526.03,28.3,392.59,0.543
C6H14O,methyl 3-methylbutyl ether,COCCC(C)C,102.177,526.03,28.34,391.96,0.543
C6H14O,methyl tert-pentyl ether,CCC(C)(C)OC,102.177,526.03,29.21,380.32,0.543
C6H14O,"methyl 1,2-dimethylpropyl ether",COC(C)C(C)C,102.177,526.03,28.66,387.53,0.543
C6H14O,ethyl butyl ether,CCCCOCC,102.177,526.03,28.25,393.22,0.543
C6H14O,ethyl sec-butyl ether,CCOC(C)CC,102.177,526.03,27.92,397.89,0.543
C6H14O,ethyl isobutyl ether,CCOCC(C)C,102.177,526.03,27.67,401.42,0.543
C6H14O,ethyl tert-butyl ether,CCOC(C)(C)C,102.177,526.03,27.79,399.78,0.543
C6H14O,dipropyl ether,CCCOCCC,102.177,,,395.77,
C6H14O,propyl isopropyl ether,CCCOC(C)C,102.177,526.03,27.66,401.61,0.543
C6H14O,"methyl 2,2-dimethylpropyl ether",COCC(C)(C)C,102.177,526.03,28.66,387.59,0.543
C6H14O2,acetal,CCOC(C)OCC,118.176,,,402,
C6H14O2,1-(1-methylethoxy)-2-propanol,CC(O)COC(C)C,118.176,637.84,30.65,430.77,0.625
C6H14O2,2-(2-methylpropoxy)ethanol,CC(C)COCCO,118.176,637.84,31.11,424.39,0.625
C6H14O2,1-propoxy-2-propanol,CCCOCC(C)O,118.176,637.84,31.05,425.19,0.625
C6H14O2,ethylene glycol diethyl ether,CCOCCOCC,118.176,637.84,29.38,449.48,0.625
C6H14O2,3-methoxy-3-methylbutanol,COC(C)(C)CCO,118.176,637.84,32.29,408.91,0.625
C6H14O2,ethylene glycol mono-sec-butyl ether,CCC(C)OCCO,118.176,637.84,31,425.9,0.625
C6H14O2,hexylene glycol,OCCCCCCO,118.176,777.84,34.69,464.11,0.625
C6H14O2,"1,2-hexanediol",CCCCC(O)CO,118.176,777.84,37.72,426.86,0.625
C6H14O2,"1,3-hexanediol",CCCC(O)CCO,118.176,777.84,36.52,440.96,0.625
C6H14O2,"1,4-hexanediol",CCC(O)CCCO,118.176,777.84,37.32,431.43,0.625
C6H14O2,"1,5-hexanediol",CC(O)CCCCO,118.176,777.84,36.79,437.67,0.625
C6H14O2,"2,3-hexanediol",CCCC(O)C(C)O,118.176,777.84,37.99,423.91,0.625
C6H14O2,"2,4-hexanediol",CCC(O)CC(C)O,118.176,777.84,36.22,444.52,0.625
C6H14O2,"2,5-hexanediol",CC(O)CCC(C)O,118.176,777.84,36.65,439.31,0.625
C6H14O2,"(2R,5R)-2,5-hexanediol",C[C@@H](O)CC[C@@H](C)O,118.176,777.84,37.72,426.86,0.625
C6H14O2,"(2S,5S)-2,5-hexanediol",C[C@H](O)CC[C@H](C)O,118.176,777.84,37.72,426.86,0.625
C6H14O2,"3,4-hexanediol",CCC(O)C(O)CC,118.176,777.84,37.72,426.86,0.625
C6H14O2,"(R)-(-)-2-methyl-2,4-pentanediol",C[C@@H](O)CC(C)(C)O,118.176,777.84,35.6,452.26,0.625
C6H14O2,"2-methyl-1,2-pentanediol",CCCC(C)(O)CO,118.176,777.84,37.72,426.86,0.625
C6H14O2,"2-methyl-1,3-pentanediol",CCC(O)C(C)CO,118.176,777.84,37.72,426.86,0.625
C6H14O2,"2-methyl-1,5-pentanediol",CC(CO)CCCO,118.176,777.84,37.72,426.86,0.625
C6H14O2,"2-methyl-2,3-pentanediol",CCC(O)C(C)(C)O,118.176,777.84,37.72,426.86,0.625
C6H14O2,"3-methyl-1,3-pentanediol",CCC(C)(O)CCO,118.176,777.84,37.72,426.86,0.625
C6H14O2,"3-methyl-1,5-pentanediol",CC(CCO)CCO,118.176,777.84,37.72,426.86,0.625
C6H14O2,"3-methyl-2,3-pentanediol",CCC(C)(O)C(C)O,118.176,777.84,37.72,426.86,0.625
C6H14O2,"3-methyl-2,4-pentanediol",CC(O)C(C)C(C)O,118.176,777.84,36.79,437.67,0.625
C6H14O2,"4-methyl-1,4-pentanediol",CC(C)(O)CCCO,118.176,777.84,37.72,426.86,0.625
C6H14O2,"DL-erythro-4-methyl-2,3-pentanediol",CC(C)[C@H](O)[C@@H](C)O,118.176,777.84,37.72,426.86,0.625
C6H14O2,"DL-threo-4-methyl-2,3-pentanediol",CC(C)[C@H](O)[C@H](C)O,118.176,777.84,37.72,426.86,0.625
C6H14O2,"2-ethyl-1,2-butanediol",CCC(O)(CC)CO,118.176,777.84,37.72,426.86,0.625
C6H14O2,"2-ethyl-1,3-butanediol",CCC(CO)C(C)O,118.176,777.84,36.97,435.5,0.625
C6H14O2,"2-ethyl-1,4-butanediol",CCC(CO)CCO,118.176,777.84,37.72,426.86,0.625
C6H14O2,"2,2-dimethyl-1,3-butanediol",CC(O)C(C)(C)CO,118.176,777.84,37.72,426.86,0.625
C6H14O2,"2,2-dimethyl-1,4-butanediol",CC(C)(CO)CCO,118.176,777.84,37.72,426.86,0.625
C6H14O2,"2,3-dimethyl-1,2-butanediol",CC(C)C(C)(O)CO,118.176,777.84,37.72,426.86,0.625
C6H14O2,"2,3-dimethyl-1,3-butanediol",CC(CO)C(C)(C)O,118.176,777.84,36.79,437.67,0.625
C6H14O2,"2,3-dimethyl-2,3-butanediol",CC(C)(O)C(C)(C)O,118.176,777.84,37.72,426.86,0.625
C6H14O2,"3,3-dimethyl-1,2-butanediol",CC(C)(C)C(O)CO,118.176,777.84,37.72,426.86,0.625
C6H14O2,"2-propyl-1,3-propanediol",CCCC(CO)CO,118.176,777.84,37.72,426.86,0.625
C6H14O2,"2-isopropyl-1,3-propanediol",CC(C)C(CO)CO,118.176,777.84,37.72,426.86,0.625
C6H14O2,"2-methyl-2-ethyl-1,3-propanediol",CCC(C)(CO)CO,118.176,777.84,37.72,426.86,0.625
C6H14O2S,dipropyl sulfone,CCCS(=O)(=O)CCC,150.243,763,33.16,463,0.39
C6H14O3,diethylene glycol dimethyl ether,COCCOCCOC,134.175,608,29.24,422,0.7
C6H14O3,dipropylene glycol,CC(O)COC(C)CO,134.175,654,31.98,415,0.7
C6H14O3,2-(2-ethoxyethoxy)ethanol,CCOCCOCCO,134.175,656,30.53,436,0.7
C6H14O3,trimethylolpropane,CCC(CO)(CO)CO,134.175,709,34.59,416,0.7
C6H14O4,triethylene glycol,OCCOCCOCCO,150.174,,,443,0.769
C6H14O6,sorbitol,OC[C@@H](O)[C@@H](O)[C@H](O)[C@@H](O)CO,182.172,868,34.36,483,0.892
C6H14S,1-hexanethiol,CCCCCCS,118.245,612.95,29.4,436.58,0.327
C6H14S,2-hexanethiol,CCCCC(C)S,118.245,612.95,29.11,440.87,0.327
C6H14S,3-hexanethiol,CCCC(S)CC,118.245,612.95,29.56,434.2,0.327
C6H14S,2-methyl-1-pentanethiol,CCCC(C)CS,118.245,612.95,29.56,434.2,0.327
C6H14S,3-methyl-1-pentanethiol,CCC(C)CCS,118.245,612.95,29.56,434.2,0.327
C6H14S,4-methyl-1-pentanethiol,CC(C)CCCS,118.245,612.95,29.56,434.2,0.327
C6H14S,2-methyl-2-pentanethiol,CCCC(C)(C)S,118.245,612.95,29.56,434.2,0.327
C6H14S,3-methyl-2-pentanethiol,CCC(C)C(C)S,118.245,612.95,29.56,434.2,0.327
C6H14S,4-methyl-2-pentanethiol,CC(C)CC(C)S,118.245,612.95,29.56,434.2,0.327
C6H14S,"2,3-dimethyl-2-butanethiol",CC(C)C(C)(C)S,118.245,612.95,29.56,434.2,0.327
C6H14S,2-thiaheptane,CCCCCSC,118.245,612.95,29.48,435.33,0.327
C6H14S,3-thiaheptane,CCCCSCC,118.245,612.95,29.23,439.09,0.327
C6H14S,4-thiaheptane,CCCSCCC,118.245,612.95,29.23,439.09,0.327
C6H14S,diisopropyl sulfide,CC(C)SC(C)C,118.245,612.95,28.77,446.15,0.327
C6H14S,3-methyl-2-thiahexane,CCCC(C)SC,118.245,612.95,29.44,435.95,0.327
C6H14S,4-methyl-2-thiahexane,CCC(C)CSC,118.245,612.95,29.44,435.95,0.327
C6H14S,5-methyl-2-thiahexane,CSCCC(C)C,118.245,612.95,29.44,435.95,0.327
C6H14S,2-methyl-3-thiahexane,CCCSC(C)C,118.245,612.95,28.79,445.83,0.327
C6H14S,4-methyl-3-thiahexane,CCSC(C)CC,118.245,612.95,29.13,440.55,0.327
C6H14S,5-methyl-3-thiahexane,CCSCC(C)C,118.245,612.95,28.94,443.5,0.327
C6H14S,3-ethyl-2-thiapentane,CCC(CC)SC,118.245,612.95,28.94,443.5,0.327
C6H14S,"3,3-dimethyl-2-thiapentane",CCC(C)(C)SC,118.245,612.95,28.52,450.03,0.327
C6H14S,"3,4-dimethyl-2-thiapentane",CSC(C)C(C)C,118.245,612.95,28.52,450.03,0.327
C6H14S,"4,4-dimethyl-2-thiapentane",CSCC(C)(C)C,118.245,612.95,28.52,450.03,0.327
C6H14S,"2,2-dimethyl-3-thiapentane",CCSC(C)(C)C,118.245,612.95,28.52,450.03,0.327
C6H14S2,"1,6-hexanedithiol",SCCCCCCS,150.312,744.82,31.43,476.82,0.39
C6H14S2,"1,5-hexanedithiol",CC(S)CCCCS,150.312,744.82,31.98,468.61,0.39
C6H14S2,"1,4-hexanedithiol",CCC(S)CCCS,150.312,744.82,31.98,468.61,0.39
C6H14S2,"1,3-hexanedithiol",CCCC(S)CCS,150.312,744.82,31.98,468.61,0.39
C6H14S2,"1,2-hexanedithiol",CCCCC(S)CS,150.312,744.82,31.98,468.61,0.39
C6H14S2,"2,3-dithiaoctane",CCCCCSSC,150.312,689.82,27.68,501.43,0.39
C6H14S2,"3,4-dithiaoctane",CCCCSSCC,150.312,689.82,28.1,493.92,0.39
C6H14S2,"4,5-dithiaoctane",CCCSSCCC,150.312,689.82,27.93,497.03,0.39
C6H14S2,"2,4-dithiaoctane",CCCCSCSC,150.312,689.82,28.7,483.66,0.39
C6H14S2,"3,5-dithiaoctane",CCCSCSCC,150.312,689.82,28.7,483.66,0.39
C6H14S2,"3,6-dithiaoctane",CCSCCSCC,150.312,689.82,28.7,483.66,0.39
C6H14S2,"2,5-dimethyl-3,4-diathiahexane",CC(C)SSC(C)C,150.312,689.82,27.52,504.3,0.39
C6H14S2,"2,2-dimethyl-3,4-dithiahexane",CCSSC(C)(C)C,150.312,689.82,28.7,483.66,0.39
C6H14S2,"4-methyl-3,4-dithiaheptane",CCCSSC(C)C,150.312,689.82,28.7,483.66,0.39
C6H15Al,triethyl aluminum,CC[Al](CC)CC,114.168,,,230,0.842
C6H15Al2Cl3,ethyl aluminum sesquichloride,CC[Al](Cl)CC.CC[Al](Cl)Cl,247.509,791,70,337.53,
C6H15N,hexylamine,CCCCCCN,101.193,589.15,32.88,387.72,0.399
C6H15N,2-aminohexane,CCCCC(C)N,101.193,589.15,32.98,386.5,0.399
C6H15N,3-aminohexane,CCCC(N)CC,101.193,589.15,33.34,382.28,0.399
C6H15N,1-amino-2-methylpentane,CCCC(C)CN,101.193,589.15,32.98,386.5,0.399
C6H15N,1-amino-3-methylpentane,CCC(C)CCN,101.193,589.15,33.19,384.08,0.399
C6H15N,1-amino-4-methylpentane,CC(C)CCCN,101.193,589.15,33.34,382.28,0.399
C6H15N,2-amino-2-methylpentane,CCCC(C)(C)N,101.193,589.15,31.94,399.02,0.399
C6H15N,2-amino-3-methylpentane,CCC(C)C(C)N,101.193,589.15,32.31,394.55,0.399
C6H15N,2-amino-4-methylpentane,CC(C)CC(C)N,101.193,589.15,32.08,397.35,0.399
C6H15N,3-amino-2-methylpentane,CCC(N)C(C)C,101.193,589.15,32.31,394.55,0.399
C6H15N,3-amino-3-methylpentane,CCC(C)(N)CC,101.193,589.15,32.82,388.33,0.399
C6H15N,"1-amino-2,2-dimethylbutane",CCC(C)(C)CN,101.193,589.15,32.82,388.33,0.399
C6H15N,"1-amino-2,3-dimethylbutane",CC(C)C(C)CN,101.193,589.15,32.45,392.85,0.399
C6H15N,"1-amino-3,3-dimethylbutane",CC(C)(C)CCN,101.193,589.15,32.82,388.33,0.399
C6H15N,"2-amino-2,3-dimethylbutane",CC(C)C(C)(C)N,101.193,589.15,32.82,388.33,0.399
C6H15N,"2-amino-3,3-dimethyl butane",CC(N)C(C)(C)C,101.193,589.15,32.82,388.33,0.399
C6H15N,1-amino-2-ethylbutane,CCC(CC)CN,101.193,589.15,32.82,388.33,0.399
C6H15N,methylpentylamine,CCCCCNC,101.193,549.15,29.77,399.08,0.399
C6H15N,methyl-1-methylbutylamine,CCCC(C)NC,101.193,549.15,29.63,400.96,0.399
C6H15N,methyl-2-methylbutylamine,CCC(C)CNC,101.193,549.15,29.63,400.96,0.399
C6H15N,methyl-3-methylbutylamine,CNCCC(C)C,101.193,549.15,29.63,400.96,0.399
C6H15N,"methyl-1,2-dimethylpropylamine",CNC(C)C(C)C,101.193,549.15,29.63,400.96,0.399
C6H15N,"methyl-2,2-dimethylpropylamine",CNCC(C)(C)C,101.193,549.15,29.63,400.96,0.399
C6H15N,ethylbutylamine,CCCCNCC,101.193,549.15,29.41,403.97,0.399
C6H15N,ethyl-sec-butylamine,CCNC(C)CC,101.193,549.15,29.15,407.62,0.399
C6H15N,ethylisobutylamine,CCNCC(C)C,101.193,549.15,29.15,407.56,0.399
C6H15N,ethyl-tert-butylamine,CCNC(C)(C)C,101.193,549.15,29.15,407.56,0.399
C6H15N,di-propylamine,CCCNCCC,101.193,,,402.92,
C6H15N,diisopropylamine,CC(C)NC(C)C,101.193,,,419.25,
C6H15N,propylisopropylamine,CCCNC(C)C,101.193,549.15,28.83,412.16,0.399
C6H15N,methylethylpropylamine,CCCN(C)CC,101.193,549.15,28.58,415.74,0.399
C6H15N,methylethylisopropylamine,CCN(C)C(C)C,101.193,549.15,28.74,413.39,0.399
C6H15N,dimethylbutylamine,CCCCN(C)C,101.193,549.15,28.49,417.07,0.399
C6H15N,dimethyl-sec-butylamine,CCC(C)N(C)C,101.193,549.15,29.34,404.89,0.399
C6H15N,dimethylisobutylamine,CC(C)CN(C)C,101.193,549.15,28.67,414.36,0.399
C6H15N,dimethyl-tert-butylamine,CN(C)C(C)(C)C,101.193,549.15,29.52,402.46,0.399
C6H15NO2,diisopropanolamine,CC(O)CNCC(C)O,133.191,,,454,0.468
C6H15NO3,triethanolamine,OCCN(CCO)CCO,149.19,,,472,0.498
C6H15N3,N-aminoethyl piperazine,NCCN1CCNCC1,129.207,708,36.35,407,0.46
C6H15O4P,triethyl phosphate,CCOP(=O)(OCC)OCC,182.156,757,68.4,586,0.414
C6H16Si,triethylsilane,CC[SiH](CC)CC,116.28,568.1,26.24,481.36,0.253
C6H16Si,trimethylpropylsilane,CCC[Si](C)(C)C,116.28,550.57,24.99,489.88,0.253
C6H16Si,tert-butyldimethylsilane,C[SiH](C)C(C)(C)C,116.28,571.72,25.15,505.52,0.253
C6H18N4,triethylene tetramine,NCCNCCNCCN,146.238,718,30.47,482,0.492
C6H18OSi2,hexamethyldisiloxane,C[Si](C)(C)O[Si](C)(C)C,162.381,,,601,
C6H18O3Si3,hexamethylcyclotrisiloxane,C[Si]1(C)O[Si](C)(C)O[Si](C)(C)O1,222.465,554.2,16.63,634,0.474
C6H19NSi2,hexamethyldisilazane,C[Si](C)(C)N[Si](C)(C)C,161.397,544,19.2,613,0.51
C7F14,perfluoro-1-heptene,FC(F)=C(F)C(F)(F)C(F)(F)C(F)(F)C(F)(F)C(F)(F)F,350.049,633.55,19.82,531.39,0.56
C7F16,perfluoroheptane,FC(F)(F)C(F)(F)C(F)(F)C(F)(F)C(F)(F)C(F)(F)C(F)(F)F,388.045,556.32,13.35,660.73,0.596
C7H3ClF3NO2,4-chloro-3-nitrobenzotrifluoride,O=[N+]([O-])c1cc(C(F)(F)F)ccc1Cl,225.553,686,27.4,490,0.607
C7H3Cl2F3,"2,4-dichlorobenzotrifluoride",FC(F)(F)c1ccc(Cl)cc1Cl,215.001,646,28.1,443,0.434
C7H3Cl2NO,"3,4-dichlorophenyl isocyanate",O=C=Nc1ccc(Cl)c(Cl)c1,188.013,733,33.45,456,0.462
C7H4ClF3,p-chlorobenzotrifluoride,FC(F)(F)c1ccc(Cl)cc1,180.556,601,30.1,399,0.372
C7H4Cl2O,m-chlorobenzoyl chloride,O=C(Cl)c1cccc(Cl)c1,175.014,724,37.72,406,0.442
C7H4Cl4,1-chloro-2-(trichloromethyl)benzene,Clc1ccccc1C(Cl)(Cl)Cl,229.921,768.04,31.98,474.38,0.452
C7H4Cl4,1-chloro-3-(trichloromethyl)benzene,Clc1cccc(C(Cl)(Cl)Cl)c1,229.921,756.65,30.92,483.41,0.452
C7H4Cl4,1-chloro-4-(trichloromethyl)benzene,Clc1ccc(C(Cl)(Cl)Cl)cc1,229.921,744.07,29.22,503.01,0.452
C7H4Cl4,"1,2-dichloro-4-(dichloromethyl)benzene",Clc1ccc(C(Cl)Cl)cc1Cl,229.921,756.65,31.42,475.77,0.452
C7H4Cl4,"1,2,3,5-tetrachloro-4-methylbenzene",Cc1c(Cl)cc(Cl)c(Cl)c1Cl,229.921,756.65,31.15,479.79,0.452
C7H4Cl4,"1,2,4,5-tetrachloro-3-methylbenzene",Cc1c(Cl)c(Cl)cc(Cl)c1Cl,229.921,756.65,31.15,479.79,0.452
C7H4Cl4,"1,2,4-trichloro-5-(chloromethyl)benzene",ClCc1cc(Cl)c(Cl)cc1Cl,229.921,756.65,32.21,463.98,0.452
C7H4F3NO2,3-nitrobenzotrifluoride,O=[N+]([O-])c1cccc(C(F)(F)F)c1,191.108,667,28,441,0.536
C7H5ClO,benzoyl chloride,O=C(Cl)c1ccccc1,140.569,697,41.92,367,0.382
C7H5ClO2,o-chlorobenzoic acid,O=C(O)c1ccccc1Cl,156.568,792,44.75,383,0.411
C7H5Cl3,benzotrichloride,ClC(Cl)(Cl)c1ccccc1,195.476,728.93,32.46,463.04,0.404
C7H5Cl3,"1,2-dichloro-4-(chloromethyl)benzene",ClCc1ccc(Cl)c(Cl)c1,195.476,743.95,33.88,452.71,0.404
C7H5Cl3,"1,3-dichloro-5-(chloromethyl)benzene",ClCc1cc(Cl)cc(Cl)c1,195.476,728.93,33.2,452.71,0.404
C7H5Cl3,"1,2,3-trichloro-4-methylbenzene",Cc1ccc(Cl)c(Cl)c1Cl,195.476,728.93,33.2,452.71,0.404
C7H5Cl3,"1,2,3-trichloro-5-methylbenzene",Cc1cc(Cl)c(Cl)c(Cl)c1,195.476,728.93,33.2,452.71,0.404
C7H5Cl3,"1,2,4-trichloro-5-methylbenzene",Cc1cc(Cl)c(Cl)cc1Cl,195.476,730.97,33.29,452.71,0.404
C7H5Cl3,"1,2,5-trichloro-3-methylbenzene",Cc1cc(Cl)cc(Cl)c1Cl,195.476,728.93,33.2,452.71,0.404
C7H5Cl3,3-chlorobenzal chloride,Clc1cccc(C(Cl)Cl)c1,195.476,728.93,33.2,452.71,0.404
C7H5Cl3,"2,6-dichlorobenzyl chloride",ClCc1c(Cl)cccc1Cl,195.476,728.93,33.2,452.71,0.404
C7H5Cl3,"2,4-dichlorobenzyl chloride",ClCc1ccc(Cl)cc1Cl,195.476,753.82,34.66,448.46,0.404
C7H5Cl3,"2,3,6-trichlorotoluene",Cc1c(Cl)ccc(Cl)c1Cl,195.476,728.93,33.2,452.71,0.404
C7H5Cl3,a-a-p-trichlorotoluene,Clc1ccc(C(Cl)Cl)cc1,195.476,728.93,33.2,452.71,0.404
C7H5F3,benzotrifluoride,FC(F)(F)c1ccccc1,146.111,,,325.27,0.296
C7H5I3,"1,3,5-triiodo-2-methylbenzene",Cc1c(I)cc(I)cc1I,469.829,964.62,24.25,624.8,0.557
C7H5NO,phenyl isocyanate,O=C=Nc1ccccc1,119.123,653,37.34,370,0.439
C7H5NS2,2(3H)-benzothiazolethione,S=c1[nH]c2ccccc2s1,167.258,749,36.77,406,0.529
C7H5N3O6,"2,4,6-trinitrotoluene",Cc1c([N+](=O)[O-])cc([N+](=O)[O-])cc1[N+](=O)[O-],227.132,828,26.78,572,0.618
C7H5N5O8,"N-methyl-N,2,4,6-tetranitroaniline",CN(c1c([N+](=O)[O-])cc([N+](=O)[O-])cc1[N+](=O)[O-])[N+](=O)[O-],287.144,828,21.38,665,0.693
C7H6Br2,1-bromo-2-(bromomethyl)benzene,BrCc1ccccc1Br,249.933,763.23,36.6,450.81,0.56
C7H6Br2,1-bromo-4-(bromomethyl)benzene,BrCc1ccc(Br)cc1,249.933,763.23,36.6,450.81,0.56
C7H6Br2,(dibromomethyl)benzene,BrC(Br)c1ccccc1,249.933,763.23,36.89,447.3,0.56
C7H6Br2,"1,2-dibromo-3-methylbenzene",Cc1cccc(Br)c1Br,249.933,763.23,36.57,451.16,0.56
C7H6Br2,"1,2-dibromo-4-methylbenzene",Cc1ccc(Br)c(Br)c1,249.933,763.23,36.49,452.26,0.56
C7H6Br2,"1,3-dibromo-2-methylbenzene",Cc1c(Br)cccc1Br,249.933,763.23,36.3,454.57,0.56
C7H6Br2,"1,4-dibromo-2-methylbenzene",Cc1cc(Br)ccc1Br,249.933,763.23,36.32,454.36,0.56
C7H6Br2,"2,4-dibromo-1-methylbenzene",Cc1ccc(Br)cc1Br,249.933,763.23,36.43,452.89,0.56
C7H6Br2,3-bromobenzyl bromide,BrCc1cccc(Br)c1,249.933,763.23,36.6,450.81,0.56
C7H6Br2,"3,5-dibromotoluene",Cc1cc(Br)cc(Br)c1,249.933,763.23,36.6,450.81,0.56
C7H6Cl2,benzyl dichloride,ClC(Cl)c1ccccc1,161.031,659.36,35.38,401.09,0.349
C7H6Cl2,"2,4-dichlorotoluene",Cc1ccc(Cl)cc1Cl,161.031,691.65,37.11,401.09,0.349
C7H6Cl2,1-chloro-2-(chloromethyl)benzene,ClCc1ccccc1Cl,161.031,710.68,38.97,392.43,0.349
C7H6Cl2,1-chloro-3-(chloromethyl)benzene,ClCc1cccc(Cl)c1,161.031,713.5,39.11,392.58,0.349
C7H6Cl2,1-chloro-4-(chloromethyl)benzene,ClCc1ccc(Cl)cc1,161.031,699.19,37.67,399.44,0.349
C7H6Cl2,"2,3-dichlorotoluene",Cc1cccc(Cl)c1Cl,161.031,702.22,37.63,401.56,0.349
C7H6Cl2,"2,5-dichlorotoluene",Cc1cc(Cl)ccc1Cl,161.031,689.53,37.23,398.6,0.349
C7H6Cl2,"2,6-dichlorotoluene",Cc1c(Cl)cccc1Cl,161.031,690.94,37.84,392.91,0.349
C7H6Cl2,"3,4-dichlorotoluene",Cc1ccc(Cl)c(Cl)c1,161.031,704.2,38.13,397.5,0.349
C7H6Cl2,"3,5-dichlorotoluene",Cc1cc(Cl)cc(Cl)c1,161.031,693.76,37.38,399.44,0.349
C7H6F2,(difluoromethyl)benzene,FC(F)c1ccccc1,128.121,531.9,40.2,289.89,0.279
C7H6F2,"3,4-difluorotoluene",Cc1ccc(F)c(F)c1,128.121,531.9,39.48,295.18,0.279
C7H6F2,"2,6-difluorotoluene",Cc1c(F)cccc1F,128.121,531.9,39.69,293.61,0.279
C7H6F2,"2,5-difluorotoluene",Cc1cc(F)ccc1F,128.121,531.9,39.69,293.61,0.279
C7H6F2,"2,4-difluorotoluene",Cc1ccc(F)cc1F,128.121,531.9,39.48,295.18,0.279
C7H6N2O4,"2,4-dinitrotoluene",Cc1ccc([N+](=O)[O-])cc1[N+](=O)[O-],182.135,817.81,30.66,521.76,0.553
C7H6N2O4,"2,5-dinitrotoluene",Cc1cc([N+](=O)[O-])ccc1[N+](=O)[O-],182.135,817.81,29.59,540.77,0.553
C7H6N2O4,"2,6-dinitrotoluene",Cc1c([N+](=O)[O-])cccc1[N+](=O)[O-],182.135,817.81,29.62,540.11,0.553
C7H6N2O4,"3,4-dinitrotoluene",Cc1ccc([N+](=O)[O-])c([N+](=O)[O-])c1,182.135,817.81,28.96,552.43,0.553
C7H6N2O4,"3,5-dinitrotoluene",Cc1cc([N+](=O)[O-])cc([N+](=O)[O-])c1,182.135,817.81,29.45,543.21,0.553
C7H6N2O4,dinitrotoluene,O=[N+]([O-])C(c1ccccc1)[N+](=O)[O-],182.135,817.81,30.67,521.67,0.553
C7H6O,benzaldehyde,O=Cc1ccccc1,106.124,,,324,0.564
C7H6O2,benzoic acid,O=C(O)c1ccccc1,122.123,751,44.97,344,0.644
C7H6O2,p-hydroxybenzaldehyde,O=Cc1ccc(O)cc1,122.123,844,48.16,361,0.644
C7H6O2,salicylaldehyde,O=Cc1ccccc1O,122.123,680,40.96,342,0.644
C7H6O3,salicylic acid,O=C(O)c1ccccc1O,138.122,739,41,364,0.718
C7H7Br,p-bromotoluene,Cc1ccc(Br)cc1,171.037,661.78,40.95,385.37,0.301
C7H7Br,(bromomethyl)benzene,BrCc1ccccc1,171.037,661.78,42.44,371.87,0.301
C7H7Br,o-bromotoluene,Cc1ccccc1Br,171.037,661.78,41.92,376.52,0.301
C7H7Br,m-bromotoluene,Cc1cccc(Br)c1,171.037,661.78,41.45,380.79,0.301
C7H7Cl,benzyl chloride,ClCc1ccccc1,126.586,649.11,41.61,350.44,0.285
C7H7Cl,o-chlorotoluene,Cc1ccccc1Cl,126.586,649.11,40.92,356.28,0.285
C7H7Cl,p-chlorotoluene,Cc1ccc(Cl)cc1,126.586,649.11,40.06,363.93,0.285
C7H7Cl,m-chlorotoluene,Cc1cccc(Cl)c1,126.586,649.11,40.3,361.77,0.285
C7H7F,p-fluorotoluene,Cc1ccc(F)cc1,110.131,577.64,45.39,285.1,0.26
C7H7F,(fluoromethyl)benzene,FCc1ccccc1,110.131,577.64,47.15,274.5,0.26
C7H7F,o-fluorotoluene,Cc1ccccc1F,110.131,577.64,46.11,280.65,0.26
C7H7F,m-fluorotoluene,Cc1cccc(F)c1,110.131,577.64,45.75,282.91,0.26
C7H7I,1-iodo-2-methylbenzene,Cc1ccccc1I,218.037,748.54,38.07,422.4,0.296
C7H7I,1-iodo-3-methylbenzene,Cc1cccc(I)c1,218.037,750.66,37.96,424.78,0.296
C7H7I,(iodomethyl)benzene,ICc1ccccc1,218.037,750.35,38.71,416.42,0.296
C7H7I,p-iodotoluene,Cc1ccc(I)cc1,218.037,748.54,37.14,433,0.296
C7H7NO,formanilide,O=CNc1ccccc1,121.139,787,43.48,382,0.443
C7H7NO,benzamide,NC(=O)c1ccccc1,121.139,824,50.26,346,0.443
C7H7NO2,m-nitrotoluene,Cc1cccc([N+](=O)[O-])c1,137.138,747.81,37.91,408.18,0.475
C7H7NO2,o-nitrotoluene,Cc1ccccc1[N+](=O)[O-],137.138,747.81,38.14,405.64,0.475
C7H7NO2,p-nitrotoluene,Cc1ccc([N+](=O)[O-])cc1,137.138,747.81,36.01,429.66,0.475
C7H7NO2,nitrotoluene,O=[N+]([O-])Cc1ccccc1,137.138,747.81,36.01,429.66,0.475
C7H7NO3,o-nitroanisole,COc1ccccc1[N+](=O)[O-],153.137,782,37.58,422,0.505
C7H8,"1,3,5-cycloheptatriene",C1=CC=CCC=C1,92.141,,,306.75,0.297
C7H8,"1,6-heptadien-3-yne",C=CC#CCC=C,92.141,584.92,40.27,321.49,0.297
C7H8,"1,5-heptadiyne",C#CCCC#CC,92.141,591.97,40.76,321.48,0.297
C7H8,"1,6-heptadiyne",C#CCCCC#C,92.141,578.59,40.21,318.46,0.297
C7H8,methyl divinyl acetylene,C=CC#CC=CC,92.141,584.92,44.01,294.19,0.297
C7H8Cl2Si,dichloromethylphenylsilane,ClC(Cl)[SiH2]c1ccccc1,191.133,689,28.7,508,0.402
C7H8O,anisole,COc1ccccc1,108.14,,,337,
C7H8O,benzyl alcohol,OCc1ccccc1,108.14,,,335,0.575
C7H8O2,guaiacol,COc1ccccc1O,124.139,697,40.57,353,0.654
C7H8O2,p-methoxyphenol,COc1ccc(O)cc1,124.139,761,45.72,342,0.654
C7H8O2,"1,2-dihydroxy-3-methylbenzene",Cc1cccc(O)c1O,124.139,776.37,85.08,187.5,0.654
C7H8O2,"1,2-dihydroxy-4-methylbenzene",Cc1ccc(O)c(O)c1,124.139,791.27,86.72,187.5,0.654
C7H8O2,"1,3-dihydroxy-2-methylbenzene",Cc1c(O)cccc1O,124.139,801.7,87.86,187.5,0.654
C7H8O2,"1,3-dihydroxy-4-methylbenzene",Cc1ccc(O)cc1O,124.139,809.15,88.67,187.5,0.654
C7H8O2,"1,3-dihydroxy-5-methylbenzene",Cc1cc(O)cc(O)c1,124.139,834.47,91.45,187.5,0.654
C7H8O2,"1,4-dihydroxy-2-methylbenzene",Cc1cc(O)ccc1O,124.139,828.51,90.8,187.5,0.654
C7H8O3S,2-methylbenzenesulfonic acid,Cc1ccccc1S(=O)(=O)O,172.205,828.51,36.61,438,0.856
C7H8S,o-methylthiophenol,Cc1ccccc1S,124.208,707.29,41.05,358.13,0.34
C7H8S,m-methylthiophenol,Cc1cccc(S)c1,124.208,707.29,41.19,356.89,0.34
C7H8S,p-methylthiophenol,Cc1ccc(S)cc1,124.208,707.29,40.34,364.45,0.34
C7H8S,methyl phenyl sulfide,CSc1ccccc1,124.208,707.29,40.88,359.59,0.34
C7H8S,benzenemethanethiol,SCc1ccccc1,124.208,707.29,42.05,349.62,0.34
C7H9N,benzylamine,NCc1ccccc1,107.156,684,44.77,328.11,0.413
C7H9N,N-methylaniline,CNc1ccccc1,107.156,,,351.14,
C7H9N,m-toluidine,Cc1cccc(N)c1,107.156,,,349.86,
C7H9N,p-toluidine,Cc1ccc(N)cc1,107.156,,,359.97,0.413
C7H9N,"2,3-dimethylpyridine",Cc1cccnc1C,107.156,,,386.42,0.413
C7H9N,"2,4-dimethylpyridine",Cc1ccnc(C)c1,107.156,,,393.78,0.413
C7H9N,"2,5-dimethylpyridine",Cc1ccc(C)nc1,107.156,,,395.17,0.413
C7H9N,"2,6-dimethylpyridine",Cc1cccc(C)n1,107.156,,,398.66,0.413
C7H9N,"3,4-dimethylpyridine",Cc1ccncc1C,107.156,,,380.68,0.413
C7H9N,"3,5-dimethylpyridine",Cc1cncc(C)c1,107.156,,,388.58,0.413
C7H9N,2-ethylpyridine,CCc1ccccn1,107.156,661.61,36.11,393.46,0.413
C7H9N,3-ethylpyridine,CCc1cccnc1,107.156,661.61,36.53,388.98,0.413
C7H9N,4-ethylpyridine,CCc1ccncc1,107.156,661.61,36.52,389.08,0.413
C7H10,2-norbornene,C1=CC2CCC1C2,94.157,554.93,36.36,337,0.302
C7H10,1-hepten-3-yne,C=CC#CCCC,94.157,573.61,35.58,355.99,0.302
C7H10,3-ethyl-3-penten-1-yne,C#CC(=CC)CC,94.157,576.33,37.35,340.72,0.302
C7H10,"1,3,5-heptatriene",C=CC=CC=CC,94.157,569.28,37.97,331.06,0.302
C7H10,"2-methyl-1,3-cyclohexadiene",CC1=CCCC=C1,94.157,569.28,36.9,340.6,0.302
C7H10,"5-methyl-1,3-cyclohexadiene",CC1C=CC=CC1,94.157,569.28,37.41,336.01,0.302
C7H10,2-methyl-1-hexen-3-yne,C=C(C)C#CCC,94.157,567.55,35.07,357.29,0.302
C7H10,"1-methyl-1,3-cyclohexadiene",CC1=CC=CCC1,94.157,573.76,35.79,353.9,0.302
C7H10N2,m-toluenediamine,Cc1ccc(N)cc1N,122.171,804,45.07,376,0.446
C7H10N2,"2-methyl-1,3-benzenediamine",Cc1c(N)cccc1N,122.171,804,39.41,430,0.446
C7H10O,3-cyclohexene-1-carboxaldehyde,O=CC1CC=CCC1,110.156,655,39.7,345,0.585
C7H10O,2-ethyl-5-methylfuran,CCc1ccc(C)o1,110.156,574.74,32.19,373.37,0.585
C7H10O,2-propylfuran,CCCc1ccco1,110.156,574.74,32.16,373.72,0.585
C7H10O2,allyl methacrylate,C=CCOC(=O)C(=C)C,126.155,600,29.63,415,0.663
C7H10S,2-propylthiophene,CCCc1cccs1,126.224,650.37,33.83,398.59,0.344
C7H10S,3-propylthiophene,CCCc1ccsc1,126.224,650.37,33.96,397.11,0.344
C7H10S,2-isopropylthiophene,CC(C)c1cccs1,126.224,650.37,33.8,398.89,0.344
C7H10S,3-isopropylthiophene,CC(C)c1ccsc1,126.224,650.37,34.04,396.17,0.344
C7H10S,2-methyl-3-ethylthiophene,CCc1ccsc1C,126.224,650.37,34.07,395.78,0.344
C7H10S,2-methyl-4-ethyl thiophene,CCc1csc(C)c1,126.224,650.37,34.07,395.78,0.344
C7H10S,2-methyl-5-ethyl thiophene,CCc1ccc(C)s1,126.224,650.37,33.74,399.63,0.344
C7H10S,3-methyl-2-ethylthiophene,CCc1sccc1C,126.224,650.37,34.38,392.23,0.344
C7H10S,3-methyl-4-ethyl thiophene,CCc1cscc1C,126.224,650.37,34.38,392.23,0.344
C7H10S,3-methyl-5-ethylthiophene,CCc1cc(C)cs1,126.224,650.37,34.38,392.23,0.344
C7H10S,"2,3,4-trimethylthiophene",Cc1csc(C)c1C,126.224,650.37,34.97,385.55,0.344
C7H10S,"2,3,5-trimethylthiophene",Cc1cc(C)c(C)s1,126.224,650.37,34.11,395.29,0.344
C7H11I,1-iodo-1-heptyne,CCCCCC#CI,222.069,400.26,16.49,518.76,0.302
C7H11N,3-ethyl-4-methyl-1H-pyrrole,CCc1c[nH]cc1C,109.172,725.71,37.53,414.22,0.417
C7H11N,2-isopropylpyrrole,CC(C)c1ccc[nH]1,109.172,725.71,37.59,413.62,0.417
C7H11N,1-propyl-1H-pyrrole,CCCn1cccc1,109.172,725.71,36.41,426.97,0.417
C7H11N,3-propyl-1H-pyrrole,CCCc1cc[nH]c1,109.172,725.71,35.77,434.6,0.417
C7H11N,"1,2,5-trimethyl-1H-pyrrole",Cc1ccc(C)n1C,109.172,725.71,32.67,475.86,0.417
C7H11N,6-heptenenitrile,C=CCCCCC#N,109.172,685.71,33.96,432.49,0.417
C7H11NO,cyclohexyl isocyanate,O=C=NC1CCCCC1,125.171,633,32.58,408,0.452
C7H12,1-ethylcyclopentene,CCC1=CCCC1,96.173,563.25,34.95,354.93,0.307
C7H12,3-ethylcyclopentene,CCC1C=CCC1,96.173,563.25,34.15,363.26,0.307
C7H12,4-ethylcyclopentene,CCC1CC=CC1,96.173,563.25,34.13,363.43,0.307
C7H12,"1,2-dimethylcyclopentene",CC1=C(C)CCC1,96.173,563.25,34.91,355.36,0.307
C7H12,"1,3-dimethylcyclopentene",CC1=CC(C)CC1,96.173,563.25,33.23,373.25,0.307
C7H12,"1,4-dimethylcyclopentene",CC1=CCC(C)C1,96.173,563.25,33.52,370.09,0.307
C7H12,"1,5-dimethylcyclopentene",CC1=CCCC1C,96.173,563.25,33.97,365.17,0.307
C7H12,"3,3-dimethylcyclopentene",CC1(C)C=CCC1,96.173,563.25,33.5,370.33,0.307
C7H12,"3,cis-4-dimethylcyclopentene",C[C@@H]1CC=C[C@@H]1C,96.173,563.25,33.81,366.88,0.307
C7H12,"3,trans-4-dimethylcyclopentene",C[C@@H]1C=CC[C@H]1C,96.173,563.25,33.81,366.88,0.307
C7H12,"3,cis-5-dimethylcyclopentene",C[C@@H]1C=C[C@H](C)C1,96.173,563.25,33.81,366.88,0.307
C7H12,"3,trans-5-dimethylcyclopentene",C[C@@H]1C=C[C@@H](C)C1,96.173,563.25,33.81,366.88,0.307
C7H12,"4,4-dimethylcyclopentene",CC1(C)CC=CC1,96.173,563.25,33.5,370.33,0.307
C7H12,1-methylcyclohexene,CC1=CCCCC1,96.173,578.25,35.59,357.82,0.307
C7H12,3-methylcyclohexene,CC1C=CCCC1,96.173,578.25,35.06,363.22,0.307
C7H12,4-methylcyclohexene,CC1CC=CCC1,96.173,578.25,34.96,364.26,0.307
C7H12,1-heptyne,C#CCCCCC,96.173,548.25,31.39,384.68,0.307
C7H12,2-heptyne,CC#CCCCC,96.173,548.25,32.27,374.17,0.307
C7H12,3-heptyne,CCC#CCCC,96.173,548.25,31.68,381.16,0.307
C7H12,3-methyl-1-hexyne,C#CC(C)CCC,96.173,548.25,30.66,393.75,0.307
C7H12,4-methyl-1-hexyne,C#CCC(C)CC,96.173,548.25,31.4,384.56,0.307
C7H12,5-methyl-1-hexyne,C#CCCC(C)C,96.173,548.25,31.12,387.94,0.307
C7H12,4-methyl-2-hexyne,CC#CC(C)CC,96.173,548.25,31.7,380.85,0.307
C7H12,5-methyl-2-hexyne,CC#CCC(C)C,96.173,548.25,31.66,381.35,0.307
C7H12,2-methyl-3-hexyne,CCC#CC(C)C,96.173,548.25,30.99,389.56,0.307
C7H12,"3,3-dimethyl-1-pentyne",C#CC(C)(C)CC,96.173,548.25,30.11,401.02,0.307
C7H12,"3,4-dimethyl-1-pentyne",C#CC(C)C(C)C,96.173,548.25,30.93,390.4,0.307
C7H12,"4,4-dimethyl-1-pentyne",C#CCC(C)(C)C,96.173,548.25,30.44,396.62,0.307
C7H12,"4,4-dimethyl-2-pentyne",CC#CC(C)(C)C,96.173,548.25,30.62,394.35,0.307
C7H12,3-ethyl-1-pentyne,C#CC(CC)CC,96.173,548.25,31.11,388.13,0.307
C7H12,cycloheptene,C1=CCCCCC1,96.173,598,39.2,336,0.307
C7H12,"1,2-heptadiene",C=C=CCCCC,96.173,548.25,33.7,358.3,0.307
C7H12,"1,4-heptadiene",C=CCC=CCC,96.173,548.25,32.98,366.1,0.307
C7H12,"1,5-heptadiene",C=CCCC=CC,96.173,548.25,33.04,365.49,0.307
C7H12,"1,6-heptadiene",C=CCCCC=C,96.173,548.25,32.78,368.32,0.307
C7H12,"2,4-heptadiene",CC=CC=CCC,96.173,548.25,34.13,353.76,0.307
C7H12,"2-methyl-1,5-hexadiene",C=CCCC(=C)C,96.173,548.25,32.85,367.51,0.307
C7H12,"2-methyl-2,4-hexadiene",CC=CC=C(C)C,96.173,548.25,34.28,352.21,0.307
C7H12,"2,4-dimethyl-1,3-pentadiene",C=C(C)C=C(C)C,96.173,548.25,33.9,356.13,0.307
C7H12,"2,4-dimethyl-2,3-pentadiene",CC(C)=C=C(C)C,96.173,548.25,32.07,376.53,0.307
C7H12O,2-heptenal,CCCCC=CC=O,112.172,678.1,33.9,417.14,0.595
C7H12O,3-heptenal,CCCC=CCC=O,112.172,678.1,33.62,420.67,0.595
C7H12O,4-heptenal,CCC=CCCC=O,112.172,678.1,34.04,415.47,0.595
C7H12O,trans-4-heptenal,CC/C=C/CCC=O,112.172,678.1,34.04,415.47,0.595
C7H12O,"2,4-dimethyl-2-pentenal",CC(C=O)=CC(C)C,112.172,678.1,32.39,436.63,0.595
C7H12O,1-hepten-3-one,C=CC(=O)CCCC,112.172,638.1,32.77,406.09,0.595
C7H12O,4-hepten-2-one,CCC=CCC(C)=O,112.172,638.1,33.63,395.71,0.595
C7H12O,6-hepten-2-one,C=CCCCC(C)=O,112.172,638.1,33.89,392.7,0.595
C7H12O,6-hepten-3-one,C=CCCC(=O)CC,112.172,638.1,33.02,403.05,0.595
C7H12O,cis-3-hepten-2-one,CCC/C=C\C(C)=O,112.172,638.1,32.8,405.74,0.595
C7H12O,trans-3-hepten-2-one,CCC/C=C/C(C)=O,112.172,638.1,33.06,402.53,0.595
C7H12O,trans-5-hepten-2-one,C/C=C/CCC(C)=O,112.172,638.1,32.82,405.45,0.595
C7H12O,2-methyl-4-hexen-3-one,CC=CC(=O)C(C)C,112.172,638.1,33.08,402.31,0.595
C7H12O,3-methyl-5-hexen-2-one,C=CCC(C)C(C)=O,112.172,638.1,32.85,405.16,0.595
C7H12O,4-methyl-5-hexen-2-one,C=CC(C)CC(C)=O,112.172,638.1,32.02,415.59,0.595
C7H12O,5-methyl-1-hexen-3-one,C=CC(=O)CC(C)C,112.172,638.1,32.61,408.06,0.595
C7H12O,5-methyl-3-hexen-2-one,CC(=O)C=CC(C)C,112.172,638.1,33.31,399.54,0.595
C7H12O,5-methyl-4-hexen-2-one,CC(=O)CC=C(C)C,112.172,638.1,33.73,394.5,0.595
C7H12O,5-methyl-5-hexen-2-one,C=C(C)CCC(C)=O,112.172,638.1,32.89,404.59,0.595
C7H12O,2-methylcyclohexanone,CC1CCCCC1=O,112.172,683.1,39.14,363.96,0.595
C7H12O,3-methylcyclohexanone,CC1CCCC(=O)C1,112.172,650,35.9,377.59,0.595
C7H12O,(Z)-5-hepten-2-one,C/C=C\CCC(C)=O,112.172,638.1,34.45,386.27,0.595
C7H12O,(S)-3-methylcyclohexanone,C[C@H]1CCCC(=O)C1,112.172,683.1,38.64,368.74,0.595
C7H12O2,trans-2-heptenoic acid,CCCC/C=C/C(=O)O,128.171,703.32,30.92,465.05,0.673
C7H12O2,5-heptenoic acid,CC=CCCCC(=O)O,128.171,703.32,30.3,474.57,0.673
C7H12O2,6-heptenoic acid,C=CCCCCC(=O)O,128.171,703.32,30.37,473.43,0.673
C7H12O2,4-heptenoic acid,CCC=CCCC(=O)O,128.171,703.32,30.28,474.93,0.673
C7H12O2,trans-2-methyl-2-hexenoic acid,CCC/C=C(\C)C(=O)O,128.171,703.32,30.8,466.83,0.673
C7H12O2,4-methyl-2-hexenoic acid,CCC(C)C=CC(=O)O,128.171,703.32,30.09,477.89,0.673
C7H12O2,5-methyl-2-hexenoic acid,CC(C)CC=CC(=O)O,128.171,703.32,30.01,479.17,0.673
C7H12O2,2-methyl-3-hexenoic acid,CCC=CC(C)C(=O)O,128.171,703.32,29.75,483.29,0.673
C7H12O2,3-methyl-3-hexenoic acid,CCC=C(C)CC(=O)O,128.171,703.32,30.5,471.41,0.673
C7H12O2,4-methyl-3-hexenoic acid,CCC(C)=CCC(=O)O,128.171,703.32,30.87,465.84,0.673
C7H12O2,4-methyl-4-hexenoic acid,CC=C(C)CCC(=O)O,128.171,703.32,30.92,465.05,0.673
C7H12O2,5-methyl-4-hexenoic acid,CC(C)=CCCC(=O)O,128.171,703.32,31.71,453.51,0.673
C7H12O2,"2,2-dimethyl-4-pentenoic acid",C=CCC(C)(C)C(=O)O,128.171,703.32,29.67,484.72,0.673
C7H12O2,butyl acrylate,C=CC(=O)OCCCC,128.171,583.32,26.23,454.72,0.673
C7H12O2,sec-butyl acrylate,C=CC(=O)OC(C)CC,128.171,583.32,25.98,459.03,0.673
C7H12O2,isobutyl acrylate,C=CC(=O)OCC(C)C,128.171,583.32,25.91,460.27,0.673
C7H12O2,propyl methacrylate,C=C(C)C(=O)OCCC,128.171,583.32,26.33,452.89,0.673
C7H12O2,isopropyl methacrylate,C=C(C)C(=O)OC(C)C,128.171,583.32,25.9,460.46,0.673
C7H12O2,allyl butanoate,C=CCOC(=O)CCC,128.171,583.32,26.5,450.06,0.673
C7H12O2,ethyl 3-methyl-2-butenoate,CCOC(=O)C=C(C)C,128.171,583.32,27.14,439.4,0.673
C7H12O2,ethyl trans-2-methyl-2-butenoate,C/C=C(\C)C(=O)OCC,128.171,583.32,27.15,439.34,0.673
C7H12O2,methyl 3-hexenoate,CCC=CCC(=O)OC,128.171,583.32,26.91,443.27,0.673
C7H12O2,methyl 2-methyl-2-pentenoate,CCC=C(C)C(=O)OC,128.171,583.32,27.15,439.34,0.673
C7H12O2,methyl 3-methyl-3-pentenoate,CC=C(C)CC(=O)OC,128.171,583.32,29.82,399.96,0.673
C7H12O2,methyl cis-3-methyl-2-pentenoate,CC/C(C)=C\C(=O)OC,128.171,583.32,27.43,434.86,0.673
C7H12O2,methyl trans-3-methyl-2-pentenoate,CC/C(C)=C/C(=O)OC,128.171,583.32,27.51,433.57,0.673
C7H12O2,tert-butyl acrylate,C=CC(=O)OC(C)(C)C,128.171,583.32,25.56,466.59,0.673
C7H12O2,methyl trans-2-methyl-2-pentenoate,CC/C=C(\C)C(=O)OC,128.171,583.32,27.15,439.34,0.673
C7H12O2,4-pentenyl acetate,C=CCCCOC(C)=O,128.171,583.32,26.83,444.56,0.673
C7H12O2,"3,3-dimethylallyl acetate",CC(=O)OCC=C(C)C,128.171,583.32,26.82,444.64,0.673
C7H12O2,cis-3-hexenyl formate,CC/C=C\CCOC=O,128.171,583.32,26.82,444.64,0.673
C7H12O2,cyclohexyl formate,O=COC1CCCCC1,128.171,645,34.34,384,0.673
C7H12O2,cyclopentaneacetic acid,O=C(O)CC1CCCC1,128.171,708,35.31,410,0.673
C7H12O2,"2,3-heptanedione",CCCCC(=O)C(C)=O,128.171,645,34.34,384,0.673
C7H12O2,"2,6-heptanedione",CC(=O)CCCC(C)=O,128.171,645,34.34,384,0.673
C7H12O2,"3-methyl-2,5-hexanedione",CC(=O)CC(C)C(C)=O,128.171,645,34.34,384,0.673
C7H12O2,"5-methyl-2,3-hexanedione",CC(=O)C(=O)CC(C)C,128.171,645,34.34,384,0.673
C7H12O2,"3,3-dimethyl-2,4-pentanedione",CC(=O)C(C)(C)C(C)=O,128.171,645,34.34,384,0.673
C7H12O2,"3-ethyl-2,4-pentanedione",CCC(C(C)=O)C(C)=O,128.171,645,34.34,384,0.673
C7H12O2,"3,5-heptanedione",CCC(=O)CC(=O)CC,128.171,645,34.34,384,0.673
C7H12O2,vinyl pivalate,C=COC(=O)C(C)(C)C,128.171,556,26.87,423,0.673
C7H12O3,"1,2-propanediol 1-methacrylate",C=C(C)C(=O)OCC(C)O,144.17,663,29.79,446,0.744
C7H12O4,diethyl malonate,CCOC(=O)CC(=O)OCC,160.169,653,27.36,469,0.809
C7H12O4,butylpropanedioic acid,CCCCC(C(=O)O)C(=O)O,160.169,809,31.56,503.67,0.809
C7H12O4,diethylpropanedioic acid,CCC(CC)(C(=O)O)C(=O)O,160.169,809,31.56,503.67,0.809
C7H12O4,"3,3-dimethylpentanedioic acid",CC(C)(CC(=O)O)CC(=O)O,160.169,809,33.22,478.52,0.809
C7H12O4,heptanedioic acid,O=C(O)CCCCCC(=O)O,160.169,805,30.33,521.52,0.809
C7H12O4,isobutylpropanedioic acid,CC(C)CC(C(=O)O)C(=O)O,160.169,805,31.4,503.67,0.809
C7H12O4,2-methylhexanedioic acid,CC(CCCC(=O)O)C(=O)O,160.169,805,31.4,503.67,0.809
C7H12O4,3-methylhexanedioic acid,CC(CCC(=O)O)CC(=O)O,160.169,805,31.4,503.67,0.809
C7H12O4,"2,2-dimethylglutaric acid",CC(C)(CCC(=O)O)C(=O)O,160.169,805,31.4,503.67,0.809
C7H12O4,"2,4-dimethylglutaric acid, DL and meso",CC(CC(C)C(=O)O)C(=O)O,160.169,805,31.4,503.67,0.809
C7H12O4,(R)-(+)-3-methyladipic acid,C[C@H](CCC(=O)O)CC(=O)O,160.169,805,31.4,503.67,0.809
C7H13Br,1-bromo-1-heptene,CCCCCC=CBr,177.085,640.6,31.98,474.12,0.544
C7H13Br,cis-1-bromo-1-heptene,CCCCC/C=C\Br,177.085,640.6,31.98,474.12,0.544
C7H13Br,trans-1-bromo-1-heptene,CCCCC/C=C/Br,177.085,640.6,31.98,474.12,0.544
C7H13Br,2-bromo-1-heptene,C=C(Br)CCCCC,177.085,640.6,31.98,474.12,0.544
C7H13Cl,1-chloro-1-heptene,CCCCCC=CCl,132.634,629.95,31.44,446.64,0.367
C7H13Cl,cis-1-chloro-1-heptene,CCCCC/C=C\Cl,132.634,629.95,31.44,446.64,0.367
C7H13Cl,trans-1-chloro-1-heptene,CCCCC/C=C/Cl,132.634,629.95,31.44,446.64,0.367
C7H13Cl,2-chloro-1-heptene,C=C(Cl)CCCCC,132.634,629.95,31.44,446.64,0.367
C7H13Cl,4-chloro-3-heptene,CCC=C(Cl)CCC,132.634,629.95,31.44,446.64,0.367
C7H13Cl3,"1,1,1-trichloroheptane",CCCCCCC(Cl)(Cl)Cl,203.54,656.88,21.23,631.51,0.315
C7H13F,cis-1-fluoro-1-heptene,CCCCC/C=C\F,116.179,509.57,30.96,365.99,0.246
C7H13F,trans-1-fluoro-1-heptene,CCCCC/C=C/F,116.179,509.57,30.96,365.99,0.246
C7H13F3,"1,1,1-trifluoroheptane",CCCCCCC(F)(F)F,154.175,480.98,23.59,432.5,0.353
C7H13I,cis-1-iodo-1-heptene,CCCCC/C=C\I,224.085,690.57,26.02,565.93,0.304
C7H13I,trans-1-iodo-1-heptene,CCCCC/C=C/I,224.085,690.57,26.02,565.93,0.304
C7H13N,heptanenitrile,CCCCCCC#N,111.188,694.76,31.9,465.43,0.422
C7H13NO2,2-nitro-2-heptene,CCCCC=C(C)[N+](=O)[O-],143.186,758.07,29.41,529.38,0.487
C7H13NO2,3-nitro-2-heptene,CC=C(CCCC)[N+](=O)[O-],143.186,758.07,29.41,529.38,0.487
C7H14,"1,2-dimethylcyclopentane",CC1CCCC1C,98.189,562.67,32.22,383.62,0.312
C7H14,"1,3-dimethylcyclopentane",CC1CCC(C)C1,98.189,562.67,31.76,389.17,0.312
C7H14,"trans-1,3-dimethylcyclopentane",C[C@H]1CC[C@H](C)C1,98.189,562.67,32.17,384.22,0.312
C7H14,2-heptene,CC=CCCCC,98.189,537.67,29.55,399.77,0.312
C7H14,cis-2-heptene,C/C=C\CCCC,98.189,537.67,28.72,411.27,0.312
C7H14,trans-2-heptene,C/C=C/CCCC,98.189,537.67,28.43,415.52,0.312
C7H14,3-heptene,CCC=CCCC,98.189,537.67,29.37,402.13,0.312
C7H14,cis-3-heptene,CC/C=C\CCC,98.189,537.67,28.47,414.81,0.312
C7H14,trans-3-heptene,CC/C=C/CCC,98.189,537.67,28.28,417.68,0.312
C7H14,2-methyl-1-hexene,C=C(C)CCCC,98.189,537.67,28.47,414.81,0.312
C7H14,3-methyl-1-hexene,C=CC(C)CCC,98.189,537.67,27.94,422.79,0.312
C7H14,4-methyl-1-hexene,C=CCC(C)CC,98.189,537.67,28.28,417.68,0.312
C7H14,5-methyl-1-hexene,C=CCCC(C)C,98.189,537.67,27.97,422.27,0.312
C7H14,2-methyl-2-hexene,CCCC=C(C)C,98.189,537.67,28.76,410.71,0.312
C7H14,3-methyl-cis-2-hexene,C/C=C(/C)CCC,98.189,537.67,29.13,405.45,0.312
C7H14,3-methyl-trans-2-hexene,C/C=C(\C)CCC,98.189,537.67,29.06,406.41,0.312
C7H14,4-methyl-cis-2-hexene,C/C=C\C(C)CC,98.189,537.67,28.34,416.81,0.312
C7H14,4-methyl-trans-2-hexene,C/C=C/C(C)CC,98.189,537.67,28.21,418.76,0.312
C7H14,5-methyl-cis-2-hexene,C/C=C\CC(C)C,98.189,537.67,28.43,415.52,0.312
C7H14,5-methyl-trans-2-hexene,C/C=C/CC(C)C,98.189,537.67,28,421.83,0.312
C7H14,2-methyl-cis-3-hexene,CC/C=C\C(C)C,98.189,537.67,28.08,420.58,0.312
C7H14,2-methyl-trans-3-hexene,CC/C=C/C(C)C,98.189,537.67,27.85,424.05,0.312
C7H14,3-methyl-cis-3-hexene,CC/C=C(/C)CC,98.189,537.67,28.96,407.82,0.312
C7H14,3-methyl-trans-3-hexene,CC/C=C(\C)CC,98.189,537.67,28.82,409.83,0.312
C7H14,2-ethyl-1-pentene,C=C(CC)CCC,98.189,537.67,28.77,410.57,0.312
C7H14,3-ethyl-1-pentene,C=CC(CC)CC,98.189,537.67,28.18,419.13,0.312
C7H14,"2,3-dimethyl-1-pentene",C=C(C)C(C)CC,98.189,537.67,28.62,412.75,0.312
C7H14,"2,4-dimethyl-1-pentene",C=C(C)CC(C)C,98.189,537.67,28.07,420.83,0.312
C7H14,"3,3-dimethyl-1-pentene",C=CC(C)(C)CC,98.189,537.67,28.24,418.33,0.312
C7H14,"3,4-dimethyl-1-pentene",C=CC(C)C(C)C,98.189,537.67,28.25,418.11,0.312
C7H14,"4,4-dimethyl-1-pentene",C=CCC(C)(C)C,98.189,537.67,27.5,429.5,0.312
C7H14,3-ethyl-2-pentene,CC=C(CC)CC,98.189,537.67,29.36,402.26,0.312
C7H14,"2,3-dimethyl-2-pentene",CCC(C)=C(C)C,98.189,537.67,29.72,397.39,0.312
C7H14,"2,4-dimethyl-2-pentene",CC(C)=CC(C)C,98.189,537.67,28.11,420.2,0.312
C7H14,"3,4-dimethyl-cis-2-pentene",C/C=C(/C)C(C)C,98.189,537.67,29.02,406.96,0.312
C7H14,"3,4-dimethyl-trans-2-pentene",C/C=C(\C)C(C)C,98.189,537.67,29.18,404.76,0.312
C7H14,"4,4-dimethyl-cis-2-pentene",C/C=C\C(C)(C)C,98.189,537.67,28.33,416.88,0.312
C7H14,"4,4-dimethyl-trans-2-pentene",C/C=C/C(C)(C)C,98.189,537.67,27.81,424.79,0.312
C7H14,3-methyl-2-ethyl-1-butene,C=C(CC)C(C)C,98.189,537.67,28.78,410.36,0.312
C7H14,"2,3,3-trimethyl-1-butene",C=C(C)C(C)(C)C,98.189,537.67,28.62,412.68,0.312
C7H14,"3,4-dimethylpent-2-ene",CC=C(C)C(C)C,98.189,537.67,28.7,411.56,0.312
C7H14,"1,1,2,2-tetramethylcyclopropane",CC1(C)CC1(C)C,98.189,530,30.52,381.48,0.312
C7H14,"1,1-diethylcyclopropane",CCC1(CC)CC1,98.189,530,30.52,381.48,0.312
C7H14Br2,"1,1-dibromoheptane",CCCCCCC(Br)Br,257.997,722.26,27.95,553.13,0.434
C7H14Br2,"1,2-dibromoheptane",CCCCCC(Br)CBr,257.997,722.26,27.95,553.13,0.434
C7H14Br2,"1,5-dibromoheptane",CCC(Br)CCCCBr,257.997,722.26,27.95,553.13,0.434
C7H14Br2,"1,7-dibromoheptane",BrCCCCCCCBr,257.997,722.26,27.95,553.13,0.434
C7H14Br2,"2,3-dibromoheptane",CCCCC(Br)C(C)Br,257.997,722.26,27.95,553.13,0.434
C7H14Br2,"2,4-dibromoheptane",CCCC(Br)CC(C)Br,257.997,722.26,27.95,553.13,0.434
C7H14Br2,"3,4-dibromoheptane",CCCC(Br)C(Br)CC,257.997,722.26,27.95,553.13,0.434
C7H14ClF,1-chloro-7-fluoroheptane,FCCCCCCCCl,152.64,672.85,33.98,430.59,0.252
C7H14Cl2,"1,1-dichloroheptane",CCCCCCC(Cl)Cl,169.095,668.9,27.26,522.79,0.392
C7H14Cl2,"1,2-dichloroheptane",CCCCCC(Cl)CCl,169.095,668.9,27.7,514.54,0.392
C7H14Cl2,"1,7-dichloroheptane",ClCCCCCCCCl,169.095,668.9,26.97,528.34,0.392
C7H14Cl2,"2,2-dichloroheptane",CCCCCC(C)(Cl)Cl,169.095,668.9,26.08,546.43,0.392
C7H14Cl2,"4,4-dichloroheptane",CCCC(Cl)(Cl)CCC,169.095,668.9,28.2,505.41,0.392
C7H14Cl2,"1,2-dichloro-4,4-dimethylpentane",CC(C)(C)CC(Cl)CCl,169.095,668.9,26.51,537.56,0.392
C7H14Cl2,"1,5-dichloro-3,3-dimethylpentane",CC(C)(CCCl)CCCl,169.095,668.9,27.46,519.05,0.392
C7H14Cl2,"2,4-dichloro-2,4-dimethylpentane",CC(C)(Cl)CC(C)(C)Cl,169.095,668.9,26.61,535.49,0.392
C7H14F2,"1,1-difluoroheptane",CCCCCCC(F)F,136.185,546.16,29.73,398.47,0.377
C7H14I2,"1,1-diiodoheptane",CCCCCCC(I)I,351.997,849.39,24.01,643.3,0.451
C7H14O,2-methylhexanal,CCCCC(C)C=O,114.188,620.41,30.19,427.56,0.606
C7H14O,3-methylhexanal,CCCC(C)CC=O,114.188,620.41,30.19,427.56,0.606
C7H14O,4-methylhexanal,CCC(C)CCC=O,114.188,620.41,30.19,427.56,0.606
C7H14O,5-methylhexanal,CC(C)CCCC=O,114.188,620.41,30.19,427.56,0.606
C7H14O,"2,2-dimethylpentanal",CCCC(C)(C)C=O,114.188,620.41,30.19,427.56,0.606
C7H14O,"2,3-dimethylpentanal",CCC(C)C(C)C=O,114.188,620.41,30.19,427.56,0.606
C7H14O,"2,4-dimethylpentanal",CC(C)CC(C)C=O,114.188,620.41,30.19,427.56,0.606
C7H14O,3-heptanone,CCCCC(=O)CC,114.188,,,,0.606
C7H14O,4-heptanone,CCCC(=O)CCC,114.188,,,,0.606
C7H14O,3-methyl-2-hexanone,CCCC(C)C(C)=O,114.188,611.41,29.73,427.85,0.606
C7H14O,4-methyl-2-hexanone,CCC(C)CC(C)=O,114.188,611.41,29.14,436.44,0.606
C7H14O,5-methyl-2-hexanone,CC(=O)CCC(C)C,114.188,611.41,29.12,436.77,0.606
C7H14O,2-methyl-3-hexanone,CCCC(=O)C(C)C,114.188,611.41,29.34,433.54,0.606
C7H14O,4-methyl-3-hexanone,CCC(=O)C(C)CC,114.188,611.41,29.29,434.31,0.606
C7H14O,5-methyl-3-hexanone,CCC(=O)CC(C)C,114.188,611.41,29.12,436.77,0.606
C7H14O,"3,3-dimethyl-2-pentanone",CCC(C)(C)C(C)=O,114.188,611.41,29.29,434.25,0.606
C7H14O,"3,4-dimethyl-2-pentanone",CC(=O)C(C)C(C)C,114.188,611.41,29.43,432.27,0.606
C7H14O,"4,4-dimethyl-2-pentanone",CC(=O)CC(C)(C)C,114.188,611.41,28.78,442.01,0.606
C7H14O,"2,2-dimethyl-3-pentanone",CCC(=O)C(C)(C)C,114.188,611.41,29.1,437.09,0.606
C7H14O,"2,4-dimethyl-3-pentanone",CC(C)C(=O)C(C)C,114.188,611.41,28.91,440.03,0.606
C7H14O,3-ethyl-2-pentanone,CCC(CC)C(C)=O,114.188,611.41,29.4,432.65,0.606
C7H14O,1-ethylcyclopentanol,CCC1(O)CCCC1,114.188,671.41,35.44,394.1,0.606
C7H14O,2-ethylcyclopentanol,CCC1CCCC1O,114.188,671.41,35.44,394.1,0.606
C7H14O,methylcyclohexanol,CC1(O)CCCCC1,114.188,671.41,35.88,389.35,0.606
C7H14O,2-methylcyclohexanol,CC1CCCCC1O,114.188,671.41,36.16,386.33,0.606
C7H14O,cis-2-methylcyclohexanol,C[C@H]1CCCC[C@H]1O,114.188,671.41,36.25,385.34,0.606
C7H14O,trans-2-methylcyclohexanol,C[C@@H]1CCCC[C@H]1O,114.188,671.41,35.74,390.87,0.606
C7H14O,3-methylcyclohexanol; (cis+trans),CC1CCCC(O)C1,114.188,671.41,35.41,394.46,0.606
C7H14O,cis-3-methylcyclohexanol,C[C@@H]1CCC[C@H](O)C1,114.188,671.41,35.27,396.02,0.606
C7H14O,trans-3-methylcyclohexanol,C[C@H]1CCC[C@H](O)C1,114.188,671.41,35.6,392.4,0.606
C7H14O,4-methylcyclohexanol; (cis+trans),CC1CCC(O)CC1,114.188,671.41,35.41,394.46,0.606
C7H14O,cis-4-methylcyclohexanol,C[C@H]1CC[C@@H](O)CC1,114.188,671.41,35.36,394.98,0.606
C7H14O,trans-4-methylcyclohexanol,C[C@H]1CC[C@H](O)CC1,114.188,671.41,35.13,397.59,0.606
C7H14O,cis-2-hepten-1-ol,CCCC/C=C\CO,114.188,651.41,33.42,405.48,0.606
C7H14O,trans-2-hepten-1-ol,CCCC/C=C/CO,114.188,651.41,32.69,414.51,0.606
C7H14O,cis-4-hepten-1-ol,CC/C=C\CCCO,114.188,651.41,32.97,411,0.606
C7H14O,1-methyl-3-hexen-1-ol,CCC=CCC(C)O,114.188,651.41,33.42,405.48,0.606
C7H14O,2-methyl-3-hexen-2-ol,CCC=CC(C)(C)O,114.188,651.41,33.42,405.48,0.606
C7H14O,2-methyl-5-hexen-2-ol,C=CCCC(C)(C)O,114.188,651.41,33.42,405.48,0.606
C7H14O,3-methyl-3-hexen-2-ol,CCC=C(C)C(C)O,114.188,651.41,33.42,405.48,0.606
C7H14O,5-methyl-2-hexenol,CC(C)CC=CCO,114.188,651.41,33.42,405.48,0.606
C7H14O,2-methyl-4-hexen-3-ol,CC=CC(O)C(C)C,114.188,651.41,33.42,405.48,0.606
C7H14O,3-methyl-4-hexen-3-ol,CC=CC(C)(O)CC,114.188,651.41,33.42,405.48,0.606
C7H14O,3-methyl-5-hexen-3-ol,C=CCC(C)(O)CC,114.188,651.41,33.42,405.48,0.606
C7H14O,4-methyl-5-hexen-3-ol,C=CC(C)C(O)CC,114.188,651.41,33.42,405.48,0.606
C7H14O,5-methyl-1-hexen-3-ol,C=CC(O)CC(C)C,114.188,651.41,33.42,405.48,0.606
C7H14O,6-hepten-3-ol,C=CCCC(O)CC,114.188,651.41,33.42,405.48,0.606
C7H14O,1-hepten-3-ol,C=CC(O)CCCC,114.188,651.41,32.32,419.27,0.606
C7H14O,1-hepten-4-ol,C=CCC(O)CCC,114.188,651.41,33.42,405.48,0.606
C7H14O,2-hepten-4-ol,CC=CC(O)CCC,114.188,651.41,33.42,405.48,0.606
C7H14O,isopentyl vinyl ether,C=COCCC(C)C,114.188,561.41,26.95,433.41,0.606
C7H14O,tetrahydro-2-propylfuran,CCCC1CCCO1,114.188,606.41,32.36,389.91,0.606
C7H14O,tert-pentyl vinyl ether,C=COC(C)(C)CC,114.188,561.41,26.96,433.14,0.606
C7H14O,1-(2-propenyloxy)butane,C=CCOCCCC,114.188,561.41,26.96,433.14,0.606
C7H14O2,2-methylhexanoic acid,CCCCC(C)C(=O)O,130.187,676.34,29.31,470.58,0.682
C7H14O2,3-methylhexanoic acid,CCCC(C)CC(=O)O,130.187,676.34,29.38,469.54,0.682
C7H14O2,4-methylhexanoic acid,CCC(C)CCC(=O)O,130.187,676.34,29.48,467.83,0.682
C7H14O2,5-methylhexanoic acid,CC(C)CCCC(=O)O,130.187,676.34,29.19,472.56,0.682
C7H14O2,"2,2-dimethylpentanoic acid",CCCC(C)(C)C(=O)O,130.187,676.34,29.43,468.74,0.682
C7H14O2,"4,4-dimethylpentanoic acid",CC(C)(C)CCC(=O)O,130.187,676.34,29.51,467.48,0.682
C7H14O2,2-ethylpentanoic acid,CCCC(CC)C(=O)O,130.187,676.34,29.51,467.48,0.682
C7H14O2,3-ethylpentanoic acid,CCC(CC)CC(=O)O,130.187,676.34,29.51,467.48,0.682
C7H14O2,2-ethyl-2-methylbutanoic acid,CCC(C)(CC)C(=O)O,130.187,676.34,29.51,467.48,0.682
C7H14O2,hexyl formate,CCCCCCOC=O,130.187,586.34,25.74,464.59,0.682
C7H14O2,"1,3-dimethylbutyl formate",CC(C)CC(C)OC=O,130.187,586.34,26.07,458.62,0.682
C7H14O2,pentyl acetate,CCCCCOC(C)=O,130.187,,,466.51,
C7H14O2,1-methylbutyl acetate,CCCC(C)OC(C)=O,130.187,586.34,25.31,472.49,0.682
C7H14O2,2-methylbutyl acetate,CCC(C)COC(C)=O,130.187,586.34,25.63,466.57,0.682
C7H14O2,3-methylbutyl acetate,CC(=O)OCCC(C)C,130.187,,,469.74,
C7H14O2,"1,1-dimethylpropyl acetate",CCC(C)(C)OC(C)=O,130.187,586.34,26.07,458.62,0.682
C7H14O2,"1,2-dimethylpropyl acetate",CC(=O)OC(C)C(C)C,130.187,586.34,25.21,474.33,0.682
C7H14O2,"2,2-dimethylpropyl acetate",CC(=O)OCC(C)(C)C,130.187,586.34,25,478.4,0.682
C7H14O2,sec-pentyl acetate (R),CCC[C@@H](C)OC(C)=O,130.187,586.34,26.07,458.62,0.682
C7H14O2,1-ethylpropyl acetate,CCC(CC)OC(C)=O,130.187,586.34,25.6,467.02,0.682
C7H14O2,butyl propanoate,CCCCOC(=O)CC,130.187,,,466.51,0.682
C7H14O2,1-methylpropyl propanoate,CCC(=O)OC(C)CC,130.187,586.34,25.26,473.47,0.682
C7H14O2,2-methylpropyl propanoate,CCC(=O)OCC(C)C,130.187,,,471.7,0.682
C7H14O2,"1,1-dimethylethyl propanoate",CCC(=O)OC(C)(C)C,130.187,586.34,26.07,458.62,0.682
C7H14O2,propyl butanoate,CCCOC(=O)CCC,130.187,,,469.09,
C7H14O2,1-methylethyl butanoate,CCCC(=O)OC(C)C,130.187,586.34,25.39,471.04,0.682
C7H14O2,propylisobutanoate,CCCOC(=O)C(C)C,130.187,,,458.73,0.682
C7H14O2,1-methylethyl isobutanoate,CC(C)OC(=O)C(C)C,130.187,586.34,24.76,483.01,0.682
C7H14O2,ethyl pentanoate,CCCCC(=O)OCC,130.187,586.34,25.67,465.87,0.682
C7H14O2,ethyl isopentanoate,CCOC(=O)CC(C)C,130.187,,,471.04,0.682
C7H14O2,"ethyl 2-methylbutanoate, (+)",CCOC(=O)[C@@H](C)CC,130.187,586.34,25.52,468.51,0.682
C7H14O2,ethyl tert-pentanoate,CCOC(=O)C(C)CC,130.187,586.34,25.07,476.99,0.682
C7H14O2,methyl hexanoate,CCCCCC(=O)OC,130.187,586.34,26.08,458.55,0.682
C7H14O2,methyl 2-ethylbutanoate,CCC(CC)C(=O)OC,130.187,586.34,25.9,461.74,0.682
C7H14S,thiacyclooctane,C1CCCSCCC1,130.256,726.84,38.3,391.5,0.352
C7H14S,2-ethylthiacyclohexane,CCC1CCCCS1,130.256,706.44,33.54,434.5,0.352
C7H14S,3-ethylthiacyclohexane,CCC1CCCSC1,130.256,706.44,33.54,434.5,0.352
C7H14S,4-ethylthiacyclohexane,CCC1CCSCC1,130.256,706.44,33.54,434.5,0.352
C7H15Br,1-bromoheptane,CCCCCCCBr,179.101,623.5,28.2,522.06,0.551
C7H15Br,2-bromoheptane,CCCCCC(C)Br,179.101,623.5,27.98,526.12,0.551
C7H15Br,4-bromoheptane,CCCC(Br)CCC,179.101,623.5,28.2,522,0.551
C7H15Cl,1-chloroheptane,CCCCCCCCl,134.65,613.49,27.44,497.21,0.371
C7H15Cl,2-chloroheptane,CCCCCC(C)Cl,134.65,613.49,27.27,500.38,0.371
C7H15Cl,3-chloroheptane,CCCCC(Cl)CC,134.65,613.49,27.33,499.14,0.371
C7H15Cl,4-chloroheptane,CCCC(Cl)CCC,134.65,613.49,27.41,497.76,0.371
C7H15Cl,1-chloro-3-methylhexane,CCCC(C)CCCl,134.65,613.49,27.62,493.95,0.371
C7H15Cl,2-chloro-2-methylhexane,CCCCC(C)(C)Cl,134.65,613.49,27.13,502.95,0.371
C7H15Cl,2-chloro-5-methylhexane,CC(C)CCC(C)Cl,134.65,613.49,27.11,503.3,0.371
C7H15Cl,3-chloro-3-methylhexane,CCCC(C)(Cl)CC,134.65,613.49,27.7,492.53,0.371
C7H15Cl,"2-chloro-2,3-dimethylpentane",CCC(C)C(C)(C)Cl,134.65,613.49,27.65,493.45,0.371
C7H15Cl,"2-chloro-2,4-dimethylpentane",CC(C)CC(C)(C)Cl,134.65,613.49,27.03,504.71,0.371
C7H15Cl,"3-chloro-2,3-dimethylpentane",CCC(C)(Cl)C(C)C,134.65,613.49,27.33,499.2,0.371
C7H15Cl,"4-chloro-2,2-dimethylpentane",CC(Cl)CC(C)(C)C,134.65,613.49,27.01,505.2,0.371
C7H15Cl,3-chloro-3-ethylpentane,CCC(Cl)(CC)CC,134.65,613.49,27.96,487.93,0.371
C7H15Cl,"2-chloro-2,3,3-trimethylbutane",CC(C)(C)C(C)(C)Cl,134.65,613.49,27.33,499.2,0.371
C7H15F,1-fluoroheptane,CCCCCCCF,118.195,553.45,31.75,386.66,0.319
C7H15I,1-iodoheptane,CCCCCCCI,226.101,736.68,27.23,575.38,0.307
C7H15I,2-iodoheptane,CCCCCC(C)I,226.101,722.29,26.16,587.17,0.307
C7H15I,3-iodoheptane,CCCCC(I)CC,226.101,722.29,26.57,578.11,0.307
C7H15I,4-iodoheptane,CCCC(I)CCC,226.101,722.29,26.72,574.87,0.307
C7H15N,N-methylcyclohexylamine,CNC1CCCCC1,113.204,673.76,35.23,407.58,0.426
C7H15N,cyclohexanemethanamine,NCC1CCCCC1,113.204,673.76,35.48,404.77,0.426
C7H15N,cis-2-methylcyclohexylamine,C[C@H]1CCCC[C@H]1N,113.204,673.76,35.86,400.46,0.426
C7H15N,trans-2-methylcyclohexylamine,C[C@@H]1CCCC[C@H]1N,113.204,673.76,35.41,405.61,0.426
C7H15N,cis-3-methylcyclohexylamine,C[C@@H]1CCC[C@H](N)C1,113.204,673.76,34.76,413.19,0.426
C7H15N,trans-3-methylcyclohexylamine,C[C@H]1CCC[C@H](N)C1,113.204,673.76,34.85,412.03,0.426
C7H15N,cis-4-methylcyclohexylamine,C[C@H]1CC[C@@H](N)CC1,113.204,673.76,34.83,412.32,0.426
C7H15N,trans-4-methylcyclohexylamine,C[C@H]1CC[C@H](N)CC1,113.204,673.76,34.71,413.71,0.426
C7H15N,"2,6-dimethylpiperidine",CC1CCCC(C)N1,113.204,653.76,30.43,457.86,0.426
C7H15N,"3,3-dimethylpiperidine",CC1(C)CCCNC1,113.204,653.76,31.99,435.55,0.426
C7H15N,"1,2-dimethylpiperidine",CC1CCCCN1C,113.204,653.76,30.8,452.39,0.426
C7H15N,"2,5-dimethylpiperidine",CC1CCC(C)NC1,113.204,653.76,31.15,447.37,0.426
C7H15N,"3,5-dimethylpiperidine",CC1CNCC(C)C1,113.204,653.76,32.11,434,0.426
C7H15N,1-ethylpiperidine,CCN1CCCCC1,113.204,653.76,30.79,452.59,0.426
C7H15N,2-ethylpiperidine,CCC1CCCCN1,113.204,653.76,32.65,426.85,0.426
C7H15N,3-ethylpiperidine,CCC1CCCNC1,113.204,653.76,32.27,431.87,0.426
C7H15N,4-ethylpiperidine,CCC1CCNCC1,113.204,653.76,33.14,420.42,0.426
C7H15N,1-propylpyrrolidine,CCCN1CCCC1,113.204,628.76,28.99,462.27,0.426
C7H15N,3-propylpyrrolidine,CCCC1CCNC1,113.204,668.76,32.1,444.02,0.426
C7H15N,"2,2,4-trimethylpyrrolidine",CC1CNC(C)(C)C1,113.204,668.76,30.35,469.71,0.426
C7H15N,"2,2,5-trimethylpyrrolidine",CC1CCC(C)(C)N1,113.204,668.76,29.97,475.58,0.426
C7H15N,3-methylcyclohexylamine,CC1CCCC(N)C1,113.204,673.76,34.75,413.3,0.426
C7H15N,2-methylcyclohexylamine; (cis+trans),CC1CCCCC1N,113.204,673.76,34.65,414.47,0.426
C7H15N,4-methylcyclohexylamine,CC1CCC(N)CC1,113.204,673.76,34.65,414.47,0.426
C7H15NO,"N,N-diisopropylformamide",CC(C)N(C=O)C(C)C,129.203,763.84,28.63,557.52,0.46
C7H15NO2,1-nitroheptane,CCCCCCC[N+](=O)[O-],145.202,761.43,26.34,592.13,0.49
C7H16,3-ethylpentane,CCC(CC)CC,100.205,527.03,29.64,389.66,0.317
C7H16N2,"1,2,4-trimethylpiperazine",CC1CN(C)CCN1C,128.219,737.07,36.32,424.56,0.458
C7H16N2,isopropyl piperazine,CC(C)N1CCNCC1,128.219,737.07,36.32,424.56,0.458
C7H16O,2-heptanol,CCCCCC(C)O,116.204,619.68,28.54,450.6,0.616
C7H16O,(S)-(+)-2-heptanol,CCCCC[C@H](C)O,116.204,619.68,28.38,453.06,0.616
C7H16O,(R)-(-)-2-heptanol,CCCCC[C@@H](C)O,116.204,619.68,28.59,449.74,0.616
C7H16O,3-heptanol,CCCCC(O)CC,116.204,619.68,28.55,450.4,0.616
C7H16O,"3-heptanol, (S)",CCCC[C@@H](O)CC,116.204,619.68,28.79,446.66,0.616
C7H16O,4-heptanol,CCCC(O)CCC,116.204,619.68,28.43,452.39,0.616
C7H16O,2-methyl-1-hexanol,CCCCC(C)CO,116.204,619.68,28.8,446.46,0.616
C7H16O,3-methyl-1-hexanol,CCCC(C)CCO,116.204,619.68,28.85,445.81,0.616
C7H16O,4-methyl-1-hexanol,CCC(C)CCCO,116.204,619.68,28.68,448.42,0.616
C7H16O,5-methyl-1-hexanol,CC(C)CCCCO,116.204,619.68,28.34,453.73,0.616
C7H16O,2-methyl-2-hexanol,CCCCC(C)(C)O,116.204,619.68,28.26,455.07,0.616
C7H16O,3-methyl-2-hexanol,CCCC(C)C(C)O,116.204,619.68,28.76,447.11,0.616
C7H16O,4-methyl-2-hexanol,CCC(C)CC(C)O,116.204,619.68,28.55,450.4,0.616
C7H16O,5-methyl-2-hexanol,CC(C)CCC(C)O,116.204,619.68,28.26,455.07,0.616
C7H16O,2-methyl-3-hexanol,CCCC(O)C(C)C,116.204,619.68,28.68,448.42,0.616
C7H16O,3-methyl-3-hexanol,CCCC(C)(O)CC,116.204,619.68,28.72,447.77,0.616
C7H16O,4-methyl-3-hexanol,CCC(C)C(O)CC,116.204,619.68,28.68,448.42,0.616
C7H16O,5-methyl-3-hexanol,CCC(O)CC(C)C,116.204,619.68,29.06,442.59,0.616
C7H16O,2-ethyl-1-pentanol,CCCC(CC)CO,116.204,619.68,29.06,442.59,0.616
C7H16O,3-ethyl-1-pentanol,CCC(CC)CCO,116.204,619.68,29.1,441.95,0.616
C7H16O,"2,2-dimethyl-1-pentanol",CCCC(C)(C)CO,116.204,619.68,29.1,441.95,0.616
C7H16O,"2,3-dimethyl-1-pentanol",CCC(C)C(C)CO,116.204,619.68,29.27,439.4,0.616
C7H16O,"2,4-dimethyl-1-pentanol",CC(C)CC(C)CO,116.204,619.68,28.47,451.72,0.616
C7H16O,"3,3-dimethyl-1-pentanol",CCC(C)(C)CCO,116.204,619.68,29.01,443.23,0.616
C7H16O,"3,4-dimethyl-1-pentanol",CC(C)C(C)CCO,116.204,619.68,28.97,443.87,0.616
C7H16O,"4,4-dimethyl-1-pentanol",CC(C)(C)CCCO,116.204,619.68,28.3,454.4,0.616
C7H16O,3-ethyl-2-pentanol,CCC(CC)C(C)O,116.204,619.68,29.27,439.4,0.616
C7H16O,"2,3-dimethyl-2-pentanol",CCC(C)C(C)(C)O,116.204,619.68,29.01,443.23,0.616
C7H16O,"2,4-dimethyl-2-pentanol",CC(C)CC(C)(C)O,116.204,619.68,28.17,456.42,0.616
C7H16O,"3,3-dimethyl-2-pentanol",CCC(C)(C)C(C)O,116.204,619.68,28.85,445.81,0.616
C7H16O,"3,4-dimethyl-2-pentanol",CC(C)C(C)C(C)O,116.204,619.68,29.27,439.4,0.616
C7H16O,"4,4-dimethyl-2-pentanol",CC(O)CC(C)(C)C,116.204,619.68,28.13,457.1,0.616
C7H16O,3-ethyl-3-pentanol,CCC(O)(CC)CC,116.204,619.68,29.52,435.64,0.616
C7H16O,"2,2-dimethyl-3-pentanol",CCC(O)C(C)(C)C,116.204,619.68,28.76,447.11,0.616
C7H16O,"2,3-dimethyl-3-pentanol",CCC(C)(O)C(C)C,116.204,619.68,29.35,438.14,0.616
C7H16O,"2,4-dimethyl-3-pentanol",CC(C)C(O)C(C)C,116.204,619.68,28.89,445.16,0.616
C7H16O,2-methyl-2-ethyl-1-butanol,CCC(C)(CC)CO,116.204,619.68,28.85,445.81,0.616
C7H16O,3-methyl-2-ethyl-1-butanol,CCC(CO)C(C)C,116.204,619.68,29.22,440.04,0.616
C7H16O,"2,2,3-trimethyl-1-butanol",CC(C)C(C)(C)CO,116.204,619.68,29.65,433.78,0.616
C7H16O,"2,3,3-trimethyl-1-butanol",CC(CO)C(C)(C)C,116.204,619.68,28.85,445.81,0.616
C7H16O,"2,3,3-trimethyl-2-butanol",CC(C)(C)C(C)(C)O,116.204,619.68,29.43,436.89,0.616
C7H16O,heptanol,CCCCCCCO,116.204,619.68,29.29,439.02,0.616
C7H16O,1-methoxy-hexane,CCCCCCOC,116.204,549.68,25.8,442.15,0.616
C7H16O,1-ethoxy-pentane,CCCCCOCC,116.204,549.68,25.8,442.15,0.616
C7H16O,1-propoxy-butane,CCCCOCCC,116.204,549.68,25.8,442.15,0.616
C7H16O,1-isopropoxy-butane,CCCCOC(C)C,116.204,549.68,25.8,442.15,0.616
C7H16O,2-isopropoxy-butane,CCC(C)OC(C)C,116.204,549.68,25.8,442.15,0.616
C7H16O,isopropyl-tert-butyl-ether,CC(C)OC(C)(C)C,116.204,549.68,25.06,455.19,0.616
C7H16O,isopropyl isobutyl ether,CC(C)COC(C)C,116.204,549.68,24.46,466.37,0.616
C7H16O,2-ethoxy-2-methylbutane,CCOC(C)(C)CC,116.204,,,,0.616
C7H16O,ethyl isopentyl ether,CCOCCC(C)C,116.204,549.68,25.82,441.86,0.616
C7H16O,2-methyl-1-propoxypropane,CCCOCC(C)C,116.204,549.68,25.26,451.64,0.616
C7H16O,2-methyl-2-propoxypropane,CCCOC(C)(C)C,116.204,549.68,24.95,457.23,0.616
C7H16OS,3-(methylthio)-1-hexanol,CCCC(CCO)SC,148.271,780,31.76,495.35,0.386
C7H16O2,"1,2-heptanediol",CCCCCC(O)CO,132.203,799.33,32.9,494.3,0.691
C7H16O2,"1,3-heptanediol",CCCCC(O)CCO,132.203,799.33,32.9,494.3,0.691
C7H16O2,"1,4-heptanediol",CCCC(O)CCCO,132.203,799.33,31.95,508.95,0.691
C7H16O2,"1,5-heptanediol",CCC(O)CCCCO,132.203,799.33,32.74,496.7,0.691
C7H16O2,"1,6-heptanediol",CC(O)CCCCCO,132.203,799.33,32.39,501.97,0.691
C7H16O2,"1,7-heptanediol",OCCCCCCCO,132.203,799.33,32.15,505.75,0.691
C7H16O2,"2,3-heptanediol",CCCCC(O)C(C)O,132.203,799.33,32.9,494.3,0.691
C7H16O2,"2,4-heptanediol",CCCC(O)CC(C)O,132.203,799.33,31.22,520.89,0.691
C7H16O2,"2,6-heptanediol",CC(O)CCCC(C)O,132.203,799.33,32.9,494.3,0.691
C7H16O2,"2-methyl-1,2-hexanediol",CCCCC(C)(O)CO,132.203,799.33,32.9,494.3,0.691
C7H16O2,"2-methyl-2,4-hexanediol",CCC(O)CC(C)(C)O,132.203,799.33,31.19,521.36,0.691
C7H16O2,"2-methyl-2,5-hexanediol",CC(O)CCC(C)(C)O,132.203,799.33,32.9,494.3,0.691
C7H16O2,"3-methyl-1,6-hexanediol",CC(CCO)CCCO,132.203,799.33,32.9,494.3,0.691
C7H16O2,"3-methyl-3,4-hexanediol",CCC(O)C(C)(O)CC,132.203,799.33,32.9,494.3,0.691
C7H16O2,"4-methyl-1,5-hexanediol",CC(O)C(C)CCCO,132.203,799.33,32.9,494.3,0.691
C7H16O2,"4-methyl-2,4-hexanediol",CCC(C)(O)CC(C)O,132.203,799.33,32.9,494.3,0.691
C7H16O2,"5-methyl-1,5-hexanediol",CC(C)(O)CCCCO,132.203,799.33,32.9,494.3,0.691
C7H16O2,"5-methyl-2,4-hexanediol",CC(O)CC(O)C(C)C,132.203,799.33,32.9,494.3,0.691
C7H16O2,"2-ethyl-1,3-pentanediol",CCC(O)C(CC)CO,132.203,799.33,32.9,494.3,0.691
C7H16O2,"2-ethyl-1,5-pentanediol",CCC(CO)CCCO,132.203,799.33,32.9,494.3,0.691
C7H16O2,"3-ethyl-2,3-pentanediol",CCC(O)(CC)C(C)O,132.203,799.33,32.35,502.6,0.691
C7H16O2,"3-ethyl-2,4-pentanediol",CCC(C(C)O)C(C)O,132.203,799.33,32.9,494.3,0.691
C7H16O2,"2,2-dimethyl-1,3-pentanediol",CCC(O)C(C)(C)CO,132.203,799.33,32.9,494.3,0.691
C7H16O2,"2,2-dimethyl-1,5-pentanediol",CC(C)(CO)CCCO,132.203,799.33,32.9,494.3,0.691
C7H16O2,"2,3-dimethyl-1,3-pentanediol",CCC(C)(O)C(C)CO,132.203,799.33,32.9,494.3,0.691
C7H16O2,"2,3-dimethyl-2,3-pentanediol",CCC(C)(O)C(C)(C)O,132.203,799.33,32.9,494.3,0.691
C7H16O2,"DL-2,4-dimethyl-1,5-pentanediol",C[C@H](CO)C[C@H](C)CO,132.203,799.33,32.9,494.3,0.691
C7H16O2,"meso-2,4-dimethyl-1,5-pentanediol",CC(CO)CC(C)CO,132.203,799.33,32.9,494.3,0.691
C7H16O2,"2,4-dimethyl-2,3-pentanediol",CC(C)C(O)C(C)(C)O,132.203,799.33,32.9,494.3,0.691
C7H16O2,"2,4-dimethyl-2,4-pentanediol",CC(C)(O)CC(C)(C)O,132.203,799.33,32.9,494.3,0.691
C7H16O2,"3,3-dimethyl-1,5-pentanediol",CC(C)(CCO)CCO,132.203,799.33,32.9,494.3,0.691
C7H16O2,"3,4-dimethyl-1,4-pentanediol",CC(CCO)C(C)(C)O,132.203,799.33,32.9,494.3,0.691
C7H16O2,"4,4-dimethyl-1,2-pentanediol",CC(C)(C)CC(O)CO,132.203,799.33,32.9,494.3,0.691
C7H16O2,"erythro-4,4-dimethyl-2,3-pentanediol",C[C@@H](O)[C@@H](O)C(C)(C)C,132.203,799.33,32.9,494.3,0.691
C7H16O2,"threo-4,4-dimethyl-2,3-pentanediol",C[C@H](O)[C@@H](O)C(C)(C)C,132.203,799.33,32.9,494.3,0.691
C7H16O2,"2-propyl-1,4-butanediol",CCCC(CO)CCO,132.203,799.33,32.9,494.3,0.691
C7H16O2,"2-isopropyl-1,4-butanediol",CC(C)C(CO)CCO,132.203,799.33,32.9,494.3,0.691
C7H16O2,"2-sec-butyl-1,3-propanediol",CCC(C)C(CO)CO,132.203,799.33,32.9,494.3,0.691
C7H16O2,"2-methyl-2-propyl-1,3-propanediol",CCCC(C)(CO)CO,132.203,799.33,32.9,494.3,0.691
C7H16O2,"2,2-diethyl-1,3-propanediol",CCC(CC)(CO)CO,132.203,799.33,31.91,509.59,0.691
C7H16O2,1-butoxy-2-propanol,CCCCOCC(C)O,132.203,659.33,27.33,490.82,0.691
C7H16O2,2-(pentyloxy)ethanol,CCCCCOCCO,132.203,659.33,27.69,484.36,0.691
C7H16O2,1-tert-butoxy-2-propanol,CC(O)COC(C)(C)C,132.203,659.33,26.96,497.59,0.691
C7H16O2,1-isobutoxy-2-propanol,CC(C)COCC(C)O,132.203,659.33,27.38,489.87,0.691
C7H16O2,propylene glycol 2-tert-butyl ether,CC(CO)OC(C)(C)C,132.203,659.33,27.38,489.87,0.691
C7H16O2,1-butoxy-2-methoxyethane,CCCCOCCOC,132.203,659.33,27.38,489.87,0.691
C7H16O2,3-butoxy-1-propanol,CCCCOCCCO,132.203,659.33,27.38,489.87,0.691
C7H16O3,dipropylene glycol monomethyl ether,COC(C)COC(C)CO,148.202,612,26.16,466.6,0.761
C7H16O4,triethylene glycol monomethyl ether,COCCOCCOCCO,164.201,677,26.68,496,0.825
C7H16S,1-heptanethiol,CCCCCCCS,132.272,634.43,26.21,498.01,0.356
C7H16S,2-heptanethiol,CCCCCC(C)S,132.272,634.43,25.92,503.7,0.356
C7H16S,3-heptanethiol,CCCCC(S)CC,132.272,634.43,26.5,492.67,0.356
C7H16S,4-heptanethiol,CCCC(S)CCC,132.272,634.43,26.5,492.67,0.356
C7H16S,2-methyl-1-hexanethiol,CCCCC(C)CS,132.272,634.43,26.5,492.67,0.356
C7H16S,3-methyl-1-hexanethiol,CCCC(C)CCS,132.272,634.43,26.5,492.67,0.356
C7H16S,4-methyl-1-hexanethiol,CCC(C)CCCS,132.272,634.43,26.5,492.67,0.356
C7H16S,5-methyl-1-hexanethiol,CC(C)CCCCS,132.272,634.43,26.5,492.67,0.356
C7H16S,2-methyl-2-hexanethiol,CCCCC(C)(C)S,132.272,634.43,26.5,492.67,0.356
C7H16S,3-methyl-2-hexanethiol,CCCC(C)C(C)S,132.272,634.43,26.5,492.67,0.356
C7H16S,4-methyl-2-hexanethiol,CCC(C)CC(C)S,132.272,634.43,26.5,492.67,0.356
C7H16S,5-methyl-2-hexanethiol,CC(C)CCC(C)S,132.272,634.43,26.5,492.67,0.356
C7H16S,2-thiaoctane,CCCCCCSC,132.272,634.43,26.21,498.01,0.356
C7H16S,3-thiaoctane,CCCCCSCC,132.272,634.43,26.21,498.01,0.356
C7H16S,4-thiaoctane,CCCCSCCC,132.272,634.43,26.21,498.01,0.356
C7H16S,3-methyl-2-thiaheptane,CCCCC(C)SC,132.272,634.43,26.5,492.67,0.356
C7H16S,4-methyl-2-thiaheptane,CCCC(C)CSC,132.272,634.43,26.5,492.67,0.356
C7H16S,5-methyl-2-thiaheptane,CCC(C)CCSC,132.272,634.43,26.5,492.67,0.356
C7H16S,2-methyl-3-thiaheptane,CCCCSC(C)C,132.272,634.43,26.5,492.67,0.356
C7H16S,4-methyl-3-thiaheptane,CCCC(C)SCC,132.272,634.43,26.5,492.67,0.356
C7H16S,5-methyl-3-thiaheptane,CCSCC(C)CC,132.272,634.43,26.5,492.67,0.356
C7H16S2,"1,7-heptanedithiol",SCCCCCCCS,164.339,763.12,28.39,531.52,0.414
C7H16S2,"1,6-heptanedithiol",CC(S)CCCCCS,164.339,763.12,28.39,531.52,0.414
C7H16S2,"1,5-heptanedithiol",CCC(S)CCCCS,164.339,763.12,28.39,531.52,0.414
C7H16S2,"1,4-heptanedithiol",CCCC(S)CCCS,164.339,763.12,28.39,531.52,0.414
C7H16S2,"1,3-heptanedithiol",CCCCC(S)CCS,164.339,763.12,28.39,531.52,0.414
C7H16S2,"1,2-heptanedithiol",CCCCCC(S)CS,164.339,763.12,28.39,531.52,0.414
C7H16S2,"2,3-dithianonane",CCCCCCSSC,164.339,708.12,25.6,546.88,0.414
C7H16S2,"3,4-dithianonane",CCCCCSSCC,164.339,708.12,25.6,546.88,0.414
C7H16S2,"4,5-dithianonane",CCCCSSCCC,164.339,708.12,25.6,546.88,0.414
C7H16S2,"2,4-dithianonane",CCCCCSCSC,164.339,708.12,25.6,546.88,0.414
C7H16S2,"3,5-dithianonane",CCCCSCSCC,164.339,708.12,25.6,546.88,0.414
C7H16S2,"4,6-dithianonane",CCCSCSCCC,164.339,708.12,25.6,546.88,0.414
C7H17N,heptylamine,CCCCCCCN,115.22,617.7,29.49,445.34,0.431
C7H17N,"2,4-dimethyl-2-pentanamine",CC(C)CC(C)(C)N,115.22,617.7,29.49,445.41,0.431
C7H17N,2-heptanamine,CCCCCC(C)N,115.22,617.7,29.24,449.17,0.431
C7H17N,4-heptanamine,CCCC(N)CCC,115.22,617.7,29.26,448.82,0.431
C7H17N,3-methyl-1-hexanamine,CCCC(C)CCN,115.22,617.7,29.49,445.34,0.431
C7H17N,4-methyl-2-hexanamine,CCC(C)CC(C)N,115.22,617.7,29.19,449.88,0.431
C7H17N,4-methyl-1-hexylamine,CCC(C)CCCN,115.22,617.7,29.87,439.73,0.431
C7H17N,(S)-2-heptylamine,CCCCC[C@H](C)N,115.22,617.7,29.22,449.53,0.431
C7H17N,(R)-2-heptylamine,CCCCC[C@@H](C)N,115.22,617.7,29.22,449.53,0.431
C7H17N,3-aminoheptane,CCCCC(N)CC,115.22,617.7,29.9,439.22,0.431
C7H17N,5-methyl-2-hexylamine,CC(C)CCC(C)N,115.22,617.7,30.21,434.66,0.431
C7H17N,methylhexylamine,CCCCCCNC,115.22,577.7,26.85,457.4,0.431
C7H17N,ethylpentylamine,CCCCCNCC,115.22,577.7,26.54,462.76,0.431
C7H17N,N-tert-butylisopropylamine,CC(C)NC(C)(C)C,115.22,577.7,25.66,478.62,0.431
C7H17N,N-propylbutylamine,CCCCNCCC,115.22,577.7,26.43,464.77,0.431
C7H17N,dimethylpentylamine,CCCCCN(C)C,115.22,577.7,25.87,474.85,0.431
C7H17N,dimethyl-2-pentylamine,CCCC(C)N(C)C,115.22,577.7,25.24,486.55,0.431
C7H17N,dimethyl-3-pentylamine,CCC(CC)N(C)C,115.22,577.7,26.67,460.53,0.431
C7H17N,dimethyl-2-methylbutylamine,CCC(C)CN(C)C,115.22,577.7,26.73,459.51,0.431
C7H17N,dimethyl-3-methylbutylamine,CC(C)CCN(C)C,115.22,577.7,26.73,459.51,0.431
C7H17N,"dimethyl-1,1-dimethylpropylamine",CCC(C)(C)N(C)C,115.22,577.7,25.88,474.62,0.431
C7H17N,"dimethyl-1,2-dimethylpropylamine",CC(C)C(C)N(C)C,115.22,577.7,25.88,474.62,0.431
C7H17N,"dimethyl-2,2-dimethylpropylamine",CN(C)CC(C)(C)C,115.22,577.7,25.88,474.62,0.431
C7H17N,methylethylbutylamine,CCCCN(C)CC,115.22,577.7,25.88,474.69,0.431
C7H17N,methylethyl-sec-butylamine,CCC(C)N(C)CC,115.22,577.7,25.16,488.1,0.431
C7H17N,methylethylisobutylamine,CCN(C)CC(C)C,115.22,577.7,25.76,476.8,0.431
C7H17N,methylethyl-tert-butylamine,CCN(C)C(C)(C)C,115.22,577.7,26.4,465.22,0.431
C7H17N,methyldipropylamine,CCCN(C)CCC,115.22,577.7,26.64,460.98,0.431
C7H17N,methylpropylisopropylamine,CCCN(C)C(C)C,115.22,577.7,26.64,460.98,0.431
C7H17N,methyldiisopropylamine,CC(C)N(C)C(C)C,115.22,577.7,26.62,461.42,0.431
C7H17N,diethylpropylamine,CCCN(CC)CC,115.22,577.7,26.13,470.07,0.431
C7H17N,diethylisopropylamine,CCN(CC)C(C)C,115.22,577.7,26.17,469.31,0.431
C7H18Si,butyltrimethylsilane,CCCC[Si](C)(C)C,130.307,589.15,23.52,547.26,0.282
C7H18Si,trimethylisobutylsilane,CC(C)C[Si](C)(C)C,130.307,589.15,23.43,549.32,0.282
C7H18Si,diethylisopropylsilane,CC[SiH](CC)C(C)C,130.307,610.3,24.67,540.46,0.282
C8F18,perfluorooctane,FC(F)(F)C(F)(F)C(F)(F)C(F)(F)C(F)(F)C(F)(F)C(F)(F)C(F)(F)F,438.052,596.18,11.6,765.92,0.64
C8H4Cl2O2,isophthaloyl chloride,O=C(Cl)c1cccc(C(=O)Cl)c1,203.024,768,33.31,471,0.485
C8H4O3,phthalic anhydride,O=C1OC(=O)c2ccccc21,148.117,791,37.47,421,0.76
C8H5I,(iodoethynyl)benzene,IC#Cc1ccccc1,228.032,655.15,33.76,411.7,0.31
C8H6,ethynylbenzene,C#Cc1ccccc1,102.136,650,42.8,332,0.321
C8H6Cl2,"2,5-dichlorostyrene",C=Cc1cc(Cl)ccc1Cl,173.042,732.57,35.49,437.68,0.369
C8H6Cl2,"2,6-dichlorostyrene",C=Cc1c(Cl)cccc1Cl,173.042,732.57,35.49,437.68,0.369
C8H6Cl2,"(2,2-dichlorovinyl)benzene",ClC(Cl)=Cc1ccccc1,173.042,732.57,35.73,434.71,0.369
C8H6Cl2,"1,2-dichloro-3-vinylbenzene",C=Cc1cccc(Cl)c1Cl,173.042,732.57,36.1,430.21,0.369
C8H6Cl2,"1,2-dichloro-4-vinylbenzene",C=Cc1ccc(Cl)c(Cl)c1,173.042,732.57,35.83,433.5,0.369
C8H6Cl2,"1,3-dichloro-5-vinylbenzene",C=Cc1cc(Cl)cc(Cl)c1,173.042,732.57,34.77,446.7,0.369
C8H6Cl2,"2,4-dichloro-1-vinylbenzene",C=Cc1ccc(Cl)cc1Cl,173.042,732.57,35.38,438.95,0.369
C8H6Cl4,"1,4-bis(dichloromethyl)benzene",ClC(Cl)c1ccc(C(Cl)Cl)cc1,243.948,780.24,31.8,476.27,0.47
C8H6Cl4,"1,2,3,4-tetrachloro-5,6-dimethylbenzene",Cc1c(C)c(Cl)c(Cl)c(Cl)c1Cl,243.948,780.24,32.96,459.57,0.47
C8H6Cl4,"1,2,3,5-tetrachloro-4,6-dimethylbenzene",Cc1c(Cl)c(C)c(Cl)c(Cl)c1Cl,243.948,780.24,34.12,443.91,0.47
C8H6Cl4,"a,a,a',a'-tetrachloro-o-xylene",ClC(Cl)c1ccccc1C(Cl)Cl,243.948,781.73,33.02,459.57,0.47
C8H6Cl4,"1,2,4,5-tetrachloro-3,6-dimethylbenzene",Cc1c(Cl)c(Cl)c(C)c(Cl)c1Cl,243.948,780.24,32.96,459.57,0.47
C8H6Cl4,"1,2,3,5-tetrachloro-4-ethylbenzene",CCc1c(Cl)cc(Cl)c(Cl)c1Cl,243.948,780.24,32.96,459.57,0.47
C8H6O2,"1,4-benzenedicarboxaldehyde",O=Cc1ccc(C=O)cc1,134.134,739,39.16,383,0.7
C8H6O3,2-formylbenzoic acid,O=Cc1ccccc1C(=O)O,150.133,772,41.29,372,0.769
C8H6O3,4-formylbenzoic acid,O=Cc1ccc(C(=O)O)cc1,150.133,966,48.9,393,0.769
C8H6O4,isophthalic acid,O=C(O)c1cccc(C(=O)O)c1,166.132,1007,46.32,424,0.833
C8H6O4,phthalic acid,O=C(O)c1ccccc1C(=O)O,166.132,800,36.8,424,0.833
C8H6O4,terephthalic acid,O=C(O)c1ccc(C(=O)O)cc1,166.132,1113,51.19,424,0.833
C8H6S,benzothiophene,c1ccc2sccc2c1,134.203,754,44.35,349,0.36
C8H7F3,1-methyl-4-(trifluoromethyl)benzene,Cc1ccc(C(F)(F)F)cc1,160.138,575.32,42.17,287.25,0.309
C8H7F3,3-methylbenzotrifluoride,Cc1cccc(C(F)(F)F)c1,160.138,575.32,32.34,374.51,0.309
C8H7N,indole,c1ccc2[nH]ccc2c1,117.151,790,38.88,431,0.435
C8H7N,benzeneacetonitrile,N#CCc1ccccc1,117.151,732,39.71,391,0.435
C8H7N,2-methylbenzonitrile,Cc1ccccc1C#N,117.151,721.44,41.68,367.15,0.435
C8H7N,3-methylbenzonitrile,Cc1cccc(C#N)c1,117.151,721.44,43.5,351.79,0.435
C8H7N,4-methylbenzonitrile,Cc1ccc(C#N)cc1,117.151,721.44,40.71,375.88,0.435
C8H8,styrene,C=Cc1ccccc1,104.152,636,40.36,343.64,0.326
C8H8,"1,3,5,7-cyclooctatetraene",C1=CC=CC=CC=C1,104.152,642.55,40.55,345.5,0.326
C8H8Br2,"1,2-bis(bromomethyl)benzene",BrCc1ccccc1CBr,263.96,778.81,37.46,441.71,0.6
C8H8Br2,"1,3-bis(bromomethyl)benzene",BrCc1cccc(CBr)c1,263.96,778.81,37.44,441.98,0.6
C8H8Br2,"1,4-bis(bromomethyl)benzene",BrCc1ccc(CBr)cc1,263.96,778.81,38.66,428.05,0.6
C8H8Br2,"1,2-dibromo-3,4-dimethylbenzene",Cc1ccc(Br)c(Br)c1C,263.96,778.81,32.66,506.56,0.6
C8H8Br2,"1,5-dibromo-2,4-dimethylbenzene",Cc1cc(C)c(Br)cc1Br,263.96,778.81,32.66,506.56,0.6
C8H8Br2,"(1,2-dibromoethyl)benzene",BrCC(Br)c1ccccc1,263.96,778.81,32.66,506.56,0.6
C8H8Br2,"1,4-dibromo-2,5-dimethylbenzene",Cc1cc(Br)c(C)cc1Br,263.96,778.81,32.66,506.56,0.6
C8H8Br2,"1,2-dibromo-4,5-dimethylbenzene",Cc1cc(Br)c(Br)cc1C,263.96,778.81,32.66,506.56,0.6
C8H8Br2,ethyl dibromobenzene,CCc1cccc(Br)c1Br,263.96,778.81,32.66,506.56,0.6
C8H8Cl2,"1,2-bis(chloromethyl)benzene",ClCc1ccccc1CCl,175.058,745.1,40.59,388.22,0.372
C8H8Cl2,"1,3-bis(chloromethyl)benzene",ClCc1cccc(CCl)c1,175.058,763.43,38.35,421,0.372
C8H8Cl2,"1,4-bis(chloromethyl)benzene",ClCc1ccc(CCl)cc1,175.058,729.8,40.58,380.34,0.372
C8H8Cl2,"1,2-dichloro-3,4-dimethylbenzene",Cc1ccc(Cl)c(Cl)c1C,175.058,737.06,34.38,453.39,0.372
C8H8Cl2,"1,3-dichloro-2,5-dimethylbenzene",Cc1cc(Cl)c(C)c(Cl)c1,175.058,729.8,33.76,457.16,0.372
C8H8Cl2,"1,4-dichloro-2,5-dimethylbenzene",Cc1cc(Cl)c(C)cc1Cl,175.058,720.42,34.53,441.25,0.372
C8H8Cl2,"1,5-dichloro-2,4-dimethylbenzene",Cc1cc(C)c(Cl)cc1Cl,175.058,729.8,34.98,441.25,0.372
C8H8Cl2,"2,3-dichloro-1,4-dimethylbenzene",Cc1ccc(C)c(Cl)c1Cl,175.058,729.8,34.28,450.3,0.372
C8H8Cl2,"(1,2-dichloroethyl)benzene",ClCC(Cl)c1ccccc1,175.058,729.8,34.58,446.38,0.372
C8H8Cl2,"1,4-dichloro-2-ethylbenzene",CCc1cc(Cl)ccc1Cl,175.058,712.39,33.72,446.82,0.372
C8H8Cl2,1-(dichloromethyl)-4-methylbenzene,Cc1ccc(C(Cl)Cl)cc1,175.058,729.8,34.98,441.25,0.372
C8H8Cl2,ethyldichlorobenzene,CCc1cccc(Cl)c1Cl,175.058,729.8,34.98,441.25,0.372
C8H8O,p-tolualdehyde,Cc1ccc(C=O)cc1,120.151,698,34.65,416,0.635
C8H8O,2-methylbenzaldehyde,Cc1ccccc1C=O,120.151,694,37.13,386,0.635
C8H8O,3-methylbenzaldehyde,Cc1cccc(C=O)c1,120.151,691,37.95,376,0.635
C8H8O,4-vinylphenol,C=Cc1ccc(O)cc1,120.151,736,40.64,374,0.635
C8H8O2,methyl benzoate,COC(=O)c1ccccc1,136.15,693,32.18,436,0.709
C8H8O2,o-toluic acid,Cc1ccccc1C(=O)O,136.15,751,38.29,397,0.709
C8H8O2,p-toluic acid,Cc1ccc(C(=O)O)cc1,136.15,773,39.42,397,0.709
C8H8O2,benzyl formate,O=COCc1ccccc1,136.15,698,35.59,397,0.709
C8H8O2,1-(2-hydroxyphenyl)ethanone,CC(=O)c1ccccc1O,136.15,707,36.33,394,0.709
C8H8O2,1-(4-hydroxyphenyl)ethanone,CC(=O)c1ccc(O)cc1,136.15,860,44.19,394,0.709
C8H8O3,vanillin,COc1cc(C=O)ccc1O,152.149,777,37.16,415,0.777
C8H8O3,methyl salicylate,COC(=O)c1ccccc1O,152.149,,,410,0.777
C8H9Br,"1-bromo-2,3-dimethylbenzene",Cc1cccc(Br)c1C,185.064,681.92,36.73,435.14,0.353
C8H9Br,"1-bromo-2,4-dimethylbenzene",Cc1ccc(Br)c(C)c1,185.064,681.92,35.98,444.14,0.353
C8H9Br,"1-bromo-3,5-dimethylbenzene",Cc1cc(C)cc(Br)c1,185.064,681.92,36.63,436.29,0.353
C8H9Br,"2-bromo-1,3-dimethylbenzene",Cc1cccc(C)c1Br,185.064,681.92,36.45,438.42,0.353
C8H9Br,"2-bromo-1,4-dimethylbenzene",Cc1ccc(C)c(Br)c1,185.064,681.92,36.51,437.75,0.353
C8H9Br,"4-bromo-1,2-dimethylbenzene",Cc1ccc(Br)cc1C,185.064,681.92,36.91,432.93,0.353
C8H9Br,(1-bromoethyl)benzene,CC(Br)c1ccccc1,185.064,681.92,36.58,436.86,0.353
C8H9Br,"(1-bromoethyl)benzene, (R)",C[C@@H](Br)c1ccccc1,185.064,681.92,34.98,456.82,0.353
C8H9Br,(2-bromoethyl)benzene,BrCCc1ccccc1,185.064,681.92,36.7,435.4,0.353
C8H9Br,1-bromo-2-ethylbenzene,CCc1ccccc1Br,185.064,681.92,36.4,439.07,0.353
C8H9Br,1-bromo-3-ethylbenzene,CCc1cccc(Br)c1,185.064,681.92,36.22,441.22,0.353
C8H9Br,1-bromo-4-ethylbenzene,CCc1ccc(Br)cc1,185.064,681.92,36,443.98,0.353
C8H9Br,1-(bromomethyl)-2-methylbenzene,Cc1ccccc1CBr,185.064,681.92,37.25,429.06,0.353
C8H9Br,1-(bromomethyl)-3-methylbenzene,Cc1cccc(CBr)c1,185.064,681.92,36.92,432.81,0.353
C8H9Br,1-(bromomethyl)-4-methylbenzene,Cc1ccc(CBr)cc1,185.064,681.92,35.41,451.36,0.353
C8H9Cl,"1-chloro-2,3-dimethylbenzene",Cc1cccc(Cl)c1C,140.613,673.74,35.62,417.55,0.312
C8H9Cl,"1-chloro-2,4-dimethylbenzene",Cc1ccc(Cl)c(C)c1,140.613,673.74,35.82,415.23,0.312
C8H9Cl,"2-chloro-1,3-dimethylbenzene",Cc1cccc(C)c1Cl,140.613,673.74,35.62,417.55,0.312
C8H9Cl,"2-chloro-1,4-dimethylbenzene",Cc1ccc(C)c(Cl)c1,140.613,673.74,35.86,414.76,0.312
C8H9Cl,"4-chloro-1,2-dimethylbenzene",Cc1ccc(Cl)cc1C,140.613,673.74,36.24,410.43,0.312
C8H9Cl,(1-chloroethyl)benzene,CC(Cl)c1ccccc1,140.613,673.74,35.98,413.31,0.312
C8H9Cl,(2-chloroethyl)benzene,ClCCc1ccccc1,140.613,673.74,36.27,410.07,0.312
C8H9Cl,1-chloro-2-ethylbenzene,CCc1ccccc1Cl,140.613,673.74,35.09,423.83,0.312
C8H9Cl,1-chloro-3-ethylbenzene,CCc1cccc(Cl)c1,140.613,673.74,35.64,417.25,0.312
C8H9Cl,1-chloro-4-ethylbenzene,CCc1ccc(Cl)cc1,140.613,673.74,35.64,417.25,0.312
C8H9Cl,1-(chloromethyl)-2-methylbenzene,Cc1ccccc1CCl,140.613,673.74,35.64,417.25,0.312
C8H9Cl,1-(chloromethyl)-3-methylbenzene,Cc1cccc(CCl)c1,140.613,673.74,35.64,417.25,0.312
C8H9Cl,1-(chloromethyl)-4-methylbenzene,Cc1ccc(CCl)cc1,140.613,673.74,35.64,417.25,0.312
C8H9Cl,"1-chloro-3,5-xylene",Cc1cc(C)cc(Cl)c1,140.613,673.74,35.64,417.25,0.312
C8H9F,3-fluoro-o-xylene,Cc1cccc(F)c1C,124.158,604.65,40.39,329.62,0.275
C8H9F,2-fluoro-m-xylene,Cc1cccc(C)c1F,124.158,604.65,40.29,330.42,0.275
C8H9F,4-fluoro-o-xylene,Cc1ccc(F)cc1C,124.158,604.65,40.55,328.28,0.275
C8H9I,1-ethyl-2-iodobenzene,CCc1ccccc1I,232.064,759.62,32.9,487.48,0.315
C8H9I,1-ethyl-4-iodobenzene,CCc1ccc(I)cc1,232.064,774.88,33.34,490.57,0.315
C8H9I,"1-iodo-2,3-dimethylbenzene",Cc1cccc(I)c1C,232.064,770.97,33.92,479.82,0.315
C8H9I,"1-iodo-2,4-dimethylbenzene",Cc1ccc(I)c(C)c1,232.064,774.88,33.81,483.82,0.315
C8H9I,"1-iodo-3,5-dimethylbenzene",Cc1cc(C)cc(I)c1,232.064,774.88,33.32,490.93,0.315
C8H9I,"2-iodo-1,3-dimethylbenzene",Cc1cccc(C)c1I,232.064,771.68,33.36,488.27,0.315
C8H9I,"2-iodo-1,4-dimethylbenzene",Cc1ccc(C)c(I)c1,232.064,774.88,33.53,487.91,0.315
C8H9I,"4-iodo-1,2-dimethylbenzene",Cc1ccc(I)cc1C,232.064,774.5,33.92,481.97,0.315
C8H9I,(2-iodoethyl)benzene,ICCc1ccccc1,232.064,774.88,33.16,493.33,0.315
C8H9NO,acetanilide,CC(=O)Nc1ccccc1,135.166,825,39.79,430,0.472
C8H10,"1,3,5-cyclooctatriene",C1=CC=CCCC=C1,106.168,623.58,37.72,359.57,0.331
C8H10,"1,3,6-cyclooctatriene",C1=CCC=CCC=C1,106.168,621.54,37.44,361.06,0.331
C8H10,"2,5-dimethyl-1,5-hexadien-3-yne",C=C(C)C#CC(=C)C,106.168,621.54,35.44,381.49,0.331
C8H10,"2,6-octadiyne",CC#CCCC#CC,106.168,628.59,36.84,371.15,0.331
C8H10,"3,5-octadiyne",CCC#CC#CCC,106.168,649.38,37.95,372.23,0.331
C8H10,"1,7-octadiyne",C#CCCCCC#C,106.168,609.2,35.13,377.21,0.331
C8H10N4O2,caffeine,Cn1c(=O)c2c(ncn2C)n(C)c1=O,194.194,850,32.12,510,0.572
C8H10O,phenetole,CCOc1ccccc1,122.167,,,390,
C8H10O,2-phenylethanol,OCCc1ccccc1,122.167,684,36.41,387,0.645
C8H10O,2-methylbenzenemethanol,Cc1ccccc1CO,122.167,691,36.78,387,0.645
C8H10O,3-methylbenzenemethanol,Cc1cccc(CO)c1,122.167,681,36.25,387,0.645
C8H10O,4-methylbenzenemethanol,Cc1ccc(CO)cc1,122.167,681,36.25,387,0.645
C8H10O,1-phenylethanol,CC(O)c1ccccc1,122.167,668,35.56,387,0.645
C8H10O,o-ethylphenol,CCc1ccccc1O,122.167,,,344.2,0.645
C8H10O,m-ethylphenol,CCc1cccc(O)c1,122.167,,,347.08,0.645
C8H10O,p-ethylphenol,CCc1ccc(O)cc1,122.167,,,356.08,0.645
C8H10O,"2,3-xylenol",Cc1cccc(O)c1C,122.167,,,356.08,0.645
C8H10O,"2,4-xylenol",Cc1ccc(O)c(C)c1,122.167,,,344.02,0.645
C8H10O,"2,5-xylenol",Cc1ccc(C)c(O)c1,122.167,,,356.08,0.645
C8H10O,"2,6-xylenol",Cc1cccc(C)c1O,122.167,,,356.08,0.645
C8H10O,"3,4-xylenol",Cc1ccc(O)cc1C,122.167,,,357.5,0.645
C8H10O,"3,5-xylenol",Cc1cc(C)cc(O)c1,122.167,,,364.16,0.645
C8H10O4,ethylene glycol diacrylate,C=CC(=O)OCCOC(=O)C=C,170.164,689,25.81,518,0.848
C8H10S,o-ethylthiophenol,CCc1ccccc1S,138.235,728.07,36.26,410.09,0.367
C8H10S,m-ethylthiophenol,CCc1cccc(S)c1,138.235,728.07,36.39,408.61,0.367
C8H10S,p-ethylthiophenol,CCc1ccc(S)cc1,138.235,728.07,36.39,408.61,0.367
C8H10S,"2,3-dimethylthiophenol",Cc1cccc(S)c1C,138.235,728.07,36.39,408.61,0.367
C8H10S,"2,4-dimethylthiophenol",Cc1ccc(S)c(C)c1,138.235,728.07,36.39,408.61,0.367
C8H10S,"2,5-dimethylthiophenol",Cc1ccc(C)c(S)c1,138.235,728.07,36.39,408.61,0.367
C8H10S,"2,6-dimethylthiophenol",Cc1cccc(C)c1S,138.235,728.07,36.39,408.61,0.367
C8H10S,"3,4-dimethylthiophenol",Cc1ccc(S)cc1C,138.235,728.07,36.39,408.61,0.367
C8H10S,"3,5-dimethylthiophenol",Cc1cc(C)cc(S)c1,138.235,728.07,36.39,408.61,0.367
C8H10S,(1-thiapropyl)-benzene,CCSc1ccccc1,138.235,728.07,34.85,426.73,0.367
C8H10S,3-methyl-(1-thiaethyl)-benzene,CSc1cccc(C)c1,138.235,728.07,35.24,422.04,0.367
C8H10S,4-methyl-(1-thiaethyl)-benzene,CSc1ccc(C)cc1,138.235,728.07,35.11,423.53,0.367
C8H10S,[(methylthio)methyl]benzene,CSCc1ccccc1,138.235,728.07,35.29,421.35,0.367
C8H10S,"alpha-methylbenzenemethanethiol, (S)",C[C@H](S)c1ccccc1,138.235,728.07,35.89,414.38,0.367
C8H10S,2-phenylethanethiol,SCCc1ccccc1,138.235,728.07,36.31,409.56,0.367
C8H11N,"N,N-dimethylaniline",CN(C)c1ccccc1,121.183,,,424.04,
C8H11N,o-ethylaniline,CCc1ccccc1N,121.183,741.11,38.19,409.5,0.443
C8H11N,"N,2-dimethylaniline",CNc1ccccc1C,121.183,714.11,36.53,412.59,0.443
C8H11N,"N,3-dimethylaniline",CNc1cccc(C)c1,121.183,714.11,36.31,415.1,0.443
C8H11N,"N,4-dimethylaniline",CNc1ccc(C)cc1,121.183,714.11,34.9,431.78,0.443
C8H11N,"2,3-dimethylaniline",Cc1cccc(N)c1C,121.183,741.11,38.95,401.55,0.443
C8H11N,"2,4-dimethylaniline",Cc1ccc(N)c(C)c1,121.183,741.11,37.97,411.88,0.443
C8H11N,"2,5-dimethylaniline",Cc1ccc(C)c(N)c1,121.183,741.11,38.29,408.5,0.443
C8H11N,"2,6-dimethylaniline",Cc1cccc(C)c1N,121.183,741.11,38.53,405.91,0.443
C8H11N,"3,4-dimethylaniline",Cc1ccc(N)cc1C,121.183,741.11,42.88,364.71,0.443
C8H11N,"3,5-dimethylaniline",Cc1cc(C)cc(N)c1,121.183,741.11,37.89,412.74,0.443
C8H11N,m-ethylaniline,CCc1cccc(N)c1,121.183,741.11,38.79,403.25,0.443
C8H11N,p-ethylaniline,CCc1ccc(N)cc1,121.183,741.11,37.77,414.12,0.443
C8H11N,N-ethylaniline,CCNc1ccccc1,121.183,,,416.91,0.443
C8H11N,"2,4,6-trimethylpyridine",Cc1cc(C)nc(C)c1,121.183,689.11,31.27,465.12,0.443
C8H11N,2-ethyl-4-methylpyridine,CCc1cc(C)ccn1,121.183,689.11,31.71,458.6,0.443
C8H11N,2-ethyl-6-methylpyridine,CCc1cccc(C)n1,121.183,689.11,31.58,460.45,0.443
C8H11N,3-ethyl-4-methylpyridine,CCc1cnccc1C,121.183,689.11,31.91,455.76,0.443
C8H11N,4-ethyl-2-methylpyridine,CCc1ccnc(C)c1,121.183,689.11,31.27,465.12,0.443
C8H11N,2-isopropylpyridine,CC(C)c1ccccn1,121.183,689.11,32.14,452.48,0.443
C8H11N,3-isopropylpyridine,CC(C)c1cccnc1,121.183,689.11,31.63,459.85,0.443
C8H11N,4-isopropylpyridine,CC(C)c1ccncc1,121.183,689.11,32.31,450.17,0.443
C8H11N,4-propylpyridine,CCCc1ccncc1,121.183,689.11,32.3,450.22,0.443
C8H11N,2-propylpyridine,CCCc1ccccn1,121.183,689.11,31.22,465.79,0.443
C8H11N,"2,3,4-trimethylpyridine",Cc1ccnc(C)c1C,121.183,689.11,31.26,465.3,0.443
C8H11N,"2,3,5-trimethylpyridine",Cc1cnc(C)c(C)c1,121.183,689.11,32.18,451.9,0.443
C8H11N,"2,3,6-trimethylpyridine",Cc1ccc(C)c(C)n1,121.183,689.11,31.64,459.67,0.443
C8H11N,"2,4,5-trimethylpyridine",Cc1cc(C)c(C)cn1,121.183,689.11,32.09,453.18,0.443
C8H11N,benzeneethanamine,NCCc1ccccc1,121.183,714.11,38.52,391.28,0.443
C8H11N,2-methylbenzenemethanamine,Cc1ccccc1CN,121.183,714.11,39.42,382.36,0.443
C8H11N,3-methylbenzenemethanamine,Cc1cccc(CN)c1,121.183,714.11,38.9,387.4,0.443
C8H11N,4-methylbenzenemethanamine,Cc1ccc(CN)cc1,121.183,714.11,38.23,394.24,0.443
C8H11N,N-methylbenzenemethanamine,CNCc1ccccc1,121.183,714.11,37.85,398.15,0.443
C8H11N,alpha-methylbenzylamine,CC(N)c1ccccc1,121.183,714.11,37.63,400.54,0.443
C8H11N,5-ethyl-2-picoline,CCc1ccc(C)nc1,121.183,689.11,31.56,460.75,0.443
C8H11N,(S)-(-)-a-methylbenzylamine,C[C@H](N)c1ccccc1,121.183,714.11,37.65,400.29,0.443
C8H11N,(R)-(+)-a-methylbenzylamine,C[C@@H](N)c1ccccc1,121.183,714.11,37.65,400.29,0.443
C8H11NO,p-phenetidine,CCOc1ccc(N)cc1,137.182,754,34.98,446,0.475
C8H12,"1,5-cyclooctadiene",C1=CCCC=CCC1,108.184,645,37.42,373.94,0.335
C8H12,"1,4-cyclooctadiene",C1=CCCCC=CC1,108.184,645,37.29,375.27,0.335
C8H12,"cis,cis-1,5-cyclooctadiene",C1=C\CC/C=C\CC/1,108.184,645,37.62,372,0.335
C8H12,vinylcyclohexene,C=CC1=CCCCC1,108.184,599,34.29,379,0.335
C8H12,"1,3-dimethyl-1,3-cyclohexadiene",CC1=CCCC(C)=C1,108.184,603.7,33.09,395.85,0.335
C8H12,"1,4-dimethyl-1,3-cyclohexadiene",CC1=CC=C(C)CC1,108.184,603.7,32.74,400.04,0.335
C8H12,"1,5-dimethyl-1,3-cyclohexadiene",CC1=CC=CC(C)C1,108.184,603.7,32.32,405.3,0.335
C8H12,"2,5-dimethyl-1,3-cyclohexadiene",CC1=CCC(C)C=C1,108.184,603.7,32.48,403.24,0.335
C8H12,"2,6-dimethyl-1,3-cyclohexadiene",CC1=CC(C)CC=C1,108.184,603.7,32.39,404.42,0.335
C8H12,"2,5-dimethyl-1,3,5-hexatriene",C=C(C)C=CC(=C)C,108.184,594.07,33.9,380.2,0.335
C8H12,"trans,trans,trans-2,4,6-octatriene",C/C=C/C=C/C=C/C,108.184,605.35,35.28,372.25,0.335
C8H12,1-octen-3-yne,C=CC#CCCCC,108.184,606.76,32.03,411.05,0.335
C8H12,"1,3-cyclooctadiene",C1=CCCCCC=C1,108.184,645,35.19,397.66,0.335
C8H12,"cis,cis-1,3-cyclooctadiene",C1=C\CCCC\C=C/1,108.184,645,36.96,378.59,0.335
C8H12,"(Z,E)-1,3-cyclooctadiene",C1=C\CCCC/C=C/1,108.184,645,35.19,397.66,0.335
C8H12N2O2,hexamethylene diisocyanate,O=C=NCCCCCCN=C=O,168.196,,,,0.531
C8H12O,2-tert-butylfuran,CC(C)(C)c1ccco1,124.183,597.25,27.72,442.64,0.654
C8H12O4,"1,4-cyclohexanedicarboxylic acid",O=C(O)C1CCC(C(=O)O)CC1,172.18,889,37.09,464,0.856
C8H12O4,diethyl maleate,CCOC(=O)/C=C\C(=O)OCC,172.18,680,25.91,508,0.856
C8H12S,2-butylthiophene,CCCCc1cccs1,140.251,670.94,29.84,458.13,0.371
C8H12S,3-butylthiophene,CCCCc1ccsc1,140.251,670.94,29.96,456.23,0.371
C8H12S,2-isobutylthiophene,CC(C)Cc1cccs1,140.251,670.94,31.46,434.51,0.371
C8H12S,3-isobutylthiophene,CC(C)Cc1ccsc1,140.251,670.94,31.46,434.51,0.371
C8H12S,2-sec-butylthiophene,CCC(C)c1cccs1,140.251,670.94,31.46,434.51,0.371
C8H12S,3-sec-butylthiophene,CCC(C)c1ccsc1,140.251,670.94,31.46,434.51,0.371
C8H12S,2-tert-butylthiophene,CC(C)(C)c1cccs1,140.251,670.94,31.46,434.51,0.371
C8H12S,3-tert-butylthiophene,CC(C)(C)c1ccsc1,140.251,670.94,31.46,434.51,0.371
C8H12S,2-methyl-3-propylthiophene,CCCc1ccsc1C,140.251,670.94,31.46,434.51,0.371
C8H12S,2-methyl-4-propyl thiophene,CCCc1csc(C)c1,140.251,670.94,31.46,434.51,0.371
C8H12S,2-methyl-5-propyl thiophene,CCCc1ccc(C)s1,140.251,670.94,31.46,434.51,0.371
C8H12S,3-methyl-2-propylthiophene,CCCc1sccc1C,140.251,670.94,31.46,434.51,0.371
C8H12S,3-methyl-4-propyl thiophene,CCCc1cscc1C,140.251,670.94,31.46,434.51,0.371
C8H12S,3-methyl-5-propylthiophene,CCCc1cc(C)cs1,140.251,670.94,31.46,434.51,0.371
C8H12S,"3-ethyl-2,5-dimethylthiophene",CCc1cc(C)sc1C,140.251,670.94,31.46,434.51,0.371
C8H13N,1-butyl-1H-pyrrole,CCCCn1cccc1,123.199,752.88,31.73,499.45,0.448
C8H13N,"3-ethyl-2,4-dimethyl-1H-pyrrole",CCc1c(C)c[nH]c1C,123.199,752.88,33.41,474.42,0.448
C8H13N,"4-ethyl-2,3-dimethyl-1H-pyrrole",CCc1c[nH]c(C)c1C,123.199,752.88,33.5,473.17,0.448
C8H13N,"2,3,4,5-tetramethyl-1H-pyrrole",Cc1[nH]c(C)c(C)c1C,123.199,752.88,33.27,476.43,0.448
C8H13N,"2,5-diethyl-1H-pyrrole",CCc1ccc(CC)[nH]1,123.199,752.88,33.27,476.43,0.448
C8H14,1-propylcyclopentene,CCCC1=CCCC1,110.2,592.78,30.89,415.28,0.34
C8H14,"1,2,3-trimethylcyclopentene",CC1=C(C)C(C)CC1,110.2,592.78,31.18,411.5,0.34
C8H14,"1,5,5-trimethylcyclopentene",CC1=CCCC1(C)C,110.2,592.78,30.16,425.37,0.34
C8H14,1-ethylcyclohexene,CCC1=CCCCC1,110.2,607.78,31.73,414.5,0.34
C8H14,3-ethylcyclohexene,CCC1C=CCCC1,110.2,607.78,31.19,421.76,0.34
C8H14,4-ethylcyclohexene,CCC1CC=CCC1,110.2,607.78,31.19,421.71,0.34
C8H14,"1,2-dimethylcyclohexene",CC1=C(C)CCCC1,110.2,607.78,31.94,411.87,0.34
C8H14,"1,3-dimethylcyclohexene",CC1=CC(C)CCC1,110.2,607.78,30.87,426.08,0.34
C8H14,"1,4-dimethylcyclohexene",CC1=CCC(C)CC1,110.2,607.78,30.94,425.19,0.34
C8H14,"1,5-dimethylcyclohexene",CC1=CCCC(C)C1,110.2,607.78,30.95,424.93,0.34
C8H14,"1,6-dimethylcyclohexene",CC1=CCCCC1C,110.2,607.78,31.42,418.59,0.34
C8H14,"3,3-dimethylcyclohexene",CC1(C)C=CCCC1,110.2,607.78,30.91,425.51,0.34
C8H14,"3,trans-5-dimethylcyclohexene",C[C@@H]1CC=C[C@@H](C)C1,110.2,607.78,31.38,419.21,0.34
C8H14,"3,trans-6-dimethylcyclohexene",C[C@@H]1CC=CC[C@@H]1C,110.2,607.78,31.38,419.21,0.34
C8H14,"4,4-dimethylcyclohexene",CC1(C)CC=CCC1,110.2,607.78,30.76,427.56,0.34
C8H14,1-octyne,C#CCCCCCC,110.2,577.78,28.27,442.29,0.34
C8H14,2-octyne,CC#CCCCCC,110.2,577.78,28.85,433.45,0.34
C8H14,3-octyne,CCC#CCCCC,110.2,577.78,28.51,438.53,0.34
C8H14,4-octyne,CCCC#CCCC,110.2,577.78,28.65,436.43,0.34
C8H14,"2,2-dimethyl-3-hexyne",CCC#CC(C)(C)C,110.2,577.78,29,431.18,0.34
C8H14,"1,7-octadiene",C=CCCCCC=C,110.2,577.78,29.8,419.55,0.34
C8H14,"2,6-octadiene",CC=CCCC=CC,110.2,577.78,30.13,415.06,0.34
C8H14,"3-methyl-1,5-heptadiene",C=CC(C)CC=CC,110.2,577.78,29.37,425.8,0.34
C8H14,"2,5-dimethyl-1,5-hexadiene",C=C(C)CCC(=C)C,110.2,577.78,30.24,413.45,0.34
C8H14,"2,5-dimethyl-2,4-hexadiene",CC(C)=CC=C(C)C,110.2,577.78,30.96,403.85,0.34
C8H14,cyclooctene,C1=CCCCCCC1,110.2,632,35.9,381,0.34
C8H14,3-propylcyclopentene,CCCC1C=CCC1,110.2,592.78,30.16,425.37,0.34
C8H14O,"2,2-dimethylcyclohexanone",CC1(C)CCCCC1=O,126.199,705.34,34.06,424.47,0.664
C8H14O,"cis-2,3-dimethylcyclohexanone",C[C@@H]1C(=O)CCC[C@@H]1C,126.199,705.34,34.12,423.69,0.664
C8H14O,"trans-2,3-dimethylcyclohexanone",C[C@@H]1CCCC(=O)[C@H]1C,126.199,705.34,33.77,428.12,0.664
C8H14O,"cis-2,4-dimethylcyclohexanone",C[C@H]1CCC(=O)[C@@H](C)C1,126.199,705.34,33.86,426.99,0.664
C8H14O,"trans-2,4-dimethylcyclohexanone, (2S)",C[C@@H]1CCC(=O)[C@@H](C)C1,126.199,705.34,33.43,432.46,0.664
C8H14O,"trans-2,5-dimethylcyclohexanone",C[C@H]1CC[C@H](C)C(=O)C1,126.199,705.34,33.52,431.25,0.664
C8H14O,"2,6-dimethylcyclohexanone",CC1CCCC(C)C1=O,126.199,705.34,34.53,418.69,0.664
C8H14O,"3,3-dimethylcyclohexanone",CC1(C)CCCC(=O)C1,126.199,705.34,33.81,427.55,0.664
C8H14O,"3,4-dimethylcyclohexanone",CC1CCC(=O)CC1C,126.199,705.34,33.68,429.25,0.664
C8H14O,"3,5-dimethylcyclohexanone",CC1CC(=O)CC(C)C1,126.199,705.34,33.23,435.01,0.664
C8H14O,"4,4-dimethylcyclohexanone",CC1(C)CCC(=O)CC1,126.199,705.34,34.84,414.92,0.664
C8H14O,"3,4-dimethyl-3-hexen-2-one",CCC(C)=C(C)C(C)=O,126.199,660.34,30.02,450.9,0.664
C8H14O,"3,4-dimethyl-4-hexen-2-one",CC=C(C)C(C)C(C)=O,126.199,660.34,29.36,460.93,0.664
C8H14O,3-methyl-5-hepten-2-one,CC=CCC(C)C(C)=O,126.199,660.34,29.05,465.84,0.664
C8H14O,5-methyl-5-hepten-2-one,CC=C(C)CCC(C)=O,126.199,660.34,29.81,453.97,0.664
C8H14O,6-methyl-3-hepten-2-one,CC(=O)C=CCC(C)C,126.199,660.34,28.97,467.16,0.664
C8H14O,6-methyl-4-hepten-2-one,CC(=O)CC=CC(C)C,126.199,660.34,28.57,473.75,0.664
C8H14O,6-methyl-5-hepten-2-one,CC(=O)CCC=C(C)C,126.199,660.34,29.4,460.42,0.664
C8H14O,2-methyl-5-hepten-3-one,CC=CCC(=O)C(C)C,126.199,660.34,28.88,468.7,0.664
C8H14O,5-methyl-1-hepten-3-one,C=CC(=O)CC(C)CC,126.199,660.34,29.12,464.78,0.664
C8H14O,5-methyl-4-hepten-3-one,CCC(=O)C=C(C)CC,126.199,660.34,29.58,457.52,0.664
C8H14O,5-methyl-5-hepten-3-one,CC=C(C)CC(=O)CC,126.199,660.34,29.3,461.84,0.664
C8H14O,5-methyl-2-hepten-4-one,CC=CC(=O)C(C)CC,126.199,660.34,29.9,452.71,0.664
C8H14O,6-methyl-2-hepten-4-one,CC=CC(=O)CC(C)C,126.199,660.34,28.83,469.36,0.664
C8H14O,4-ethylcyclohexanone,CCC1CCC(=O)CC1,126.199,705.34,33.19,435.59,0.664
C8H14O,2-octenal,CCCCCC=CC=O,126.199,700.34,28.83,497.87,0.664
C8H14O,trans-2-octenal,CCCCC/C=C/C=O,126.199,700.34,29.41,488,0.664
C8H14O,7-octenal,C=CCCCCCC=O,126.199,700.34,30.22,474.92,0.664
C8H14O,2-ethyl-2-hexenal,CCCC=C(C=O)CC,126.199,700.34,29.5,486.62,0.664
C8H14O,methylheptenone,CCCC=CC(=O)CC,126.199,660.34,30.61,442.13,0.664
C8H14O,3-octen-2-one,CCCCC=CC(C)=O,126.199,660.34,30.03,450.65,0.664
C8H14O2,2-octenoic acid,CCCCCC=CC(=O)O,142.198,723.68,27.28,532.93,0.735
C8H14O2,trans-2-octenoic acid,CCCCC/C=C/C(=O)O,142.198,723.68,26.79,542.76,0.735
C8H14O2,6-methyl-2-heptenoic acid,CC(C)CCC=CC(=O)O,142.198,723.68,26.65,545.54,0.735
C8H14O2,2-ethyl-2-hexenoic acid,CCCC=C(CC)C(=O)O,142.198,723.68,27.06,537.28,0.735
C8H14O2,butyl methacrylate,C=C(C)C(=O)OCCCC,142.198,603.68,23.45,517.15,0.735
C8H14O2,isobutyl methacrylate,C=C(C)C(=O)OCC(C)C,142.198,603.68,23.29,520.8,0.735
C8H14O2,cyclohexyl acetate,CC(=O)OC1CCCCC1,142.198,648,29.86,436,0.735
C8H14O2,"2,4-octanedione",CCCCC(=O)CC(C)=O,142.198,648,29.86,436,0.735
C8H14O2,"2,7-octanedione",CC(=O)CCCCC(C)=O,142.198,648,29.86,436,0.735
C8H14O2,"3,6-octanedione",CCC(=O)CCC(=O)CC,142.198,648,29.86,436,0.735
C8H14O2,"4,5-octanedione",CCCC(=O)C(=O)CCC,142.198,648,29.86,436,0.735
C8H14O2,"2,5-dimethyl-3,4-hexanedione",CC(C)C(=O)C(=O)C(C)C,142.198,648,29.86,436,0.735
C8H14O2,"isovaleric acid, allyl ester",C=CCOC(=O)CC(C)C,142.198,648,29.86,494.35,0.735
C8H14O2,"ethyl 2,3-dimethyl-2-butenoate",CCOC(=O)C(C)=C(C)C,142.198,603.68,23.97,506.09,0.735
C8H14O2,ethyl 2-hexenoate,CCCC=CC(=O)OCC,142.198,603.68,23.69,511.91,0.735
C8H14O2,ethyl 3-hexenoate,CCC=CCC(=O)OCC,142.198,603.68,23.6,513.9,0.735
C8H14O2,ethyl 3-methyl-3-pentenoate,CC=C(C)CC(=O)OCC,142.198,603.68,24.32,498.76,0.735
C8H14O2,ethyl 4-methyl-2-pentenoate,CCOC(=O)C=CC(C)C,142.198,603.68,23.65,512.94,0.735
C8H14O2,ethyl 4-methyl-3-pentenoate,CCOC(=O)CC=C(C)C,142.198,603.68,24.16,501.97,0.735
C8H14O2,2-methylbutyl acrylate,C=CC(=O)OCC(C)CC,142.198,603.68,23.54,515.35,0.735
C8H14O2,tert-butyl methacrylate,C=C(C)C(=O)OC(C)(C)C,142.198,603.68,22.95,528.52,0.735
C8H14O2,ethyl 4-methyl-4-pentenoate,C=C(C)CCC(=O)OCC,142.198,603.68,23.45,517.15,0.735
C8H14O2,ethyl 2-methyl-4-pentenoate,C=CCC(C)C(=O)OCC,142.198,603.68,22.89,529.97,0.735
C8H14O2,trans-2-hexenyl acetate,CCC/C=C/COC(C)=O,142.198,603.68,23.68,512.32,0.735
C8H14O2,isoamyl acrylate,C=CC(=O)OCCC(C)C,142.198,603.68,23.8,509.59,0.735
C8H14O2,"3-propyl-2,4-pentadione",CCCC(C(C)=O)C(C)=O,142.198,648,29.86,436,0.735
C8H14O2,"5,5-dimethylhexane-2,4-dione",CC(=O)CC(=O)C(C)(C)C,142.198,648,29.86,436,0.735
C8H14O3,butyric anhydride,CCCC(=O)OC(=O)CCC,158.197,644,25.32,501,0.801
C8H14O4,diethyl succinate,CCOC(=O)CCC(=O)OCC,174.196,,,567.4,0.863
C8H14O4,3-ethyl-3-methylpentanedioic acid,CCC(C)(CC(=O)O)CC(=O)O,174.196,809,26.4,591.71,0.863
C8H14O4,octanedioic acid,O=C(O)CCCCCCC(=O)O,174.196,809,26.4,591.71,0.863
C8H14O4,tetramethylbutanedioic acid,CC(C)(C(=O)O)C(C)(C)C(=O)O,174.196,809,26.37,592.26,0.863
C8H14O4,"2,6-dimethyl-1,3-dioxan-4-ol acetate, cis and trans",CC(=O)OC1CC(C)OC(C)O1,174.196,669,27.08,477,0.863
C8H15Br,1-bromo-1-octene,CCCCCCC=CBr,191.112,660.28,28.47,539.39,0.594
C8H15Br,cis-1-bromo-1-octene,CCCCCC/C=C\Br,191.112,660.28,28.47,539.39,0.594
C8H15Br,trans-1-bromo-1-octene,CCCCCC/C=C/Br,191.112,660.28,28.47,539.39,0.594
C8H15Br,2-bromo-1-octene,C=C(Br)CCCCCC,191.112,660.28,28.47,539.39,0.594
C8H15Br,8-bromo-1-octene,C=CCCCCCCBr,191.112,660.28,28.47,539.39,0.594
C8H15Br,1-bromo-2-octene,CCCCCC=CCBr,191.112,660.28,28.47,539.39,0.594
C8H15Cl,cis-1-chloro-1-octene,CCCCCC/C=C\Cl,146.661,653.83,28.24,507.21,0.393
C8H15Cl,trans-1-chloro-1-octene,CCCCCC/C=C/Cl,146.661,653.83,28.24,507.21,0.393
C8H15Cl,2-chloro-1-octene,C=C(Cl)CCCCCC,146.661,653.83,28.24,507.21,0.393
C8H15Cl,2-chloro-2-octene,CCCCCC=C(C)Cl,146.661,653.83,28.24,507.21,0.393
C8H15Cl,4-chloro-2-octene,CC=CC(Cl)CCCC,146.661,653.83,28.24,507.21,0.393
C8H15Cl,cis-4-chloro-4-octene,CCC/C=C(\Cl)CCC,146.661,653.83,28.24,507.21,0.393
C8H15Cl,1-chloro-4-ethyl-3-hexene,CCC(=CCCCl)CC,146.661,653.83,28.24,507.21,0.393
C8H15Cl,6-chloro-2-methyl-2-heptene,CC(C)=CCCC(C)Cl,146.661,653.83,28.24,507.21,0.393
C8H15Cl3,"1,1,1-trichlorooctane",CCCCCCCC(Cl)(Cl)Cl,217.567,674.79,19.28,702.07,0.335
C8H15F,cis-1-fluoro-1-octene,CCCCCC/C=C\F,130.206,535.64,28.11,416.4,0.261
C8H15F,trans-1-fluoro-1-octene,CCCCCC/C=C/F,130.206,535.64,28.11,416.4,0.261
C8H15F3,"1,1,1-trifluorooctane",CCCCCCCC(F)(F)F,168.202,502.57,21.46,488.11,0.365
C8H15I,cis-1-iodo-1-octene,CCCCCC/C=C\I,238.112,714.61,23.34,641.62,0.323
C8H15I,trans-1-iodo-1-octene,CCCCCC/C=C/I,238.112,714.61,23.34,641.62,0.323
C8H15N,octanenitrile,CCCCCCCC#N,125.215,721.6,28.4,533.57,0.452
C8H15NO2,2-nitro-2-octene,CCCCCC=C(C)[N+](=O)[O-],157.213,780.77,25.02,629.67,0.512
C8H15NO2,3-nitro-2-octene,CC=C(CCCCC)[N+](=O)[O-],157.213,780.77,25.02,629.67,0.512
C8H15NO2,3-nitro-3-octene,CCCCC=C(CC)[N+](=O)[O-],157.213,780.77,25.02,629.67,0.512
C8H16,propylcyclopentane,CCCC1CCCC1,112.216,591.8,29.66,430.77,0.344
C8H16,isopropylcyclopentane,CC(C)C1CCCC1,112.216,591.8,29.64,431.04,0.344
C8H16,1-methyl-1-ethylcyclopentane,CCC1(C)CCCC1,112.216,591.8,29.84,428.11,0.344
C8H16,1-methyl-cis-2-ethylcyclopentane,CC[C@H]1CCC[C@H]1C,112.216,591.8,30.03,425.4,0.344
C8H16,1-methyl-trans-2-ethylcyclopentane,CC[C@@H]1CCC[C@H]1C,112.216,591.8,29.29,436.25,0.344
C8H16,1-methyl-cis-3-ethylcyclopentane,CC[C@@H]1CC[C@H](C)C1,112.216,591.8,29.2,437.55,0.344
C8H16,1-methyl-trans-3-ethylcyclopentane,CC[C@H]1CC[C@H](C)C1,112.216,591.8,29.2,437.55,0.344
C8H16,"1,1,2-trimethylcyclopentane",CC1CCCC1(C)C,112.216,591.8,29.44,434.02,0.344
C8H16,"1,1,3-trimethylcyclopentane",CC1CCC(C)(C)C1,112.216,591.8,28.32,451.06,0.344
C8H16,"1,cis-2,cis-3-trimethylcyclopentane",C[C@@H]1[C@H](C)CC[C@@H]1C,112.216,591.8,29.75,429.37,0.344
C8H16,"1,cis-2,trans-3-trimethylcyclopentane",CC1[C@@H](C)CC[C@@H]1C,112.216,591.8,29.34,435.43,0.344
C8H16,"1,trans-2,cis-3-trimethylcyclopentane",C[C@H]1[C@H](C)CC[C@@H]1C,112.216,591.8,28.57,447.24,0.344
C8H16,"1,cis-2,cis-4-trimethylcyclopentane",C[C@H]1C[C@@H](C)[C@@H](C)C1,112.216,591.8,29.43,434.14,0.344
C8H16,"1,cis-2,trans-4-trimethylcyclopentane",C[C@@H]1C[C@@H](C)[C@@H](C)C1,112.216,591.8,29.02,440.18,0.344
C8H16,"1,trans-2,cis-4-trimethylcyclopentane",CC1C[C@@H](C)[C@H](C)C1,112.216,591.8,28.28,451.71,0.344
C8H16,1-methyl-3-ethylcyclopentane,CCC1CCC(C)C1,112.216,591.8,29.16,438.1,0.344
C8H16,ethylcyclohexane,CCC1CCCCC1,112.216,596.8,29.05,443.49,0.344
C8H16,"1,2-dimethylcyclohexane",CC1CCCCC1C,112.216,596.8,28.78,447.6,0.344
C8H16,"1,3-dimethylcyclohexane",CC1CCCC(C)C1,112.216,596.8,28.3,455.31,0.344
C8H16,"1,4-dimethylcyclohexane",CC1CCC(C)CC1,112.216,596.8,28.52,451.77,0.344
C8H16,"cis-1,4-dimethylcyclohexane",C[C@H]1CC[C@@H](C)CC1,112.216,596.8,,,0.344
C8H16,oct-2-ene,CC=CCCCCC,112.216,566.8,27.06,452.19,0.344
C8H16,cis-2-octene,C/C=C\CCCCC,112.216,566.8,26.09,469.02,0.344
C8H16,trans-2-octene,C/C=C/CCCCC,112.216,566.8,25.91,472.24,0.344
C8H16,cis-3-octene,CC/C=C\CCCC,112.216,566.8,25.95,471.45,0.344
C8H16,trans-3-octene,CC/C=C/CCCC,112.216,566.8,25.69,476.23,0.344
C8H16,oct-4-ene,CCCC=CCCC,112.216,566.8,26.91,454.76,0.344
C8H16,cis-4-octene,CCC/C=C\CCC,112.216,566.8,25.95,471.45,0.344
C8H16,trans-4-octene,CCC/C=C/CCC,112.216,566.8,25.65,477.04,0.344
C8H16,2-methyl-1-heptene,C=C(C)CCCCC,112.216,566.8,25.93,471.93,0.344
C8H16,3-methyl-1-heptene,C=CC(C)CCCC,112.216,566.8,28.14,434.82,0.344
C8H16,4-methyl-1-heptene,C=CCC(C)CCC,112.216,566.8,25.78,474.63,0.344
C8H16,5-methyl-1-heptene,C=CCCC(C)CC,112.216,566.8,25.75,475.27,0.344
C8H16,6-methyl-1-heptene,C=CCCCC(C)C,112.216,566.8,25.56,478.73,0.344
C8H16,2-methyl-2-heptene,CCCCC=C(C)C,112.216,566.8,26.08,469.1,0.344
C8H16,3-methyl-cis-2-heptene,C/C=C(/C)CCCC,112.216,566.8,26.3,465.22,0.344
C8H16,3-methyl-trans-2-heptene,C/C=C(\C)CCCC,112.216,566.8,26.3,465.22,0.344
C8H16,4-methyl-cis-2-heptene,C/C=C\C(C)CCC,112.216,566.8,25.74,475.43,0.344
C8H16,4-methyl-trans-2-heptene,C/C=C/C(C)CCC,112.216,566.8,25.74,475.43,0.344
C8H16,5-methyl-cis-2-heptene,C/C=C\CC(C)CC,112.216,566.8,26.04,469.88,0.344
C8H16,5-methyl-trans-2-heptene,C/C=C/CC(C)CC,112.216,566.8,26.04,469.88,0.344
C8H16,6-methyl-2-heptene,CC=CCCC(C)C,112.216,566.8,25.82,473.83,0.344
C8H16,6-methyl-cis-2-heptene,C/C=C\CCC(C)C,112.216,566.8,25.82,473.83,0.344
C8H16,6-methyl-trans-2-heptene,C/C=C/CCC(C)C,112.216,566.8,25.82,473.83,0.344
C8H16,6-methyl-3-heptene,CCC=CCC(C)C,112.216,566.8,25.61,477.84,0.344
C8H16,2-methyl-3-heptene,CCCC=CC(C)C,112.216,566.8,25.3,483.57,0.344
C8H16,2-methyl-cis-3-heptene,CCC/C=C\C(C)C,112.216,566.8,25.3,483.57,0.344
C8H16,2-methyl-trans-3-heptene,CCC/C=C/C(C)C,112.216,566.8,25.3,483.57,0.344
C8H16,3-methyl-3-heptene,CCCC=C(C)CC,112.216,566.8,26.26,465.99,0.344
C8H16,3-methyl-cis-3-heptene,CCC/C=C(/C)CC,112.216,566.8,26.26,465.99,0.344
C8H16,3-methyl-trans-3-heptene,CCC/C=C(\C)CC,112.216,566.8,26.26,465.99,0.344
C8H16,4-methyl-3-heptene,CCC=C(C)CCC,112.216,566.8,26.13,468.32,0.344
C8H16,4-methyl-cis-3-heptene,CC/C=C(/C)CCC,112.216,566.8,26.13,468.32,0.344
C8H16,4-methyl-trans-3-heptene,CC/C=C(\C)CCC,112.216,566.8,26.13,468.32,0.344
C8H16,5-methyl-3-heptene,CCC=CC(C)CC,112.216,566.8,25.61,477.84,0.344
C8H16,5-methyl-cis-3-heptene,CC/C=C\C(C)CC,112.216,566.8,25.61,477.84,0.344
C8H16,5-methyl-trans-3-heptene,CC/C=C/C(C)CC,112.216,566.8,25.61,477.84,0.344
C8H16,6-methyl-cis-3-heptene,CC/C=C\CC(C)C,112.216,566.8,25.61,477.84,0.344
C8H16,6-methyl-trans-3-heptene,CC/C=C/CC(C)C,112.216,566.8,25.61,477.84,0.344
C8H16,2-ethyl-1-hexene,C=C(CC)CCCC,112.216,566.8,26.21,466.76,0.344
C8H16,3-ethyl-1-hexene,C=CC(CC)CCC,112.216,566.8,25.69,476.23,0.344
C8H16,4-ethyl-1-hexene,C=CCC(CC)CC,112.216,566.8,26.17,467.54,0.344
C8H16,"2,3-dimethyl-1-hexene",C=C(C)C(C)CCC,112.216,566.8,25.96,471.3,0.344
C8H16,"2,4-dimethyl-1-hexene",C=C(C)CC(C)CC,112.216,566.8,25.91,472.24,0.344
C8H16,"2,5-dimethyl-1-hexene",C=C(C)CCC(C)C,112.216,566.8,25.78,474.71,0.344
C8H16,"3,3-dimethyl-1-hexene",C=CC(C)(C)CCC,112.216,566.8,25.65,477.12,0.344
C8H16,"3,4-dimethyl-1-hexene",C=CC(C)C(C)CC,112.216,566.8,26.08,469.1,0.344
C8H16,"3,5-dimethyl-1-hexene",C=CC(C)CC(C)C,112.216,566.8,25.39,481.92,0.344
C8H16,"4,4-dimethyl-1-hexene",C=CCC(C)(C)CC,112.216,566.8,25.9,472.48,0.344
C8H16,"4,5-dimethyl-1-hexene",C=CCC(C)C(C)C,112.216,566.8,26.26,465.99,0.344
C8H16,"5,5-dimethyl-1-hexene",C=CCCC(C)(C)C,112.216,566.8,25.43,481.1,0.344
C8H16,3-ethyl-cis-2-hexene,C/C=C(/CC)CCC,112.216,566.8,26.65,459.13,0.344
C8H16,3-ethyl-trans-2-hexene,C/C=C(\CC)CCC,112.216,566.8,26.65,459.13,0.344
C8H16,4-ethyl-cis-2-hexene,C/C=C\C(CC)CC,112.216,566.8,26.13,468.32,0.344
C8H16,4-ethyl-trans-2-hexene,C/C=C/C(CC)CC,112.216,566.8,26.13,468.32,0.344
C8H16,"2,3-dimethyl-2-hexene",CCCC(C)=C(C)C,112.216,566.8,26.57,460.52,0.344
C8H16,"2,4-dimethyl-2-hexene",CCC(C)C=C(C)C,112.216,566.8,25.96,471.37,0.344
C8H16,"2,5-dimethyl-2-hexene",CC(C)=CCC(C)C,112.216,566.8,25.91,472.24,0.344
C8H16,"3,4-dimethyl-cis-2-hexene",C/C=C(/C)C(C)CC,112.216,566.8,26.65,459.13,0.344
C8H16,"3,4-dimethyl-trans-2-hexene",C/C=C(\C)C(C)CC,112.216,566.8,26.65,459.13,0.344
C8H16,"3,5-dimethyl-cis-2-hexene",C/C=C(/C)CC(C)C,112.216,566.8,26.13,468.32,0.344
C8H16,"3,5-dimethyl-trans-2-hexene",C/C=C(\C)CC(C)C,112.216,566.8,26.13,468.32,0.344
C8H16,"4,4-dimethyl-cis-2-hexene",C/C=C\C(C)(C)CC,112.216,566.8,26,470.67,0.344
C8H16,"4,5-dimethyl-2-hexene",CC=CC(C)C(C)C,112.216,566.8,26.13,468.32,0.344
C8H16,"4,5-dimethyl-cis-2-hexene",C/C=C\C(C)C(C)C,112.216,566.8,26.13,468.32,0.344
C8H16,"4,5-dimethyl-trans-2-hexene",C/C=C/C(C)C(C)C,112.216,566.8,26.13,468.32,0.344
C8H16,"5,5-dimethyl-cis-2-hexene",C/C=C\CC(C)(C)C,112.216,566.8,25.76,475.03,0.344
C8H16,"5,5-dimethyl-trans-2-hexene",C/C=C/CC(C)(C)C,112.216,566.8,25.32,483.32,0.344
C8H16,3-ethyl-3-hexene,CCC=C(CC)CC,112.216,566.8,26.3,465.22,0.344
C8H16,"2,2-dimethyl-cis-3-hexene",CC/C=C\C(C)(C)C,112.216,566.8,25.59,478.17,0.344
C8H16,"2,2-dimethyl-trans-3-hexene",CC/C=C/C(C)(C)C,112.216,566.8,25.2,485.64,0.344
C8H16,"2,3-dimethyl-cis-3-hexene",CC/C=C(/C)C(C)C,112.216,566.8,26.26,465.99,0.344
C8H16,"2,3-dimethyl-trans-3-hexene",CC/C=C(\C)C(C)C,112.216,566.8,26.26,465.99,0.344
C8H16,"2,4-dimethyl-cis-3-hexene",CC/C(C)=C\C(C)C,112.216,566.8,25.8,474.23,0.344
C8H16,"2,4-dimethyl-trans-3-hexene",CC/C(C)=C/C(C)C,112.216,566.8,25.65,476.96,0.344
C8H16,"2,5-dimethyl-cis-3-hexene",CC(C)/C=C\C(C)C,112.216,566.8,25.48,480.28,0.344
C8H16,"2,5-dimethyl-trans-3-hexene",CC(C)/C=C/C(C)C,112.216,566.8,25.48,480.28,0.344
C8H16,"3,4-dimethyl-cis-3-hexene",CC/C(C)=C(/C)CC,112.216,566.8,27.09,451.73,0.344
C8H16,"3,4-dimethyl-trans-3-hexene",CC/C(C)=C(\C)CC,112.216,566.8,27.09,451.73,0.344
C8H16,2-propyl-1-pentene,C=C(CCC)CCC,112.216,566.8,26.08,469.25,0.344
C8H16,2-isopropyl-1-pentene,C=C(CCC)C(C)C,112.216,566.8,26.13,468.32,0.344
C8H16,3-methyl-2-ethyl-1-pentene,C=C(CC)C(C)CC,112.216,566.8,26.3,465.22,0.344
C8H16,4-methyl-2-ethyl-1-pentene,C=C(CC)CC(C)C,112.216,566.8,25.88,472.88,0.344
C8H16,2-methyl-3-ethyl-1-pentene,C=C(C)C(CC)CC,112.216,566.8,26.35,464.45,0.344
C8H16,3-methyl-3-ethyl-1-pentene,C=CC(C)(CC)CC,112.216,566.8,26.36,464.14,0.344
C8H16,4-methyl-3-ethyl-1-pentene,C=CC(CC)C(C)C,112.216,566.8,25.9,472.4,0.344
C8H16,"2,3,3-trimethyl-1-pentene",C=C(C)C(C)(C)CC,112.216,566.8,26.55,460.79,0.344
C8H16,"2,3,4-trimethyl-1-pentene",C=C(C)C(C)C(C)C,112.216,566.8,26.3,465.22,0.344
C8H16,"2,4,4-trimethyl-1-pentene",C=C(C)CC(C)(C)C,112.216,566.8,25.69,476.23,0.344
C8H16,"3,3,4-trimethyl-1-pentene",C=CC(C)(C)C(C)C,112.216,566.8,26.3,465.22,0.344
C8H16,"3,4,4-trimethyl-1-pentene",C=CC(C)C(C)(C)C,112.216,566.8,25.87,473.04,0.344
C8H16,2-methyl-3-ethyl-2-pentene,CCC(CC)=C(C)C,112.216,566.8,26.74,457.63,0.344
C8H16,4-methyl-3-ethyl-cis-2-pentene,C/C=C(/CC)C(C)C,112.216,566.8,26.74,457.63,0.344
C8H16,4-methyl-3-ethyl-trans-2-pentene,C/C=C(\CC)C(C)C,112.216,566.8,26.55,460.79,0.344
C8H16,"2,3,4-trimethyl-2-pentene",CC(C)=C(C)C(C)C,112.216,566.8,26.92,454.59,0.344
C8H16,"2,4,4-trimethyl-2-pentene",CC(C)=CC(C)(C)C,112.216,566.8,25.95,471.45,0.344
C8H16,"3,4,4-trimethyl-cis-2-pentene",C/C=C(/C)C(C)(C)C,112.216,566.8,26.74,457.63,0.344
C8H16,"3,4,4-trimethyl-trans-2-pentene",C/C=C(\C)C(C)(C)C,112.216,566.8,26.74,457.63,0.344
C8H16,"3,4,4-trimethyl-2-pentene",CC=C(C)C(C)(C)C,112.216,566.8,26.74,457.63,0.344
C8H16,3-methyl-2-isopropyl-1-butene,C=C(C(C)C)C(C)C,112.216,566.8,26,470.67,0.344
C8H16,"3,3-dimethyl-2-ethyl-1-butene",C=C(CC)C(C)(C)C,112.216,566.8,26.26,465.99,0.344
C8H16Br2,"1,1-dibromooctane",CCCCCCCC(Br)Br,272.024,737.51,25.36,611.69,0.473
C8H16Br2,"1,2-dibromooctane",CCCCCCC(Br)CBr,272.024,737.51,25.36,611.69,0.473
C8H16Br2,"1,4-dibromooctane",CCCCC(Br)CCCBr,272.024,737.51,25.36,611.69,0.473
C8H16Br2,"1,5-dibromooctane",CCCC(Br)CCCCBr,272.024,737.51,25.36,611.69,0.473
C8H16Br2,"1,8-dibromooctane",BrCCCCCCCCBr,272.024,737.51,25.36,611.69,0.473
C8H16Br2,"4,5-dibromooctane",CCCC(Br)C(Br)CCC,272.024,737.51,25.36,611.69,0.473
C8H16Cl2,"1,1-dichlorooctane",CCCCCCCC(Cl)Cl,183.122,689.2,24.61,586.46,0.415
C8H16Cl2,"1,8-dichlorooctane",ClCCCCCCCCCl,183.122,689.2,24.61,586.46,0.415
C8H16Cl2,"2,3-dichlorooctane",CCCCCC(Cl)C(C)Cl,183.122,689.2,24.61,586.46,0.415
C8H16Cl2,"2,5-dichloro-2,5-dimethylhexane",CC(C)(Cl)CCC(C)(C)Cl,183.122,689.2,24.61,586.46,0.415
C8H16F2,"1,1-difluorooctane",CCCCCCCC(F)F,150.212,569.63,26.88,451.78,0.39
C8H16I2,"1,1-diiodooctane",CCCCCCCC(I)I,366.024,866.46,21.78,710.91,0.465
C8H16I2,"1,8-diiodooctane",ICCCCCCCCI,366.024,866.46,21.78,710.91,0.465
C8H16O,2-methylheptanal,CCCCCC(C)C=O,128.215,642.39,27.06,485.31,0.673
C8H16O,3-methylheptanal,CCCCC(C)CC=O,128.215,642.39,27.06,485.31,0.673
C8H16O,5-methylheptanal,CCC(C)CCCC=O,128.215,642.39,27.06,485.31,0.673
C8H16O,6-methylheptanal,CC(C)CCCCC=O,128.215,642.39,27.06,485.31,0.673
C8H16O,2-ethylhexanal,CCCCC(C=O)CC,128.215,642.39,26.59,493.84,0.673
C8H16O,2-propylpentanal,CCCC(C=O)CCC,128.215,642.39,27.21,482.71,0.673
C8H16O,2-octanone,CCCCCCC(C)=O,128.215,,,,0.673
C8H16O,3-octanone,CCCCCC(=O)CC,128.215,633.39,26.34,491.68,0.673
C8H16O,4-octanone,CCCCC(=O)CCC,128.215,633.39,26.05,497.04,0.673
C8H16O,3-methyl-2-heptanone,CCCCC(C)C(C)=O,128.215,633.39,26.33,491.82,0.673
C8H16O,4-methyl-2-heptanone,CCCC(C)CC(C)=O,128.215,633.39,26.27,492.87,0.673
C8H16O,5-methyl-2-heptanone,CCC(C)CCC(C)=O,128.215,633.39,26.27,492.87,0.673
C8H16O,6-methyl-2-heptanone,CC(=O)CCCC(C)C,128.215,633.39,26.07,496.67,0.673
C8H16O,2-methyl-3-heptanone,CCCCC(=O)C(C)C,128.215,633.39,26.12,495.8,0.673
C8H16O,4-methyl-3-heptanone,CCCC(C)C(=O)CC,128.215,633.39,26.27,492.87,0.673
C8H16O,5-methyl-3-heptanone,CCC(=O)CC(C)CC,128.215,633.39,26.26,493.11,0.673
C8H16O,6-methyl-3-heptanone,CCC(=O)CCC(C)C,128.215,633.39,26.27,492.87,0.673
C8H16O,2-methyl-4-heptanone,CCCC(=O)CC(C)C,128.215,633.39,25.99,498.21,0.673
C8H16O,3-methyl-4-heptanone,CCCC(=O)C(C)CC,128.215,633.39,26.27,492.87,0.673
C8H16O,"3,3-dimethyl-2-hexanone",CCCC(C)(C)C(C)=O,128.215,633.39,26.27,492.87,0.673
C8H16O,"3,4-dimethyl-2-hexanone",CCC(C)C(C)C(C)=O,128.215,633.39,26.63,486.35,0.673
C8H16O,"2,5-dimethyl-3-hexanone",CC(C)CC(=O)C(C)C,128.215,633.39,26.53,488.18,0.673
C8H16O,"2,2-dimethyl-3-hexanone",CCCC(=O)C(C)(C)C,128.215,633.39,25.9,500.06,0.673
C8H16O,"4,4-dimethyl-3-hexanone",CCC(=O)C(C)(C)CC,128.215,633.39,26.59,487.05,0.673
C8H16O,3-ethyl-4-methyl-2-pentanone,CCC(C(C)=O)C(C)C,128.215,633.39,25.95,498.95,0.673
C8H16O,3-ethyl-3-methyl-2-pentanone,CCC(C)(CC)C(C)=O,128.215,633.39,26.27,492.87,0.673
C8H16O,"2,2,4-trimethyl-3-pentanone",CC(C)C(=O)C(C)(C)C,128.215,633.39,25.74,503.04,0.673
C8H16O,1-propylcyclopentanol,CCCC1(O)CCCC1,128.215,693.39,30.86,459.33,0.673
C8H16O,cis-2-propylcyclopentanol,CCC[C@H]1CCC[C@H]1O,128.215,693.39,31.37,451.94,0.673
C8H16O,trans-2-propylcyclopentanol,CCC[C@@H]1CCC[C@H]1O,128.215,693.39,30.76,460.79,0.673
C8H16O,"1,2,2-trimethylcyclopentanol",CC1(C)CCCC1(C)O,128.215,693.39,31.11,455.64,0.673
C8H16O,"1,2,4-trimethylcyclopentanol",CC1CC(C)C(C)(O)C1,128.215,693.39,30.09,471.19,0.673
C8H16O,"1,2,5-trimethylcyclopentanol",CC1CCC(C)C1(C)O,128.215,693.39,31.19,454.44,0.673
C8H16O,1-ethylcyclohexanol,CCC1(O)CCCCC1,128.215,693.39,31.63,448.18,0.673
C8H16O,2-ethylcyclohexanol,CCC1CCCCC1O,128.215,693.39,30.94,458.11,0.673
C8H16O,cis-2-ethylcyclohexanol,CC[C@H]1CCCC[C@H]1O,128.215,693.39,31.82,445.45,0.673
C8H16O,trans-2-ethylcyclohexanol,CC[C@@H]1CCCC[C@H]1O,128.215,693.39,31.49,450.17,0.673
C8H16O,"cis-1,2-dimethylcyclohexanol",C[C@@H]1CCCC[C@]1(C)O,128.215,693.39,31.72,446.84,0.673
C8H16O,"trans-1,2-dimethyl cyclohexanol",C[C@@H]1CCCC[C@@]1(C)O,128.215,693.39,31.47,450.52,0.673
C8H16O,"cis-1,3-dimethylcyclohexanol",C[C@H]1CCC[C@@](C)(O)C1,128.215,693.39,30.79,460.43,0.673
C8H16O,"trans-1,3-dimethylcyclohexanol",C[C@H]1CCC[C@](C)(O)C1,128.215,693.39,30.27,468.39,0.673
C8H16O,"cis-1,4-dimethylcyclohexanol",C[C@H]1CC[C@@](C)(O)CC1,128.215,693.39,30.74,461.1,0.673
C8H16O,4-ethylcyclohexanol,CCC1CCC(O)CC1,128.215,693.39,30.25,468.64,0.673
C8H16O,"2,2-dimethylcyclohexanol",CC1(C)CCCCC1O,128.215,693.39,31.62,448.3,0.673
C8H16O,"2,4-dimethylcyclohexanol",CC1CCC(O)C(C)C1,128.215,693.39,30.7,461.78,0.673
C8H16O,"2,6-dimethylcyclohexanol",CC1CCCC(C)C1O,128.215,693.39,32.51,436.07,0.673
C8H16O,"3,3-dimethylcyclohexanol",CC1(C)CCCC(O)C1,128.215,693.39,31.22,454.02,0.673
C8H16O,"3,4-dimethylcyclohexanol",CC1CCC(O)CC1C,128.215,693.39,31,457.32,0.673
C8H16O,"3,5-dimethylcyclohexanol",CC1CC(C)CC(O)C1,128.215,693.39,30.62,463.01,0.673
C8H16O,"4,4-dimethylcyclohexanol",CC1(C)CCC(O)CC1,128.215,693.39,31.72,446.84,0.673
C8H16O,"2,2-diethyltetrahydrofuran",CCC1(CC)CCCO1,128.215,628.39,29.3,438.45,0.673
C8H16O,2-octen-1-ol,CCCCCC=CCO,128.215,673.39,29.11,472.97,0.673
C8H16O,trans-2-octen-1-ol,CCCCC/C=C/CO,128.215,673.39,29.15,472.3,0.673
C8H16O,4-octen-1-ol,CCCC=CCCCO,128.215,673.39,29.75,462.75,0.673
C8H16O,5-octen-1-ol,CCC=CCCCCO,128.215,673.39,29.75,462.75,0.673
C8H16O,7-octen-1-ol,C=CCCCCCCO,128.215,673.39,29.75,462.75,0.673
C8H16O,cis-6-methyl-3-hepten-1-ol,CC(C)C/C=C\CCO,128.215,673.39,29.75,462.75,0.673
C8H16O,trans-6-methyl-3-hepten-1-ol,CC(C)C/C=C/CCO,128.215,673.39,29.75,462.75,0.673
C8H16O,cis-1-methyl-4-hepten-1-ol,CC/C=C\CCC(C)O,128.215,673.39,29.75,462.75,0.673
C8H16O,3-methyl-6-hepten-1-ol,C=CCCC(C)CCO,128.215,673.39,29.75,462.75,0.673
C8H16O,2-methyl-3-hepten-2-ol,CCCC=CC(C)(C)O,128.215,673.39,29.75,462.75,0.673
C8H16O,2-methyl-4-hepten-2-ol,CCC=CCC(C)(C)O,128.215,673.39,29.75,462.75,0.673
C8H16O,2-methyl-6-hepten-2-ol,C=CCCCC(C)(C)O,128.215,673.39,29.75,462.75,0.673
C8H16O,3-methyl-4-hepten-3-ol,CCC=CC(C)(O)CC,128.215,673.39,29.75,462.75,0.673
C8H16O,4-methyl-1-hepten-4-ol,C=CCC(C)(O)CCC,128.215,673.39,28.33,485.99,0.673
C8H16O,4-methyl-4-hepten-3-ol,CCC=C(C)C(O)CC,128.215,673.39,29.75,462.75,0.673
C8H16O,5-methyl-2-hepten-4-ol,CC=CC(O)C(C)CC,128.215,673.39,29.75,462.75,0.673
C8H16O,6-methyl-2-hepten-4-ol,CC=CC(O)CC(C)C,128.215,673.39,29.75,462.75,0.673
C8H16O,6-methyl-5-hepten-2-ol,CC(C)=CCCC(C)O,128.215,673.39,28.74,479.06,0.673
C8H16O,1-octen-4-ol,C=CCC(O)CCCC,128.215,673.39,29.75,462.75,0.673
C8H16O,2-octen-4-ol,CC=CC(O)CCCC,128.215,673.39,29.75,462.75,0.673
C8H16O,"2,2-dimethyl-4-hexen-3-ol",CC=CC(O)C(C)(C)C,128.215,673.39,29.75,462.75,0.673
C8H16O,"2,5-dimethyl-4-hexen-3-ol",CC(C)=CC(O)C(C)C,128.215,673.39,29.75,462.75,0.673
C8H16O,"3,5-dimethyl-1-hexen-3-ol",C=CC(C)(O)CC(C)C,128.215,673.39,29.75,462.75,0.673
C8H16O,"3,5-dimethyl-4-hexen-3-ol",CCC(C)(O)C=C(C)C,128.215,673.39,29.75,462.75,0.673
C8H16O,6-methyl-6-hepten-2-ol,C=C(C)CCCC(C)O,128.215,673.39,29.75,462.75,0.673
C8H16O,1-octen-3-ol,C=CC(O)CCCCC,128.215,673.39,28.74,479.06,0.673
C8H16O,hexyl vinyl ether,C=COCCCCCC,128.215,583.39,24.46,487.57,0.673
C8H16O2,2-methylheptanoic acid,CCCCCC(C)C(=O)O,144.214,696.49,26.25,531.83,0.744
C8H16O2,4-methylheptanoic acid,CCCC(C)CCC(=O)O,144.214,696.49,26.25,531.83,0.744
C8H16O2,6-methylheptanoic acid,CC(C)CCCCC(=O)O,144.214,696.49,26.25,531.83,0.744
C8H16O2,"2,2-dimethylhexanoic acid",CCCCC(C)(C)C(=O)O,144.214,696.49,26.1,534.86,0.744
C8H16O2,"2,4-dimethylhexanoic acid",CCC(C)CC(C)C(=O)O,144.214,696.49,26.25,531.83,0.744
C8H16O2,2-ethylhexanoic acid,CCCCC(CC)C(=O)O,144.214,,,,0.744
C8H16O2,3-ethylhexanoic acid,CCCC(CC)CC(=O)O,144.214,696.49,26.25,531.83,0.744
C8H16O2,4-ethylhexanoic acid,CCC(CC)CCC(=O)O,144.214,696.49,26.25,531.83,0.744
C8H16O2,2-propylpentanoic acid,CCCC(CCC)C(=O)O,144.214,696.49,25.82,540.54,0.744
C8H16O2,heptyl formate,CCCCCCCOC=O,144.214,606.49,23.39,519.58,0.744
C8H16O2,hexyl acetate,CCCCCCOC(C)=O,144.214,606.49,22.92,530.38,0.744
C8H16O2,1-methylpentyl acetate,CCCCC(C)OC(C)=O,144.214,606.49,23.31,521.35,0.744
C8H16O2,2-methylpentyl acetate,CCCC(C)COC(C)=O,144.214,606.49,22.98,528.91,0.744
C8H16O2,3-methylpentyl acetate,CCC(C)CCOC(C)=O,144.214,606.49,23.41,519.15,0.744
C8H16O2,"1,1-dimethylbutyl acetate",CCCC(C)(C)OC(C)=O,144.214,606.49,23.41,519.15,0.744
C8H16O2,"1,3-dimethylbutyl acetate",CC(=O)OC(C)CC(C)C,144.214,606.49,22.66,536.3,0.744
C8H16O2,2-ethylbutyl acetate,CCC(CC)COC(C)=O,144.214,606.49,23.27,522.42,0.744
C8H16O2,2-methyl-3-pentyl acetate,CCC(OC(C)=O)C(C)C,144.214,606.49,22.94,529.79,0.744
C8H16O2,3-methyl-3-pentyl acetate,CCC(C)(CC)OC(C)=O,144.214,606.49,23.36,520.43,0.744
C8H16O2,pentyl propanoate,CCCCCOC(=O)CC,144.214,606.49,22.92,530.38,0.744
C8H16O2,1-methylbutyl propanoate,CCCC(C)OC(=O)CC,144.214,606.49,23.41,519.15,0.744
C8H16O2,2-methylbutyl propanoate,CCC(=O)OCC(C)CC,144.214,606.49,23.41,519.15,0.744
C8H16O2,3-methylbutyl propanoate,CCC(=O)OCCC(C)C,144.214,606.49,22.92,530.38,0.744
C8H16O2,"1,1-dimethylpropyl propanoate",CCC(=O)OC(C)(C)CC,144.214,606.49,23.41,519.15,0.744
C8H16O2,"1,2-dimethylpropyl propanoate",CCC(=O)OC(C)C(C)C,144.214,606.49,23.41,519.15,0.744
C8H16O2,"2,2-dimethylpropyl propanoate",CCC(=O)OCC(C)(C)C,144.214,606.49,23.41,519.15,0.744
C8H16O2,butyl butanoate,CCCCOC(=O)CCC,144.214,606.49,22.95,529.64,0.744
C8H16O2,1-methylpropyl butanoate,CCCC(=O)OC(C)CC,144.214,606.49,23.41,519.15,0.744
C8H16O2,2-methylpropyl butanoate,CCCC(=O)OCC(C)C,144.214,,,535.85,0.744
C8H16O2,"sec-butyl butanoate, (S)",CCCC(=O)O[C@@H](C)CC,144.214,606.49,23.1,526.23,0.744
C8H16O2,"1,1-dimethylethyl butanoate",CCCC(=O)OC(C)(C)C,144.214,606.49,23.41,519.15,0.744
C8H16O2,butyl isobutanoate,CCCCOC(=O)C(C)C,144.214,606.49,22.73,534.81,0.744
C8H16O2,1-methylpropyl isobutanoate,CCC(C)OC(=O)C(C)C,144.214,606.49,23.41,519.15,0.744
C8H16O2,2-methylpropyl isobutanoate,CC(C)COC(=O)C(C)C,144.214,,,542.35,0.744
C8H16O2,propyl pentanoate,CCCCC(=O)OCCC,144.214,606.49,22.98,528.99,0.744
C8H16O2,isopropyl pentanoate,CCCCC(=O)OC(C)C,144.214,606.49,23.41,519.15,0.744
C8H16O2,propyl isopentanoate,CCCOC(=O)CC(C)C,144.214,606.49,22.76,534.07,0.744
C8H16O2,isopropyl isopentanoate,CC(C)CC(=O)OC(C)C,144.214,606.49,22.47,540.98,0.744
C8H16O2,"1,4-cyclohexanedimethanol",OCC1CCC(CO)CC1,144.214,724,32.61,445,0.744
C8H16O2,ethyl hexanoate,CCCCCC(=O)OCC,144.214,606.49,23.08,526.73,0.744
C8H16O2,ethyl 4-methylpentanoate,CCOC(=O)CCC(C)C,144.214,606.49,23,528.55,0.744
C8H16O2,methyl heptanoate,CCCCCCC(=O)OC,144.214,606.49,23.35,520.64,0.744
C8H16O3,2-butoxyethyl acetate,CCCCOCCOC(C)=O,160.213,,,,0.809
C8H16O4,diethylene glycol ethyl ether acetate,CCOCCOCCOC(C)=O,176.212,660,22.5,565,0.871
C8H16S,thiacyclononane,C1CCCCSCCC1,144.283,751.38,34.66,439.5,0.379
C8H17Br,1-bromooctane,CCCCCCCCBr,193.128,643.02,25.34,588.76,0.601
C8H17Br,2-bromooctane,CCCCCCC(C)Br,193.128,643.02,24.81,601.39,0.601
C8H17Br,1-bromo-2-ethylhexane,CCCCC(CC)CBr,193.128,643.02,24.68,604.59,0.601
C8H17Cl,1-chlorooctane,CCCCCCCCCl,148.677,637.13,24.77,562.01,0.397
C8H17Cl,2-chlorooctane,CCCCCCC(C)Cl,148.677,637.13,24.66,564.66,0.397
C8H17Cl,(S)-2-chlorooctane,CCCCCC[C@H](C)Cl,148.677,637.13,25.02,556.43,0.397
C8H17Cl,2-chloro-2-methylheptane,CCCCCC(C)(C)Cl,148.677,637.13,24.35,571.78,0.397
C8H17Cl,2-chloro-6-methylheptane,CC(C)CCCC(C)Cl,148.677,637.13,25.02,556.43,0.397
C8H17Cl,3-chloro-3-methylheptane,CCCCC(C)(Cl)CC,148.677,637.13,25.02,556.47,0.397
C8H17Cl,"2-chloro-2,5-dimethylhexane",CC(C)CCC(C)(C)Cl,148.677,637.13,25.02,556.43,0.397
C8H17Cl,"3-chloro-2,3-dimethylhexane",CCCC(C)(Cl)C(C)C,148.677,637.13,24.76,562.24,0.397
C8H17Cl,4-chloro-4-methylheptane,CCCC(C)(Cl)CCC,148.677,637.13,24.77,562.16,0.397
C8H17Cl,3-(chloromethyl)heptane,CCCCC(CC)CCl,148.677,637.13,25.04,556.09,0.397
C8H17Cl,"2-chloro-2,4,4-trimethylpentane",CC(C)(C)CC(C)(C)Cl,148.677,637.13,24.96,557.85,0.397
C8H17Cl,2-ethylhexyl-6-chloride,CCC(C)CCCCCl,148.677,637.13,25.02,556.43,0.397
C8H17F,1-fluorooctane,CCCCCCCCF,132.222,579.23,28.84,437.76,0.333
C8H17I,1-iodooctane,CCCCCCCCI,240.128,764.75,24.74,645.99,0.326
C8H17I,2-iodooctane,CCCCCCC(C)I,240.128,746.18,24.12,646.56,0.326
C8H17I,1-iodo-2-ethylhexane,CCCCC(CC)CI,240.128,746.18,24.42,638.52,0.326
C8H17N,cyclohexyldimethylamine,CN(C)C1CCCCC1,127.231,700.28,30.44,481.91,0.456
C8H17N,cyclohexylethylamine,NCCC1CCCCC1,127.231,700.28,31.41,466.96,0.456
C8H17N,"N,4-dimethylcyclohexylamine",CNC1CCC(C)CC1,127.231,700.28,29.29,500.83,0.456
C8H17N,2-ethylcyclohexanamine,CCC1CCCCC1N,127.231,700.28,31.69,462.87,0.456
C8H17N,1-isopropylpiperidine,CC(C)N1CCCCC1,127.231,680.28,27.97,509.4,0.456
C8H17N,1-propylpiperidine,CCCN1CCCCC1,127.231,680.28,27.34,521.15,0.456
C8H17N,"2-propylpiperidine, (S)",CCC[C@H]1CCCCN1,127.231,680.28,28.18,505.7,0.456
C8H17N,4-propylpiperidine,CCCC1CCNCC1,127.231,680.28,28.98,491.69,0.456
C8H17N,"2,2,4-trimethylpiperidine",CC1CCNC(C)(C)C1,127.231,680.28,27.7,514.47,0.456
C8H17N,"2,3,6-trimethylpiperidine",CC1CCC(C)C(C)N1,127.231,680.28,27.63,515.81,0.456
C8H17N,"2,4,6-trimethylpiperidine",CC1CC(C)NC(C)C1,127.231,680.28,27.68,514.84,0.456
C8H17N,(S)-(+)-1-cyclohexylethylamine,C[C@H](N)C1CCCCC1,127.231,700.28,30.89,474.83,0.456
C8H17N,"2,3-dimethylcyclohexylamine",CC1CCCC(N)C1C,127.231,700.28,29.98,489.2,0.456
C8H17N,R-(-)-cyclohexylethylamine,C[C@@H](N)C1CCCCC1,127.231,700.28,30.89,474.83,0.456
C8H17N,4-(1-methylethyl)piperidine,CC(C)C1CCNCC1,127.231,680.28,28.24,504.62,0.456
C8H17N,5-ethyl-2-methylpiperidine,CCC1CCC(C)NC1,127.231,680.28,28.24,504.62,0.456
C8H17N,N-methyl-N-(cyclohexylmethyl) amine,CNCC1CCCCC1,127.231,700.28,30.44,481.91,0.456
C8H17N,"2,2,5,5-tetramethylpyrrolidine",CC1(C)CCC(C)(C)N1,127.231,695.28,28.53,510.47,0.456
C8H17NO,"N,N-dipropylacetamide",CCCN(CCC)C(C)=O,143.23,700,23.06,623.18,0.487
C8H17NO,"N,N-diisopropylacetamide",CC(=O)N(C(C)C)C(C)C,143.23,700,22.81,630.06,0.487
C8H17NO2,1-nitrooctane,CCCCCCCC[N+](=O)[O-],159.229,783.91,23.46,672.47,0.515
C8H17NO2,2-nitrooctane,CCCCCCC(C)[N+](=O)[O-],159.229,783.91,22.92,688.35,0.515
C8H18,"2,3-dimethylhexane",CCCC(C)C(C)C,114.232,555.77,27.45,435.95,0.349
C8H18,"2,2,3,3-tetramethylbutane",CC(C)(C)C(C)(C)C,114.232,555.77,26.11,458.37,0.349
C8H18N2,"1,4-diethylpiperazine",CCN1CCN(CC)CC1,142.246,761.5,33.58,466.18,0.485
C8H18O,2-octanol,CCCCCCC(C)O,130.231,641.41,25.42,514.66,0.682
C8H18O,(R)-(-)-2-octanol,CCCCCC[C@@H](C)O,130.231,641.41,26.11,500.91,0.682
C8H18O,(S)-(+)-2-octanol,CCCCCC[C@H](C)O,130.231,641.41,25.52,512.64,0.682
C8H18O,3-octanol,CCCCCC(O)CC,130.231,641.41,25.35,515.95,0.682
C8H18O,4-octanol,CCCCC(O)CCC,130.231,641.41,25.27,517.62,0.682
C8H18O,2-methyl-1-heptanol,CCCCCC(C)CO,130.231,641.41,24.65,530.71,0.682
C8H18O,3-methyl-1-heptanol,CCCCC(C)CCO,130.231,641.41,24.12,542.26,0.682
C8H18O,4-methyl-1-heptanol,CCCC(C)CCCO,130.231,641.41,24.94,524.48,0.682
C8H18O,5-methyl-1-heptanol,CCC(C)CCCCO,130.231,641.41,25.27,517.69,0.682
C8H18O,6-methyl-1-heptanol,CC(C)CCCCCO,130.231,641.41,25.35,516.02,0.682
C8H18O,2-methyl-2-heptanol,CCCCCC(C)(C)O,130.231,641.41,24.97,523.93,0.682
C8H18O,3-methyl-2-heptanol,CCCCC(C)C(C)O,130.231,641.41,25.36,515.87,0.682
C8H18O,4-methyl-2-heptanol,CCCC(C)CC(C)O,130.231,641.41,24.66,530.47,0.682
C8H18O,5-methyl-2-heptanol,CCC(C)CCC(C)O,130.231,641.41,25.06,521.92,0.682
C8H18O,6-methyl-2-heptanol,CC(C)CCCC(C)O,130.231,641.41,24.82,526.99,0.682
C8H18O,2-methyl-3-heptanol,CCCCC(O)C(C)C,130.231,641.41,25.46,513.76,0.682
C8H18O,3-methyl-3-heptanol,CCCCC(C)(O)CC,130.231,641.41,25.63,510.32,0.682
C8H18O,4-methyl-3-heptanol,CCCC(C)C(O)CC,130.231,641.41,24.48,534.4,0.682
C8H18O,5-methyl-3-heptanol,CCC(C)CC(O)CC,130.231,641.41,25.23,518.46,0.682
C8H18O,6-methyl-3-heptanol,CCC(O)CCC(C)C,130.231,641.41,26.24,498.45,0.682
C8H18O,2-methyl-4-heptanol,CCCC(O)CC(C)C,130.231,641.41,25.06,521.92,0.682
C8H18O,3-methyl-4-heptanol,CCCC(O)C(C)CC,130.231,641.41,25.92,504.6,0.682
C8H18O,"(3R,4S)-3-Methyl-4-heptanol",CCC[C@H](O)[C@H](C)CC,130.231,641.41,25.94,504.16,0.682
C8H18O,4-methyl-4-heptanol,CCCC(C)(O)CCC,130.231,641.41,25.42,514.59,0.682
C8H18O,2-ethyl-1-hexanol,CCCCC(CC)CO,130.231,,,506.71,
C8H18O,3-ethyl-1-hexanol,CCCC(CC)CCO,130.231,641.41,25.85,505.98,0.682
C8H18O,"2,2-dimethyl-1-hexanol",CCCCC(C)(C)CO,130.231,641.41,25.52,512.64,0.682
C8H18O,"2,4-dimethyl-1-hexanol",CCC(C)CC(C)CO,130.231,641.41,26.24,498.45,0.682
C8H18O,"2,5-dimethyl-1-hexanol",CC(C)CCC(C)CO,130.231,641.41,25.63,510.4,0.682
C8H18O,"3,3-dimethyl-1-hexanol",CCCC(C)(C)CCO,130.231,641.41,26,503.07,0.682
C8H18O,"3,5-dimethyl-1-hexanol",CC(C)CC(C)CCO,130.231,641.41,25.59,511.14,0.682
C8H18O,"4,4-dimethyl-1-hexanol",CCC(C)(C)CCCO,130.231,641.41,26.24,498.45,0.682
C8H18O,"5,5-dimethyl-1-hexanol",CC(C)(C)CCCCO,130.231,641.41,26.24,498.45,0.682
C8H18O,3-ethyl-2-hexanol,CCCC(CC)C(C)O,130.231,641.41,26.24,498.45,0.682
C8H18O,"2,3-dimethyl-2-hexanol",CCCC(C)C(C)(C)O,130.231,641.41,25.89,505.25,0.682
C8H18O,"2,4-dimethyl-2-hexanol",CCC(C)CC(C)(C)O,130.231,641.41,24.92,524.87,0.682
C8H18O,"2,5-dimethyl-2-hexanol",CC(C)CCC(C)(C)O,130.231,641.41,25.14,520.22,0.682
C8H18O,"3,3-dimethyl-2-hexanol",CCCC(C)(C)C(C)O,130.231,641.41,26.26,498.06,0.682
C8H18O,"3,4-dimethyl-2-hexanol",CCC(C)C(C)C(C)O,130.231,641.41,26.19,499.48,0.682
C8H18O,"3,5-dimethyl-2-hexanol",CC(C)CC(C)C(C)O,130.231,641.41,26.24,498.45,0.682
C8H18O,"5,5-dimethyl-2-hexanol",CC(O)CCC(C)(C)C,130.231,641.41,26.24,498.45,0.682
C8H18O,3-ethyl-3-hexanol,CCCC(O)(CC)CC,130.231,641.41,25.94,504.3,0.682
C8H18O,4-ethyl-3-hexanol,CCC(O)C(CC)CC,130.231,641.41,26.24,498.45,0.682
C8H18O,"2,2-dimethyl-3-hexanol",CCCC(O)C(C)(C)C,130.231,641.41,25.81,506.71,0.682
C8H18O,"2,3-dimethyl-3-hexanol",CCCC(C)(O)C(C)C,130.231,641.41,25.93,504.52,0.682
C8H18O,"2,4-dimethyl-3-hexanol",CCC(C)C(O)C(C)C,130.231,641.41,26.24,498.45,0.682
C8H18O,"2,5-dimethyl-3-hexanol",CC(C)CC(O)C(C)C,130.231,641.41,25.24,518.23,0.682
C8H18O,"3,4-dimethyl-3-hexanol",CCC(C)C(C)(O)CC,130.231,641.41,25.96,503.8,0.682
C8H18O,"3,5-dimethyl-3-hexanol",CCC(C)(O)CC(C)C,130.231,641.41,25.55,511.89,0.682
C8H18O,"4,4-dimethyl-3-hexanol",CCC(O)C(C)(C)CC,130.231,641.41,25.81,506.71,0.682
C8H18O,"5,5-dimethyl-3-hexanol",CCC(O)CC(C)(C)C,130.231,641.41,26.24,498.45,0.682
C8H18O,2-propyl-1-pentanol,CCCC(CO)CCC,130.231,641.41,26.24,498.45,0.682
C8H18O,2-methyl-2-ethyl-1-pentanol,CCCC(C)(CC)CO,130.231,641.41,26.24,498.45,0.682
C8H18O,4-methyl-2-ethyl-1-pentanol,CCC(CO)CC(C)C,130.231,641.41,25.66,509.66,0.682
C8H18O,"2,2,3-trimethyl-1-pentanol",CCC(C)C(C)(C)CO,130.231,641.41,26.24,498.45,0.682
C8H18O,"2,2,4-trimethyl-1-pentanol",CC(C)CC(C)(C)CO,130.231,641.41,25.96,503.8,0.682
C8H18O,"2,3,3-trimethyl-1-pentanol",CCC(C)(C)C(C)CO,130.231,641.41,26.24,498.45,0.682
C8H18O,"2,3,4-trimethyl-1-pentanol",CC(C)C(C)C(C)CO,130.231,641.41,26.41,495.23,0.682
C8H18O,"2,4,4-trimethyl-1-pentanol",CC(CO)CC(C)(C)C,130.231,641.41,25.78,507.45,0.682
C8H18O,"3,4,4-trimethyl-1-pentanol",CC(CCO)C(C)(C)C,130.231,641.41,26.24,498.45,0.682
C8H18O,2-methyl-3-ethyl-2-pentanol,CCC(CC)C(C)(C)O,130.231,641.41,26,503.07,0.682
C8H18O,3-methyl-3-ethyl-2-pentanol,CCC(C)(CC)C(C)O,130.231,641.41,26.71,489.67,0.682
C8H18O,4-methyl-3-ethyl-2-pentanol,CCC(C(C)C)C(C)O,130.231,641.41,26.24,498.45,0.682
C8H18O,"2,3,3-trimethyl-2-pentanol",CCC(C)(C)C(C)(C)O,130.231,641.41,25.26,517.92,0.682
C8H18O,"2,3,4-trimethyl-2-pentanol",CC(C)C(C)C(C)(C)O,130.231,641.41,24.85,526.44,0.682
C8H18O,"2,4,4-trimethyl-2-pentanol",CC(C)(C)CC(C)(C)O,130.231,641.41,25.4,514.89,0.682
C8H18O,"3,3,4-trimethyl-2-pentanol",CC(C)C(C)(C)C(C)O,130.231,641.41,26.64,491.05,0.682
C8H18O,"3,4,4-trimethyl-2-pentanol",CC(O)C(C)C(C)(C)C,130.231,641.41,26.24,498.45,0.682
C8H18O,2-methyl-3-ethyl-3-pentanol,CCC(O)(CC)C(C)C,130.231,641.41,25.66,509.66,0.682
C8H18O,"2,2,3-trimethyl-3-pentanol",CCC(C)(O)C(C)(C)C,130.231,641.41,26.26,498.06,0.682
C8H18O,"2,2,4-trimethyl-3-pentanol",CC(C)C(O)C(C)(C)C,130.231,641.41,25.74,508.18,0.682
C8H18O,"2,3,4-trimethyl-3-pentanol",CC(C)C(C)(O)C(C)C,130.231,641.41,26.37,495.94,0.682
C8H18O,3-methyl-2-isopropyl-1-butanol,CC(C)C(CO)C(C)C,130.231,641.41,26.26,498.06,0.682
C8H18O,"2,2-diethyl-1-butanol",CCC(CC)(CC)CO,130.231,641.41,26.24,498.45,0.682
C8H18O,"3,3-dimethyl-2-ethyl-1-butanol",CCC(CO)C(C)(C)C,130.231,641.41,26.3,497.35,0.682
C8H18O,"2,2,3,3-tetramethyl-1-butanol",CC(C)(C)C(C)(C)CO,130.231,641.41,26.24,498.45,0.682
C8H18O,1-methoxy-heptane,CCCCCCCOC,130.231,571.41,23.63,493.19,0.682
C8H18O,1-ethoxy-hexane,CCCCCCOCC,130.231,571.41,23.12,503.94,0.682
C8H18O,1-propoxy-pentane,CCCCCOCCC,130.231,571.41,23.44,497.21,0.682
C8H18O,1-isopropoxy-pentane,CCCCCOC(C)C,130.231,571.41,23.44,497.21,0.682
C8H18O,dibutyl ether,CCCCOCCCC,130.231,,,510.44,0.682
C8H18O,di-sec-butyl ether,CCC(C)OC(C)CC,130.231,571.41,22.65,514.48,0.682
C8H18O,di-tert-butyl ether,CC(C)(C)OC(C)(C)C,130.231,,,513.66,0.682
C8H18O,butyl isobutyl ether,CCCCOCC(C)C,130.231,571.41,22.79,511.24,0.682
C8H18O,tert-butyl isobutyl ether,CC(C)COC(C)(C)C,130.231,571.41,22.26,523.57,0.682
C8H18O,butyl tert-butyl ether,CCCCOC(C)(C)C,130.231,571.41,22.62,515.21,0.682
C8H18O,isobutyl ether,CC(C)COCC(C)C,130.231,571.41,23.44,497.21,0.682
C8H18O2,"1,2-octanediol",CCCCCCC(O)CO,146.23,819.27,28.97,565.43,0.752
C8H18O2,"1,3-octanediol",CCCCCC(O)CCO,146.23,819.27,28.97,565.43,0.752
C8H18O2,"1,4-octanediol",CCCCC(O)CCCO,146.23,819.27,28.97,565.43,0.752
C8H18O2,"1,8-octanediol",OCCCCCCCCO,146.23,819.27,28.97,565.43,0.752
C8H18O2,"2,4-octanediol",CCCCC(O)CC(C)O,146.23,819.27,27.33,599.28,0.752
C8H18O2,"4,5-octanediol",CCCC(O)C(O)CCC,146.23,819.27,28.97,565.43,0.752
C8H18O2,"3-methyl-2,4-heptanediol",CCCC(O)C(C)C(C)O,146.23,819.27,27.69,591.54,0.752
C8H18O2,"2-ethyl-1,3-hexanediol",CCCC(O)C(CC)CO,146.23,819.27,27.85,588.12,0.752
C8H18O2,"2,5-dimethyl-2,5-hexanediol",CC(C)(O)CCC(C)(C)O,146.23,819.27,26.62,615.33,0.752
C8H18O2,"2,2,4-trimethyl-1,4-pentanediol",CC(C)(O)CC(C)(C)CO,146.23,819.27,28.97,565.43,0.752
C8H18O2,"2,2,4-trimethyl-1,3-pentanediol",CC(C)C(O)C(C)(C)CO,146.23,819.27,27.97,585.48,0.752
C8H18O2,"2-butyl-2-methyl-1,3-propanediol",CCCCC(C)(CO)CO,146.23,819.27,27.65,592.31,0.752
C8H18O2,"(3R,6R)-3,6-octanediol",CC[C@@H](O)CC[C@H](O)CC,146.23,819.27,28.97,565.43,0.752
C8H18O2,"(3S,6S)-3,6-octanediol",CC[C@H](O)CC[C@@H](O)CC,146.23,819.27,28.97,565.43,0.752
C8H18O2,di-t-butyl peroxide,CC(C)(C)OOC(C)(C)C,146.23,547,21.53,508,0.752
C8H18O2,ethylene glycol monohexyl ether,CCCCCCOCCO,146.23,679.27,24.71,549.62,0.752
C8H18O2,2-(2-ethylbutoxy)ethanol,CCC(CC)COCCO,146.23,679.27,24.38,556.91,0.752
C8H18O2,ethylene glycol mono-2-methylpentyl ether,CCCC(C)COCCO,146.23,679.27,24.38,556.91,0.752
C8H18O2S,diisobutyl sulfone,CC(C)CS(=O)(=O)CC(C)C,178.297,767,26.19,569,0.437
C8H18O2S,dibutyl sulfone,CCCCS(=O)(=O)CCCC,178.297,767,26.19,569,0.437
C8H18O2S,di-tert-butylsulfone,CC(C)(C)S(=O)(=O)C(C)(C)C,178.297,767,26.19,569,0.437
C8H18O3,diethylene glycol diethyl ether,CCOCCOCCOCC,162.229,624,21.92,558,0.817
C8H18O3,diethylene glycol monobutyl ether,CCCCOCCOCCO,162.229,,,537,
C8H18O4,triethylene glycol dimethyl ether,COCCOCCOCCOC,178.228,651,22.82,548,0.878
C8H18O4,triethylene glycol monoethyl ether,CCOCCOCCOCCO,178.228,679,23.01,567,0.878
C8H18O5,tetraethylene glycol,OCCOCCOCCOCCO,194.227,795,26.55,564,0.935
C8H18S,1-octanethiol,CCCCCCCCS,146.299,654.36,23.58,561.24,0.382
C8H18S,2-octanethiol,CCCCCCC(C)S,146.299,654.36,23.33,567.15,0.382
C8H18S,3-octanethiol,CCCCCC(S)CC,146.299,654.36,23.88,554.15,0.382
C8H18S,4-octanethiol,CCCCC(S)CCC,146.299,654.36,23.88,554.15,0.382
C8H18S,2-methyl-1-heptanethiol,CCCCCC(C)CS,146.299,654.36,23.88,554.15,0.382
C8H18S,3-methyl-1-heptanethiol,CCCCC(C)CCS,146.299,654.36,23.88,554.15,0.382
C8H18S,4-methyl-1-heptanethiol,CCCC(C)CCCS,146.299,654.36,23.88,554.15,0.382
C8H18S,5-methyl-1-heptanethiol,CCC(C)CCCCS,146.299,654.36,23.88,554.15,0.382
C8H18S,6-methyl-1-heptanethiol,CC(C)CCCCCS,146.299,654.36,23.88,554.15,0.382
C8H18S,2-methyl-2-heptanethiol,CCCCCC(C)(C)S,146.299,654.36,23.88,554.15,0.382
C8H18S,3-methyl-2-heptanethiol,CCCCC(C)C(C)S,146.299,654.36,23.88,554.15,0.382
C8H18S,4-methyl-2-heptanethiol,CCCC(C)CC(C)S,146.299,654.36,23.88,554.15,0.382
C8H18S,5-methyl-2-heptanethiol,CCC(C)CCC(C)S,146.299,654.36,23.88,554.15,0.382
C8H18S,6-methyl-2-heptanethiol,CC(C)CCCC(C)S,146.299,654.36,23.88,554.15,0.382
C8H18S,tert-octyl mercaptan,CC(C)(C)CC(C)(C)S,146.299,654.36,23.61,560.44,0.382
C8H18S,2-thianonane,CCCCCCCSC,146.299,654.36,23.58,561.24,0.382
C8H18S,3-thianonane,CCCCCCSCC,146.299,654.36,23.58,561.24,0.382
C8H18S,4-thianonane,CCCCCSCCC,146.299,654.36,23.58,561.24,0.382
C8H18S,5-thianonane,CCCCSCCCC,146.299,654.36,23.58,561.24,0.382
C8H18S,3-methyl-2-thiaoctane,CCCCCC(C)SC,146.299,654.36,23.88,554.15,0.382
C8H18S,4-methyl-2-thiaoctane,CCCCC(C)CSC,146.299,654.36,23.88,554.15,0.382
C8H18S,5-methyl-2-thiaoctane,CCCC(C)CCSC,146.299,654.36,23.88,554.15,0.382
C8H18S,6-methyl-2-thiaoctane,CCC(C)CCCSC,146.299,654.36,23.88,554.15,0.382
C8H18S,2-methyl-3-thiaoctane,CCCCCSC(C)C,146.299,654.36,23.88,554.15,0.382
C8H18S,4-methyl-3-thiaoctane,CCCCC(C)SCC,146.299,654.36,23.88,554.15,0.382
C8H18S,5-methyl-3-thiaoctane,CCCC(C)CSCC,146.299,654.36,23.88,554.15,0.382
C8H18S,6-methyl-3-thiaoctane,CCSCCC(C)CC,146.299,654.36,23.88,554.15,0.382
C8H18S,di-sec-butyl sulfide,CCC(C)SC(C)CC,146.299,654.36,23.4,565.44,0.382
C8H18S,di-tert-butyl sulfide,CC(C)(C)SC(C)(C)C,146.299,654.36,22.74,581.96,0.382
C8H18S,diisobutyl sulfide,CC(C)CSCC(C)C,146.299,654.36,23.45,564.22,0.382
C8H18S2,"1,8-octanedithiol",SCCCCCCCCS,178.366,780.37,25.03,605.76,0.437
C8H18S2,"1,7-octanedithiol",CC(S)CCCCCCS,178.366,780.37,25.4,596.97,0.437
C8H18S2,"1,6-octanedithiol",CCC(S)CCCCCS,178.366,780.37,25.4,596.97,0.437
C8H18S2,"1,5-octanedithiol",CCCC(S)CCCCS,178.366,780.37,25.4,596.97,0.437
C8H18S2,"1,4-octanedithiol",CCCCC(S)CCCS,178.366,780.37,25.4,596.97,0.437
C8H18S2,"1,3-octanedithiol",CCCCCC(S)CCS,178.366,780.37,25.4,596.97,0.437
C8H18S2,"1,2-octanedithiol",CCCCCCC(S)CS,178.366,780.37,25.4,596.97,0.437
C8H18S2,"2,3-dithiadecane",CCCCCCCSSC,178.366,725.37,23.01,612.63,0.437
C8H18S2,"3,4-dithiadecane",CCCCCCSSCC,178.366,725.37,23.01,612.63,0.437
C8H18S2,"4,5-dithiadecane",CCCCCSSCCC,178.366,725.37,23.01,612.63,0.437
C8H18S2,"5,6-dithiadecane",CCCCSSCCCC,178.366,725.37,22.49,626.83,0.437
C8H18S2,"2,4-dithiadecane",CCCCCCSCSC,178.366,725.37,23.01,612.63,0.437
C8H18S2,"3,5-dithiadecane",CCCCCSCSCC,178.366,725.37,23.01,612.63,0.437
C8H18S2,"4,6-dithiadecane",CCCCSCSCCC,178.366,725.37,23.01,612.63,0.437
C8H18S2,di-isobutyl disulfide,CC(C)CSSCC(C)C,178.366,725.37,23.01,612.63,0.437
C8H18S2,di-sec-butyl disulfide,CCC(C)SSC(C)CC,178.366,725.37,23.15,608.8,0.437
C8H18S2,di-tert-butyl disulfide,CC(C)(C)SSC(C)(C)C,178.366,725.37,22.16,636.14,0.437
C8H19N,octylamine,CCCCCCCCN,129.247,643.92,26.61,505.66,0.46
C8H19N,2-ethylhexylamine,CCCCC(CC)CN,129.247,643.92,27.4,490.96,0.46
C8H19N,6-methyl-2-heptanamine,CC(C)CCCC(C)N,129.247,643.92,26.12,515.16,0.46
C8H19N,2-octanamine,CCCCCCC(C)N,129.247,643.92,26.42,509.26,0.46
C8H19N,(S)-2-amino-6-methylheptane,CC(C)CCC[C@H](C)N,129.247,643.92,26.12,515.16,0.46
C8H19N,(R)-2-amino-6-methylheptane,CC(C)CCC[C@@H](C)N,129.247,643.92,26.12,515.16,0.46
C8H19N,(S)-2-aminooctane,CCCCCC[C@H](C)N,129.247,643.92,26.24,512.76,0.46
C8H19N,(R)-2-aminooctane,CCCCCC[C@@H](C)N,129.247,643.92,26.24,512.76,0.46
C8H19N,tert-octylamine,CC(C)(C)CC(C)(C)N,129.247,643.92,27.68,486.12,0.46
C8H19N,methylheptylamine,CCCCCCCNC,129.247,603.92,24.41,516.94,0.46
C8H19N,ethylhexylamine,CCCCCCNCC,129.247,603.92,24.17,522.1,0.46
C8H19N,dibutylamine,CCCCNCCCC,129.247,,,523.34,
C8H19N,diisobutylamine,CC(C)CNCC(C)C,129.247,603.92,23.58,535.2,0.46
C8H19N,di-sec-butylamine,CCC(C)NC(C)CC,129.247,603.92,23.97,526.34,0.46
C8H19N,N-methyl-2-heptanamine,CCCCCC(C)NC,129.247,603.92,25.19,500.85,0.46
C8H19N,dimethylhexylamine,CCCCCCN(C)C,129.247,603.92,23.61,534.33,0.46
C8H19N,diethylbutylamine,CCCCN(CC)CC,129.247,603.92,23.81,530.06,0.46
C8H19N,N-ethyl-N-isopropyl-2-propanamine,CCN(C(C)C)C(C)C,129.247,603.92,23.54,536.06,0.46
C8H19N,N-ethyl-N-propyl-1-propanamine,CCCN(CC)CCC,129.247,603.92,26.03,484.68,0.46
C8H19N,N-isopropyl-N-methyl-tert-butylamine,CC(C)N(C)C(C)(C)C,129.247,603.92,24.49,515.16,0.46
C8H20Pb,tetraethyl lead,CC[Pb](CC)(CC)CC,323.448,640.99,21.25,636.1,0.478
C8H20Si,tetraethylsilane,CC[Si](CC)(CC)CC,144.334,,,,0.309
C8H23N5,tetraethylenepentamine,NCCNCCNCCNCCN,189.307,774,23.6,636,0.564
C9F20,perfluorononane,FC(F)(F)C(F)(F)C(F)(F)C(F)(F)C(F)(F)C(F)(F)C(F)(F)C(F)(F)C(F)(F)F,488.059,632.97,10.65,832.03,0.681
C9H4O5,trimellitic anhydride,O=C(O)c1ccc2c(c1)C(=O)OC2=O,192.126,890,36.38,462,0.928
C9H6N2O2,toluene diisocyanate,Cc1ccc(N=C=O)cc1N=C=O,174.159,725,27.29,525,0.54
C9H6N2O2,"2,6-Diisocyanatotoluene",Cc1c(N=C=O)cccc1N=C=O,174.159,749,28.19,525,0.54
C9H6O6,"1,2,4-benzenetricarboxylic acid",O=C(O)c1ccc(C(=O)O)c(C(=O)O)c1,210.141,860,31.82,499,0.988
C9H7N,isoquinoline,c1ccc2cnccc2c1,129.162,,,382.8,0.46
C9H7N,quinoline,c1ccc2ncccc2c1,129.162,,,383.22,0.46
C9H7NO,8-hydroxyquinoline,Oc1cccc2cccnc12,145.161,788,38.99,414,0.49
C9H8,indene,C1=Cc2ccccc2C1,116.163,687,36.97,399.22,0.353
C9H8Cl2,"(3,3-dichloroallyl)benzene",ClC(Cl)=CCc1ccccc1,187.069,761.64,31.65,501.38,0.391
C9H8O,2-methylbenzofuran,Cc1cc2ccccc2o1,132.162,697,34.84,407,0.691
C9H8O2,trans-cinnamic acid,O=C(O)/C=C/c1ccccc1,148.161,797,35.64,446,0.761
C9H8O4,2-(acetyloxy)benzoic acid,CC(=O)Oc1ccccc1C(=O)O,180.159,765,31.26,469,0.885
C9H9N,"2,3-dimethylbenzonitrile",Cc1cccc(C#N)c1C,131.178,747.37,37.74,412.72,0.464
C9H9N,"2,6-dimethylbenzonitrile",Cc1cccc(C)c1C#N,131.178,747.37,37.74,412.72,0.464
C9H9N,4-ethylbenzonitrile,CCc1ccc(C#N)cc1,131.178,747.37,35.29,441.45,0.464
C9H9N,2-ethylbenzonitrile,CCc1ccccc1C#N,131.178,747.37,36.09,431.68,0.464
C9H10,indane,c1ccc2c(c1)CCC2,118.179,,,381,
C9H10,cis-1-propenylbenzene,C/C=C\c1ccccc1,118.179,671,36.15,397.78,0.357
C9H10,trans-1-propenylbenzene,C/C=C/c1ccccc1,118.179,670,36,398.84,0.357
C9H10,2-propenylbenzene,CC=Cc1ccccc1,118.179,636.18,33.73,404.21,0.357
C9H10,alpha-methylstyrene,C=C(C)c1ccccc1,118.179,658.41,35.52,397.25,0.357
C9H10,m-methylstyrene,C=Cc1cccc(C)c1,118.179,658.41,35.66,395.68,0.357
C9H10,o-methylstyrene,C=Cc1ccccc1C,118.179,658.41,35.66,395.68,0.357
C9H10,p-methylstyrene,C=Cc1ccc(C)cc1,118.179,658.41,36.03,391.54,0.357
C9H10Br2,"2,4-dibromo-1,3,5-trimethylbenzene",Cc1cc(C)c(Br)c(C)c1Br,277.987,793.82,29.36,564.59,0.639
C9H10Cl2,"2,4-dichloro-1,3,5-trimethylbenzene",Cc1cc(C)c(Cl)c(C)c1Cl,189.085,758.63,32.44,486.05,0.394
C9H10O,alpha-methylbenzeneacetaldehyde,CC(C=O)c1ccccc1,134.178,682,32.64,424,0.7
C9H10O2,ethyl benzoate,CCOC(=O)c1ccccc1,150.177,698,28.4,489,0.769
C9H10O2,benzyl acetate,CC(=O)OCc1ccccc1,150.177,699,30.97,449,0.769
C9H10O2,phenyl glycidyl ether,c1ccc(OCC2CO2)cc1,150.177,720,30.87,464,0.769
C9H10O3,ethyl vanillin,CCOc1cc(C=O)ccc1O,166.176,748,31.24,467,0.833
C9H10O3,1-(4-hydroxy-3-methoxyphenyl)ethanone,COc1cc(C(C)=O)ccc1O,166.176,786,32.82,467,0.833
C9H10O3,4-methoxybenzeneacetic acid,COc1ccc(CC(=O)O)cc1,166.176,768,31.87,470,0.833
C9H11Br,1-bromo-4-isopropylbenzene,CC(C)c1ccc(Br)cc1,199.091,701.02,32.49,496.99,0.402
C9H11Br,"1-(bromomethyl)-3,5-dimethylbenzene",Cc1cc(C)cc(CBr)c1,199.091,701.02,31.9,506.03,0.402
C9H11Br,(2-bromo-1-methylethyl)benzene,CC(CBr)c1ccccc1,199.091,701.02,32.11,502.72,0.402
C9H11Br,(1-bromopropyl)benzene,CCC(Br)c1ccccc1,199.091,701.02,32.35,499.13,0.402
C9H11Br,(2-bromopropyl)benzene,CC(Br)Cc1ccccc1,199.091,701.02,32.14,502.26,0.402
C9H11Br,(3-bromopropyl)benzene,BrCCCc1ccccc1,199.091,701.02,32.37,498.77,0.402
C9H11Br,"1-bromo-2,3,5-trimethylbenzene",Cc1cc(C)c(C)c(Br)c1,199.091,701.02,31.9,506.03,0.402
C9H11Br,"1-bromo-2,4,5-trimethylbenzene",Cc1cc(C)c(Br)cc1C,199.091,701.02,31.9,506.03,0.402
C9H11Br,"2-bromo-1,3,5-trimethylbenzene",Cc1cc(C)c(Br)c(C)c1,199.091,701.02,32.62,494.91,0.402
C9H11Br,1-bromo-2-(1-methylethyl)benzene,CC(C)c1ccccc1Br,199.091,701.02,31.9,506.03,0.402
C9H11Br,1-bromo-4-propylbenzene,CCCc1ccc(Br)cc1,199.091,701.02,31.55,511.67,0.402
C9H11Br,1-bromo-3-(1-methylethyl)benzene,CC(C)c1cccc(Br)c1,199.091,701.02,31.9,506.03,0.402
C9H11Cl,1-chloro-2-isopropylbenzene,CC(C)c1ccccc1Cl,154.64,696.71,31.54,479.25,0.337
C9H11Cl,1-chloro-4-isopropylbenzene,CC(C)c1ccc(Cl)cc1,154.64,696.71,31.54,479.25,0.337
C9H11Cl,"1-(chloromethyl)-2,4-dimethylbenzene",Cc1ccc(CCl)c(C)c1,154.64,696.71,31.54,479.25,0.337
C9H11Cl,(1-chloro-1-methylethyl)benzene,CC(C)(Cl)c1ccccc1,154.64,696.71,31.54,479.25,0.337
C9H11Cl,(2-chloro-1-methylethyl)benzene,CC(CCl)c1ccccc1,154.64,696.71,31.54,479.25,0.337
C9H11Cl,1-(chloromethyl)-4-ethylbenzene,CCc1ccc(CCl)cc1,154.64,696.71,31.54,479.25,0.337
C9H11Cl,"(2-chloropropyl)benzene, (R)",C[C@@H](Cl)Cc1ccccc1,154.64,696.71,31.54,479.25,0.337
C9H11Cl,(3-chloropropyl)benzene,ClCCCc1ccccc1,154.64,696.71,31.54,479.25,0.337
C9H11Cl,"2-chloro-1,3,5-trimethylbenzene",Cc1cc(C)c(Cl)c(C)c1,154.64,696.71,31.54,479.25,0.337
C9H11Cl,"3,4-dimethylbenzyl chloride",Cc1ccc(CCl)cc1C,154.64,696.71,31.54,479.25,0.337
C9H11Cl,"2,5-dimethylbenzyl chloride",Cc1ccc(C)c(CCl)c1,154.64,696.71,31.54,479.25,0.337
C9H11F,"2-fluoro-1,3,5-trimethylbenzene",Cc1cc(C)c(F)c(C)c1,138.185,629.61,35.67,381.96,0.289
C9H11NO,p-dimethylaminobenzaldehyde,CN(C)c1ccc(C=O)cc1,149.193,832,36,471,0.498
C9H12,m-ethyltoluene,CCc1cccc(C)c1,120.195,652.25,31.61,441.02,0.361
C9H12,o-ethyltoluene,CCc1ccccc1C,120.195,652.25,32.36,430.79,0.361
C9H12,p-ethyltoluene,CCc1ccc(C)cc1,120.195,,,442.88,
C9H12,"1,2,3-trimethylbenzene",Cc1cccc(C)c1C,120.195,,,422.68,
C9H12,ethylidene norbornene,CC=C1CC2C=CC1C2,120.195,629,32.94,408.1,0.361
C9H12,"1,4-nonadiyne",C#CCC#CCCCC,120.195,661.77,32.04,441.48,0.361
C9H12,"1,8-nonadiyne",C#CCCCCCC#C,120.195,644.6,31.42,438.49,0.361
C9H12,"2,7-nonadiyne",CC#CCCCC#CC,120.195,669.91,33.49,427.52,0.361
C9H12,"5-vinyl-2-norbornene, endo and exo",C=CC1CC2C=CC1C2,120.195,640.62,32.07,427,0.361
C9H12,"cis,cis,cis-cyclononatriene",C1=C\C=C/CCC\C=C/1,120.195,654.72,31.84,439.46,0.361
C9H12O,benzyl ethyl ether,CCOCc1ccccc1,136.194,662,30.32,442,0.709
C9H12O,2-phenyl-2-propanol,CC(C)(O)c1ccccc1,136.194,660,30.36,440,0.709
C9H12O,benzenepropanol,OCCCc1ccccc1,136.194,694,31.93,440,0.709
C9H12O,alpha-ethylbenzenemethanol,CCC(O)c1ccccc1,136.194,677,31.15,440,0.709
C9H12O,2-phenyl-1-propanol,CC(CO)c1ccccc1,136.194,685,31.51,440,0.709
C9H12O,1-phenyl-2-propanol,CC(O)Cc1ccccc1,136.194,678,31.19,440,0.709
C9H12O,2-propylphenol,CCCc1ccccc1O,136.194,745.15,38.48,391.95,0.709
C9H12O,3-propylphenol,CCCc1cccc(O)c1,136.194,745.15,37.21,405.33,0.709
C9H12O,4-propylphenol,CCCc1ccc(O)cc1,136.194,745.15,38.21,394.75,0.709
C9H12O,2-isopropylphenol,CC(C)c1ccccc1O,136.194,745.15,37.49,402.39,0.709
C9H12O,3-isopropylphenol,CC(C)c1cccc(O)c1,136.194,745.15,36.94,408.36,0.709
C9H12O,4-isopropylphenol,CC(C)c1ccc(O)cc1,136.194,745.15,37.35,403.86,0.709
C9H12O,2-methyl-3-ethylphenol,CCc1cccc(O)c1C,136.194,745.15,36.94,408.36,0.709
C9H12O,2-methyl-4-ethylphenol,CCc1ccc(O)c(C)c1,136.194,745.15,36.94,408.36,0.709
C9H12O,2-methyl-5-ethylphenol,CCc1ccc(C)c(O)c1,136.194,745.15,36.94,408.36,0.709
C9H12O,2-methyl-6-ethylphenol,CCc1cccc(C)c1O,136.194,745.15,36.94,408.36,0.709
C9H12O,3-methyl-4-ethylphenol,CCc1ccc(O)cc1C,136.194,745.15,36.94,408.36,0.709
C9H12O,3-methyl-5-ethylphenol,CCc1cc(C)cc(O)c1,136.194,745.15,36.94,408.36,0.709
C9H12O,3-methyl-6-ethylphenol,CCc1ccc(C)cc1O,136.194,745.15,36.94,408.36,0.709
C9H12O,4-methyl-2-ethylphenol,CCc1cc(C)ccc1O,136.194,745.15,36.94,408.36,0.709
C9H12O,4-methyl-3-ethylphenol,CCc1cc(O)ccc1C,136.194,745.15,36.94,408.36,0.709
C9H12O,"2,3,4-trimethylphenol",Cc1ccc(O)c(C)c1C,136.194,745.15,36.94,408.36,0.709
C9H12O,"2,3,5-trimethylphenol",Cc1cc(C)c(C)c(O)c1,136.194,745.15,36.94,408.36,0.709
C9H12O,"2,3,6-trimethylphenol",Cc1ccc(C)c(O)c1C,136.194,745.15,36.94,408.36,0.709
C9H12O,"2,4,5-trimethylphenol",Cc1cc(C)c(O)cc1C,136.194,745.15,36.94,408.36,0.709
C9H12O,"2,4,6-trimethylphenol",Cc1cc(C)c(O)c(C)c1,136.194,745.15,36.94,408.36,0.709
C9H12O,"3,4,5-trimethylphenol",Cc1cc(O)cc(C)c1C,136.194,745.15,36.94,408.36,0.709
C9H12O2,cumene hydroperoxide,CC(C)(OO)c1ccccc1,152.193,605,28.65,419,0.777
C9H12S,propyl phenyl sulfide,CCCSc1ccccc1,152.262,747.43,30.52,491.6,0.393
C9H12S,isopropyl phenyl sulfide,CC(C)Sc1ccccc1,152.262,747.43,30,500.15,0.393
C9H12S,3-methyl-(1-thiapropyl)-benzene,CCSc1cccc(C)c1,152.262,747.43,30.5,491.9,0.393
C9H12S,4-methyl-(1-thiapropyl)-benzene,CCSc1ccc(C)cc1,152.262,747.43,30.53,491.36,0.393
C9H12S,2-ethyl-(1-thiaethyl)-benzene,CCc1ccccc1SC,152.262,747.43,31.47,476.73,0.393
C9H12S,benzenepropanethiol,SCCCc1ccccc1,152.262,747.43,31.79,471.97,0.393
C9H12S,2-isopropylbenzenethiol,CC(C)c1ccccc1S,152.262,747.43,31.6,474.79,0.393
C9H12S,[(ethylthio)methyl]benzene,CCSCc1ccccc1,152.262,747.43,31.86,470.85,0.393
C9H13N,benzylethylamine,CCNCc1ccccc1,135.21,739.47,33.35,459.92,0.472
C9H13N,"alpha,alpha-dimethylbenzenemethanamine",CC(C)(N)c1ccccc1,135.21,739.47,33.69,455.18,0.472
C9H13N,"N,N-dimethylbenzylamine",CN(C)Cc1ccccc1,135.21,739.47,32.52,471.52,0.472
C9H13N,alpha-ethylbenzenemethanamine,CCC(N)c1ccccc1,135.21,739.47,33.36,459.68,0.472
C9H13N,4-methylbenzeneethanamine,Cc1ccc(CCN)cc1,135.21,739.47,33.17,462.41,0.472
C9H13N,beta-methylbenzeneethanamine,CC(CN)c1ccccc1,135.21,739.47,33.74,454.6,0.472
C9H13N,N-methylbenzeneethanamine,CNCCc1ccccc1,135.21,739.47,33.17,462.41,0.472
C9H13N,2-butylpyridine,CCCCc1ccccn1,135.21,714.47,27.95,530.1,0.472
C9H13N,2-tert-butylpyridine,CC(C)(C)c1ccccn1,135.21,714.47,28.76,515.23,0.472
C9H13N,3-tert-butylpyridine,CC(C)(C)c1cccnc1,135.21,714.47,28.76,515.23,0.472
C9H13N,4-butylpyridine,CCCCc1ccncc1,135.21,714.47,28.03,528.57,0.472
C9H13N,4-tert-butylpyridine,CC(C)(C)c1ccncc1,135.21,714.47,28.01,529.06,0.472
C9H13N,"2,4-diethylpyridine",CCc1ccnc(CC)c1,135.21,714.47,28.7,516.3,0.472
C9H13N,"2-ethyl-3,5-dimethylpyridine",CCc1ncc(C)cc1C,135.21,714.47,28.7,516.3,0.472
C9H13N,"3-ethyl-2,6-dimethylpyridine",CCc1ccc(C)nc1C,135.21,714.47,27.9,531.15,0.472
C9H13N,"4-ethyl-2,6-dimethylpyridine",CCc1cc(C)nc(C)c1,135.21,714.47,27.78,533.32,0.472
C9H13N,"2,3,4,6-tetramethylpyridine",Cc1cc(C)c(C)c(C)n1,135.21,714.47,28.64,517.36,0.472
C9H13N,2-ethyl-6-methylaniline,CCc1cccc(C)c1N,135.21,766.47,33.66,472.23,0.472
C9H13N,N-ethyl-2-methylaniline,CCNc1ccccc1C,135.21,739.47,31.67,484.21,0.472
C9H13N,N-ethyl-3-methylaniline,CCNc1cccc(C)c1,135.21,739.47,30.8,497.86,0.472
C9H13N,N-ethyl-4-methylaniline,CCNc1ccc(C)cc1,135.21,739.47,31.32,489.73,0.472
C9H13N,N-ethyl-N-methylaniline,CCN(C)c1ccccc1,135.21,739.47,30.55,501.95,0.472
C9H13N,2-isopropylaniline,CC(C)c1ccccc1N,135.21,766.47,34,467.59,0.472
C9H13N,4-isopropylaniline,CC(C)c1ccc(N)cc1,135.21,766.47,33.04,481.17,0.472
C9H13N,N-isopropylaniline,CC(C)Nc1ccccc1,135.21,739.47,31.86,481.41,0.472
C9H13N,"2-methyl-N,N-dimethylaniline",Cc1ccccc1N(C)C,135.21,714.47,29.85,496.38,0.472
C9H13N,"3-methyl-N,N-dimethylaniline",Cc1cccc(N(C)C)c1,135.21,714.47,30.33,488.54,0.472
C9H13N,"4-methyl-N,N-dimethylaniline",Cc1ccc(N(C)C)cc1,135.21,714.47,30.16,491.3,0.472
C9H13N,2-propylaniline,CCCc1ccccc1N,135.21,766.47,33.34,476.84,0.472
C9H13N,N-propylaniline,CCCNc1ccccc1,135.21,739.47,31.52,486.49,0.472
C9H13N,"2,4,5-trimethylaniline",Cc1cc(C)c(N)cc1C,135.21,766.47,33.2,478.75,0.472
C9H13N,"2,4,6-trimethylaniline",Cc1cc(C)c(N)c(C)c1,135.21,766.47,33.47,475,0.472
C9H13N,3-butylpyridine,CCCCc1cccnc1,135.21,714.47,27.86,531.85,0.472
C9H13N,dextroamphetamine,C[C@H](N)Cc1ccccc1,135.21,739.47,33.4,459.2,0.472
C9H13N,"(S)-(-)-N,a-dimethylbenzylamine",CN[C@@H](C)c1ccccc1,135.21,739.47,33.17,462.41,0.472
C9H13N,"(S)-(-)-a,4-dimethylbenzylamine",Cc1ccc([C@H](C)N)cc1,135.21,739.47,32.7,469.06,0.472
C9H13N,"(R)-(+)-a,4-dimethylbenzylamine",Cc1ccc([C@@H](C)N)cc1,135.21,739.47,32.7,469.06,0.472
C9H13N,"(R)-(+)-N,a-dimethylbenzylamine",CN[C@H](C)c1ccccc1,135.21,739.47,33.17,462.41,0.472
C9H13N,(S)-(-)-b-methylphenethylamine,C[C@H](CN)c1ccccc1,135.21,739.47,33.81,453.62,0.472
C9H13N,(R)-(+)-b-methylphenethylamine,C[C@@H](CN)c1ccccc1,135.21,739.47,33.81,453.62,0.472
C9H13N,2-methylphenethylamine,Cc1ccccc1CCN,135.21,739.47,33.4,459.2,0.472
C9H13N,3-methylphenethylamine,Cc1cccc(CCN)c1,135.21,739.47,33.4,459.2,0.472
C9H13N,3-phenylpropylamine,NCCCc1ccccc1,135.21,739.47,34.02,450.75,0.472
C9H13N,4-propylaniline,CCCc1ccc(N)cc1,135.21,766.47,32.04,496.12,0.472
C9H13N,"2,6-diethylpyridine",CCc1cccc(CC)n1,135.21,714.47,28.76,515.23,0.472
C9H13N,"2,4-dimethylbenzenemethanamine",Cc1ccc(CN)c(C)c1,135.21,739.47,33.4,459.2,0.472
C9H13N,"2,3,5,6-tetramethylpyridine",Cc1cc(C)c(C)nc1C,135.21,714.47,28.76,515.23,0.472
C9H14,1-nonen-3-yne,C=CC#CCCCCC,122.211,645.14,29.06,473.39,0.366
C9H14,1-nonen-4-yne,C=CCC#CCCCC,122.211,645.14,29.5,466.33,0.366
C9H14,2-nonen-4-yne,CC=CC#CCCCC,122.211,645.14,29.28,469.77,0.366
C9H14,"6,6-dimethyl-1-hepten-4-yne",C=CCC#CC(C)(C)C,122.211,645.14,28.15,488.57,0.366
C9H14,3-propyl-3-hexen-1-yne,C#CC(=CCC)CCC,122.211,645.14,29.13,472.15,0.366
C9H14,"1,2,3,4-tetramethyl-1,3-cyclopentadiene",CC1=C(C)C(C)=C(C)C1,122.211,616.04,28.37,463.06,0.366
C9H14O,isophorone,CC1=CC(=O)CC(C)(C)C1,138.21,715,31.66,456,0.718
C9H14O,2-allylcyclohexanone,C=CCC1CCCCC1=O,138.21,690,29.12,478.46,0.718
C9H14O,2-amylfuran,CCCCCc1ccco1,138.21,618.04,25.47,489.95,0.718
C9H14O6,glyceryl triacetate,CC(=O)OCC(COC(C)=O)OC(C)=O,218.205,704,20.59,625,1.014
C9H14S,2-pentylthiophene,CCCCCc1cccs1,154.278,690.11,26.57,519.99,0.397
C9H14S,3-pentylthiophene,CCCCCc1ccsc1,154.278,690.11,26.78,516.05,0.397
C9H14S,2-isopentylthiophene,CC(C)CCc1cccs1,154.278,690.11,26.71,517.29,0.397
C9H14S,3-isopentylthiophene,CC(C)CCc1ccsc1,154.278,690.11,27.88,495.66,0.397
C9H14S,2-sec-pentylthiophene,CCCC(C)c1cccs1,154.278,690.11,27.88,495.66,0.397
C9H14S,3-sec-pentylthiophene,CCCC(C)c1ccsc1,154.278,690.11,27.88,495.66,0.397
C9H14S,2-tert-pentylthiophene,CCC(C)(C)c1cccs1,154.278,690.11,27.88,495.66,0.397
C9H14S,3-tert-pentylthiophene,CCC(C)(C)c1ccsc1,154.278,690.11,27.88,495.66,0.397
C9H14S,2-methyl-3-butylthiophene,CCCCc1ccsc1C,154.278,690.11,27.88,495.66,0.397
C9H14S,2-methyl-4-butyl thiophene,CCCCc1csc(C)c1,154.278,690.11,27.88,495.66,0.397
C9H14S,2-methyl-5-butyl thiophene,CCCCc1ccc(C)s1,154.278,690.11,27.88,495.66,0.397
C9H14S,3-methyl-2-butylthiophene,CCCCc1sccc1C,154.278,690.11,27.88,495.66,0.397
C9H14S,3-methyl-4-butyl thiophene,CCCCc1cscc1C,154.278,690.11,27.88,495.66,0.397
C9H14S,3-methyl-5-butylthiophene,CCCCc1cc(C)cs1,154.278,690.11,27.88,495.66,0.397
C9H15N,"N,N-diallyl-2-propen-1-amine",C=CCN(CC=C)CC=C,137.226,592,23.51,521,0.476
C9H16,1-nonyne,C#CCCCCCCC,124.227,604.78,25.57,503.03,0.37
C9H16,2-nonyne,CC#CCCCCCC,124.227,604.78,26.08,493.18,0.37
C9H16,3-nonyne,CCC#CCCCCC,124.227,604.78,25.72,500.16,0.37
C9H16,4-nonyne,CCCC#CCCCC,124.227,604.78,25.77,499.05,0.37
C9H16,7-methyl-3-octyne,CCC#CCCC(C)C,124.227,604.78,25.89,496.76,0.37
C9H16,"2,6-dimethyl-3-heptyne",CC(C)C#CCC(C)C,124.227,604.78,26.45,486.36,0.37
C9H16,"5,5-dimethyl-3-heptyne",CCC#CC(C)(C)CC,124.227,604.78,26.45,486.36,0.37
C9H16,"2,2,5-trimethyl-3-hexyne",CC(C)C#CC(C)(C)C,124.227,604.78,26.45,486.36,0.37
C9H16,"1,8-nonadiene",C=CCCCCCC=C,124.227,604.78,27.3,471.21,0.37
C9H16,"2,7-nonadiene",CC=CCCCC=CC,124.227,604.78,27.24,472.12,0.37
C9H16,"4-methyl-3,5-octadiene",CCC=CC(C)=CCC,124.227,604.78,27.86,461.68,0.37
C9H16,"7-methyl-2,4-octadiene",CC=CC=CCC(C)C,124.227,604.78,27.34,470.46,0.37
C9H16,"2,4-dimethyl-2,4-heptadiene",CCC=C(C)C=C(C)C,124.227,604.78,28.34,453.83,0.37
C9H16,"2,6-dimethyl-1,3-heptadiene",C=C(C)C=CCC(C)C,124.227,604.78,27.9,461.1,0.37
C9H16,"2,6-dimethyl-1,5-heptadiene",C=C(C)CCC=C(C)C,124.227,604.78,27.9,461.1,0.37
C9H16,"3,5-dimethyl-2,4-heptadiene",CC=C(C)C=C(C)CC,124.227,604.78,27.95,460.24,0.37
C9H16,"3-ethyl-2-methyl-1,5-hexadiene",C=CCC(CC)C(=C)C,124.227,604.78,27.66,465.04,0.37
C9H16,"7-methyl-1,6-octadiene",C=CCCCC=C(C)C,124.227,604.78,27.38,469.79,0.37
C9H16,1-butylcyclopentene,CCCCC1=CCCC1,124.227,619.78,27.73,475.41,0.37
C9H16,4-isopropyl-1-methylcyclopentene,CC1=CCC(C(C)C)C1,124.227,619.78,27.35,481.88,0.37
C9H16,3-methyl-1-isopropylcyclopentene,CC1C=C(C(C)C)CC1,124.227,619.78,27.21,484.44,0.37
C9H16,3-butylcyclopentene,CCCCC1C=CCC1,124.227,619.78,27.21,484.44,0.37
C9H16,"1,2,3-trimethylcyclohexene",CC1=C(C)C(C)CCC1,124.227,634.78,28.92,466.89,0.37
C9H16,"1,3,5-trimethylcyclohexene",CC1=CC(C)CC(C)C1,124.227,634.78,27.58,489.46,0.37
C9H16,"1,4,4-trimethylcyclohexene",CC1=CCC(C)(C)CC1,124.227,634.78,27.61,488.95,0.37
C9H16,"1,4,5-trimethylcyclohexene",CC1=CCC(C)C(C)C1,124.227,634.78,27.69,487.64,0.37
C9H16,"1,5,5-trimethylcyclohexene",CC1=CCCC(C)(C)C1,124.227,634.78,27.4,492.7,0.37
C9H16,"1,5,6-trimethylcyclohexene",CC1=CCCC(C)C1C,124.227,634.78,28.68,470.75,0.37
C9H16,"1,6,6-trimethylcyclohexene",CC1=CCCCC1(C)C,124.227,634.78,28.43,474.87,0.37
C9H16,1-ethyl-4-methylcyclohexene,CCC1=CCC(C)CC1,124.227,634.78,28.18,479.13,0.37
C9H16,1-isopropyl-1-cyclohexene,CC(C)C1=CCCCC1,124.227,634.78,28.47,474.18,0.37
C9H16,"3,5,5-trimethylcyclohexene",CC1C=CCC(C)(C)C1,124.227,634.78,27.21,496.23,0.37
C9H16O,2-ethyl-2-methylcyclohexanone,CCC1(C)CCCCC1=O,140.226,725.91,29.92,488.61,0.727
C9H16O,2-isopropylcyclohexanone,CC(C)C1CCCCC1=O,140.226,725.91,30.65,477,0.727
C9H16O,4-isopropylcyclohexanone,CC(C)C1CCC(=O)CC1,140.226,725.91,30.17,484.62,0.727
C9H16O,2-propylcyclohexanone,CCCC1CCCCC1=O,140.226,725.91,30.85,473.91,0.727
C9H16O,4-propylcyclohexanone,CCCC1CCC(=O)CC1,140.226,725.91,30.06,486.35,0.727
C9H16O,"2,2,3-trimethylcyclohexanone",CC1CCCC(=O)C1(C)C,140.226,725.91,30.71,476.13,0.727
C9H16O,"2,2,4-trimethylcyclohexanone",CC1CCC(=O)C(C)(C)C1,140.226,725.91,29.38,497.65,0.727
C9H16O,"2,2,5-trimethylcyclohexanone",CC1CCC(C)(C)C(=O)C1,140.226,725.91,29.26,499.6,0.727
C9H16O,"2,2,6-trimethylcyclohexanone",CC1CCCC(C)(C)C1=O,140.226,725.91,29.95,488.22,0.727
C9H16O,"2,3,6-trimethylcyclohexanone",CC1CCC(C)C(C)C1=O,140.226,725.91,30.29,482.71,0.727
C9H16O,"2,4,4-trimethylcyclohexanone",CC1CC(C)(C)CCC1=O,140.226,725.91,29.86,489.72,0.727
C9H16O,"2,4,5-trimethylcyclohexanone",CC1CC(C)C(C)CC1=O,140.226,725.91,29.66,492.99,0.727
C9H16O,"2,4,6-trimethylcyclohexanone",CC1CC(C)C(=O)C(C)C1,140.226,725.91,29.74,491.55,0.727
C9H16O,"3,3,5-trimethylcyclohexanone",CC1CC(=O)CC(C)(C)C1,140.226,725.91,29.45,496.38,0.727
C9H16O,"3,4,4-trimethylcyclohexanone",CC1CC(=O)CCC1(C)C,140.226,725.91,30.21,483.92,0.727
C9H16O,2-methyl-5-octen-4-one,CCC=CC(=O)CC(C)C,140.226,680.91,25.67,534.17,0.727
C9H16O,2-methyl-7-octen-4-one,C=CCCC(=O)CC(C)C,140.226,680.91,25.57,536.39,0.727
C9H16O,5-methyl-1-octen-3-one,C=CC(=O)CC(C)CCC,140.226,680.91,25.89,529.62,0.727
C9H16O,7-methyl-5-octen-4-one,CCCC(=O)C=CC(C)C,140.226,680.91,27.97,490.3,0.727
C9H16O,2-nonenal,CCCCCCC=CC=O,140.226,720.91,26.74,542.99,0.727
C9H16O,trans-2-nonenal,CCCCCC/C=C/C=O,140.226,720.91,26.22,553.79,0.727
C9H16O,3-nonenal,CCCCCC=CCC=O,140.226,720.91,27,537.68,0.727
C9H16O,4-nonenal,CCCCC=CCCC=O,140.226,720.91,27,537.68,0.727
C9H16O,6-nonenal,CCC=CCCCCC=O,140.226,720.91,27,537.68,0.727
C9H16O,trans-6-nonenal,CC/C=C/CCCCC=O,140.226,720.91,27,537.68,0.727
C9H16O,2-methyl-2-octenal,CCCCCC=C(C)C=O,140.226,720.91,27.19,534.04,0.727
C9H16O,"2,6-dimethyl-5-heptenal",CC(C)=CCCC(C)C=O,140.226,720.91,26.93,539.23,0.727
C9H16O,trans-3-nonen-2-one,CCCCC/C=C/C(C)=O,140.226,680.91,26.01,527.37,0.727
C9H16O2,2-nonenoic acid,CCCCCCC=CC(=O)O,156.225,742.68,24.27,604.12,0.794
C9H16O2,3-nonenoic acid,CCCCCC=CCC(=O)O,156.225,742.68,23.62,620.73,0.794
C9H16O2,8-nonenoic acid,C=CCCCCCCC(=O)O,156.225,742.68,23.29,629.54,0.794
C9H16O2,"3,5-dimethyl-3-hydroxyhexane-4-carboxylic acid b-lactone",CCC1(C)OC(=O)C1C(C)C,156.225,756,27.34,545.93,0.794
C9H16O2,allyl hexanoate,C=CCOC(=O)CCCCC,156.225,622.68,21.12,582.17,0.794
C9H16O2,ethyl 2-methyl-2-hexenoate,CCCC=C(C)C(=O)OCC,156.225,622.68,21.58,569.66,0.794
C9H16O2,ethyl 2-methyl-3-hexenoate,CCC=CC(C)C(=O)OCC,156.225,622.68,20.86,589.42,0.794
C9H16O2,ethyl 3-methyl-3-hexenoate,CCC=C(C)CC(=O)OCC,156.225,622.68,21.38,575.01,0.794
C9H16O2,hexyl acrylate,C=CC(=O)OCCCCCC,156.225,622.68,20.86,589.26,0.794
C9H16O2,2-ethylbutyl acrylate,C=CC(=O)OCC(CC)CC,156.225,622.68,21.38,575.08,0.794
C9H16O2,cis-3-hexenyl propionate,CC/C=C\CCOC(=O)CC,156.225,622.68,21.57,569.89,0.794
C9H16O2,trans-2-hexenyl propionate,CCC/C=C/COC(=O)CC,156.225,622.68,21.57,569.89,0.794
C9H16O2,"2,4-nonanedione",CCCCCC(=O)CC(C)=O,156.225,680.91,26.01,527.37,0.727
C9H16O2,"2,8-nonanedione",CC(=O)CCCCCC(C)=O,156.225,680.91,26.01,527.37,0.727
C9H16O4,azelaic acid,O=C(O)CCCCCCCC(=O)O,188.223,811,22.05,697.98,0.914
C9H16O4,trimethylhexanedioic acid,CC(CCC(=O)O)C(C)(C)C(=O)O,188.223,913.74,25.36,683.6,0.914
C9H17Br,cis-1-bromo-1-nonene,CCCCCCC/C=C\Br,205.139,678.97,25.57,607,0.642
C9H17Br,trans-1-bromo-1-nonene,CCCCCCC/C=C/Br,205.139,678.97,25.57,607,0.642
C9H17Cl,cis-1-chloro-1-nonene,CCCCCCC/C=C\Cl,160.688,676.16,25.51,570.56,0.418
C9H17Cl,trans-1-chloro-1-nonene,CCCCCCC/C=C/Cl,160.688,676.16,25.51,570.56,0.418
C9H17Cl,(3-chloropropyl)cyclohexane,ClCCCC1CCCCC1,160.688,676.16,25.51,570.56,0.418
C9H17Cl3,"1,1,1-trichlorononane",CCCCCCCCC(Cl)(Cl)Cl,231.594,691.91,17.65,772.75,0.354
C9H17F,cis-1-fluoro-1-nonene,CCCCCCC/C=C\F,144.233,559.82,25.61,469.48,0.274
C9H17F,trans-1-fluoro-1-nonene,CCCCCCC/C=C/F,144.233,559.82,25.61,469.48,0.274
C9H17F3,"1,1,1-trifluorononane",CCCCCCCCC(F)(F)F,182.229,522.94,19.62,545.88,0.377
C9H17N,nonanenitrile,CCCCCCCCC#N,139.242,746.41,25.55,602.95,0.479
C9H17N,"1,1,3,3-tetramethylbutyl isocyanide",[C-]#[N+]C(C)(C)CC(C)(C)C,139.242,746.41,24.82,620.49,0.479
C9H17NO2,2-nitro-2-nonene,CCCCCCC=C(C)[N+](=O)[O-],171.24,802.08,22.51,706.67,0.536
C9H17NO2,3-nitro-3-nonene,CCCCCC=C(CC)[N+](=O)[O-],171.24,802.08,22.51,706.67,0.536
C9H17NO2,5-nitro-4-nonene,CCCC=C(CCCC)[N+](=O)[O-],171.24,802.08,22.51,706.67,0.536
C9H18,butylcyclopentane,CCCCC1CCCC1,126.243,618.48,26.77,490.08,0.374
C9H18,isobutylcyclopentane,CC(C)CC1CCCC1,126.243,618.48,26.6,493.18,0.374
C9H18,sec-butylcyclopentane,CCC(C)C1CCCC1,126.243,618.48,27.16,483.02,0.374
C9H18,tert-butylcyclopentane,CC(C)(C)C1CCCC1,126.243,618.48,27.02,485.6,0.374
C9H18,1-methyl-1-propylcyclopentane,CCCC1(C)CCCC1,126.243,618.48,27.35,479.74,0.374
C9H18,1-methyl-cis-2-propylcyclopentane,CCC[C@H]1CCC[C@H]1C,126.243,618.48,27.07,484.78,0.374
C9H18,1-methyl-trans-2-propylcyclopentane,CCC[C@@H]1CCC[C@H]1C,126.243,618.48,26.47,495.78,0.374
C9H18,1-methyl-cis-3-propylcyclopentane,CCC[C@@H]1CC[C@H](C)C1,126.243,618.48,26.57,493.87,0.374
C9H18,1-methyl-trans-3-propylcyclopentane,CCC[C@H]1CC[C@H](C)C1,126.243,618.48,26.57,493.87,0.374
C9H18,1-methyl-1-isopropylcyclopentane,CC(C)C1(C)CCCC1,126.243,618.48,27.35,479.74,0.374
C9H18,1-methyl-cis-2-isopropylcyclopentane,CC(C)[C@H]1CCC[C@H]1C,126.243,618.48,27.06,484.86,0.374
C9H18,1-methyl-trans-2-isopropylcyclopentane,CC(C)[C@@H]1CCC[C@H]1C,126.243,618.48,26.57,493.87,0.374
C9H18,1-methyl-cis-3-isopropylcyclopentane,CC(C)[C@@H]1CC[C@H](C)C1,126.243,618.48,26.61,493.1,0.374
C9H18,1-methyl-trans-3-isopropylcyclopentane,CC(C)[C@H]1CC[C@H](C)C1,126.243,618.48,26.61,493.1,0.374
C9H18,"1,1-diethylcyclopentane",CCC1(CC)CCCC1,126.243,618.48,27.51,477,0.374
C9H18,"1,cis-2-diethylcyclopentane",CC[C@@H]1CCC[C@@H]1CC,126.243,618.48,27.23,481.92,0.374
C9H18,"1,trans-2-diethylcyclopentane",CC[C@@H]1CCC[C@H]1CC,126.243,618.48,26.7,491.43,0.374
C9H18,"1,3-diethylcyclopentane",CCC1CCC(CC)C1,126.243,618.48,26.86,488.57,0.374
C9H18,"1,cis-3-diethylcyclopentane",CC[C@@H]1CC[C@H](CC)C1,126.243,618.48,26.86,488.57,0.374
C9H18,"1,trans-3-diethylcyclopentane",CC[C@@H]1CC[C@@H](CC)C1,126.243,618.48,26.9,487.83,0.374
C9H18,"1,1-dimethyl-2-ethylcyclopentane",CCC1CCCC1(C)C,126.243,618.48,26.9,487.83,0.374
C9H18,"1,1-dimethyl-3-ethylcyclopentane",CCC1CCC(C)(C)C1,126.243,618.48,26.16,501.61,0.374
C9H18,"1,cis-2-dimethyl-1-ethylcyclopentane",CC[C@]1(C)CCC[C@@H]1C,126.243,618.48,27.35,479.74,0.374
C9H18,"1,trans-2-dimethyl-1-ethylcyclopentane",CC[C@]1(C)CCC[C@H]1C,126.243,618.48,27.23,481.92,0.374
C9H18,"1,cis-2-dimethyl-cis-4-ethylcyclopentane",CC[C@H]1C[C@@H](C)[C@@H](C)C1,126.243,618.48,27.23,481.92,0.374
C9H18,"1,cis-2-dimethyl-trans-4-ethylcyclopentane",CC[C@@H]1C[C@@H](C)[C@@H](C)C1,126.243,618.48,26.61,493.1,0.374
C9H18,"1,trans-2-dimethyl-cis-4-ethylcyclopentane",CCC1C[C@@H](C)[C@H](C)C1,126.243,618.48,26.12,502.4,0.374
C9H18,"1,cis-3-dimethyl-1-ethylcyclopentane",CC[C@]1(C)CC[C@H](C)C1,126.243,618.48,26.32,498.49,0.374
C9H18,"1,trans-3-dimethyl-1-ethylcyclopentane",CC[C@]1(C)CC[C@@H](C)C1,126.243,618.48,26.49,495.4,0.374
C9H18,"1,cis-3-dimethyl-cis-2-ethylcyclopentane",CC[C@@H]1[C@H](C)CC[C@@H]1C,126.243,618.48,26.94,487.08,0.374
C9H18,"1,cis-3-dimethyl-trans-2-ethylcyclopentane",CC[C@H]1[C@H](C)CC[C@@H]1C,126.243,618.48,25.99,504.78,0.374
C9H18,"1,trans-3-dimethyl-cis-2-ethylcyclopentane",CCC1[C@@H](C)CC[C@@H]1C,126.243,618.48,26.73,490.83,0.374
C9H18,"1,1,2,2-tetramethylcyclopentane",CC1(C)CCCC1(C)C,126.243,618.48,27.14,483.38,0.374
C9H18,"1,1,cis-2,cis-3-tetramethylcyclopentane",C[C@@H]1[C@@H](C)CCC1(C)C,126.243,618.48,26.53,494.63,0.374
C9H18,"1,1,cis-2,cis-4-tetramethylcyclopentane",C[C@@H]1C[C@@H](C)C(C)(C)C1,126.243,618.48,26.32,498.49,0.374
C9H18,"1,1,3,3-tetramethylcyclopentane",CC1(C)CCC(C)(C)C1,126.243,618.48,25.38,517.05,0.374
C9H18,"1,1,cis-3,cis-4-tetramethylcyclopentane",C[C@H]1CC(C)(C)C[C@@H]1C,126.243,618.48,26.03,503.98,0.374
C9H18,"1,2,2,cis-3-tetramethylcyclopentane",C[C@@H]1CC[C@@H](C)C1(C)C,126.243,618.48,26.61,493.1,0.374
C9H18,"1,cis-2,cis-3,cis-4-tetramethylcyclopentane",C[C@@H]1[C@H](C)[C@H](C)C[C@@H]1C,126.243,618.48,26.77,490.08,0.374
C9H18,"1,cis-2,cis-3,trans-4-tetramethylcyclopentane",C[C@@H]1[C@H](C)[C@H](C)C[C@H]1C,126.243,618.48,26.24,500.05,0.374
C9H18,"1,cis-2,trans-3,cis-4-tetramethylcyclopentane",C[C@H]1[C@H](C)[C@@H](C)C[C@H]1C,126.243,618.48,26.24,500.05,0.374
C9H18,"1,cis-2,trans-3,trans-4-tetramethylcyclopentane",C[C@H]1[C@H](C)[C@H](C)C[C@H]1C,126.243,618.48,26.36,497.71,0.374
C9H18,"1,trans-2,cis-3,trans-4-tetramethylcyclopentane",C[C@H]1[C@H](C)[C@@H](C)C[C@@H]1C,126.243,618.48,25.26,519.47,0.374
C9H18,"1,trans-2,trans-3,cis-4-tetramethylcyclopentane",C[C@@H]1[C@H](C)[C@@H](C)C[C@H]1C,126.243,618.48,25.99,504.78,0.374
C9H18,1-methyl-2-isopropylcyclopentane,CC(C)C1CCCC1C,126.243,618.48,26.86,488.42,0.374
C9H18,propylcyclohexane,CCCC1CCCCC1,126.243,623.48,26.13,506.16,0.374
C9H18,isopropylcyclohexane,CC(C)C1CCCCC1,126.243,623.48,26.45,500.08,0.374
C9H18,1-methyl-1-ethylcyclohexane,CCC1(C)CCCCC1,126.243,623.48,26.63,496.72,0.374
C9H18,1-methyl-cis-2-ethylcyclohexane,CC[C@H]1CCCC[C@H]1C,126.243,623.48,26.77,494.13,0.374
C9H18,1-methyl-trans-2-ethylcyclohexane,CC[C@@H]1CCCC[C@H]1C,126.243,623.48,26.13,506.16,0.374
C9H18,1-methyl-cis-3-ethylcyclohexane,CC[C@@H]1CCC[C@H](C)C1,126.243,623.48,25.78,513.17,0.374
C9H18,1-methyl-trans-3-ethylcyclohexane,CC[C@H]1CCC[C@H](C)C1,126.243,623.48,26.17,505.4,0.374
C9H18,1-methyl-cis-4-ethylcyclohexane,CC[C@H]1CC[C@@H](C)CC1,126.243,623.48,26.29,503.11,0.374
C9H18,1-methyl-trans-4-ethylcyclohexane,CC[C@H]1CC[C@H](C)CC1,126.243,623.48,25.74,513.96,0.374
C9H18,"1,1,2-trimethylcyclohexane",CC1CCCCC1(C)C,126.243,623.48,26.38,501.36,0.374
C9H18,"1,1,3-trimethylcyclohexane",CC1CCCC(C)(C)C1,126.243,623.48,25.54,517.97,0.374
C9H18,"1,1,4-trimethylcyclohexane",CC1CCC(C)(C)CC1,126.243,623.48,25.28,523.2,0.374
C9H18,"1,2,3-trimethylcyclohexane",CC1CCCC(C)C1C,126.243,623.48,26.12,506.32,0.374
C9H18,"1,cis-2,cis-3-trimethylcyclohexane",C[C@@H]1[C@H](C)CCC[C@@H]1C,126.243,623.48,26.29,503.11,0.374
C9H18,"1,cis-2,trans-3-trimethylcyclohexane",CC1[C@@H](C)CCC[C@@H]1C,126.243,623.48,26.65,496.35,0.374
C9H18,"1,trans-2,cis-3-trimethylcyclohexane",C[C@H]1[C@H](C)CCC[C@@H]1C,126.243,623.48,25.62,516.34,0.374
C9H18,"1,2,4-trimethylcyclohexane, isomers",CC1CCC(C)C(C)C1,126.243,623.48,25.97,509.26,0.374
C9H18,"1,cis-2,cis-4-trimethylcyclohexane",C[C@@H]1CC[C@H](C)[C@H](C)C1,126.243,623.48,25.85,511.6,0.374
C9H18,"1,cis-2,trans-4-trimethylcyclohexane",C[C@H]1CC[C@H](C)[C@H](C)C1,126.243,623.48,25.85,511.6,0.374
C9H18,"1,trans-2,cis-4-trimethylcyclohexane",C[C@H]1CC[C@@H](C)[C@H](C)C1,126.243,623.48,25.89,510.82,0.374
C9H18,"1,trans-2,trans-4-trimethylcyclohexane",C[C@@H]1CC[C@@H](C)[C@H](C)C1,126.243,623.48,25.27,523.37,0.374
C9H18,"1,3,5,-trimethylcyclohexane",CC1CC(C)CC(C)C1,126.243,623.48,25.57,517.28,0.374
C9H18,"cis,cis-1,3,5-trimethylcyclohexane",C[C@H]1C[C@@H](C)C[C@@H](C)C1,126.243,623.48,25.22,524.43,0.374
C9H18,"cis,trans-1,3,5-trimethylcyclohexane",C[C@H]1C[C@H](C)C[C@@H](C)C1,126.243,,,567.67,0.374
C9H18,1-ethyl-2-methylcyclohexane,CCC1CCCCC1C,126.243,623.48,26.3,503,0.374
C9H18,1-nonene,C=CCCCCCCC,126.243,593.48,,,0.374
C9H18,2-nonene,CC=CCCCCCC,126.243,593.48,23.69,531.44,0.374
C9H18,trans-2-nonene,C/C=C/CCCCCC,126.243,593.48,23.85,527.97,0.374
C9H18,3-nonene,CCC=CCCCCC,126.243,593.48,24.71,509.6,0.374
C9H18,trans-3-nonene,CC/C=C/CCCCC,126.243,593.48,23.77,529.7,0.374
C9H18,4-nonene,CCCC=CCCCC,126.243,593.48,23.77,529.7,0.374
C9H18,2-methyl-1-octene,C=C(C)CCCCCC,126.243,593.48,23.69,531.53,0.374
C9H18,3-methyl-2-octene,CC=C(C)CCCCC,126.243,593.48,24.12,522.07,0.374
C9H18,7-methyl-3-octene,CCC=CCCC(C)C,126.243,593.48,23.77,529.7,0.374
C9H18,2-methyl-4-octene,CCCC=CCC(C)C,126.243,593.48,23.77,529.7,0.374
C9H18,"2,3-dimethyl-2-heptene",CCCCC(C)=C(C)C,126.243,593.48,23.73,530.57,0.374
C9H18,"2,6-dimethyl-3-heptene",CC(C)C=CCC(C)C,126.243,593.48,23.38,538.52,0.374
C9H18,"cis-1,1,2,5-tetramethyl-cyclopentane",C[C@@H]1CC[C@H](C)C1(C)C,126.243,618.48,26.81,489.49,0.374
C9H18Br2,"1,1-dibromononane",CCCCCCCCC(Br)Br,286.051,752.21,23.12,672.4,0.51
C9H18Br2,"1,2-dibromononane",CCCCCCCC(Br)CBr,286.051,752.21,23.12,672.4,0.51
C9H18Br2,"1,9-dibromononane",BrCCCCCCCCCBr,286.051,752.21,21.43,725.55,0.51
C9H18ClF,1-chloro-9-fluorononane,FCCCCCCCCCCl,180.694,734.54,28.31,544.95,0.275
C9H18Cl2,"1,1-dichlorononane",CCCCCCCCC(Cl)Cl,197.149,708.43,22.23,655.74,0.436
C9H18Cl2,"1,9-dichlorononane",ClCCCCCCCCCCl,197.149,708.43,22.23,655.74,0.436
C9H18Cl2,"2,6-dichloro-2,6-dimethylheptane",CC(C)(Cl)CCCC(C)(C)Cl,197.149,708.43,22.23,655.74,0.436
C9H18F2,"1,1-difluorononane",CCCCCCCCC(F)F,164.239,591.6,24.42,507.46,0.402
C9H18O,1-nonanal,CCCCCCCCC=O,142.242,662.74,24.01,554.48,0.735
C9H18O,2-methyloctanal,CCCCCCC(C)C=O,142.242,662.74,24.57,541.85,0.735
C9H18O,3-methyloctanal,CCCCCC(C)CC=O,142.242,662.74,24.38,546.15,0.735
C9H18O,7-methyloctanal,CC(C)CCCCCC=O,142.242,662.74,24.38,546.15,0.735
C9H18O,"3,5,5-trimethylhexanal",CC(CC=O)CC(C)(C)C,142.242,662.74,23.73,561,0.735
C9H18O,2-nonanone,CCCCCCCC(C)=O,142.242,,,,0.735
C9H18O,3-nonanone,CCCCCCC(=O)CC,142.242,653.74,23.66,555.21,0.735
C9H18O,4-nonanone,CCCCCC(=O)CCC,142.242,653.74,23.48,559.36,0.735
C9H18O,3-methyl-2-octanone,CCCCCC(C)C(C)=O,142.242,653.74,23.55,557.72,0.735
C9H18O,4-methyl-2-octanone,CCCCC(C)CC(C)=O,142.242,653.74,23.71,553.86,0.735
C9H18O,5-methyl-2-octanone,CCCC(C)CCC(C)=O,142.242,653.74,23.71,553.86,0.735
C9H18O,6-methyl-2-octanone,CCC(C)CCCC(C)=O,142.242,653.74,23.71,553.86,0.735
C9H18O,2-methyl-3-octanone,CCCCCC(=O)C(C)C,142.242,653.74,23.71,553.86,0.735
C9H18O,4-methyl-3-octanone,CCCCC(C)C(=O)CC,142.242,653.74,23.52,558.54,0.735
C9H18O,7-methyl-3-octanone,CCC(=O)CCCC(C)C,142.242,653.74,23.71,553.86,0.735
C9H18O,2-methyl-4-octanone,CCCCC(=O)CC(C)C,142.242,653.74,23.71,553.86,0.735
C9H18O,3-methyl-4-octanone,CCCCC(=O)C(C)CC,142.242,653.74,23.83,551.27,0.735
C9H18O,7-methyl-4-octanone,CCCC(=O)CCC(C)C,142.242,653.74,23.65,555.37,0.735
C9H18O,"2,6-dimethyl-3-heptanone",CC(C)CCC(=O)C(C)C,142.242,653.74,23.71,553.86,0.735
C9H18O,"3,5-dimethyl-4-heptanone",CCC(C)C(=O)C(C)CC,142.242,653.74,23.72,553.67,0.735
C9H18O,diisobutyl ketone,CC(C)CC(=O)CC(C)C,142.242,653.74,22.9,573.62,0.735
C9H18O,di-tert-butyl ketone,CC(C)(C)C(=O)C(C)(C)C,142.242,653.74,23.65,555.29,0.735
C9H18O,1-propylcyclohexanol,CCCC1(O)CCCCC1,142.242,713.74,28.66,500.28,0.735
C9H18O,cis-2-propylcyclohexanol,CCC[C@H]1CCCC[C@H]1O,142.242,713.74,28.32,506.33,0.735
C9H18O,trans-2-propylcyclohexanol,CCC[C@@H]1CCCC[C@H]1O,142.242,713.74,28.01,511.97,0.735
C9H18O,cis-4-propylcyclohexanol,CCC[C@H]1CC[C@@H](O)CC1,142.242,713.74,27.79,516.02,0.735
C9H18O,trans-4-propylcyclohexanol,CCC[C@H]1CC[C@H](O)CC1,142.242,713.74,27.41,523.19,0.735
C9H18O,1-isopropylcyclohexanol,CC(C)C1(O)CCCCC1,142.242,713.74,28.23,507.91,0.735
C9H18O,cis-2-isopropylcyclohexanol,CC(C)[C@H]1CCCC[C@H]1O,142.242,713.74,28.23,507.91,0.735
C9H18O,cis-4-isopropylcyclohexanol,CC(C)[C@H]1CC[C@@H](O)CC1,142.242,713.74,28.15,509.43,0.735
C9H18O,trans-4-isopropylcyclohexanol,CC(C)[C@H]1CC[C@H](O)CC1,142.242,713.74,27.97,512.77,0.735
C9H18O,1-ethyl-2-methylcyclohexanol,CCC1(O)CCCCC1C,142.242,713.74,28.28,507.12,0.735
C9H18O,1-ethyl-3-methylcyclohexanol,CCC1(O)CCCC(C)C1,142.242,713.74,27.46,522.14,0.735
C9H18O,"1,2,2-trimethylcyclohexanol",CC1(C)CCCCC1(C)O,142.242,713.74,28.26,507.44,0.735
C9H18O,"1,2,6-trimethylcyclohexanol",CC1CCCC(C)C1(C)O,142.242,713.74,27.88,514.39,0.735
C9H18O,"1,3,5-trimethylcyclohexanol",CC1CC(C)CC(C)(O)C1,142.242,713.74,26.96,531.83,0.735
C9H18O,"2,2,5-trimethylcyclohexanol",CC1CCC(C)(C)C(O)C1,142.242,713.74,27.25,526.2,0.735
C9H18O,"2,2,6-trimethylcyclohexanol",CC1CCCC(C)(C)C1O,142.242,713.74,27.88,514.26,0.735
C9H18O,"2,3,3-trimethylcyclohexanol",CC1C(O)CCCC1(C)C,142.242,713.74,27.42,522.91,0.735
C9H18O,"2,3,6-trimethylcyclohexanol",CC1CCC(C)C(O)C1C,142.242,713.74,27.84,515,0.735
C9H18O,"cis-3,3,5-trimethylcyclohexanol",C[C@@H]1C[C@H](O)CC(C)(C)C1,142.242,713.74,27.44,522.63,0.735
C9H18O,"trans-3,3,5-trimethylcyclohexanol",C[C@H]1C[C@H](O)CC(C)(C)C1,142.242,713.74,26.07,549.99,0.735
C9H18O,"3,5,5-trimethylcyclohexanol",CC1CC(O)CC(C)(C)C1,142.242,713.74,26.61,538.81,0.735
C9H18O,4-(1-methylethyl)cyclohexanol,CC(C)C1CCC(O)CC1,142.242,713.74,27.79,515.93,0.735
C9H18O,2-nonen-1-ol,CCCCCCC=CCO,142.242,693.74,26.64,523.14,0.735
C9H18O,cis-2-nonen-1-ol,CCCCCC/C=C\CO,142.242,693.74,26.64,523.14,0.735
C9H18O,cis-3-nonen-1-ol,CCCCC/C=C\CCO,142.242,693.74,25.94,537.24,0.735
C9H18O,8-nonen-1-ol,C=CCCCCCCCO,142.242,693.74,26.64,523.14,0.735
C9H18O,cis-2-methyl-3-octen-2-ol,CCCC/C=C\C(C)(C)O,142.242,693.74,26.64,523.14,0.735
C9H18O,3-methyl-1-octen-3-ol,C=CC(C)(O)CCCCC,142.242,693.74,26.64,523.14,0.735
C9H18O,3-methyl-4-octen-3-ol,CCCC=CC(C)(O)CC,142.242,693.74,26.64,523.14,0.735
C9H18O,4-methyl-1-octen-4-ol,C=CCC(C)(O)CCCC,142.242,693.74,26.64,523.14,0.735
C9H18O,5-methyl-5-octen-4-ol,CCC=C(C)C(O)CCC,142.242,693.74,26.64,523.14,0.735
C9H18O,7-methyl-2-octen-4-ol,CC=CC(O)CCC(C)C,142.242,693.74,26.64,523.14,0.735
C9H18O,1-nonen-3-ol,C=CC(O)CCCCCC,142.242,693.74,25.69,542.62,0.735
C9H18O2,nonanoic acid,CCCCCCCCC(=O)O,158.241,,,602.63,
C9H18O2,2-methyloctanoic acid,CCCCCCC(C)C(=O)O,158.241,715.31,23.51,599.2,0.802
C9H18O2,3-methyloctanoic acid,CCCCCC(C)CC(=O)O,158.241,715.31,23.51,599.2,0.802
C9H18O2,4-methyloctanoic acid,CCCCC(C)CCC(=O)O,158.241,715.31,23.47,600.25,0.802
C9H18O2,6-methyloctanoic acid,CCC(C)CCCCC(=O)O,158.241,715.31,23.51,599.2,0.802
C9H18O2,7-methyloctanoic acid,CC(C)CCCCCC(=O)O,158.241,715.31,23.51,599.2,0.802
C9H18O2,"2,6-dimethylheptanoic acid",CC(C)CCCC(C)C(=O)O,158.241,715.31,23.51,599.2,0.802
C9H18O2,2-ethylheptanoic acid,CCCCCC(CC)C(=O)O,158.241,715.31,23.51,599.2,0.802
C9H18O2,3-ethylheptanoic acid,CCCCC(CC)CC(=O)O,158.241,715.31,23.51,599.2,0.802
C9H18O2,2-ethyl-3-methylhexanoic acid,CCCC(C)C(CC)C(=O)O,158.241,715.31,23.51,599.2,0.802
C9H18O2,3-ethyl-3-methylhexanoic acid,CCCC(C)(CC)CC(=O)O,158.241,715.31,23.8,592.04,0.802
C9H18O2,"3,5,5-trimethylhexanoic acid",CC(CC(=O)O)CC(C)(C)C,158.241,715.31,23.47,600.25,0.802
C9H18O2,2-propylhexanoic acid,CCCCC(CCC)C(=O)O,158.241,715.31,23.51,599.2,0.802
C9H18O2,octyl formate,CCCCCCCCOC=O,158.241,625.31,20.89,589.61,0.802
C9H18O2,1-methylheptyl formate,CCCCCCC(C)OC=O,158.241,625.31,21.14,582.48,0.802
C9H18O2,heptyl acetate,CCCCCCCOC(C)=O,158.241,625.31,20.7,594.84,0.802
C9H18O2,1-methylhexyl acetate,CCCCCC(C)OC(C)=O,158.241,625.31,21.14,582.48,0.802
C9H18O2,2-methylhexyl acetate,CCCCC(C)COC(C)=O,158.241,625.31,21.14,582.48,0.802
C9H18O2,3-methylhexyl acetate,CCCC(C)CCOC(C)=O,158.241,625.31,21.14,582.48,0.802
C9H18O2,5-methylhexyl acetate,CC(=O)OCCCCC(C)C,158.241,625.31,21.14,582.48,0.802
C9H18O2,"1,1-dimethylpentyl acetate",CCCCC(C)(C)OC(C)=O,158.241,625.31,21.14,582.48,0.802
C9H18O2,1-ethylpentyl acetate,CCCCC(CC)OC(C)=O,158.241,625.31,20.62,597.41,0.802
C9H18O2,1-propylbutyl acetate,CCCC(CCC)OC(C)=O,158.241,625.31,20.95,587.91,0.802
C9H18O2,hexyl propanoate,CCCCCCOC(=O)CC,158.241,625.31,20.79,592.46,0.802
C9H18O2,3-methylpentyl propanoate,CCC(=O)OCCC(C)CC,158.241,625.31,21.14,582.48,0.802
C9H18O2,pentyl butanoate,CCCCCOC(=O)CCC,158.241,625.31,20.69,595.34,0.802
C9H18O2,1-methylbutyl butanoate,CCCC(=O)OC(C)CCC,158.241,625.31,21.14,582.48,0.802
C9H18O2,2-methylbutyl butanoate,CCCC(=O)OCC(C)CC,158.241,,,582.48,0.802
C9H18O2,3-methylbutyl butanoate,CCCC(=O)OCCC(C)C,158.241,625.31,21.14,582.48,0.802
C9H18O2,"1,1-dimethylpropyl butanoate",CCCC(=O)OC(C)(C)CC,158.241,625.31,21.14,582.48,0.802
C9H18O2,"1,2-dimethylpropyl butanoate",CCCC(=O)OC(C)C(C)C,158.241,625.31,21.14,582.48,0.802
C9H18O2,"2,2-dimethylpropyl butanoate",CCCC(=O)OCC(C)(C)C,158.241,625.31,21.14,582.48,0.802
C9H18O2,pentyl isobutanoate,CCCCCOC(=O)C(C)C,158.241,625.31,21.14,582.48,0.802
C9H18O2,2-methylbutyl isobutanoate,CCC(C)COC(=O)C(C)C,158.241,625.31,21.14,582.48,0.802
C9H18O2,3-methylbutyl isobutanoate,CC(C)CCOC(=O)C(C)C,158.241,625.31,20.62,597.24,0.802
C9H18O2,butyl pentanoate,CCCCOC(=O)CCCC,158.241,625.31,20.72,594.51,0.802
C9H18O2,1-methylpropyl pentanoate,CCCCC(=O)OC(C)CC,158.241,625.31,20.56,599.07,0.802
C9H18O2,2-methylpropyl pentanoate,CCCCC(=O)OCC(C)C,158.241,625.31,20.62,597.41,0.802
C9H18O2,butyl isopentanoate,CCCCOC(=O)CC(C)C,158.241,625.31,20.46,602.01,0.802
C9H18O2,2-methylpropyl isopentanoate,CC(C)COC(=O)CC(C)C,158.241,625.31,20.34,605.4,0.802
C9H18O2,propyl hexanoate,CCCCCC(=O)OCCC,158.241,625.31,20.75,593.52,0.802
C9H18O2,ethyl heptanoate,CCCCCCC(=O)OCC,158.241,625.31,21.17,581.83,0.802
C9H18O2,ethyl 3-methylhexanoate,CCCC(C)CC(=O)OCC,158.241,625.31,20.77,592.95,0.802
C9H18O2,ethyl 4-methylhexanoate,CCOC(=O)CCC(C)CC,158.241,625.31,20.85,590.58,0.802
C9H18O2,methyl octanoate,CCCCCCCC(=O)OC,158.241,625.31,21.05,585.17,0.802
C9H18S,thiacyclodecane,C1CCCCSCCCC1,158.31,771.03,31.51,487.5,0.404
C9H19Br,1-bromononane,CCCCCCCCCBr,207.155,661.58,22.97,656.56,0.648
C9H19Cl,1-chlorononane,CCCCCCCCCCl,162.704,659.26,22.63,625.53,0.421
C9H19Cl,3-chlorononane,CCCCCCC(Cl)CC,162.704,659.26,22.21,637.56,0.421
C9H19Cl,5-chlorononane,CCCCC(Cl)CCCC,162.704,659.26,22.44,630.84,0.421
C9H19Cl,3-chloro-3-methyloctane,CCCCCC(C)(Cl)CC,162.704,659.26,22.57,627.26,0.421
C9H19Cl,"3-chloro-3-ethyl-2,2-dimethylpentane",CCC(Cl)(CC)C(C)(C)C,162.704,659.26,22.76,622.18,0.421
C9H19Cl,3-chloro-3-ethylheptane,CCCCC(Cl)(CC)CC,162.704,659.26,23.12,612.33,0.421
C9H19Cl,4-chloro-4-methyloctane,CCCCC(C)(Cl)CCC,162.704,659.26,22.71,623.55,0.421
C9H19Cl,"3-chloro-2,2,3-trimethylhexane",CCCC(C)(Cl)C(C)(C)C,162.704,659.26,23.54,601.4,0.421
C9H19F,1-fluorononane,CCCCCCCCCF,146.249,603.16,26.29,491.47,0.346
C9H19N,1-tert-butylpiperidine,CC(C)(C)N1CCCCC1,141.258,704.83,25.4,571.29,0.483
C9H19N,3-butylpiperidine,CCCCC1CCCNC1,141.258,704.83,25.95,558.99,0.483
C9H19N,4-butylpiperidine,CCCCC1CCNCC1,141.258,704.83,26.57,546.04,0.483
C9H19N,N-butylpiperidine,CCCCN1CCCCC1,141.258,704.83,24.61,589.63,0.483
C9H19N,"2,5-diethylpiperidine",CCC1CCC(CC)NC1,141.258,704.83,26.32,551.15,0.483
C9H19N,1-isobutylpiperidine,CC(C)CN1CCCCC1,141.258,704.83,24.31,596.92,0.483
C9H19N,"1-methyl-2-propylpiperidine, (S)",CCC[C@H]1CCCCN1C,141.258,704.83,24.9,582.76,0.483
C9H19N,"2,2,4,6-tetramethylpiperidine",CC1CC(C)NC(C)(C)C1,141.258,704.83,24.3,597.01,0.483
C9H19N,"2,2,6,6-tetramethylpiperidine",CC1(C)CCCC(C)(C)N1,141.258,704.83,25.04,579.33,0.483
C9H19N,cyclohexylisopropylamine,CC(C)NC1CCCCC1,141.258,724.83,27.83,536.07,0.483
C9H19N,"3,3,5-trimethylcyclohexylamine",CC1CC(N)CC(C)(C)C1,141.258,724.83,27.14,549.68,0.483
C9H19NO,"N,N-dibutylformamide",CCCCN(C=O)CCCC,157.257,810.83,22.92,713.88,0.512
C9H19NO2,1-nitrononane,CCCCCCCCC[N+](=O)[O-],173.256,805.04,20.91,761.53,0.539
C9H20,nonane,CCCCCCCCC,128.259,,,506.45,
C9H20,2-methyloctane,CCCCCCC(C)C,128.259,,,510.73,
C9H20,3-methyloctane,CCCCCC(C)CC,128.259,582.14,24.41,504.75,0.378
C9H20,4-methyloctane,CCCCC(C)CCC,128.259,582.14,24.37,505.6,0.378
C9H20,"2,2-dimethylheptane",CCCCCC(C)(C)C,128.259,,,513.33,
C9H20,"2,3-dimethylheptane",CCCCC(C)C(C)C,128.259,582.14,23.92,,0.378
C9H20,"2,4-dimethylheptane",CCCC(C)CC(C)C,128.259,582.14,23.83,,0.378
C9H20,"2,5-dimethylheptane",CCC(C)CCC(C)C,128.259,582.14,23.6,,0.378
C9H20,"2,6-dimethylheptane",CC(C)CCCC(C)C,128.259,582.14,23.96,514.2,0.378
C9H20,"3,3-dimethylheptane",CCCCC(C)(C)CC,128.259,582.14,24.75,497.75,0.378
C9H20,"3,4-dimethylheptane",CCCC(C)C(C)CC,128.259,582.14,24.49,,0.378
C9H20,"3,5-dimethylheptane",CCC(C)CC(C)CC,128.259,582.14,24.16,,0.378
C9H20,"4,4-dimethylheptane",CCCC(C)(C)CCC,128.259,582.14,24.59,,0.378
C9H20,"2,2,3-trimethylhexane",CCCC(C)C(C)(C)C,128.259,582.14,24.69,,0.378
C9H20,"2,2,4-trimethylhexane",CCC(C)CC(C)(C)C,128.259,582.14,24.32,,0.378
C9H20,"2,2,5-trimethylhexane",CC(C)CCC(C)(C)C,128.259,,,513.33,0.378
C9H20,"2,3,3-trimethylhexane",CCCC(C)(C)C(C)C,128.259,582.14,25.09,,0.378
C9H20,"2,3,4-trimethylhexane",CCC(C)C(C)C(C)C,128.259,582.14,24.94,,0.378
C9H20,"2,3,5-trimethylhexane",CC(C)CC(C)C(C)C,128.259,582.14,24.2,,0.378
C9H20,"2,4,4-trimethylhexane",CCC(C)(C)CC(C)C,128.259,582.14,24.53,502.23,0.378
C9H20,"3,3,4-trimethylhexane",CCC(C)C(C)(C)CC,128.259,582.14,25.45,,0.378
C9H20,3-ethylheptane,CCCCC(CC)CC,128.259,582.14,24.65,499.73,0.378
C9H20,4-ethylheptane,CCCC(CC)CCC,128.259,582.14,24.69,498.9,0.378
C9H20,3-ethyl-2-methylhexane,CCCC(CC)C(C)C,128.259,582.14,24.79,,0.378
C9H20,4-ethyl-2-methylhexane,CCC(CC)CC(C)C,128.259,582.14,24.44,,0.378
C9H20,3-ethyl-3-methylhexane,CCCC(C)(CC)CC,128.259,582.14,25.3,,0.378
C9H20,3-ethyl-4-methylhexane,CCC(C)C(CC)CC,128.259,582.14,25.14,,0.378
C9H20,"3,3-diethylpentane",CCC(CC)(CC)CC,128.259,582.14,25.76,478.22,0.378
C9H20,"2,2-dimethyl-3-ethylpentane",CCC(CC)C(C)(C)C,128.259,582.14,24.98,493.17,0.378
C9H20,"2,3-dimethyl-3-ethylpentane",CCC(C)(CC)C(C)C,128.259,582.14,25.83,,0.378
C9H20,"2,4-dimethyl-3-ethylpentane",CCC(C(C)C)C(C)C,128.259,582.14,25.1,490.76,0.378
C9H20O,2-nonanol,CCCCCCCC(C)O,144.258,661.55,23.72,559.04,0.744
C9H20O,3-nonanol,CCCCCCC(O)CC,144.258,661.55,22.85,580.09,0.744
C9H20O,4-nonanol,CCCCCC(O)CCC,144.258,661.55,22.87,579.59,0.744
C9H20O,"4-nonanol, (S)",CCCCC[C@@H](O)CCC,144.258,661.55,23.08,574.38,0.744
C9H20O,5-nonanol,CCCCC(O)CCCC,144.258,661.55,22.75,582.73,0.744
C9H20O,2-methyl-1-octanol,CCCCCCC(C)CO,144.258,661.55,23.63,561,0.744
C9H20O,3-methyl-1-octanol,CCCCCC(C)CCO,144.258,661.55,23.01,576.22,0.744
C9H20O,4-methyl-1-octanol,CCCCC(C)CCCO,144.258,661.55,22.87,579.59,0.744
C9H20O,5-methyl-1-octanol,CCCC(C)CCCCO,144.258,661.55,23.04,575.38,0.744
C9H20O,6-methyl-1-octanol,CCC(C)CCCCCO,144.258,661.55,23.11,573.72,0.744
C9H20O,7-methyl-1-octanol,CC(C)CCCCCCO,144.258,661.55,23.01,576.22,0.744
C9H20O,2-methyl-2-octanol,CCCCCCC(C)(C)O,144.258,661.55,22.67,584.87,0.744
C9H20O,3-methyl-2-octanol,CCCCCC(C)C(C)O,144.258,661.55,23.24,570.42,0.744
C9H20O,5-methyl-2-octanol,CCCC(C)CCC(C)O,144.258,661.55,22.84,580.43,0.744
C9H20O,7-methyl-2-octanol,CC(C)CCCCC(C)O,144.258,661.55,23.63,561,0.744
C9H20O,2-methyl-3-octanol,CCCCCC(O)C(C)C,144.258,661.55,22.97,577.13,0.744
C9H20O,3-methyl-3-octanol,CCCCCC(C)(O)CC,144.258,661.55,23.07,574.63,0.744
C9H20O,4-methyl-3-octanol,CCCCC(C)C(O)CC,144.258,661.55,23.61,561.51,0.744
C9H20O,6-methyl-3-octanol,CCC(C)CCC(O)CC,144.258,661.55,23.21,571.16,0.744
C9H20O,7-methyl-3-octanol,CCC(O)CCCC(C)C,144.258,661.55,23.14,572.89,0.744
C9H20O,2-methyl-4-octanol,CCCCC(O)CC(C)C,144.258,661.55,22.64,585.57,0.744
C9H20O,3-methyl-4-octanol,CCCCC(O)C(C)CC,144.258,661.55,23.08,574.55,0.744
C9H20O,4-methyl-4-octanol,CCCCC(C)(O)CCC,144.258,661.55,22.93,578.14,0.744
C9H20O,5-methyl-4-octanol,CCCC(C)C(O)CCC,144.258,661.55,22.67,584.7,0.744
C9H20O,6-methyl-4-octanol,CCCC(O)CC(C)CC,144.258,661.55,22.81,581.28,0.744
C9H20O,7-methyl-4-octanol,CCCC(O)CCC(C)C,144.258,661.55,22.47,589.91,0.744
C9H20O,2-ethyl-1-heptanol,CCCCCC(CC)CO,144.258,661.55,23.63,561,0.744
C9H20O,3-ethyl-1-heptanol,CCCCC(CC)CCO,144.258,661.55,23.21,571.24,0.744
C9H20O,5-ethyl-1-heptanol,CCC(CC)CCCCO,144.258,661.55,23.75,558.33,0.744
C9H20O,"2,2-dimethyl-1-heptanol",CCCCCC(C)(C)CO,144.258,661.55,23.63,561,0.744
C9H20O,"4,6-dimethyl-1-heptanol",CC(C)CC(C)CCCO,144.258,661.55,23.63,561,0.744
C9H20O,"6,6-dimethyl-1-heptanol",CC(C)(C)CCCCCO,144.258,661.55,23.48,564.72,0.744
C9H20O,3-ethyl-2-heptanol,CCCCC(CC)C(C)O,144.258,661.55,23.63,561,0.744
C9H20O,"2,3-dimethyl-2-heptanol",CCCCC(C)C(C)(C)O,144.258,661.55,23.63,561,0.744
C9H20O,"2,4-dimethyl-2-heptanol",CCCC(C)CC(C)(C)O,144.258,661.55,23.08,574.55,0.744
C9H20O,"2,6-dimethyl-2-heptanol",CC(C)CCCC(C)(C)O,144.258,661.55,22.64,585.57,0.744
C9H20O,"4,6-dimethyl-2-heptanol",CC(C)CC(C)CC(C)O,144.258,661.55,24.12,549.76,0.744
C9H20O,"5,6-dimethyl-2-heptanol",CC(O)CCC(C)C(C)C,144.258,661.55,23.11,573.72,0.744
C9H20O,3-ethyl-3-heptanol,CCCCC(O)(CC)CC,144.258,661.55,23.38,567.15,0.744
C9H20O,"2,2-dimethyl-3-heptanol",CCCCC(O)C(C)(C)C,144.258,661.55,22.94,577.9,0.744
C9H20O,"2,3-dimethyl-3-heptanol",CCCCC(C)(O)C(C)C,144.258,661.55,23.24,570.42,0.744
C9H20O,"2,6-dimethyl-3-heptanol",CC(C)CCC(O)C(C)C,144.258,661.55,22.71,583.85,0.744
C9H20O,"3,5-dimethyl-3-heptanol",CCC(C)CC(C)(O)CC,144.258,661.55,22.81,581.28,0.744
C9H20O,"3,6-dimethyl-3-heptanol",CCC(C)(O)CCC(C)C,144.258,661.55,22.84,580.43,0.744
C9H20O,4-ethyl-4-heptanol,CCCC(O)(CC)CCC,144.258,661.55,23.18,572.06,0.744
C9H20O,"2,2-dimethyl-4-heptanol",CCCC(O)CC(C)(C)C,144.258,661.55,23.63,561,0.744
C9H20O,"2,4-dimethyl-4-heptanol",CCCC(C)(O)CC(C)C,144.258,661.55,22.84,580.43,0.744
C9H20O,"2,6-dimethyl-4-heptanol",CC(C)CC(O)CC(C)C,144.258,661.55,22.37,592.54,0.744
C9H20O,"3,3-dimethyl-4-heptanol",CCCC(O)C(C)(C)CC,144.258,661.55,23.63,561,0.744
C9H20O,"3,5-dimethyl-4-heptanol",CCC(C)C(O)C(C)CC,144.258,661.55,23.98,552.85,0.744
C9H20O,2-propyl-1-hexanol,CCCCC(CO)CCC,144.258,661.55,23.63,561,0.744
C9H20O,3-propyl-1-hexanol,CCCC(CCC)CCO,144.258,661.55,23.63,561,0.744
C9H20O,3-methyl-2-ethyl-1-hexanol,CCCC(C)C(CC)CO,144.258,661.55,23.34,567.96,0.744
C9H20O,4-methyl-2-ethyl-1-hexanol,CCC(C)CC(CC)CO,144.258,661.55,22.97,577.06,0.744
C9H20O,5-methyl-2-ethyl-1-hexanol,CCC(CO)CCC(C)C,144.258,661.55,22.84,580.43,0.744
C9H20O,"3,3,5-trimethyl-1-hexanol",CC(C)CC(C)(C)CCO,144.258,661.55,23.63,561,0.744
C9H20O,"3,4,4-trimethyl-1-hexanol",CCC(C)(C)C(C)CCO,144.258,661.55,23.63,561,0.744
C9H20O,"3,5,5-trimethyl-1-hexanol",CC(CCO)CC(C)(C)C,144.258,661.55,22.94,577.9,0.744
C9H20O,"4,5,5-trimethyl-1-hexanol",CC(CCCO)C(C)(C)C,144.258,661.55,23.63,561,0.744
C9H20O,2-methyl-3-ethyl-2-hexanol,CCCC(CC)C(C)(C)O,144.258,661.55,23.26,570.09,0.744
C9H20O,"2,3,4-trimethyl-2-hexanol",CCC(C)C(C)C(C)(C)O,144.258,661.55,23.04,575.38,0.744
C9H20O,"2,4,4-trimethyl-2-hexanol",CCC(C)(C)CC(C)(C)O,144.258,661.55,23.61,561.51,0.744
C9H20O,"2,4,5-trimethyl-2-hexanol",CC(C)C(C)CC(C)(C)O,144.258,661.55,23.08,574.55,0.744
C9H20O,"2,5,5-trimethyl-2-hexanol",CC(C)(C)CCC(C)(C)O,144.258,661.55,23.63,561,0.744
C9H20O,2-methyl-3-ethyl-3-hexanol,CCCC(O)(CC)C(C)C,144.258,661.55,23.63,561.11,0.744
C9H20O,2-methyl-4-ethyl-3-hexanol,CCC(CC)C(O)C(C)C,144.258,661.55,22.94,577.9,0.744
C9H20O,3-methyl-4-ethyl-3-hexanol,CCC(CC)C(C)(O)CC,144.258,661.55,25.48,520.26,0.744
C9H20O,4-methyl-3-ethyl-3-hexanol,CCC(C)C(O)(CC)CC,144.258,661.55,23.91,554.4,0.744
C9H20O,5-methyl-3-ethyl-3-hexanol,CCC(O)(CC)CC(C)C,144.258,661.55,23.38,567.15,0.744
C9H20O,"2,2,3-trimethyl-3-hexanol",CCCC(C)(O)C(C)(C)C,144.258,661.55,23.54,563.11,0.744
C9H20O,"2,2,4-trimethyl-3-hexanol",CCC(C)C(O)C(C)(C)C,144.258,661.55,23.63,561,0.744
C9H20O,"2,2,5-trimethyl-3-hexanol",CC(C)CC(O)C(C)(C)C,144.258,661.55,21.64,612.52,0.744
C9H20O,"2,3,4-trimethyl-3-hexanol",CCC(C)C(C)(O)C(C)C,144.258,661.55,23.63,561,0.744
C9H20O,"2,3,5-trimethyl-3-hexanol",CC(C)CC(C)(O)C(C)C,144.258,661.55,22.94,577.9,0.744
C9H20O,"2,4,4-trimethyl-3-hexanol",CCC(C)(C)C(O)C(C)C,144.258,661.55,23.64,560.71,0.744
C9H20O,"2,5,5-trimethyl-3-hexanol",CC(C)C(O)CC(C)(C)C,144.258,661.55,22.84,580.43,0.744
C9H20O,"3,4,4-trimethyl-3-hexanol",CCC(C)(C)C(C)(O)CC,144.258,661.55,23.11,573.72,0.744
C9H20O,"3,5,5-trimethyl-3-hexanol",CCC(C)(O)CC(C)(C)C,144.258,661.55,23.18,572.06,0.744
C9H20O,4-methyl-2-propyl-1-pentanol,CCCC(CO)CC(C)C,144.258,661.55,22.87,579.59,0.744
C9H20O,4-methyl-2-isopropyl-1-pentanol,CC(C)CC(CO)C(C)C,144.258,661.55,23.63,561,0.744
C9H20O,"2,2-dimethyl-3-ethyl-1-pentanol",CCC(CC)C(C)(C)CO,144.258,661.55,23.63,561,0.744
C9H20O,"2,4-dimethyl-2-ethyl-1-pentanol",CCC(C)(CO)CC(C)C,144.258,661.55,23.38,567.15,0.744
C9H20O,"3,3-diethyl-2-pentanol",CCC(CC)(CC)C(C)O,144.258,661.55,23.63,561,0.744
C9H20O,"2,3-dimethyl-3-ethyl-2-pentanol",CCC(C)(CC)C(C)(C)O,144.258,661.55,23.63,561,0.744
C9H20O,"4,4-dimethyl-3-ethyl-2-pentanol",CCC(C(C)O)C(C)(C)C,144.258,661.55,23.63,561,0.744
C9H20O,"2,3,3,4-tetramethyl-2-pentanol",CC(C)C(C)(C)C(C)(C)O,144.258,661.55,23.63,561,0.744
C9H20O,"2,3,4,4-tetramethyl-2-pentanol",CC(C(C)(C)C)C(C)(C)O,144.258,661.55,23.63,561,0.744
C9H20O,"3,3,4,4-tetramethyl-2-pentanol",CC(O)C(C)(C)C(C)(C)C,144.258,661.55,23.63,561,0.744
C9H20O,"2,2-dimethyl-3-ethyl-3-pentanol",CCC(O)(CC)C(C)(C)C,144.258,661.55,23.9,554.72,0.744
C9H20O,"2,4-dimethyl-3-ethyl-3-pentanol",CCC(O)(C(C)C)C(C)C,144.258,661.55,23.96,553.39,0.744
C9H20O,"2,2,3,4-tetramethyl-3-pentanol",CC(C)C(C)(O)C(C)(C)C,144.258,661.55,23.89,554.95,0.744
C9H20O,"2,2,4,4-tetramethyl-3-pentanol",CC(C)(C)C(O)C(C)(C)C,144.258,661.55,23.63,561,0.744
C9H20O,1-methoxy-octane,CCCCCCCCOC,144.258,591.55,21.36,555.07,0.744
C9H20O,1-ethoxy-heptane,CCCCCCCOCC,144.258,591.55,21.38,554.39,0.744
C9H20O2,"1,2-nonanediol",CCCCCCCC(O)CO,160.257,837.92,25.73,639.9,0.81
C9H20O2,"1,3-nonanediol",CCCCCCC(O)CCO,160.257,837.92,25.73,639.9,0.81
C9H20O2,"1,4-nonanediol",CCCCCC(O)CCCO,160.257,837.92,25.73,639.9,0.81
C9H20O2,"1,9-nonanediol",OCCCCCCCCCO,160.257,837.92,25.73,639.9,0.81
C9H20O2,"2-butyl-2-ethyl-1,3-propanediol",CCCCC(CC)(CO)CO,160.257,837.92,25,658.57,0.81
C9H20O2,heptyloxyethanol,CCCCCCCOC(C)O,160.257,697.92,21.88,626.74,0.81
C9H20O2,2-(1-ethylamyloxy)ethanol,CCCCC(CC)OCCO,160.257,697.92,21.88,626.74,0.81
C9H20O3,"di(propylene glycol) propyl ether, isomers",CCCOCC(C)OCC(C)O,176.256,629,20.96,578,0.871
C9H20O4,tripropylene glycol,CC(O)COC(C)COC(C)CO,192.255,677,21.45,596,0.928
C9H20S,1-nonanethiol,CCCCCCCCCS,160.326,673,21.38,625.52,0.407
C9H20S,2-nonanethiol,CCCCCCCC(C)S,160.326,673,21.16,632.01,0.407
C9H20S,3-nonanethiol,CCCCCCC(S)CC,160.326,673,21.63,618.35,0.407
C9H20S,4-nonanethiol,CCCCCC(S)CCC,160.326,673,21.63,618.35,0.407
C9H20S,5-nonanethiol,CCCCC(S)CCCC,160.326,673,21.63,618.35,0.407
C9H20S,2-methyl-1-octanethiol,CCCCCCC(C)CS,160.326,673,21.63,618.35,0.407
C9H20S,3-methyl-1-octanethiol,CCCCCC(C)CCS,160.326,673,21.63,618.35,0.407
C9H20S,4-methyl-1-octanethiol,CCCCC(C)CCCS,160.326,673,21.63,618.35,0.407
C9H20S,5-methyl-1-octanethiol,CCCC(C)CCCCS,160.326,673,21.63,618.35,0.407
C9H20S,6-methyl-1-octanethiol,CCC(C)CCCCCS,160.326,673,21.63,618.35,0.407
C9H20S,7-methyl-1-octanethiol,CC(C)CCCCCCS,160.326,673,21.63,618.35,0.407
C9H20S,2-methyl-2-octanethiol,CCCCCCC(C)(C)S,160.326,673,21.63,618.35,0.407
C9H20S,3-methyl-2-octanethiol,CCCCCC(C)C(C)S,160.326,673,21.63,618.35,0.407
C9H20S,4-methyl-2-octanethiol,CCCCC(C)CC(C)S,160.326,673,21.63,618.35,0.407
C9H20S,5-methyl-2-octanethiol,CCCC(C)CCC(C)S,160.326,673,21.63,618.35,0.407
C9H20S,6-methyl-2-octanethiol,CCC(C)CCCC(C)S,160.326,673,21.63,618.35,0.407
C9H20S,7-methyl-2-octanethiol,CC(C)CCCCC(C)S,160.326,673,21.63,618.35,0.407
C9H20S,2-thiadecane,CCCCCCCCSC,160.326,673,21.35,626.42,0.407
C9H20S,3-thiadecane,CCCCCCCSCC,160.326,673,21.35,626.42,0.407
C9H20S,4-thiadecane,CCCCCCSCCC,160.326,673,21.35,626.42,0.407
C9H20S,5-thiadecane,CCCCCSCCCC,160.326,673,21.35,626.42,0.407
C9H20S,3-methyl-2-thianonane,CCCCCCC(C)SC,160.326,673,21.63,618.35,0.407
C9H20S,4-methyl-2-thianonane,CCCCCC(C)CSC,160.326,673,21.63,618.35,0.407
C9H20S,5-methyl-2-thianonane,CCCCC(C)CCSC,160.326,673,21.63,618.35,0.407
C9H20S,6-methyl-2-thianonane,CCCC(C)CCCSC,160.326,673,21.63,618.35,0.407
C9H20S,2-methyl-3-thianonane,CCCCCCSC(C)C,160.326,673,21.63,618.35,0.407
C9H20S,4-methyl-3-thianonane,CCCCCC(C)SCC,160.326,673,21.63,618.35,0.407
C9H20S,5-methyl-3-thianonane,CCCCC(C)CSCC,160.326,673,21.63,618.35,0.407
C9H20S,6-methyl-3-thianonane,CCCC(C)CCSCC,160.326,673,21.63,618.35,0.407
C9H20S2,"1,9-nonanedithiol",SCCCCCCCCCS,192.393,796.68,22.88,664.76,0.459
C9H20S2,"1,8-nonanedithiol",CC(S)CCCCCCCS,192.393,796.68,22.88,664.76,0.459
C9H20S2,"1,7-nonanedithiol",CCC(S)CCCCCCS,192.393,796.68,22.88,664.76,0.459
C9H20S2,"1,6-nonanedithiol",CCCC(S)CCCCCS,192.393,796.68,22.88,664.76,0.459
C9H20S2,"1,5-nonanedithiol",CCCCC(S)CCCCS,192.393,796.68,22.88,664.76,0.459
C9H20S2,"1,4-nonanedithiol",CCCCCC(S)CCCS,192.393,796.68,22.88,664.76,0.459
C9H20S2,"1,3-nonanedithiol",CCCCCCC(S)CCS,192.393,796.68,22.88,664.76,0.459
C9H20S2,"1,2-nonanedithiol",CCCCCCCC(S)CS,192.393,796.68,22.88,664.76,0.459
C9H20S2,"2,3-dithiaundecane",CCCCCCCCSSC,192.393,741.68,20.81,680.71,0.459
C9H20S2,"3,4-dithiaundecane",CCCCCCCSSCC,192.393,741.68,20.81,680.71,0.459
C9H20S2,"4,5-dithiaundecane",CCCCCCSSCCC,192.393,741.68,20.81,680.71,0.459
C9H20S2,"5,6-dithiaundecane",CCCCCSSCCCC,192.393,741.68,20.81,680.71,0.459
C9H20S2,"2,4-dithiaundecane",CCCCCCCSCSC,192.393,741.68,20.81,680.71,0.459
C9H20S2,"3,5-dithiaundecane",CCCCCCSCSCC,192.393,741.68,20.81,680.71,0.459
C9H20S2,"4,6-dithiaundecane",CCCCCSCSCCC,192.393,741.68,20.81,680.71,0.459
C9H21Al,tripropyl aluminum,CCC[Al](CCC)CCC,156.249,687.8,24.48,594.42,
C9H21N,nonylamine,CCCCCCCCCN,143.274,668.22,24.2,566.96,0.487
C9H21N,methyloctylamine,CCCCCCCCNC,143.274,628.22,22.33,577.72,0.487
C9H21N,ethylheptylamine,CCCCCCCNCC,143.274,628.22,22.14,582.6,0.487
C9H21N,tert-amyl-tert-butylamine,CCC(C)(C)NC(C)(C)C,143.274,628.22,22.23,580.24,0.487
C9H21N,dimethylheptylamine,CCCCCCCN(C)C,143.274,628.22,21.68,594.95,0.487
C9H21N,diethylpentylamine,CCCCCN(CC)CC,143.274,628.22,21.97,587.1,0.487
C9H21N,tripropylamine,CCCN(CCC)CCC,143.274,,,595.05,0.487
C9H21N,N-methyldibutylamine,CCCCN(C)CCCC,143.274,628.22,21.64,595.99,0.487
C9H22Si,tripropylsilane,CCC[SiH](CCC)CCC,158.361,653.72,21.16,651.97,0.334
C9H22Si,triisopropylsilane,CC(C)[SiH](C(C)C)C(C)C,158.361,679.03,22,651.26,0.334
C10F22,perfluorodecane,FC(F)(F)C(F)(F)C(F)(F)C(F)(F)C(F)(F)C(F)(F)C(F)(F)C(F)(F)C(F)(F)C(F)(F)F,538.066,667.21,8.86,991.29,0.719
C10F22,"perfluoro-2,7-dimethyloctane",FC(F)(F)C(F)(C(F)(F)F)C(F)(F)C(F)(F)C(F)(F)C(F)(F)C(F)(C(F)(F)F)C(F)(F)F,538.066,667.21,9.7,905.06,0.719
C10H6Cl2,"1,2-dichloronaphthalene",Clc1ccc2ccccc2c1Cl,197.064,830.71,35.64,479.66,0.406
C10H6Cl2,"1,3-dichloronaphthalene",Clc1cc(Cl)c2ccccc2c1,197.064,830.71,35.64,479.66,0.406
C10H6Cl2,"1,4-dichloronaphthalene",Clc1ccc(Cl)c2ccccc12,197.064,830.71,35.15,486.31,0.406
C10H6Cl2,"1,5-dichloronaphthalene",Clc1cccc2c(Cl)cccc12,197.064,830.71,41.41,412.76,0.406
C10H6Cl2,"1,7-dichloronaphthalene",Clc1ccc2cccc(Cl)c2c1,197.064,830.71,33.9,504.23,0.406
C10H6Cl2,"1,8-dichloronaphthalene",Clc1cccc2cccc(Cl)c12,197.064,830.71,34.91,489.61,0.406
C10H6Cl2,"2,6-dichloronaphthalene",Clc1ccc2cc(Cl)ccc2c1,197.064,830.71,34.91,489.61,0.406
C10H6O8,pyromellitic acid,O=C(O)c1cc(C(=O)O)c(C(=O)O)cc1C(=O)O,254.15,883,26.43,584,1.123
C10H7Br,1-bromonaphthalene,Brc1cccc2ccccc12,207.07,824,41.48,453,0.215
C10H7Cl,1-chloronaphthalene,Clc1cccc2ccccc12,162.619,774.87,36.32,458.28,0.351
C10H7Cl,2-chloronaphthalene,Clc1ccc2ccccc2c1,162.619,787.35,35.64,474.43,0.351
C10H8,azulene,c1ccc2cccc-2cc1,128.174,773.48,39.98,409.5,0.363
C10H9N,2-methylquinoline,Cc1ccc2ccccc2n1,143.189,818.08,37.25,451.01,0.48
C10H9N,3-methylquinoline,Cc1cnc2ccccc2c1,143.189,818.08,37.77,444.78,0.48
C10H9N,4-methylquinoline,Cc1ccnc2ccccc12,143.189,818.08,38.18,439.98,0.48
C10H9N,5-methylquinoline,Cc1cccc2ncccc12,143.189,818.08,38.45,436.96,0.48
C10H9N,6-methylquinoline,Cc1ccc2ncccc2c1,143.189,818.08,37.69,445.73,0.48
C10H9N,7-methylquinoline,Cc1ccc2cccnc2c1,143.189,818.08,37.5,448,0.48
C10H9N,8-methylquinoline,Cc1cccc2cccnc12,143.189,818.08,37.96,442.49,0.48
C10H9N,1-methylisoquinoline,Cc1nccc2ccccc12,143.189,818.08,38.21,439.63,0.48
C10H9N,3-methylisoquinoline,Cc1cc2ccccc2cn1,143.189,818.08,37.39,449.28,0.48
C10H9N,4-methylisoquinoline,Cc1cncc2ccccc12,143.189,818.08,37.39,449.28,0.48
C10H9N,6-methylisoquinoline,Cc1ccc2cnccc2c1,143.189,818.08,37.39,449.28,0.48
C10H9N,8-methylisoquinoline,Cc1cccc2ccncc12,143.189,818.08,37.39,449.28,0.48
C10H10,m-divinylbenzene,C=Cc1cccc(C=C)c1,130.19,692,33.2,440,0.372
C10H10,1-methylindene,CC1C=Cc2ccccc21,130.19,697.77,31.25,471.37,0.372
C10H10,2-methylindene,CC1=Cc2ccccc2C1,130.19,697.77,31.41,469.05,0.372
C10H10,3-methyl-1H-indene,CC1=CCc2ccccc21,130.19,697.77,31.33,470.21,0.372
C10H10,4-methyl-1H-indene,Cc1cccc2c1C=CC2,130.19,697.77,31.99,460.53,0.372
C10H10,6-methyl-1H-indene,Cc1ccc2c(c1)CC=C2,130.19,697.77,31.52,467.32,0.372
C10H10,7-methyl-1H-indene,Cc1cccc2c1CC=C2,130.19,697.77,31.99,460.53,0.372
C10H10O4,dimethyl phthalate,COC(=O)c1ccccc1C(=O)OC,194.186,766,27.22,530,0.935
C10H10O4,dimethyl terephthalate,COC(=O)c1ccc(C(=O)OC)cc1,194.186,772,27.49,529,0.935
C10H10O4,dimethyl isophthalate,COC(=O)c1cccc(C(=O)OC)c1,194.186,719,25.12,539,0.935
C10H11N,"2,4,6-trimethylbenzonitrile",Cc1cc(C)c(C#N)c(C)c1,145.205,771.43,36.03,438.54,0.488
C10H11N,p-isopropylbenzonitrile,CC(C)c1ccc(C#N)cc1,145.205,771.43,36.03,438.54,0.488
C10H11NO2,acetoacetanilide,CC(=O)CC(=O)Nc1ccccc1,177.203,879,30.68,564,0.614
C10H12,"1,3-dicyclopentadiene",C1=CC2C3C=CC(C3)C2C1,132.206,666.79,31.55,445,0.381
C10H12,cis-(1-butenyl)benzene,CC/C=C\c1ccccc1,132.206,680.68,31.6,453.64,0.381
C10H12,trans-(1-butenyl)benzene,CC/C=C/c1ccccc1,132.206,694.43,31.87,458.86,0.381
C10H12,cis-(1-methyl-1-propenyl)benzene,C/C=C(/C)c1ccccc1,132.206,658.12,29.96,462.57,0.381
C10H12,trans-(1-methyl-1-propenyl)benzene,C/C=C(\C)c1ccccc1,132.206,688.93,32.29,449.24,0.381
C10H12,(2-methyl-1-propenyl)benzene,CC(C)=Cc1ccccc1,132.206,676.24,30.96,460.03,0.381
C10H12,cis-1-methyl-2-(1-propenyl)benzene,C/C=C\c1ccccc1C,132.206,666.79,30.61,458.74,0.381
C10H12,cis-1-methyl-3-(1-propenyl)benzene,C/C=C\c1cccc(C)c1,132.206,666.79,30.32,463.07,0.381
C10H12,cis-1-methyl-4-(1-propenyl)benzene,C/C=C\c1ccc(C)cc1,132.206,666.79,30.1,466.46,0.381
C10H12,trans-1-methyl-4-(1-propenyl)benzene,C/C=C/c1ccc(C)cc1,132.206,666.79,30.77,456.36,0.381
C10H12,1-methyl-2-(1-methylethenyl)benzene,C=C(C)c1ccccc1C,132.206,684.2,30.88,466.65,0.381
C10H12,1-methyl-3-(1-methylethenyl)benzene,C=C(C)c1cccc(C)c1,132.206,684.2,31.53,456.91,0.381
C10H12,1-methyl-4-(1-methylethenyl)benzene,C=C(C)c1ccc(C)cc1,132.206,684.2,31.32,460.03,0.381
C10H12,o-ethylstyrene,C=Cc1ccccc1CC,132.206,684.2,31.56,456.48,0.381
C10H12,m-ethylstyrene,C=Cc1cccc(CC)c1,132.206,684.2,31.09,463.44,0.381
C10H12,p-ethylstyrene,C=Cc1ccc(CC)cc1,132.206,684.2,31.01,464.7,0.381
C10H12,"1-ethenyl-2,4-dimethylbenzene",C=Cc1ccc(C)cc1C,132.206,684.2,31.53,456.91,0.381
C10H12,"1-ethenyl-3,5-dimethylbenzene",C=Cc1cc(C)cc(C)c1,132.206,684.2,31.24,461.2,0.381
C10H12,"2-ethenyl-1,3-dimethylbenzene",C=Cc1c(C)cccc1C,132.206,684.2,31.53,456.91,0.381
C10H12,"2-ethenyl-1,4-dimethylbenzene",C=Cc1cc(C)ccc1C,132.206,684.2,31.58,456.3,0.381
C10H12,"4-ethenyl-1,2-dimethylbenzene",C=Cc1ccc(C)c(C)c1,132.206,684.2,31.74,453.88,0.381
C10H12,"2,3-dimethylstyrene",C=Cc1cccc(C)c1C,132.206,684.2,31.74,453.95,0.381
C10H12,2-butenylbenzene,CCC=Cc1ccccc1,132.206,662.42,29.8,468.04,0.381
C10H12,1-methyl-2-allylbenzene,C=CCc1ccccc1C,132.206,660.73,30.43,457.21,0.381
C10H12,(1-methylenepropyl)benzene,C=C(CC)c1ccccc1,132.206,670.88,30.34,465.58,0.381
C10H12,"2,3-dihydro-1-methyl-1H-indene",CC1CCc2ccccc21,132.206,702.04,29.57,499.87,0.381
C10H12,"2,3-dihydro-2-methyl-1H-indene",CC1Cc2ccccc2C1,132.206,702.04,29.65,498.59,0.381
C10H12,"2,3-dihydro-4-methyl-1H-indene",Cc1cccc2c1CCC2,132.206,702.04,30.32,487.55,0.381
C10H12,"2,3-dihydro-5-methyl-1H-indene",Cc1ccc2c(c1)CCC2,132.206,702.04,29.8,496.06,0.381
C10H12O,anethole,CC=Cc1ccc(OC)cc1,148.205,723,29.91,482,0.761
C10H12O2,propyl benzoate,CCCOC(=O)c1ccccc1,164.204,710,27.65,502,0.825
C10H12O4,diallyl maleate,C=CCOC(=O)/C=C\C(=O)OCC=C,196.202,693,21.48,606,0.942
C10H13Br,1-bromo-4-tert-butylbenzene,CC(C)(C)c1ccc(Br)cc1,213.118,719.2,27.83,584.86,0.448
C10H13Br,2-bromo-1-methyl-4-isopropylbenzene,Cc1ccc(C(C)C)cc1Br,213.118,719.2,28.93,562.64,0.448
C10H13Br,1-bromo-4-butylbenzene,CCCCc1ccc(Br)cc1,213.118,719.2,27.27,596.85,0.448
C10H13Br,"1-bromo-2,3,5,6-tetramethylbenzene",Cc1cc(C)c(C)c(Br)c1C,213.118,719.2,28.25,576.13,0.448
C10H13Cl,1-chloro-4-tert-butylbenzene,CC(C)(C)c1ccc(Cl)cc1,168.667,718.26,28.14,544.03,0.361
C10H13Cl,"(2-chloro-1,1-dimethylethyl)benzene",CC(C)(CCl)c1ccccc1,168.667,718.26,28.14,544.03,0.361
C10H13Cl,2-chloro-1-methyl-4-isopropylbenzene,Cc1ccc(C(C)C)cc1Cl,168.667,718.26,28.14,544.03,0.361
C10H13Cl,2-chloro-4-methyl-1-isopropylbenzene,Cc1ccc(C(C)C)c(Cl)c1,168.667,718.26,28.14,544.03,0.361
C10H13Cl,a-2-chloroisodurene,Cc1cc(C)c(CCl)c(C)c1,168.667,718.26,28.14,544.03,0.361
C10H13Cl,1-chloro-4-phenylbutane,ClCCCCc1ccccc1,168.667,718.26,28.14,544.03,0.361
C10H14,sec-butylbenzene,CCC(C)c1ccccc1,134.222,,,504.89,
C10H14,tert-butylbenzene,CC(C)(C)c1ccccc1,134.222,677.74,28.39,501.39,0.39
C10H14,cymene,Cc1ccc(C(C)C)cc1,134.222,677.74,28.75,495.25,0.39
C10H14,m-cymene,Cc1cccc(C(C)C)c1,134.222,677.74,28.16,505.6,0.39
C10H14,o-cymene,Cc1ccccc1C(C)C,134.222,677.74,28.79,494.5,0.39
C10H14,1-methyl-2-propylbenzene,CCCc1ccccc1C,134.222,677.74,28.66,496.75,0.39
C10H14,1-methyl-3-propylbenzene,CCCc1cccc(C)c1,134.222,677.74,28.15,505.67,0.39
C10H14,1-methyl-4-propylbenzene,CCCc1ccc(C)cc1,134.222,677.74,28.05,507.45,0.39
C10H14,(S)-(1-methylpropyl)benzene,CC[C@H](C)c1ccccc1,134.222,677.74,29.13,488.75,0.39
C10H14,diethylbenzene,CCc1ccccc1CC,134.222,677.74,28.63,497.23,0.39
C10H14,m-diethylbenzene,CCc1cccc(CC)c1,134.222,677.74,28.28,503.49,0.39
C10H14,p-diethylbenzene,CCc1ccc(CC)cc1,134.222,,,504.89,
C10H14,3-ethyl-o-xylene,CCc1cccc(C)c1C,134.222,677.74,29.38,484.5,0.39
C10H14,4-ethyl-o-xylene,CCc1ccc(C)c(C)c1,134.222,677.74,28.71,495.86,0.39
C10H14,2-ethyl-m-xylene,CCc1c(C)cccc1C,134.222,677.74,29.3,485.81,0.39
C10H14,4-ethyl-m-xylene,CCc1ccc(C)cc1C,134.222,677.74,28.75,495.18,0.39
C10H14,5-ethyl-m-xylene,CCc1cc(C)cc(C)c1,134.222,677.74,28.31,502.78,0.39
C10H14,2-ethyl-p-xylene,CCc1cc(C)ccc1C,134.222,677.74,28.79,494.5,0.39
C10H14,"1,2,3,4-tetramethylbenzene",Cc1ccc(C)c(C)c1C,134.222,677.74,29.9,476.12,0.39
C10H14,"1,2,3,5-tetramethylbenzene",Cc1cc(C)c(C)c(C)c1,134.222,677.74,29.34,485.15,0.39
C10H14,"1,2,4,5-tetramethylbenzene",Cc1cc(C)c(C)cc1C,134.222,,,519.39,
C10H14,"3,6-dimethyl-2,6-octadien-4-yne",CC=C(C)C#CC(C)=CC,134.222,685.1,29.38,489.86,0.39
C10H14,"2,7-dimethyl-3,5-octadiyne",CC(C)C#CC#CC(C)C,134.222,692.15,28.75,505.65,0.39
C10H14,"1,9-decadiyne",C#CCCCCCCC#C,134.222,692.15,29.31,496.07,0.39
C10H14,"4,6-decadiyne",CCCC#CC#CCCC,134.222,692.15,31.19,466.21,0.39
C10H14O,3-butylphenol,CCCCc1cccc(O)c1,150.221,764.7,32.84,463.24,0.769
C10H14O,4-butylphenol,CCCCc1ccc(O)cc1,150.221,764.7,32.84,463.24,0.769
C10H14O,2-isobutylphenol,CC(C)Cc1ccccc1O,150.221,764.7,32.63,466.24,0.769
C10H14O,3-isobutylphenol,CC(C)Cc1cccc(O)c1,150.221,764.7,32.63,466.24,0.769
C10H14O,4-isobutylphenol,CC(C)Cc1ccc(O)cc1,150.221,764.7,32.99,461.08,0.769
C10H14O,2-sec-butylphenol,CCC(C)c1ccccc1O,150.221,764.7,33.1,459.61,0.769
C10H14O,3-sec-butylphenol,CCC(C)c1cccc(O)c1,150.221,764.7,32.63,466.24,0.769
C10H14O,4-sec-butylphenol,CCC(C)c1ccc(O)cc1,150.221,764.7,33.32,456.48,0.769
C10H14O,2-tert-butylphenol,CC(C)(C)c1ccccc1O,150.221,764.7,33.01,460.8,0.769
C10H14O,3-tert-butylphenol,CC(C)(C)c1cccc(O)c1,150.221,764.7,32.63,466.24,0.769
C10H14O,4-tert-butylphenol,CC(C)(C)c1ccc(O)cc1,150.221,764.7,30.19,503.93,0.769
C10H14O,2-methyl-3-propylphenol,CCCc1cccc(O)c1C,150.221,764.7,32.63,466.24,0.769
C10H14O,2-methyl-4-propylphenol,CCCc1ccc(O)c(C)c1,150.221,764.7,32.63,466.24,0.769
C10H14O,2-methyl-5-propylphenol,CCCc1ccc(C)c(O)c1,150.221,764.7,32.63,466.24,0.769
C10H14O,3-methyl-2-propylphenol,CCCc1c(C)cccc1O,150.221,764.7,32.63,466.24,0.769
C10H14O,3-methyl-4-propylphenol,CCCc1ccc(O)cc1C,150.221,764.7,32.63,466.24,0.769
C10H14O,3-methyl-5-propylphenol,CCCc1cc(C)cc(O)c1,150.221,764.7,32.63,466.24,0.769
C10H14O,4-methyl-2-propylphenol,CCCc1cc(C)ccc1O,150.221,764.7,32.63,466.24,0.769
C10H14O,5-methyl-2-propylphenol,CCCc1ccc(C)cc1O,150.221,764.7,32.63,466.24,0.769
C10H14O,2-methyl-3-isopropylphenol,Cc1c(O)cccc1C(C)C,150.221,764.7,32.63,466.24,0.769
C10H14O,2-methyl-4-isopropylphenol,Cc1cc(C(C)C)ccc1O,150.221,764.7,33.05,460.23,0.769
C10H14O,2-methyl-5-isopropylphenol,Cc1ccc(C(C)C)cc1O,150.221,764.7,32.88,462.67,0.769
C10H14O,2-methyl-6-isopropylphenol,Cc1cccc(C(C)C)c1O,150.221,764.7,33.01,460.85,0.769
C10H14O,3-methyl-2-isopropylphenol,Cc1cccc(O)c1C(C)C,150.221,764.7,32.63,466.24,0.769
C10H14O,3-methyl-4-isopropylphenol,Cc1cc(O)ccc1C(C)C,150.221,764.7,32.63,466.24,0.769
C10H14O,3-methyl-5-isopropylphenol,Cc1cc(O)cc(C(C)C)c1,150.221,764.7,32.63,466.24,0.769
C10H14O,4-methyl-2-isopropylphenol,Cc1ccc(O)c(C(C)C)c1,150.221,764.7,33.53,453.72,0.769
C10H14O,5-methyl-2-isopropylphenol,Cc1ccc(C(C)C)c(O)c1,150.221,764.7,32.68,465.53,0.769
C10H14O,"2,4-diethylphenol",CCc1ccc(O)c(CC)c1,150.221,764.7,32.63,466.24,0.769
C10H14O,"2,5-diethylphenol",CCc1ccc(CC)c(O)c1,150.221,764.7,32.63,466.24,0.769
C10H14O,"2,6-diethylphenol",CCc1cccc(CC)c1O,150.221,764.7,32.63,466.24,0.769
C10H14O,"3,4-diethylphenol",CCc1ccc(O)cc1CC,150.221,764.7,32.63,466.24,0.769
C10H14O,"3,5-diethylphenol",CCc1cc(O)cc(CC)c1,150.221,764.7,32.63,466.24,0.769
C10H14O,"2,4-dimethyl-3-ethylphenol",CCc1c(C)ccc(O)c1C,150.221,764.7,32.63,466.24,0.769
C10H14O,"2,4-dimethyl-5-ethylphenol",CCc1cc(O)c(C)cc1C,150.221,764.7,32.63,466.24,0.769
C10H14O,"2,4-dimethyl-6-ethylphenol",CCc1cc(C)cc(C)c1O,150.221,764.7,32.63,466.24,0.769
C10H14O,"2,5-dimethyl-4-ethylphenol",CCc1cc(C)c(O)cc1C,150.221,764.7,32.63,466.24,0.769
C10H14O,"2,6-dimethyl-4-ethylphenol",CCc1cc(C)c(O)c(C)c1,150.221,764.7,32.63,466.24,0.769
C10H14O,"3,4-dimethyl-5-ethylphenol",CCc1cc(O)cc(C)c1C,150.221,764.7,32.63,466.24,0.769
C10H14O,"3,4-dimethyl-6-ethylphenol",CCc1cc(C)c(C)cc1O,150.221,764.7,32.63,466.24,0.769
C10H14O,"3,5-dimethyl-2-ethylphenol",CCc1c(C)cc(C)cc1O,150.221,764.7,32.63,466.24,0.769
C10H14O,"3,5-dimethyl-4-ethylphenol",CCc1c(C)cc(O)cc1C,150.221,764.7,32.63,466.24,0.769
C10H14O,"2,3,4,5-tetramethylphenol",Cc1cc(O)c(C)c(C)c1C,150.221,764.7,32.63,466.24,0.769
C10H14O,"2,3,4,6-tetramethylphenol",Cc1cc(C)c(O)c(C)c1C,150.221,764.7,32.63,466.24,0.769
C10H14O,"2,3,5,6-tetramethylphenol",Cc1cc(C)c(C)c(O)c1C,150.221,764.7,32.63,466.24,0.769
C10H14O,2-butylphenol,CCCCc1ccccc1O,150.221,764.7,32.88,462.67,0.769
C10H14O,1-methyl-3-(1-methylethoxy)benzene,Cc1cccc(OC(C)C)c1,150.221,670,26.93,495,0.769
C10H14O2,p-tert-butylcatechol,CC(C)(C)c1ccc(O)c(O)c1,166.22,776,29.61,511,0.833
C10H14O5,2-(methacryloyloxy)ethyl acetoacetate,C=C(C)C(=O)OCCOC(=O)CC(C)=O,214.217,761,22.51,621,1.002
C10H14S,4-tert-butylthiophenol,CC(C)(C)c1ccc(S)cc1,166.289,765.58,28.28,533.99,0.523
C10H14S,"2,4,6-trimethylbenzyl mercaptan",Cc1cc(C)c(CS)c(C)c1,166.289,765.58,28.28,533.99,0.523
C10H15N,"N,N-diethylaniline",CCN(CC)c1ccccc1,149.237,738.04,27,557.07,0.505
C10H15N,"2,6-diethylaniline",CCc1cccc(CC)c1N,149.237,790.04,27.83,578.63,0.505
C10H15N,2-sec-butylaniline,CCC(C)c1ccccc1N,149.237,790.04,29.89,538.69,0.505
C10H15N,2-tert-butylaniline,CC(C)(C)c1ccccc1N,149.237,790.04,30.63,525.75,0.505
C10H15N,4-butylaniline,CCCCc1ccc(N)cc1,149.237,790.04,29.43,547.18,0.505
C10H15N,4-sec-butylaniline,CCC(C)c1ccc(N)cc1,149.237,790.04,29.58,544.41,0.505
C10H15N,4-tert-butylaniline,CC(C)(C)c1ccc(N)cc1,149.237,790.04,29.71,542.01,0.505
C10H15N,N-sec-butylaniline,CCC(C)Nc1ccccc1,149.237,763.04,28.71,541.71,0.505
C10H15N,N-tert-butylaniline,CC(C)(C)Nc1ccccc1,149.237,763.04,28.71,541.71,0.505
C10H15N,N-butylaniline,CCCCNc1ccccc1,149.237,763.04,27.96,556.14,0.505
C10H15N,4-isobutylaniline,CC(C)Cc1ccc(N)cc1,149.237,790.04,29.58,544.41,0.505
C10H15N,N-isobutylaniline,CC(C)CNc1ccccc1,149.237,763.04,28.24,550.67,0.505
C10H15N,4-methyl-N-isopropylaniline,Cc1ccc(NC(C)C)cc1,149.237,763.04,27.61,563.16,0.505
C10H15N,2-methyl-5-isopropylaniline,Cc1ccc(C(C)C)cc1N,149.237,790.04,31.27,514.85,0.505
C10H15N,4-methyl-N-propylaniline,CCCNc1ccc(C)cc1,149.237,763.04,27.68,561.92,0.505
C10H15N,"2,3,4,5-tetramethylaniline",Cc1cc(N)c(C)c(C)c1C,149.237,790.04,28.81,558.87,0.505
C10H15N,"2,3,4,6-tetramethylaniline",Cc1cc(C)c(N)c(C)c1C,149.237,790.04,30.66,525.1,0.505
C10H15N,"N,N,2,6-tetramethylaniline",Cc1cccc(C)c1N(C)C,149.237,738.04,26.44,569,0.505
C10H15N,benzylisopropylamine,CC(C)NCc1ccccc1,149.237,763.04,28.42,547.28,0.505
C10H15N,"alpha,alpha-dimethylbenzeneethanamine",CC(C)(N)Cc1ccccc1,149.237,763.04,29.82,521.56,0.505
C10H15N,"N,beta-dimethylbenzeneethanamine",CNCC(C)c1ccccc1,149.237,763.04,29.3,530.82,0.505
C10H15N,(4-isopropylbenzyl)amine,CC(C)c1ccc(CN)cc1,149.237,763.04,29.82,521.56,0.505
C10H15N,methamphetamine,CN[C@@H](C)Cc1ccccc1,149.237,763.04,29.82,521.56,0.505
C10H15N,alpha-methylbenzenepropanamine,CC(N)CCc1ccccc1,149.237,763.04,29.83,521.3,0.505
C10H15N,alpha-propylbenzenemethanamine,CCCC(N)c1ccccc1,149.237,763.04,30.13,516.16,0.505
C10H15N,2-(1-ethylpropyl)pyridine,CCC(CC)c1ccccn1,149.237,738.04,24.7,609.06,0.505
C10H15N,4-(1-ethylpropyl)pyridine,CCC(CC)c1ccncc1,149.237,738.04,25.04,600.7,0.505
C10H15N,"N,N-dimethylphenethylamine",CN(C)CCc1ccccc1,149.237,763.04,28.34,548.76,0.505
C10H15N,"(S)-(-)-N,N-dimethyl-1-phenylethylamine",C[C@@H](c1ccccc1)N(C)C,149.237,763.04,28.68,542.17,0.505
C10H15N,"(R)-(+)-N,N-dimethyl-1-phenylethylamine",C[C@H](c1ccccc1)N(C)C,149.237,763.04,29.03,535.73,0.505
C10H15N,2-isopropyl-6-methylaniline,Cc1cccc(C(C)C)c1N,149.237,790.04,29.54,545.1,0.505
C10H15N,(S)-(+)-1-methyl-3-phenylpropylamine,C[C@H](N)CCc1ccccc1,149.237,763.04,29.82,521.56,0.505
C10H15N,(R)-(-)-1-methyl-3-phenylpropylamine,C[C@@H](N)CCc1ccccc1,149.237,763.04,29.82,521.56,0.505
C10H15N,4-phenylbutylamine,NCCCCc1ccccc1,149.237,763.04,30.42,511.31,0.505
C10H15N,"3,5,N,N-tetramethylaniline",Cc1cc(C)cc(N(C)C)c1,149.237,738.04,26.31,571.78,0.505
C10H15N,"aniline, p-isopropyl-N-methyl-,",CNc1ccc(C(C)C)cc1,149.237,763.04,28.71,541.71,0.505
C10H15N,"N,N-dimethyl-a-methylbenzylamine",CC(c1ccccc1)N(C)C,149.237,763.04,29.82,521.56,0.505
C10H15N,N-ethyl(a-methylbenzyl)amine,CCNC(C)c1ccccc1,149.237,763.04,29.82,521.56,0.505
C10H16,camphene,C=C1C2CCC(C2)C1(C)C,136.238,638,26.76,499.58,0.399
C10H16,D-limonene,C=C(C)[C@H]1CC=C(C)CC1,136.238,660,26.39,524,0.399
C10H16,limonene,C=C(C)C1CC=C(C)CC1,136.238,660,26.39,524,0.399
C10H16,L-limonene,C=C(C)[C@@H]1CC=C(C)CC1,136.238,660,26.39,524,0.399
C10H16,alpha-phellandrene,CC1=CCC(C(C)C)C=C1,136.238,649,27.2,500,0.399
C10H16,beta-phellandrene,C=C1C=CC(C(C)C)CC1,136.238,648,27.88,487,0.399
C10H16,alpha-pinene,CC1=CCC2CC1C2(C)C,136.238,,,,0.399
C10H16,"alpha-pinene, (-)",CC1=CC[C@H]2C[C@@H]1C2(C)C,136.238,641.25,29.71,452.23,0.399
C10H16,beta-pinene,C=C1CCC2CC1C2(C)C,136.238,641.25,30.04,447.23,0.399
C10H16,"beta-pinene, (1R)",C=C1CC[C@@H]2C[C@H]1C2(C)C,136.238,641.25,29.98,448.22,0.399
C10H16,alpha-terpinene,CC1=CC=C(C(C)C)CC1,136.238,649,27.24,499.18,0.399
C10H16,gamma-terpinene,CC1=CCC(C(C)C)=CC1,136.238,661,28.35,488.57,0.399
C10H16,terpinolene,CC1=CCC(=C(C)C)CC1,136.238,667,28.35,493,0.399
C10H16,"4-carene, (1S,3R,6R)-(-)",C[C@H]1C=C[C@@H]2[C@H](C1)C2(C)C,136.238,654.02,28.06,488.41,0.399
C10H16,"3-carene, (+)",CC1=CC[C@@H]2[C@H](C1)C2(C)C,136.238,654.02,27.8,493.01,0.399
C10H16,1-decen-3-yne,C=CC#CCCCCCC,136.238,675.17,26.6,531.85,0.399
C10H16,1-decen-4-yne,C=CCC#CCCCCC,136.238,675.17,26.63,531.28,0.399
C10H16,2-decen-4-yne,CC=CC#CCCCCC,136.238,675.17,26.51,533.72,0.399
C10H16,"3,7-dimethyl-1,3,6-octatriene",C=CC(C)=CCC=C(C)C,136.238,668.12,28.68,488.03,0.399
C10H16,"3,7-dimethyl-1,3,7-octatriene",C=CC(C)=CCCC(=C)C,136.238,668.12,28.68,488.03,0.399
C10H16,"cis,trans-2,6-dimethyl-2,4,6-octatriene",C/C=C(C)\C=C\C=C(C)C,136.238,668.12,28.94,483.67,0.399
C10H16,"trans,trans-2,6-dimethyl-2,4,6-octatriene",C/C=C(C)/C=C/C=C(C)C,136.238,668.12,29.19,479.53,0.399
C10H16,"cis, cis-2,6-dimethyl-2,4,6-octatriene",C/C=C(C)\C=C/C=C(C)C,136.238,668.12,30.65,456.68,0.399
C10H16,"tricyclo[3.3.1.13,7]decane",C1C2CC3CC1CC(C2)C3,136.238,703,30.37,485,0.399
C10H16,3-carene,CC1=CCC2C(C1)C2(C)C,136.238,657.97,28.05,491.56,0.399
C10H16,(+)-2-carene,CC1=CC2C(CC1)C2(C)C,136.238,654.02,28.07,488.14,0.399
C10H16,"1,5,9-decatriene",C=CCCC=CCCC=C,136.238,668.12,27.19,514.94,0.399
C10H16,"2,6-dimethyl-2,4,6-octatriene, isomers",CC=C(C)C=CC=C(C)C,136.238,668.12,29.16,480.1,0.399
C10H16,"1,2,3,4,5-pentamethylcyclopentadiene",CC1=C(C)C(C)C(C)=C1C,136.238,641.25,27.83,482.76,0.399
C10H16,(1S)-(-)-b-pinene,C=C1CC[C@H]2C[C@@H]1C2(C)C,136.238,641.25,29.88,449.72,0.399
C10H16,(+)-a-pinene,CC1=CC[C@@H]2C[C@H]1C2(C)C,136.238,641.25,29.63,453.5,0.399
C10H16,"1,5-dimethyl-1,5-cyclooctadiene",CC1=CCCC(C)=CCC1,136.238,689.27,27.99,515.95,0.399
C10H16N2O8,ethylenediaminetetraacetic acid,O=C(O)CN(CCN(CC(=O)O)CC(=O)O)CC(=O)O,292.244,809,17.3,798,0.966
C10H16O,camphor,CC12CCC(CC1=O)C2(C)C,152.237,709,27.86,505,0.777
C10H16O4,dipropyl maleate,CCCOC(=O)/C=C\C(=O)OCCC,200.234,691,21.04,614,0.955
C10H16O4,"dimethyl cyclohexane-1,4-dicarboxylate; (cis+trans)",COC(=O)C1CCC(C(=O)OC)CC1,200.234,736,24.18,569,0.955
C10H16S,2-hexylthiophene,CCCCCCc1cccs1,168.305,708.1,23.86,583.9,0.531
C10H16S,3-hexylthiophene,CCCCCCc1ccsc1,168.305,708.1,23.89,583.15,0.531
C10H16S,2-isohexylthiophene,CC(C)CCCc1cccs1,168.305,708.1,24.9,559.51,0.531
C10H16S,3-isohexylthiophene,CC(C)CCCc1ccsc1,168.305,708.1,24.9,559.51,0.531
C10H16S,2-sec-hexylthiophene,CCCCC(C)c1cccs1,168.305,708.1,24.9,559.51,0.531
C10H16S,3-sec-hexylthiophene,CCCCC(C)c1ccsc1,168.305,708.1,24.9,559.51,0.531
C10H16S,2-tert-hexylthiophene,CCCC(C)(C)c1cccs1,168.305,708.1,24.9,559.51,0.531
C10H16S,3-tert-hexylthiophene,CCCC(C)(C)c1ccsc1,168.305,708.1,24.9,559.51,0.531
C10H16S,2-methyl-3-pentylthiophene,CCCCCc1ccsc1C,168.305,708.1,24.9,559.51,0.531
C10H16S,2-methyl-4-pentyl thiophene,CCCCCc1csc(C)c1,168.305,708.1,24.9,559.51,0.531
C10H16S,2-methyl-5-pentyl thiophene,CCCCCc1ccc(C)s1,168.305,708.1,24.9,559.51,0.531
C10H16S,3-methyl-2-pentylthiophene,CCCCCc1sccc1C,168.305,708.1,24.9,559.51,0.531
C10H16S,3-methyl-4-pentyl thiophene,CCCCCc1cscc1C,168.305,708.1,24.9,559.51,0.531
C10H16S,3-methyl-5-pentylthiophene,CCCCCc1cc(C)cs1,168.305,708.1,24.9,559.51,0.531
C10H17N,3-methyl-2(3)-nonenenitrile,CCCCCCC(C)=CC#N,151.253,761.3,25.66,603.1,0.513
C10H18,1-decyne,C#CCCCCCCCC,138.254,629.72,23.38,562.94,0.408
C10H18,2-decyne,CC#CCCCCCCC,138.254,629.72,24.68,533.27,0.408
C10H18,3-decyne,CCC#CCCCCCC,138.254,629.72,23.38,563.03,0.408
C10H18,4-decyne,CCCC#CCCCCC,138.254,629.72,23.75,554.2,0.408
C10H18,5-decyne,CCCCC#CCCCC,138.254,629.72,23.64,556.8,0.408
C10H18,8-methyl-4-nonyne,CCCC#CCCC(C)C,138.254,629.72,24.17,544.55,0.408
C10H18,"2,2-dimethyl-3-octyne",CCCCC#CC(C)(C)C,138.254,629.72,24.17,544.55,0.408
C10H18,5-ethyl-5-methyl-3-heptyne,CCC#CC(C)(CC)CC,138.254,629.72,23.73,554.72,0.408
C10H18,"2,2,5,5-tetramethyl-3-hexyne",CC(C)(C)C#CC(C)(C)C,138.254,629.72,24.17,544.55,0.408
C10H18,cis-decahydronaphthalene,C1CC[C@H]2CCCC[C@H]2C1,138.254,,,521.44,
C10H18,trans-decahydronaphthalene,C1CC[C@H]2CCCC[C@@H]2C1,138.254,,,540.24,0.408
C10H18,1-pentylcyclopentene,CCCCCC1=CCCC1,138.254,644.72,25.12,536.53,0.408
C10H18,"1,5-dimethyl-4-isopropylcyclopentene",CC1=CCC(C(C)C)C1C,138.254,644.72,25.12,536.53,0.408
C10H18,"1,3-decadiene",C=CC=CCCCCCC,138.254,629.72,24.6,534.99,0.408
C10H18,"1,9-decadiene",C=CCCCCCCC=C,138.254,629.72,24.52,536.71,0.408
C10H18,"2,6-dimethyl-2,5-octadiene",CCC(C)=CCC=C(C)C,138.254,629.72,25.43,517.6,0.408
C10H18,"2,7-dimethyl-2,6-octadiene",CC(C)=CCCC=C(C)C,138.254,629.72,25.9,508.2,0.408
C10H18,"3,6-dimethyl-2,6-octadiene",CC=C(C)CCC(C)=CC,138.254,629.72,25.57,514.64,0.408
C10H18,"3,7-dimethyl-2,4-octadiene",CC=C(C)C=CCC(C)C,138.254,629.72,26.23,501.75,0.408
C10H18,"4,5-dimethyl-2,6-octadiene",CC=CC(C)C(C)C=CC,138.254,629.72,24.96,527.33,0.408
C10H18,"cis-2,6-dimethyl-2,6-octadiene",C/C=C(/C)CCC=C(C)C,138.254,629.72,25.51,516,0.408
C10H18,1-methyl-4-isopropylcyclohexene,CC1=CCC(C(C)C)CC1,138.254,659.72,26.39,522.58,0.408
C10H18,"1-methyl-4-isopropylcyclohexene, (R)",CC1=CC[C@H](C(C)C)CC1,138.254,659.72,25.6,538.66,0.408
C10H18,"4-methyl-1-isopropylcyclohexene, (R)",CC(C)C1=CC[C@H](C)CC1,138.254,659.72,24.97,552.13,0.408
C10H18,"trans-3-methyl-6-isopropylcyclohexene, (3R)",CC(C)[C@H]1C=C[C@H](C)CC1,138.254,659.72,25.06,550.17,0.408
C10H18,1-tert-butyl-1-cyclohexene,CC(C)(C)C1=CCCCC1,138.254,659.72,25.8,534.46,0.408
C10H18,decahydronaphthalene; (cis+trans),C1CCC2CCCCC2C1,138.254,694.72,27.32,531.41,0.408
C10H18,"3,7-dimethyl-1,6-octadiene",C=CC(C)CCC=C(C)C,138.254,629.72,24.8,530.76,0.408
C10H18,4-methyl-1-(1-methylethyl)cyclohexene,CC1CC=C(C(C)C)CC1,138.254,659.72,25.06,550.21,0.408
C10H18O,2-butylcyclohexanone,CCCCC1CCCCC1=O,154.253,745.08,27,546.17,0.786
C10H18O,4-isobutylcyclohexanone,CC(C)CC1CCC(=O)CC1,154.253,745.08,26.48,556.92,0.786
C10H18O,"cis-5-methyl-2-isopropylcyclohexanone, (2R)",CC(C)[C@H]1CC[C@@H](C)CC1=O,154.253,745.08,26.6,554.45,0.786
C10H18O,"trans-2-methyl-5-isopropylcyclohexanone, (2S)",CC(C)[C@H]1CC[C@H](C)C(=O)C1,154.253,745.08,26.93,547.62,0.786
C10H18O,"trans-5-methyl-2-isopropylcyclohexanone, (2S)",CC(C)[C@@H]1CC[C@@H](C)CC1=O,154.253,745.08,26.62,553.93,0.786
C10H18O,2-decenal,CCCCCCCC=CC=O,154.253,740.08,23.56,621.8,0.786
C10H18O,cis-2-decenal,CCCCCCC/C=C\C=O,154.253,740.08,23.39,626.24,0.786
C10H18O,trans-2-decenal,CCCCCCC/C=C/C=O,154.253,740.08,24.28,603.43,0.786
C10H18O,3-decenal,CCCCCCC=CCC=O,154.253,740.08,23.73,617.41,0.786
C10H18O,4-decenal,CCCCCC=CCCC=O,154.253,740.08,23.63,620.04,0.786
C10H18O,cis-4-decenal,CCCCC/C=C\CCC=O,154.253,740.08,23.63,620.04,0.786
C10H18O,6-decenal,CCCC=CCCCCC=O,154.253,740.08,24.28,603.43,0.786
C10H18O,9-decenal,C=CCCCCCCCC=O,154.253,740.08,24.28,603.43,0.786
C10H18O,"3,7-dimethyl-6-octenal",CC(C)=CCCC(C)CC=O,154.253,740.08,23.96,611.37,0.786
C10H18O,3-decen-2-one,CCCCCCC=CC(C)=O,154.253,700.08,23.41,591.88,0.786
C10H18O,3-ethyl-4-methyl-3-hepten-2-one,CCCC(C)=C(CC)C(C)=O,154.253,700.08,23.7,584.75,0.786
C10H18O,3-ethyl-4-methyl-4-hepten-2-one,CCC=C(C)C(CC)C(C)=O,154.253,700.08,23.34,593.81,0.786
C10H18O,4-ethyl-6-methyl-5-hepten-2-one,CCC(C=C(C)C)CC(C)=O,154.253,700.08,23.27,595.5,0.786
C10H18O,5-ethyl-4-methyl-4-hepten-3-one,CCC(=O)C(C)=C(CC)CC,154.253,700.08,23.91,579.63,0.786
C10H18O,5-ethyl-4-methyl-5-hepten-3-one,CC=C(CC)C(C)C(=O)CC,154.253,700.08,23.71,584.34,0.786
C10H18O,6-methyl-5-nonen-4-one,CCCC(=O)C=C(C)CCC,154.253,700.08,23.86,580.76,0.786
C10H18O,6-methyl-6-nonen-4-one,CCC=C(C)CC(=O)CCC,154.253,700.08,23.21,596.95,0.786
C10H18O,2-tert-butylcyclohexanone,CC(C)(C)C1CCCCC1=O,154.253,745.08,26.54,555.72,0.786
C10H18O,4-tert-butylcyclohexanone,CC(C)(C)C1CCC(=O)CC1,154.253,745.08,26.85,549.19,0.786
C10H18O,(R)-(+)-citronellal,CC(C)=CCC[C@@H](C)CC=O,154.253,740.08,23.76,616.54,0.786
C10H18O,(S)-(-)-citronellal,CC(C)=CCC[C@H](C)CC=O,154.253,740.08,23.76,616.54,0.786
C10H18O,p-menthan-3-one,CC1CCC(C(C)C)C(=O)C1,154.253,745.08,26.43,557.97,0.786
C10H18O,a-terpineol,CC1=CCC(C(C)(C)O)CC1,154.253,675,26.35,507,0.786
C10H18O,"2,2,6,6-tetramethylcyclohexanone",CC1(C)CCCC(C)(C)C1=O,154.253,745.08,26.85,549.19,0.786
C10H18O,"3,3,5,5-tetramethylcyclohexanone",CC1(C)CC(=O)CC(C)(C)C1,154.253,745.08,26.11,564.82,0.786
C10H18O,2-(1-methylpropyl)cyclohexanone,CCC(C)C1CCCCC1=O,154.253,745.08,26.85,549.19,0.786
C10H18O2,2-decenoic acid,CCCCCCCC=CC(=O)O,170.252,760.52,21.51,685.89,0.848
C10H18O2,trans-2-decenoic acid,CCCCCCC/C=C/C(=O)O,170.252,760.52,21.43,688.56,0.848
C10H18O2,3-decenoic acid,CCCCCCC=CCC(=O)O,170.252,760.52,21.13,698.51,0.848
C10H18O2,4-decenoic acid,CCCCCC=CCCC(=O)O,170.252,760.52,21.28,693.32,0.848
C10H18O2,trans-4-decenoic acid,CCCCC/C=C/CCC(=O)O,170.252,760.52,21.75,678.33,0.848
C10H18O2,cis-4-decenoic acid,CCCCC/C=C\CCC(=O)O,170.252,760.52,21.75,678.33,0.848
C10H18O2,9-decenoic acid,C=CCCCCCCCC(=O)O,170.252,760.52,21.4,689.63,0.848
C10H18O2,vinyl 2-ethylhexanoate,C=COC(=O)C(CC)CCCC,170.252,640.52,18.95,655.99,0.848
C10H18O2,heptyl acrylate,C=CC(=O)OCCCCCCC,170.252,640.52,19.52,636.63,0.848
C10H18O2,3-hexenyl isobutyrate,CCC=CCCOC(=O)C(C)C,170.252,640.52,19.52,636.63,0.848
C10H18O2,cis-3-hexenyl isobutyrate,CC/C=C\CCOC(=O)C(C)C,170.252,640.52,19.52,636.63,0.848
C10H18O2,hexyl-2-butenoate,CC=CC(=O)OCCCCCC,170.252,640.52,19.52,636.63,0.848
C10H18O2,methyl nonylenate,CCCCCCC=CC(=O)OC,170.252,640.52,19.52,636.63,0.848
C10H18O2,1-octen-3-yl acetate,C=CC(CCCCC)OC(C)=O,170.252,640.52,19.52,636.63,0.848
C10H18O4,sebacic acid,O=C(O)CCCCCCCCC(=O)O,202.25,815,20.87,728.28,0.962
C10H18O4,3-methylnonanedioic acid,CC(CCCCCC(=O)O)CC(=O)O,202.25,932.2,22.31,779.04,0.962
C10H18O4,3-tert-butyl adipic acid,CC(C)(C)C(CCC(=O)O)CC(=O)O,202.25,932.2,22.31,779.04,0.962
C10H19Br,cis-1-bromo-1-decene,CCCCCCCC/C=C\Br,219.166,696.78,22.7,689.38,0.687
C10H19Br,trans-1-bromo-1-decene,CCCCCCCC/C=C/Br,219.166,696.78,22.7,689.38,0.687
C10H19Br,1-bromo-2-decene,CCCCCCCC=CCBr,219.166,696.78,22.7,689.38,0.687
C10H19Br,2-bromo-1-decene,C=C(Br)CCCCCCCC,219.166,696.78,22.7,689.38,0.687
C10H19Cl,cis-1-chloro-1-decene,CCCCCCCC/C=C\Cl,174.715,697.17,23.18,636.43,0.441
C10H19Cl,trans-1-chloro-1-decene,CCCCCCCC/C=C/Cl,174.715,697.17,23.18,636.43,0.441
C10H19Cl,(1R)-(-)-menthyl chloride,CC(C)C1CC[C@@H](C)CC1Cl,174.715,697.17,23.18,636.43,0.441
C10H19Cl3,"1,1,1-trichlorodecane",CCCCCCCCCC(Cl)(Cl)Cl,245.621,708.32,16.23,845.21,0.373
C10H19F,cis-1-fluoro-1-decene,CCCCCCCC/C=C\F,158.26,582.4,23.41,524.96,0.287
C10H19F,trans-1-fluoro-1-decene,CCCCCCCC/C=C/F,158.26,582.4,23.41,524.96,0.287
C10H19F3,"1,1,1-trifluorodecane",CCCCCCCCCC(F)(F)F,196.256,542.24,18.02,605.64,0.387
C10H19N,decanenitrile,CCCCCCCCCC#N,153.269,769.53,23.16,673.77,0.522
C10H20,pentylcyclopentane,CCCCCC1CCCC1,140.27,643.16,24.33,551.04,0.417
C10H20,butylcyclohexane,CCCCC1CCCCC1,140.27,648.16,24.53,550.87,0.417
C10H20,tert-butylcyclohexane,CC(C)(C)C1CCCCC1,140.27,648.16,24.34,555.18,0.417
C10H20,sec-butylcyclohexane,CCC(C)C1CCCCC1,140.27,648.16,24.35,554.86,0.417
C10H20,isobutylcyclohexane,CC(C)CC1CCCCC1,140.27,648.16,23.71,569.88,0.417
C10H20,1-methyl-1-propylcyclohexane,CCCC1(C)CCCCC1,140.27,648.16,24.25,557.32,0.417
C10H20,1-methyl-2-propylcyclohexane,CCCC1CCCCC1C,140.27,648.16,24.35,554.94,0.417
C10H20,1-methyl-3-propylcyclohexane,CCCC1CCCC(C)C1,140.27,648.16,23.51,574.82,0.417
C10H20,1-methyl-4-propylcyclohexane,CCCC1CCC(C)CC1,140.27,648.16,23.78,568.33,0.417
C10H20,1-methyl-2-isopropylcyclohexane,CC(C)C1CCCCC1C,140.27,648.16,24.36,554.61,0.417
C10H20,1-methyl-3-isopropylcyclohexane,CC1CCCC(C(C)C)C1,140.27,648.16,23.75,568.93,0.417
C10H20,1-methyl-4-isopropylcyclohexane,CC1CCC(C(C)C)CC1,140.27,648.16,23.78,568.33,0.417
C10H20,cis-1-methyl-4-isopropylcyclohexane,CC(C)[C@H]1CC[C@@H](C)CC1,140.27,648.16,24.02,562.48,0.417
C10H20,trans-1-methyl-4-isopropylcyclohexane,CC(C)[C@H]1CC[C@H](C)CC1,140.27,648.16,23.63,571.95,0.417
C10H20,"1,1,3,4-tetramethylcyclohexane",CC1CCC(C)(C)CC1C,140.27,648.16,23.8,567.82,0.417
C10H20,"trans-1,1,3,5-tetramethylcyclohexane",C[C@H]1C[C@H](C)CC(C)(C)C1,140.27,648.16,23.18,582.88,0.417
C10H20,"cis-1,1,3,5-tetramethylcyclohexane",C[C@@H]1C[C@H](C)CC(C)(C)C1,140.27,648.16,23.22,582.07,0.417
C10H20,1-decene,C=CCCCCCCCC,140.27,618.16,,,0.417
C10H20,cis-2-decene,C/C=C\CCCCCCC,140.27,618.16,22.54,571.79,0.417
C10H20,trans-2-decene,C/C=C/CCCCCCC,140.27,618.16,22.54,571.79,0.417
C10H20,4-decene,CCCC=CCCCCC,140.27,618.16,21.74,592.92,0.417
C10H20,cis-5-decene,CCCC/C=C\CCCC,140.27,618.16,21.88,589,0.417
C10H20,trans-5-decene,CCCC/C=C/CCCC,140.27,618.16,21.73,593.21,0.417
C10H20,2-methyl-1-nonene,C=C(C)CCCCCCC,140.27,618.16,21.76,592.15,0.417
C10H20,8-methyl-1-nonene,C=CCCCCCC(C)C,140.27,618.16,22.54,571.79,0.417
C10H20,2-methyl-3-nonene,CCCCCC=CC(C)C,140.27,618.16,21.51,599.13,0.417
C10H20,5-methyl-4-nonene,CCCC=C(C)CCCC,140.27,618.16,22.54,571.79,0.417
C10H20,8-methyl-4-nonene,CCCC=CCCC(C)C,140.27,618.16,22.54,571.79,0.417
C10H20,"3,7-dimethyl-1-octene",C=CC(C)CCCC(C)C,140.27,618.16,21.71,593.69,0.417
C10H20,"2,6-dimethyl-2-octene",CCC(C)CCC=C(C)C,140.27,618.16,21.93,587.58,0.417
C10H20,"2,2-dimethyl-3-octene",CCCCC=CC(C)(C)C,140.27,618.16,22.54,571.79,0.417
C10H20,"2,4,6-trimethyl-3-heptene, isomer",C/C(=C\C(C)C)CC(C)C,140.27,618.16,22.54,571.79,0.417
C10H20,"2,2,5,5-tetramethyl-3-hexene",CC(C)(C)C=CC(C)(C)C,140.27,618.16,22.54,571.79,0.417
C10H20,"trans-2,2,5,5-tetramethyl-3-hexene",CC(C)(C)/C=C/C(C)(C)C,140.27,618.16,22.54,571.79,0.417
C10H20,5-ethyl-5-methyl-3-heptene,CCC=CC(C)(CC)CC,140.27,618.16,22.83,564.44,0.417
C10H20,"cis-1,2-di-tert-butylethene",CC(C)(C)/C=C\C(C)(C)C,140.27,618.16,22.54,571.79,0.417
C10H20,4-propyl-3-heptene,CCC=C(CCC)CCC,140.27,618.16,22.14,582.14,0.417
C10H20,"1,1-diethylcyclohexane",CCC1(CC)CCCCC1,140.27,648.16,24.59,549.57,0.417
C10H20,"1,2,3,4-tetramethylcyclohexane",CC1CCC(C)C(C)C1C,140.27,648.16,24.02,562.56,0.417
C10H20Br2,"1,1-dibromodecane",CCCCCCCCCC(Br)Br,300.078,766.42,21.18,735.17,0.546
C10H20Br2,"1,2-dibromodecane",CCCCCCCCC(Br)CBr,300.078,766.42,21.18,735.17,0.546
C10H20Br2,"1,10-dibromodecane",BrCCCCCCCCCCBr,300.078,766.42,21.18,735.17,0.546
C10H20Br2,"5,6-dibromodecane",CCCCC(Br)C(Br)CCCC,300.078,766.42,21.18,735.17,0.546
C10H20ClF,1-chloro-10-fluorodecane,FCCCCCCCCCCCl,194.721,762.7,26.11,602.83,0.286
C10H20Cl2,"1,1-dichlorodecane",CCCCCCCCCC(Cl)Cl,211.176,726.74,20.21,727.26,0.456
C10H20Cl2,"1,10-dichlorodecane",ClCCCCCCCCCCCl,211.176,726.74,20.21,727.26,0.456
C10H20F2,"1,1-difluorodecane",CCCCCCCCCC(F)F,178.266,612.3,22.3,565.29,0.414
C10H20O,2-butylcyclohexanol,CCCCC1CCCCC1O,156.269,732.74,24.88,581.48,0.794
C10H20O,trans-2-butylcyclohexanol,CCCC[C@@H]1CCCC[C@H]1O,156.269,732.74,24.77,583.98,0.794
C10H20O,2-tert-butylcyclohexanol,CC(C)(C)C1CCCCC1O,156.269,732.74,24.77,583.98,0.794
C10H20O,4-tert-butylcyclohexanol; (cis+trans),CC(C)(C)C1CCC(O)CC1,156.269,732.74,24.88,581.48,0.794
C10H20O,1-methyl-4-isopropylcyclohexanol,CC(C)C1CCC(C)(O)CC1,156.269,732.74,24.71,585.54,0.794
C10H20O,"2-methyl-5-isopropylcyclohexanol, [1R-(1alpha,2alpha,5beta)]",CC(C)[C@H]1CC[C@H](C)[C@H](O)C1,156.269,732.74,24.75,584.6,0.794
C10H20O,2-methyl-1-propylcyclohexanol,CCCC1(O)CCCCC1C,156.269,732.74,25.13,575.7,0.794
C10H20O,3-methyl-1-propylcyclohexanol,CCCC1(O)CCCC(C)C1,156.269,732.74,24.39,593.2,0.794
C10H20O,"trans-4-(1,1-dimethylethyl)cyclohexanol",CC(C)(C)[C@H]1CC[C@H](O)CC1,156.269,732.74,24.88,581.48,0.794
C10H20O,"cis-4-(1,1-dimethylethyl)cyclohexanol",CC(C)(C)[C@H]1CC[C@@H](O)CC1,156.269,732.74,24.88,581.48,0.794
C10H20O,"[1R-(1a,2a,5b)]-5-methyl-2-(1-methylethyl)cyclohexanol",CC(C)[C@H]1CC[C@H](C)C[C@H]1O,156.269,732.74,24.88,581.48,0.794
C10H20O,decanal,CCCCCCCCCC=O,156.269,,,618.03,
C10H20O,3-methylnonanal,CCCCCCC(C)CC=O,156.269,681.74,22.07,609.78,0.794
C10H20O,4-methylnonanal,CCCCCC(C)CCC=O,156.269,681.74,22.07,609.78,0.794
C10H20O,8-methylnonanal,CC(C)CCCCCCC=O,156.269,681.74,22.07,609.78,0.794
C10H20O,"2,6-dimethyloctanal",CCC(C)CCCC(C)C=O,156.269,681.74,22.07,609.78,0.794
C10H20O,2-decanone,CCCCCCCCC(C)=O,156.269,672.74,21.24,625.47,0.794
C10H20O,3-decanone,CCCCCCCC(=O)CC,156.269,672.74,21.4,620.64,0.794
C10H20O,4-decanone,CCCCCCC(=O)CCC,156.269,672.74,21.37,621.63,0.794
C10H20O,5-decanone,CCCCCC(=O)CCCC,156.269,672.74,21.51,617.63,0.794
C10H20O,2-methyl-3-nonanone,CCCCCCC(=O)C(C)C,156.269,672.74,21.51,617.63,0.794
C10H20O,2-methyl-5-nonanone,CCCCC(=O)CCC(C)C,156.269,672.74,21.28,624.08,0.794
C10H20O,2-decen-1-ol,CCCCCCCC=CCO,156.269,712.74,23.26,604.86,0.794
C10H20O,3-decen-1-ol,CCCCCCC=CCCO,156.269,712.74,24,586.33,0.794
C10H20O,cis-4-decen-1-ol,CCCCC/C=C\CCCO,156.269,712.74,23.5,598.88,0.794
C10H20O,trans-5-decen-1-ol,CCCC/C=C/CCCCO,156.269,712.74,24,586.33,0.794
C10H20O,9-decen-1-ol,C=CCCCCCCCCO,156.269,712.74,23.4,601.43,0.794
C10H20O,alpha-citronellol,C=C(C)CCCC(C)CCO,156.269,712.74,24.16,582.4,0.794
C10H20O,"beta-citronellol, (R) - (+)",CC(C)=CCC[C@@H](C)CCO,156.269,712.74,23.66,594.68,0.794
C10H20O,citronellol,CC(C)=CCCC(C)CCO,156.269,712.74,23.66,594.68,0.794
C10H20O,"3,7-dimethyl-6-octen-3-ol",CCC(C)(O)CCC=C(C)C,156.269,712.74,23.66,594.68,0.794
C10H20O,2-isopropyl-5-methyl-2-hexen-1-ol,CC(C)CC=C(CO)C(C)C,156.269,712.74,24,586.33,0.794
C10H20O,2-ethylhexyl vinyl ether,C=COCC(CC)CCCC,156.269,622.74,20.31,605.27,0.794
C10H20O,octyl vinyl ether,C=COCCCCCCCC,156.269,622.74,20.05,613.25,0.794
C10H20O,"(1R,2S,5R)-(-)-menthol",CC(C)[C@@H]1CC[C@@H](C)C[C@H]1O,156.269,658,24.37,533,0.794
C10H20O,tetrahydroneral,CC(C)CCCC(C)CC=O,156.269,656.59,21.55,601.5,0.794
C10H20O2,decanoic acid,CCCCCCCCCC(=O)O,172.268,,,660.3,
C10H20O2,2-methylnonanoic acid,CCCCCCCC(C)C(=O)O,172.268,733,21.2,669.33,0.856
C10H20O2,3-methylnonanoic acid,CCCCCCC(C)CC(=O)O,172.268,733,21.2,669.33,0.856
C10H20O2,4-methylnonanoic acid,CCCCCC(C)CCC(=O)O,172.268,733,21.2,669.33,0.856
C10H20O2,8-methylnonanoic acid,CC(C)CCCCCCC(=O)O,172.268,733,21.2,669.33,0.856
C10H20O2,"2,2-dimethyloctanoic acid",CCCCCCC(C)(C)C(=O)O,172.268,733,21.2,669.33,0.856
C10H20O2,2-ethyloctanoic acid,CCCCCCC(CC)C(=O)O,172.268,733,21.2,669.33,0.856
C10H20O2,4-ethyloctanoic acid,CCCCC(CC)CCC(=O)O,172.268,733,21.43,662.03,0.856
C10H20O2,2-propylheptanoic acid,CCCCCC(CCC)C(=O)O,172.268,733,21.2,669.33,0.856
C10H20O2,"2,5-dimethyl-2-ethylhexanoic acid",CCC(C)(CCC(C)C)C(=O)O,172.268,733,21.2,669.33,0.856
C10H20O2,"7,7-dimethyloctanoic acid",CC(C)(C)CCCCCC(=O)O,172.268,733,21.2,669.33,0.856
C10H20O2,nonyl formate,CCCCCCCCCOC=O,172.268,643,19.19,648.35,0.856
C10H20O2,7-methyloctyl formate,CC(C)CCCCCCOC=O,172.268,643,19.19,648.35,0.856
C10H20O2,2-ethylheptyl formate,CCCCCC(CC)COC=O,172.268,643,19.19,648.35,0.856
C10H20O2,octyl acetate,CCCCCCCCOC(C)=O,172.268,643,18.83,661.05,0.856
C10H20O2,1-methylheptyl acetate,CCCCCCC(C)OC(C)=O,172.268,643,19.19,648.35,0.856
C10H20O2,2-methylheptyl acetate,CCCCCC(C)COC(C)=O,172.268,643,18.82,661.41,0.856
C10H20O2,3-methylheptyl acetate,CCCCC(C)CCOC(C)=O,172.268,643,19.19,648.35,0.856
C10H20O2,6-methylheptyl acetate,CC(=O)OCCCCCC(C)C,172.268,643,19.19,648.35,0.856
C10H20O2,6-methyl-3-heptyl acetate,CCC(CCC(C)C)OC(C)=O,172.268,643,18.63,668.1,0.856
C10H20O2,"1,5-dimethylhexyl acetate",CC(=O)OC(C)CCCC(C)C,172.268,643,18.42,675.68,0.856
C10H20O2,"3,4-dimethylhexyl acetate",CCC(C)C(C)CCOC(C)=O,172.268,643,19.19,648.35,0.856
C10H20O2,1-ethylhexyl acetate,CCCCCC(CC)OC(C)=O,172.268,643,18.7,665.67,0.856
C10H20O2,2-ethylhexyl acetate,CCCCC(CC)COC(C)=O,172.268,,,654.67,0.856
C10H20O2,heptyl propanoate,CCCCCCCOC(=O)CC,172.268,643,18.84,660.49,0.856
C10H20O2,hexyl butanoate,CCCCCCOC(=O)CCC,172.268,643,18.81,661.51,0.856
C10H20O2,1-methylpentyl butanoate,CCCCC(C)OC(=O)CCC,172.268,643,19.19,648.35,0.856
C10H20O2,"1-methylpentyl butanoate, (S)",CCCC[C@H](C)OC(=O)CCC,172.268,643,19.12,650.72,0.856
C10H20O2,3-methylpentyl butanoate,CCCC(=O)OCCC(C)CC,172.268,643,19.19,648.35,0.856
C10H20O2,2-ethylbutyl butanoate,CCCC(=O)OCC(CC)CC,172.268,643,19.19,648.35,0.856
C10H20O2,hexyl isobutanoate,CCCCCCOC(=O)C(C)C,172.268,643,19.19,648.35,0.856
C10H20O2,3-methylpentyl isobutanoate,CCC(C)CCOC(=O)C(C)C,172.268,643,19.19,648.35,0.856
C10H20O2,4-methylpentyl isobutanoate,CC(C)CCCOC(=O)C(C)C,172.268,643,19.19,648.35,0.856
C10H20O2,pentyl pentanoate,CCCCCOC(=O)CCCC,172.268,643,18.85,660.31,0.856
C10H20O2,2-methylbutyl pentanoate,CCCCC(=O)OCC(C)CC,172.268,643,19.19,648.35,0.856
C10H20O2,3-methylbutyl pentanoate,CCCCC(=O)OCCC(C)C,172.268,643,19.19,648.35,0.856
C10H20O2,2-methylbutyl isopentanoate,CCC(C)COC(=O)CC(C)C,172.268,643,19.19,648.35,0.856
C10H20O2,3-methylbutyl isopentanoate,CC(C)CCOC(=O)CC(C)C,172.268,643,18.59,669.41,0.856
C10H20O2,"1,1-dimethylpropyl isopentanoate",CCC(C)(C)OC(=O)CC(C)C,172.268,643,19.09,652.06,0.856
C10H20O2,butyl hexanoate,CCCCCC(=O)OCCCC,172.268,643,18.89,658.94,0.856
C10H20O2,isobutyl hexanoate,CCCCCC(=O)OCC(C)C,172.268,643,19.19,648.35,0.856
C10H20O2,isobutyl 4-methylpentanoate,CC(C)CCC(=O)OCC(C)C,172.268,643,18.58,669.79,0.856
C10H20O2,propyl heptanoate,CCCCCCC(=O)OCCC,172.268,643,18.85,660.04,0.856
C10H20O2,ethyl 2-ethylhexanoate,CCCCC(CC)C(=O)OCC,172.268,643,18.71,665.11,0.856
C10H20O2,ethyl octanoate,CCCCCCCC(=O)OCC,172.268,643,18.9,658.3,0.856
C10H20O2,methyl nonanoate,CCCCCCCCC(=O)OC,172.268,643,19.27,645.84,0.856
C10H20O2,p-menthane-8-hydroperoxide,CC1CCC(C(C)(C)OO)CC1,172.268,711,24.88,553,0.856
C10H20O4,diethylene glycol monobutyl ether acetate,CCCCOCCOCCOC(C)=O,204.266,679,18.52,682,0.969
C10H20S,thiacycloundecane,C1CCCCCSCCCC1,172.337,784.51,28.68,535.5,0.546
C10H21Br,1-bromodecane,CCCCCCCCCCBr,221.182,679.28,20.98,725.41,0.694
C10H21Br,2-bromodecane,CCCCCCCCC(C)Br,221.182,679.28,20.64,737.52,0.694
C10H21Cl,1-chlorodecane,CCCCCCCCCCCl,176.731,680.09,20.65,694.91,0.445
C10H21F,1-fluorodecane,CCCCCCCCCCF,160.276,625.53,24.05,547.54,0.359
C10H21N,butylcyclohexylamine,CCCCNC1CCCCC1,155.285,747.73,24.62,614.34,0.53
C10H21N,cyclohexyldiethylamine,CCN(CC)C1CCCCC1,155.285,747.73,24.67,613.13,0.53
C10H21N,"N,alpha-dimethylcyclohexaneethanamine",CNC(C)CC1CCCCC1,155.285,747.73,24.87,608.12,0.53
C10H21N,"1,2,2,6,6-pentamethylpiperidine",CN1C(C)(C)CCCC1(C)C,155.285,727.73,23.38,629.75,0.53
C10H21N,1-pentylpiperidine,CCCCCN1CCCCC1,155.285,727.73,22.4,657.04,0.53
C10H21N,N-tert-butylcyclohexylamine,CC(C)(C)NC1CCCCC1,155.285,747.73,24.31,622.23,0.53
C10H21NO,"N,N-dibutylacetamide",CCCCN(CCCC)C(C)=O,171.284,800,20.44,776.21,0.592
C10H21NO2,1-nitrodecane,CCCCCCCCCC[N+](=O)[O-],187.283,825.01,18.97,845.25,0.651
C10H22,decane,CCCCCCCCCC,142.286,,,561.35,
C10H22,2-methylnonane,CCCCCCCC(C)C,142.286,606.56,22.29,566.01,0.426
C10H22,3-methylnonane,CCCCCCC(C)CC,142.286,606.56,22.51,560.42,0.426
C10H22,4-methylnonane,CCCCCC(C)CCC,142.286,606.56,22.47,561.35,0.426
C10H22,5-methylnonane,CCCCC(C)CCCC,142.286,606.56,22.51,560.42,0.426
C10H22,"2,2-dimethyloctane",CCCCCCC(C)(C)C,142.286,606.56,22.21,567.89,0.426
C10H22,"2,3-dimethyloctane",CCCCCC(C)C(C)C,142.286,606.56,22.69,555.85,0.426
C10H22,"2,4-dimethyloctane",CCCCC(C)CC(C)C,142.286,606.56,22.29,566.01,0.426
C10H22,"2,5-dimethyloctane",CCCC(C)CCC(C)C,142.286,606.56,22.4,563.2,0.426
C10H22,"2,6-dimethyloctane",CCC(C)CCCC(C)C,142.286,606.56,22.29,566.01,0.426
C10H22,"2,7-dimethyloctane",CC(C)CCCCC(C)C,142.286,606.56,22.17,568.84,0.426
C10H22,"3,3-dimethyloctane",CCCCCC(C)(C)CC,142.286,606.56,22.73,554.94,0.426
C10H22,"3,4-dimethyloctane",CCCCC(C)C(C)CC,142.286,606.56,22.95,549.55,0.426
C10H22,"3,5-dimethyloctane",CCCC(C)CC(C)CC,142.286,606.56,22.66,556.76,0.426
C10H22,"3,6-dimethyloctane",CCC(C)CCC(C)CC,142.286,606.56,22.62,557.67,0.426
C10H22,"4,4-dimethyloctane",CCCCC(C)(C)CCC,142.286,606.56,22.58,558.58,0.426
C10H22,"4,5-dimethyloctane",CCCC(C)C(C)CCC,142.286,606.56,23.03,547.78,0.426
C10H22,"2,2,3-trimethylheptane",CCCCC(C)C(C)(C)C,142.286,606.56,22.84,552.23,0.426
C10H22,"2,2,4-trimethylheptane",CCCC(C)CC(C)(C)C,142.286,606.56,22.32,565.07,0.426
C10H22,"2,2,5-trimethylheptane",CCC(C)CCC(C)(C)C,142.286,606.56,22.32,565.07,0.426
C10H22,"2,2,6-trimethylheptane",CC(C)CCCC(C)(C)C,142.286,606.56,22.17,568.84,0.426
C10H22,"2,3,3-trimethylheptane",CCCCC(C)(C)C(C)C,142.286,606.56,23.1,546.01,0.426
C10H22,"2,3,4-trimethylheptane",CCCC(C)C(C)C(C)C,142.286,606.56,23.1,546.01,0.426
C10H22,"2,3,5-trimethylheptane",CCC(C)CC(C)C(C)C,142.286,606.56,22.95,549.55,0.426
C10H22,"2,3,6-trimethylheptane",CC(C)CCC(C)C(C)C,142.286,606.56,22.58,558.58,0.426
C10H22,"2,4,4-trimethylheptane",CCCC(C)(C)CC(C)C,142.286,606.56,22.58,558.58,0.426
C10H22,"2,4,5-trimethylheptane",CCC(C)C(C)CC(C)C,142.286,606.56,22.8,553.13,0.426
C10H22,"2,4,6-trimethylheptane",CC(C)CC(C)CC(C)C,142.286,606.56,22.14,569.79,0.426
C10H22,"2,5,5-trimethylheptane",CCC(C)(C)CCC(C)C,142.286,606.56,22.77,554.03,0.426
C10H22,"3,3,4-trimethylheptane",CCCC(C)C(C)(C)CC,142.286,606.56,23.36,539.92,0.426
C10H22,"3,3,5-trimethylheptane",CCC(C)CC(C)(C)CC,142.286,,,551.34,
C10H22,"3,4,4-trimethylheptane",CCCC(C)(C)C(C)CC,142.286,606.56,23.4,539.06,0.426
C10H22,"3,4,5-trimethylheptane",CCC(C)C(C)C(C)CC,142.286,606.56,23.36,539.92,0.426
C10H22,"2,2,3,3-tetramethylhexane",CCCC(C)(C)C(C)(C)C,142.286,,,532.27,
C10H22,"2,2,3,4-tetramethylhexane",CCC(C)C(C)C(C)(C)C,142.286,606.56,23.33,540.78,0.426
C10H22,"2,2,3,5-tetramethylhexane",CC(C)CC(C)C(C)(C)C,142.286,606.56,22.66,556.76,0.426
C10H22,"2,2,4,4-tetramethylhexane",CCC(C)(C)CC(C)(C)C,142.286,606.56,22.99,548.66,0.426
C10H22,"2,2,4,5-tetramethylhexane",CC(C)C(C)CC(C)(C)C,142.286,606.56,22.58,558.58,0.426
C10H22,"2,2,5,5-tetramethylhexane",CC(C)(C)CCC(C)(C)C,142.286,,,573.62,
C10H22,"2,3,3,4-tetramethylhexane",CCC(C)C(C)(C)C(C)C,142.286,606.56,23.85,528.93,0.426
C10H22,"2,3,3,5-tetramethylhexane",CC(C)CC(C)(C)C(C)C,142.286,606.56,23.1,546.01,0.426
C10H22,"2,3,4,4-tetramethylhexane",CCC(C)(C)C(C)C(C)C,142.286,606.56,24.37,517.54,0.426
C10H22,"2,3,4,5-tetramethylhexane",CC(C)C(C)C(C)C(C)C,142.286,606.56,23.14,545.13,0.426
C10H22,"3,3,4,4-tetramethylhexane",CCC(C)(C)C(C)(C)CC,142.286,606.56,24.37,517.54,0.426
C10H22,"2,2,3,3,4-pentamethylpentane",CC(C)C(C)(C)C(C)(C)C,142.286,606.56,24.3,519.14,0.426
C10H22,"2,2,3,4,4-pentamethylpentane",CC(C(C)(C)C)C(C)(C)C,142.286,606.56,23.81,529.76,0.426
C10H22,3-ethyloctane,CCCCCC(CC)CC,142.286,606.56,22.77,554.03,0.426
C10H22,4-ethyloctane,CCCCC(CC)CCC,142.286,606.56,22.69,555.85,0.426
C10H22,4-propylheptane,CCCC(CCC)CCC,142.286,606.56,22.62,557.67,0.426
C10H22,4-isopropylheptane,CCCC(CCC)C(C)C,142.286,606.56,22.73,554.94,0.426
C10H22,3-ethyl-2-methylheptane,CCCCC(CC)C(C)C,142.286,606.56,22.92,550.44,0.426
C10H22,4-ethyl-2-methylheptane,CCCC(CC)CC(C)C,142.286,606.56,22.62,557.67,0.426
C10H22,5-ethyl-2-methylheptane,CCC(CC)CCC(C)C,142.286,606.56,22.62,557.67,0.426
C10H22,3-ethyl-3-methylheptane,CCCCC(C)(CC)CC,142.286,606.56,23.14,545.13,0.426
C10H22,4-ethyl-3-methylheptane,CCCC(CC)C(C)CC,142.286,606.56,23.14,545.13,0.426
C10H22,3-ethyl-5-methylheptane,CCC(C)CC(CC)CC,142.286,606.56,22.8,553.13,0.426
C10H22,3-ethyl-4-methylheptane,CCCC(C)C(CC)CC,142.286,606.56,23.18,544.26,0.426
C10H22,4-ethyl-4-methylheptane,CCCC(C)(CC)CCC,142.286,606.56,23.18,544.26,0.426
C10H22,3-isopropyl-2-methylhexane,CCCC(C(C)C)C(C)C,142.286,606.56,23.06,546.89,0.426
C10H22,"3,3-diethylhexane",CCCC(CC)(CC)CC,142.286,606.56,23.55,535.64,0.426
C10H22,"3,4-diethylhexane",CCC(CC)C(CC)CC,142.286,606.56,23.18,544.26,0.426
C10H22,"3-ethyl-2,2-dimethylhexane",CCCC(CC)C(C)(C)C,142.286,606.56,23.1,546.01,0.426
C10H22,"4-ethyl-2,2-dimethylhexane",CCC(CC)CC(C)(C)C,142.286,606.56,22.54,559.5,0.426
C10H22,"3-ethyl-2,3-dimethylhexane",CCCC(C)(CC)C(C)C,142.286,606.56,23.66,533.11,0.426
C10H22,"4-ethyl-2,3-dimethylhexane",CCC(CC)C(C)C(C)C,142.286,606.56,23.36,539.92,0.426
C10H22,"3-ethyl-2,4-dimethylhexane",CCC(C)C(CC)C(C)C,142.286,606.56,23.33,540.78,0.426
C10H22,"4-ethyl-2,4-dimethylhexane",CCC(C)(CC)CC(C)C,142.286,606.56,23.36,539.92,0.426
C10H22,"3-ethyl-2,5-dimethylhexane",CCC(CC(C)C)C(C)C,142.286,606.56,22.8,553.13,0.426
C10H22,"4-ethyl-3,3-dimethylhexane",CCC(CC)C(C)(C)CC,142.286,606.56,23.66,533.11,0.426
C10H22,"3-ethyl-3,4-dimethylhexane",CCC(C)C(C)(CC)CC,142.286,606.56,23.66,533.11,0.426
C10H22,"2,4-dimethyl-3-isopropylpentane",CC(C)C(C(C)C)C(C)C,142.286,606.56,23.44,538.2,0.426
C10H22,"3,3-diethyl-2-methylpentane",CCC(CC)(CC)C(C)C,142.286,606.56,24.22,520.75,0.426
C10H22,"3-ethyl-2,2,3-trimethylpentane",CCC(C)(CC)C(C)(C)C,142.286,606.56,24.34,518.34,0.426
C10H22,"3-ethyl-2,2,4-trimethylpentane",CCC(C(C)C)C(C)(C)C,142.286,606.56,23.4,539.06,0.426
C10H22,"3-ethyl-2,3,4-trimethylpentane",CCC(C)(C(C)C)C(C)C,142.286,606.56,24.15,522.37,0.426
C10H22O,n-decyl alcohol,CCCCCCCCCCO,158.285,680.37,20.77,645.03,0.802
C10H22O,2-decanol,CCCCCCCCC(C)O,158.285,680.37,20.66,648.42,0.802
C10H22O,(S)-(+)-2-decanol,CCCCCCCC[C@H](C)O,158.285,680.37,20.83,643.16,0.802
C10H22O,3-decanol,CCCCCCCC(O)CC,158.285,680.37,20.71,646.91,0.802
C10H22O,4-decanol,CCCCCCC(O)CCC,158.285,680.37,20.62,649.75,0.802
C10H22O,5-decanol,CCCCCC(O)CCCC,158.285,680.37,20.62,649.75,0.802
C10H22O,isodecanol,CC(C)CCCCCCCO,158.285,680.37,21.14,633.95,0.802
C10H22O,2-methyl-1-nonanol,CCCCCCCC(C)CO,158.285,680.37,21.39,626.36,0.802
C10H22O,4-methyl-1-nonanol,CCCCCC(C)CCCO,158.285,680.37,20.86,642.23,0.802
C10H22O,5-methyl-1-nonanol,CCCCC(C)CCCCO,158.285,680.37,20.92,640.37,0.802
C10H22O,7-methyl-1-nonanol,CCC(C)CCCCCCO,158.285,680.37,20.86,642.23,0.802
C10H22O,3-methyl-1-nonanol,CCCCCCC(C)CCO,158.285,680.37,20.92,640.37,0.802
C10H22O,2-methyl-2-nonanol,CCCCCCCC(C)(C)O,158.285,680.37,21.39,626.36,0.802
C10H22O,3-methyl-2-nonanol,CCCCCCC(C)C(C)O,158.285,680.37,20.95,639.45,0.802
C10H22O,5-methyl-2-nonanol,CCCCC(C)CCC(C)O,158.285,680.37,21.39,626.36,0.802
C10H22O,6-methyl-2-nonanol,CCCC(C)CCCC(C)O,158.285,680.37,20.89,641.3,0.802
C10H22O,7-methyl-2-nonanol,CCC(C)CCCCC(C)O,158.285,680.37,21.39,626.36,0.802
C10H22O,8-methyl-2-nonanol,CC(C)CCCCCC(C)O,158.285,680.37,20.65,648.8,0.802
C10H22O,2-methyl-3-nonanol,CCCCCCC(O)C(C)C,158.285,680.37,20.76,645.5,0.802
C10H22O,3-methyl-3-nonanol,CCCCCCC(C)(O)CC,158.285,680.37,20.83,643.16,0.802
C10H22O,5-methyl-3-nonanol,CCCCC(C)CC(O)CC,158.285,680.37,21.39,626.36,0.802
C10H22O,2-methyl-4-nonanol,CCCCCC(O)CC(C)C,158.285,680.37,20.62,649.75,0.802
C10H22O,4-methyl-4-nonanol,CCCCCC(C)(O)CCC,158.285,680.37,20.8,644.09,0.802
C10H22O,5-methyl-4-nonanol,CCCCC(C)C(O)CCC,158.285,680.37,20.86,642.23,0.802
C10H22O,7-methyl-4-nonanol,CCCC(O)CCC(C)CC,158.285,680.37,21.39,626.36,0.802
C10H22O,2-methyl-5-nonanol,CCCCC(O)CCC(C)C,158.285,680.37,20.53,652.62,0.802
C10H22O,3-methyl-5-nonanol,CCCCC(O)CC(C)CC,158.285,680.37,20.65,648.8,0.802
C10H22O,5-methyl-5-nonanol,CCCCC(C)(O)CCCC,158.285,680.37,20.77,645.03,0.802
C10H22O,2-ethyl-1-octanol,CCCCCCC(CC)CO,158.285,680.37,21.39,626.36,0.802
C10H22O,3-ethyl-1-octanol,CCCCCC(CC)CCO,158.285,680.37,20.65,648.8,0.802
C10H22O,"2,2-dimethyl-1-octanol",CCCCCCC(C)(C)CO,158.285,680.37,20.8,644.09,0.802
C10H22O,"2,6-dimethyl-1-octanol",CCC(C)CCCC(C)CO,158.285,680.37,20.74,645.97,0.802
C10H22O,"3,7-dimethyl-1-octanol",CC(C)CCCC(C)CCO,158.285,680.37,20.98,638.52,0.802
C10H22O,"(R)-3,7-dimethyl-1-octanol",CC(C)CCC[C@@H](C)CCO,158.285,680.37,21.39,626.36,0.802
C10H22O,"s-3,7-dimethyl-1-octanol",CC(C)CCC[C@H](C)CCO,158.285,680.37,21.39,626.36,0.802
C10H22O,"4,5-dimethyl-1-octanol",CCCC(C)C(C)CCCO,158.285,680.37,21.39,626.36,0.802
C10H22O,"4,6-dimethyl-1-octanol",CCC(C)CC(C)CCCO,158.285,680.37,21.39,626.36,0.802
C10H22O,"4,7-dimethyl-1-octanol",CC(C)CCC(C)CCCO,158.285,680.37,21.39,626.36,0.802
C10H22O,"7,7-dimethyl-1-octanol",CC(C)(C)CCCCCCO,158.285,680.37,21.39,626.36,0.802
C10H22O,"2,4-dimethyl-2-octanol",CCCCC(C)CC(C)(C)O,158.285,680.37,20.68,647.86,0.802
C10H22O,"2,6-dimethyt-2-octanol",CCC(C)CCCC(C)(C)O,158.285,680.37,20.74,645.97,0.802
C10H22O,"2,7-dimethyl-2-octanol",CC(C)CCCCC(C)(C)O,158.285,680.37,21.39,626.36,0.802
C10H22O,"3,7-dimethyl-2-octanol",CC(C)CCCC(C)C(C)O,158.285,680.37,20.77,645.03,0.802
C10H22O,3-ethyl-3-octanol,CCCCCC(O)(CC)CC,158.285,680.37,21.11,634.86,0.802
C10H22O,6-ethyl-3-octanol,CCC(O)CCC(CC)CC,158.285,680.37,21.39,626.36,0.802
C10H22O,"2,2-dimethyl-3-octanol",CCCCCC(O)C(C)(C)C,158.285,680.37,21.39,626.36,0.802
C10H22O,"2,3-dimethyl-3-octanol",CCCCCC(C)(O)C(C)C,158.285,680.37,20.77,645.12,0.802
C10H22O,"2,7-dimethyl-3-octanol",CC(C)CCCC(O)C(C)C,158.285,680.37,20.35,658.41,0.802
C10H22O,"3,5-dimethyl-3-octanol",CCCC(C)CC(C)(O)CC,158.285,680.37,21.14,633.95,0.802
C10H22O,"3,6-dimethyl-3-octanol",CCC(C)CCC(C)(O)CC,158.285,680.37,20.89,641.3,0.802
C10H22O,"3,7-dimethyl-3-octanol",CCC(C)(O)CCCC(C)C,158.285,680.37,20.8,644.09,0.802
C10H22O,3-ethyl-4-octanol,CCCCC(O)C(CC)CC,158.285,680.37,21.39,626.36,0.802
C10H22O,4-ethyl-4-octanol,CCCCC(O)(CC)CCC,158.285,680.37,21.05,636.69,0.802
C10H22O,"2,2-dimethyl-4-octanol",CCCCC(O)CC(C)(C)C,158.285,680.37,20.53,652.62,0.802
C10H22O,"2,4-dimethyl-4-octanol",CCCCC(C)(O)CC(C)C,158.285,680.37,20.59,650.7,0.802
C10H22O,"2,5-dimethyl-4-octanol",CCCC(C)C(O)CC(C)C,158.285,680.37,20.38,657.44,0.802
C10H22O,"2,6-dimethyl-4-octanol",CCC(C)CC(O)CC(C)C,158.285,680.37,20.36,658.03,0.802
C10H22O,"2,7-dimethyl-4-octanol",CC(C)CCC(O)CC(C)C,158.285,680.37,20.38,657.44,0.802
C10H22O,"3,4-dimethyl-4-octanol",CCCCC(C)(O)C(C)CC,158.285,680.37,21.39,626.36,0.802
C10H22O,"3,6-dimethyl-4-octanol",CCC(C)CC(O)C(C)CC,158.285,680.37,21.01,637.6,0.802
C10H22O,"4,6-dimethyl-4-octanol",CCCC(C)(O)CC(C)CC,158.285,680.37,20.86,642.23,0.802
C10H22O,"4,7-dimethyl-4-octanol",CCCC(C)(O)CCC(C)C,158.285,680.37,20.68,647.86,0.802
C10H22O,2-propyl-1-heptanol,CCCCCC(CO)CCC,158.285,680.37,20.86,642.23,0.802
C10H22O,3-isopropyl-1-heptanol,CCCCC(CCO)C(C)C,158.285,680.37,21.17,633.04,0.802
C10H22O,"2,4,6-trimethyl-2-heptanol",CC(C)CC(C)CC(C)(C)O,158.285,680.37,21.39,626.36,0.802
C10H22O,"2,5,6-trimethyl-2-heptanol",CC(C)C(C)CCC(C)(C)O,158.285,680.37,20.83,643.16,0.802
C10H22O,"4,6,6-trimethyl-2-heptanol",CC(O)CC(C)CC(C)(C)C,158.285,680.37,21.39,626.36,0.802
C10H22O,2-methyl-3-ethyl-3-heptanol,CCCCC(O)(CC)C(C)C,158.285,680.37,21.29,629.43,0.802
C10H22O,4-methyl-5-ethyl-3-heptanol,CCC(O)C(C)C(CC)CC,158.285,680.37,21.8,614.52,0.802
C10H22O,"2,2,3-trimethyl-3-heptanol",CCCCC(C)(O)C(C)(C)C,158.285,680.37,21.26,630.33,0.802
C10H22O,"2,2,6-trimethyl-3-heptanol",CC(C)CCC(O)C(C)(C)C,158.285,680.37,20.62,649.75,0.802
C10H22O,"2,3,6-trimethyl-3-heptanol",CC(C)CCC(C)(O)C(C)C,158.285,680.37,21.11,634.86,0.802
C10H22O,"3,5,5-trimethyl-3-heptanol",CCC(C)(C)CC(C)(O)CC,158.285,680.37,21.59,620.58,0.802
C10H22O,4-propyl-4-heptanol,CCCC(O)(CCC)CCC,158.285,680.37,20.83,643.16,0.802
C10H22O,4-isopropyl-4-heptanol,CCCC(O)(CCC)C(C)C,158.285,680.37,21.26,630.33,0.802
C10H22O,"2,2,4-trimethyl-4-heptanol",CCCC(C)(O)CC(C)(C)C,158.285,680.37,20.89,641.3,0.802
C10H22O,"2,2,5-trimethyl-4-heptanol",CCC(C)C(O)CC(C)(C)C,158.285,680.37,20.98,638.52,0.802
C10H22O,"2,2,6-trimethyl-4-heptanol",CC(C)CC(O)CC(C)(C)C,158.285,680.37,21.39,626.36,0.802
C10H22O,"2,4,5-trimethyl-4-heptanol",CCC(C)C(C)(O)CC(C)C,158.285,680.37,21.39,626.36,0.802
C10H22O,"2,4,6-trimethyl-4-heptanol",CC(C)CC(C)(O)CC(C)C,158.285,680.37,20.47,654.54,0.802
C10H22O,4-methyl-2-propyl-1-hexanol,CCCC(CO)CC(C)CC,158.285,680.37,20.77,645.03,0.802
C10H22O,4-methyl-2-isopropyl-1-hexanol,CCC(C)CC(CO)C(C)C,158.285,680.37,21.39,626.36,0.802
C10H22O,5-methyl-2-isopropyl-1-hexanol,CC(C)CCC(CO)C(C)C,158.285,680.37,20.89,641.3,0.802
C10H22O,"2,3,4,4-tetramethyl-2-hexanol",CCC(C)(C)C(C)C(C)(C)O,158.285,680.37,21.39,626.36,0.802
C10H22O,"3,3,5,5-tetramethyl-2-hexanol",CC(O)C(C)(C)CC(C)(C)C,158.285,680.37,21.39,626.36,0.802
C10H22O,2-methyl-3-isopropyl-3-hexanol,CCCC(O)(C(C)C)C(C)C,158.285,680.37,21.41,625.86,0.802
C10H22O,"2,2-dimethyl-4-ethyl-3-hexanol",CCC(CC)C(O)C(C)(C)C,158.285,680.37,20.92,640.37,0.802
C10H22O,"2,4-dimethyl-4-ethyl-3-hexanol",CCC(C)(CC)C(O)C(C)C,158.285,680.37,21.74,616.24,0.802
C10H22O,"5,5-dimethyl-3-ethyl-3-hexanol",CCC(O)(CC)CC(C)(C)C,158.285,680.37,21.11,634.86,0.802
C10H22O,"2,2,3,4-tetramethyl-3-hexanol",CCC(C)C(C)(O)C(C)(C)C,158.285,680.37,21.65,618.84,0.802
C10H22O,"2,2,3,5-tetramethyl-3-hexanol",CC(C)CC(C)(O)C(C)(C)C,158.285,680.37,21.08,635.77,0.802
C10H22O,"2,2,4,4-tetramethyl-3-hexanol",CCC(C)(C)C(O)C(C)(C)C,158.285,680.37,21.56,621.45,0.802
C10H22O,"2,2,5,5-tetramethyl-3-hexanol",CC(C)(C)CC(O)C(C)(C)C,158.285,680.37,21.39,626.36,0.802
C10H22O,"2,3,4,4-tetramethyl-3-hexanol",CCC(C)(C)C(C)(O)C(C)C,158.285,680.37,22.14,605.2,0.802
C10H22O,"2,3,5,5-tetramethyl-3-hexanol",CC(C)C(C)(O)CC(C)(C)C,158.285,680.37,21.05,636.69,0.802
C10H22O,"2,4,4,5-tetramethyl-3-hexanol",CC(C)C(O)C(C)(C)C(C)C,158.285,680.37,21.39,626.36,0.802
C10H22O,"3,4,4,5-tetramethyl-3-hexanol",CCC(C)(O)C(C)(C)C(C)C,158.285,680.37,22.14,605.2,0.802
C10H22O,"3,4,5,5-tetramethyl-3-hexanol",CCC(C)(O)C(C)C(C)(C)C,158.285,680.37,21.77,615.38,0.802
C10H22O,4-methyl-2-isobutyl-1-pentanol,CC(C)CC(CO)CC(C)C,158.285,680.37,20.92,640.37,0.802
C10H22O,"4,4-dimethyl-3-isopropyl-1-pentanol",CC(C)C(CCO)C(C)(C)C,158.285,680.37,21.39,626.36,0.802
C10H22O,"3,4-dimethyl-3-isopropyl-2-pentanol",CC(C)C(C)(C(C)C)C(C)O,158.285,680.37,21.39,626.36,0.802
C10H22O,"2,4-dimethyl-3-isopropyl-3-pentanol",CC(C)C(O)(C(C)C)C(C)C,158.285,680.37,21.81,614.43,0.802
C10H22O,"2,2,4-trimethyl-3-ethyl-3-pentanol",CCC(O)(C(C)C)C(C)(C)C,158.285,680.37,21.77,615.38,0.802
C10H22O,"2,2,3,4,4-pentamethyl-3-pentanol",CC(C)(C)C(C)(O)C(C)(C)C,158.285,680.37,21.39,626.36,0.802
C10H22O,"2,3-dimethyl-2-tert-butyl-1-butanol",CC(C)C(C)(CO)C(C)(C)C,158.285,680.37,21.39,626.36,0.802
C10H22O,3-ethyl-6-methyl-3-heptanol,CCC(O)(CC)CCC(C)C,158.285,680.37,21.35,627.64,0.802
C10H22O,1-ethoxy-octane,CCCCCCCCOCC,158.285,610.37,19.24,624.71,0.802
C10H22O,1-propoxy-heptane,CCCCCCCOCCC,158.285,610.37,19.53,615.46,0.802
C10H22O,dipentyl ether,CCCCCOCCCCC,158.285,610.37,19.1,629.23,0.802
C10H22O,diisopentyl ether,CC(C)CCOCCC(C)C,158.285,610.37,19.04,631.47,0.802
C10H22OS,2-(octylthio)ethanol,CCCCCCCCSCCO,190.352,750,20.6,697.08,0.611
C10H22O2,"1,2-decanediol",CCCCCCCCC(O)CO,174.284,855.45,23.02,717.43,0.863
C10H22O2,"(S)-1,2-decanediol",CCCCCCCC[C@H](O)CO,174.284,855.45,23.02,717.43,0.863
C10H22O2,"(R)-1,2-decanediol",CCCCCCCC[C@@H](O)CO,174.284,855.45,23.02,717.43,0.863
C10H22O2,"1,3-decanediol",CCCCCCCC(O)CCO,174.284,855.45,23.02,717.43,0.863
C10H22O2,"1,4-decanediol",CCCCCCC(O)CCCO,174.284,855.45,23.02,717.43,0.863
C10H22O2,"1,10-decanediol",OCCCCCCCCCCO,174.284,855.45,23.02,717.43,0.863
C10H22O2,"2,9-decanediol",CC(O)CCCCCCC(C)O,174.284,855.45,23.02,717.43,0.863
C10H22O2,"3,7-dimethyl-1,7-octanediol",CC(CCO)CCCC(C)(C)O,174.284,855.45,22.33,739.77,0.863
C10H22O2,"3,4-diethyl-3,4-hexanediol",CCC(O)(CC)C(O)(CC)CC,174.284,855.45,23.56,700.93,0.863
C10H22O2,ethylene glycol dibutyl ether,CCCCOCCOCCCC,174.284,715.45,18.83,733.54,0.863
C10H22O2,ethylene glycol diisobutyl ether,CC(C)COCCOCC(C)C,174.284,715.45,18.51,746.33,0.863
C10H22O2,2-(2-ethylhexyloxy)ethanol,CCCCC(CC)COCCO,174.284,715.45,20.2,683.83,0.863
C10H22O2,2-(octyloxy)ethanol,CCCCCCCCOCCO,174.284,715.45,20.14,685.69,0.863
C10H22O3,di(ethylene glycol) hexyl ether,CCCCCCOCCOCCO,190.283,684,20.52,631,0.921
C10H22O4,2-[2-(2-butoxyethoxy)ethoxy]ethanol,CCCCOCCOCCOCCO,206.282,695,18.85,684,0.976
C10H22O4,(2-(2-methoxy methyl ethoxy)methyl ethoxy)propanol,CCC(O)OCCCOCCCOC,206.282,657,18.7,652,0.976
C10H22O5,tetraethylene glycol dimethyl ether,COCCOCCOCCOCCOC,222.281,705,19.02,674,1.027
C10H22S,1-decanethiol,CCCCCCCCCCS,174.353,690.53,19.49,691.76,0.554
C10H22S,2-decanethiol,CCCCCCCCC(C)S,174.353,690.53,19.32,697.93,0.554
C10H22S,3-decanethiol,CCCCCCCC(S)CC,174.353,690.53,19.68,685.04,0.554
C10H22S,4-decanethiol,CCCCCCC(S)CCC,174.353,690.53,19.68,685.04,0.554
C10H22S,5-decanethiol,CCCCCC(S)CCCC,174.353,690.53,19.68,685.04,0.554
C10H22S,2-methyl-1-nonanethiol,CCCCCCCC(C)CS,174.353,690.53,19.68,685.04,0.554
C10H22S,3-methyl-1-nonanethiol,CCCCCCC(C)CCS,174.353,690.53,19.68,685.04,0.554
C10H22S,4-methyl-1-nonanethiol,CCCCCC(C)CCCS,174.353,690.53,19.68,685.04,0.554
C10H22S,5-methyl-1-nonanethiol,CCCCC(C)CCCCS,174.353,690.53,19.68,685.04,0.554
C10H22S,6-methyl-1-nonanethiol,CCCC(C)CCCCCS,174.353,690.53,19.68,685.04,0.554
C10H22S,7-methyl-1-nonanethiol,CCC(C)CCCCCCS,174.353,690.53,19.68,685.04,0.554
C10H22S,8-methyl-1-nonanethiol,CC(C)CCCCCCCS,174.353,690.53,19.68,685.04,0.554
C10H22S,2-methyl-2-nonanethiol,CCCCCCCC(C)(C)S,174.353,690.53,19.68,685.04,0.554
C10H22S,3-methyl-2-nonanethiol,CCCCCCC(C)C(C)S,174.353,690.53,19.68,685.04,0.554
C10H22S,4-methyl-2-nonanethiol,CCCCCC(C)CC(C)S,174.353,690.53,19.68,685.04,0.554
C10H22S,5-methyl-2-nonanethiol,CCCCC(C)CCC(C)S,174.353,690.53,19.68,685.04,0.554
C10H22S,6-methyl-2-nonanethiol,CCCC(C)CCCC(C)S,174.353,690.53,19.68,685.04,0.554
C10H22S,7-methyl-2-nonanethiol,CCC(C)CCCCC(C)S,174.353,690.53,19.68,685.04,0.554
C10H22S,8-methyl-2-nonanethiol,CC(C)CCCCCC(C)S,174.353,690.53,19.68,685.04,0.554
C10H22S,2-thiaundecane,CCCCCCCCCSC,174.353,690.53,19.49,691.76,0.554
C10H22S,3-thiaundecane,CCCCCCCCSCC,174.353,,,691.76,
C10H22S,4-thiaundecane,CCCCCCCSCCC,174.353,690.53,19.49,691.76,0.554
C10H22S,5-thiaundecane,CCCCCCSCCCC,174.353,690.53,19.49,691.76,0.554
C10H22S,6-thiaundecane,CCCCCSCCCCC,174.353,690.53,19.49,691.76,0.554
C10H22S,3-methyl-2-thiadecane,CCCCCCCC(C)SC,174.353,690.53,19.68,685.04,0.554
C10H22S,4-methyl-2-thiadecane,CCCCCCC(C)CSC,174.353,690.53,19.68,685.04,0.554
C10H22S,5-methyl-2-thiadecane,CCCCCC(C)CCSC,174.353,690.53,19.68,685.04,0.554
C10H22S,6-methyl-2-thiadecane,CCCCC(C)CCCSC,174.353,690.53,19.68,685.04,0.554
C10H22S,7-methyl-2-thiadecane,CCCC(C)CCCCSC,174.353,690.53,19.68,685.04,0.554
C10H22S,2-methyl-3-thiadecane,CCCCCCCSC(C)C,174.353,690.53,19.68,685.04,0.554
C10H22S,4-methyl-3-thiadecane,CCCCCCC(C)SCC,174.353,690.53,19.68,685.04,0.554
C10H22S,5-methyl-3-thiadecane,CCCCCC(C)CSCC,174.353,690.53,19.68,685.04,0.554
C10H22S,6-methyl-3-thiadecane,CCCCC(C)CCSCC,174.353,690.53,19.68,685.04,0.554
C10H22S,7-methyl-3-thiadecane,CCCC(C)CCCSCC,174.353,690.53,19.68,685.04,0.554
C10H22S,bis(2-methylbutyl) sulfide,CCC(C)CSCC(C)CC,174.353,690.53,19.32,697.93,0.554
C10H22S,diisopentyl sulfide,CC(C)CCSCCC(C)C,174.353,690.53,19.25,700.44,0.554
C10H22S2,"1,10-decanedithiol",SCCCCCCCCCCS,206.42,812.19,20.74,734.74,0.666
C10H22S2,"1,9-decanedithiol",CC(S)CCCCCCCCS,206.42,812.19,20.74,734.74,0.666
C10H22S2,"1,8-decanedithiol",CCC(S)CCCCCCCS,206.42,812.19,20.74,734.74,0.666
C10H22S2,"1,7-decanedithiol",CCCC(S)CCCCCCS,206.42,812.19,20.74,734.74,0.666
C10H22S2,"1,6-decanedithiol",CCCCC(S)CCCCCS,206.42,812.19,20.74,734.74,0.666
C10H22S2,"1,5-decanedithiol",CCCCCC(S)CCCCS,206.42,812.19,20.74,734.74,0.666
C10H22S2,"1,4-decanedithiol",CCCCCCC(S)CCCS,206.42,812.19,20.74,734.74,0.666
C10H22S2,"1,3-decanedithiol",CCCCCCCC(S)CCS,206.42,812.19,20.74,734.74,0.666
C10H22S2,"1,2-decanedithiol",CCCCCCCCC(S)CS,206.42,812.19,20.74,734.74,0.666
C10H22S2,"2,3-dithiadodecane",CCCCCCCCCSSC,206.42,757.19,18.92,750.95,0.666
C10H22S2,"3,4-dithiadodecane",CCCCCCCCSSCC,206.42,757.19,18.92,750.95,0.666
C10H22S2,"4,5-dithiadodecane",CCCCCCCSSCCC,206.42,757.19,18.92,750.95,0.666
C10H22S2,"5,6-dithiadodecane",CCCCCCSSCCCC,206.42,757.19,18.92,750.95,0.666
C10H22S2,"6,7-dithiadodecane",CCCCCSSCCCCC,206.42,757.19,18.63,762.57,0.666
C10H22S2,"2,4-dithiadodecane",CCCCCCCCSCSC,206.42,757.19,18.92,750.95,0.666
C10H22S2,"3,5-dithiadodecane",CCCCCCCSCSCC,206.42,757.19,18.92,750.95,0.666
C10H22S2,"4,6-dithiadodecane",CCCCCCSCSCCC,206.42,757.19,18.92,750.95,0.666
C10H22S2,"5,7-dithiadodecane",CCCCCSCSCCCC,206.42,757.19,18.92,750.95,0.666
C10H22S2,diisopentyl disulfide,CC(C)CCSSCCC(C)C,206.42,757.19,18.66,761.38,0.666
C10H23N,decylamine,CCCCCCCCCCN,157.301,690.9,22.18,628.44,0.538
C10H23N,methylnonylamine,CCCCCCCCCNC,157.301,650.9,20.52,640.07,0.538
C10H23N,ethyloctylamine,CCCCCCCCNCC,157.301,650.9,20.37,644.64,0.538
C10H23N,dipentylamine,CCCCCNCCCCC,157.301,650.9,20.36,644.94,0.538
C10H23N,diisopentylamine,CC(C)CCNCCC(C)C,157.301,650.9,20.15,651.9,0.538
C10H23N,dimethyloctylamine,CCCCCCCCN(C)C,157.301,650.9,19.99,656.93,0.538
C10H23N,diethylhexylamine,CCCCCCN(CC)CC,157.301,650.9,20.11,653.13,0.538
C10H23N,"N,N-diisopropylisobutylamine",CC(C)CN(C(C)C)C(C)C,157.301,650.9,20.14,652.11,0.538
C10H24N2,"N,N'-di-tert-butylethylenediamine",CC(C)(C)NCCNC(C)(C)C,172.316,625,18.04,686,0.596
C10H28N6,pentaethylenehexamine,NCCNCCNCCNCCNCCN,232.376,820,16.53,912,0.798
C11H9Cl,1-(chloromethyl)naphthalene,ClCc1cccc2ccccc12,176.646,818.16,34.48,500.83,0.374
C11H9Cl,1-chloro-2-methylnaphthalene,Cc1ccc2ccccc2c1Cl,176.646,817.75,32.87,525.11,0.374
C11H9Cl,2-(chloromethyl)naphthalene,ClCc1ccc2ccccc2c1,176.646,817.75,32.87,525.11,0.374
C11H10,1-methylnaphthalene,Cc1cccc2ccccc12,142.201,,,489.44,
C11H10,2-methylnaphthalene,Cc1ccc2ccccc2c1,142.201,,,495.98,
C11H13N,4-butylbenzonitrile,CCCCc1ccc(C#N)cc1,159.232,793.91,27.54,580.27,0.546
C11H13N,4-tert-butylbenzonitrile,CC(C)(C)c1ccc(C#N)cc1,159.232,793.91,28.11,568.43,0.546
C11H14,"1-methyl-[1,2,3,4-tetrahydronaphthalene]",CC1CCCc2ccccc21,146.233,738.13,32.72,466.82,0.442
C11H14,"2-methyl-[1,2,3,4-tetrahydronaphthalene]",CC1CCc2ccccc2C1,146.233,738.13,32.09,475.97,0.442
C11H14,"1,2,3,4-tetrahydro-5-methylnaphthalene",Cc1cccc2c1CCCC2,146.233,738.13,33.43,456.93,0.442
C11H14,"1,2,3,4-tetrahydro-6-methylnaphthalene",Cc1ccc2c(c1)CCCC2,146.233,738.13,32.68,467.47,0.442
C11H14,"2,3-dihydro-1,2-dimethyl-1H-indene",CC1Cc2ccccc2C1C,146.233,730.42,26.42,572.21,0.442
C11H14,"2,3-dihydro-4,7-dimethyl-1H-indene",Cc1ccc(C)c2c1CCC2,146.233,730.42,27.17,556.33,0.442
C11H14,"2,3-dihydro-5,6-dimethyl-1H-indene",Cc1cc2c(cc1C)CCC2,146.233,730.42,27.03,559.23,0.442
C11H14,"1-ethyl-2,3-dihydro-1H-indene",CCC1CCc2ccccc21,146.233,730.42,26.68,566.49,0.442
C11H14,(1-ethylallyl)benzene,C=CC(CC)c1ccccc1,146.233,695.17,25.86,556.33,0.442
C11H14,(1-ethyl-1-propenyl)benzene,CC=C(CC)c1ccccc1,146.233,679.63,27.51,511.25,0.442
C11H14,4-isopropylstyrene,C=Cc1ccc(C(C)C)cc1,146.233,709.27,27.86,526.89,0.442
C11H14,(1-methyl-1-butenyl)benzene,CCC=C(C)c1ccccc1,146.233,695.17,27.67,519.83,0.442
C11H14,1-pentenylbenzene,CCCC=Cc1ccccc1,146.233,661.3,25.73,531.79,0.442
C11H14,"2-vinyl-1,3,5-trimethylbenzene",C=Cc1c(C)cc(C)cc1C,146.233,706.7,28.54,512.47,0.442
C11H14,"2,3-dihydro-4,6-dimethyl-1H-indene",Cc1cc(C)c2c(c1)CCC2,146.233,730.42,26.07,579.73,0.442
C11H14Cl2,"2,4-bis(chloromethyl)-1,3,5-trimethylbenzene",Cc1cc(C)c(CCl)c(C)c1CCl,217.139,811.73,27.91,583.78,0.435
C11H14Cl2,"4-tert-butyl-2,5-dichlorotoluene",Cc1cc(Cl)c(C(C)(C)C)cc1Cl,217.139,811.73,27.91,583.78,0.435
C11H14O2,butyl benzoate,CCCCOC(=O)c1ccccc1,178.231,724,25.06,555,0.878
C11H15Br,4-tert-butylbenzyl bromide,CC(C)(C)c1ccc(CBr)cc1,227.145,736.56,26.14,626.82,0.492
C11H15Cl,4-tert-butylbenzyl chloride,CC(C)(C)c1ccc(CCl)cc1,182.694,738.6,25.31,611.38,0.384
C11H16,pentylbenzene,CCCCCc1ccccc1,148.249,701.43,25.35,571.25,0.451
C11H16,2-phenylpentane,CCCC(C)c1ccccc1,148.249,701.43,25.33,571.57,0.451
C11H16,3-phenylpentane,CCC(CC)c1ccccc1,148.249,701.43,25.17,575.29,0.451
C11H16,1-phenyl-2-methylbutane,CCC(C)Cc1ccccc1,148.249,701.43,25.35,571.25,0.451
C11H16,1-phenyl-3-methylbutane,CC(C)CCc1ccccc1,148.249,701.43,25.24,573.67,0.451
C11H16,2-phenyl-2-methylbutane,CCC(C)(C)c1ccccc1,148.249,701.43,25.91,558.76,0.451
C11H16,2-phenyl-3-methylbutane,CC(C)C(C)c1ccccc1,148.249,701.43,25.74,562.56,0.451
C11H16,"1-phenyl-2,2-dimethylpropane",CC(C)(C)Cc1ccccc1,148.249,701.43,25.2,574.48,0.451
C11H16,1-methyl-2-butylbenzene,CCCCc1ccccc1C,148.249,701.43,25.77,561.78,0.451
C11H16,1-methyl-3-butylbenzene,CCCCc1cccc(C)c1,148.249,701.43,25.35,571.25,0.451
C11H16,1-methyl-4-butylbenzene,CCCCc1ccc(C)cc1,148.249,701.43,25.49,568.06,0.451
C11H16,1-methyl-2-sec-butylbenzene,CCC(C)c1ccccc1C,148.249,701.43,25.85,560.23,0.451
C11H16,1-methyl-3-sec-butylbenzene,CCC(C)c1cccc(C)c1,148.249,701.43,25.31,572.05,0.451
C11H16,1-methyl-4-sec-butylbenzene,CCC(C)c1ccc(C)cc1,148.249,701.43,25.6,565.69,0.451
C11H16,1-methyl-2-isobutylbenzene,Cc1ccccc1CC(C)C,148.249,701.43,25.56,566.48,0.451
C11H16,1-methyl-3-isobutylbenzene,Cc1cccc(CC(C)C)c1,148.249,701.43,25.16,575.53,0.451
C11H16,1-methyl-4-isobutylbenzene,Cc1ccc(CC(C)C)cc1,148.249,701.43,25.09,577.08,0.451
C11H16,1-methyl-2-tert-butyl benzene,Cc1ccccc1C(C)(C)C,148.249,701.43,26.45,547.5,0.451
C11H16,1-methyl-3-tert-butylbenzene,Cc1cccc(C(C)(C)C)c1,148.249,701.43,25.59,565.85,0.451
C11H16,1-methyl-4-tert-butylbenzene,Cc1ccc(C(C)(C)C)cc1,148.249,701.43,25.43,569.41,0.451
C11H16,1-ethyl-2-propylbenzene,CCCc1ccccc1CC,148.249,701.43,25.9,559.07,0.451
C11H16,1-ethyl-3-propylbenzene,CCCc1cccc(CC)c1,148.249,701.43,25.41,569.81,0.451
C11H16,1-ethyl-4-propylbenzene,CCCc1ccc(CC)cc1,148.249,701.43,25.36,570.85,0.451
C11H16,1-ethyl-2-isopropylbenzene,CCc1ccccc1C(C)C,148.249,701.43,26.38,548.84,0.451
C11H16,1-ethyl-3-isopropylbenzene,CCc1cccc(C(C)C)c1,148.249,701.43,25.35,571.25,0.451
C11H16,1-ethyl-4-isopropylbenzene,CCc1ccc(C(C)C)cc1,148.249,701.43,25.33,571.57,0.451
C11H16,"1,2-dimethyl-3-propylbenzene",CCCc1cccc(C)c1C,148.249,701.43,26.33,549.96,0.451
C11H16,"1,2-dimethyl-4-propylbenzene",CCCc1ccc(C)c(C)c1,148.249,701.43,25.8,561.31,0.451
C11H16,"1,3-dimethyl-2-propylbenzene",CCCc1c(C)cccc1C,148.249,701.43,26.3,550.56,0.451
C11H16,"1,3-dimethyl-4-propylbenzene",CCCc1ccc(C)cc1C,148.249,701.43,25.82,560.69,0.451
C11H16,"1,3-dimethyl-5-propylbenzene",CCCc1cc(C)cc(C)c1,148.249,701.43,25.41,569.81,0.451
C11H16,"1,4-dimethyl-2-propylbenzene",CCCc1cc(C)ccc1C,148.249,701.43,25.8,561.16,0.451
C11H16,"1,2-dimethyl-3-isopropylbenzene",Cc1cccc(C(C)C)c1C,148.249,701.43,26.38,548.84,0.451
C11H16,"1,2-dimethyl-4-isopropylbenzene",Cc1ccc(C(C)C)cc1C,148.249,701.43,25.74,562.56,0.451
C11H16,"1,3-dimethyl-2-isopropylbenzene",Cc1cccc(C)c1C(C)C,148.249,701.43,26.45,547.35,0.451
C11H16,"1,3-dimethyl-4-isopropylbenzene",Cc1ccc(C(C)C)c(C)c1,148.249,701.43,25.85,560.23,0.451
C11H16,"1,3-dimethyl-5-isopropylbenzene",Cc1cc(C)cc(C(C)C)c1,148.249,701.43,25.45,568.86,0.451
C11H16,"1,4-dimethyl-2-isopropylbenzene",Cc1ccc(C)c(C(C)C)c1,148.249,701.43,25.88,559.53,0.451
C11H16,"1-methyl-2,3-diethylbenzene",CCc1cccc(C)c1CC,148.249,701.43,26.49,546.54,0.451
C11H16,"1-methyl-2,4-diethylbenzene",CCc1ccc(C)c(CC)c1,148.249,701.43,25.91,558.76,0.451
C11H16,"1-methyl-2,5-diethylbenzene",CCc1ccc(CC)c(C)c1,148.249,701.43,25.95,557.99,0.451
C11H16,"1-methyl-2,6-diethyl benzene",CCc1cccc(CC)c1C,148.249,701.43,26.48,546.76,0.451
C11H16,"1-methyl-3,4-diethylbenzene",CCc1ccc(C)cc1CC,148.249,701.43,25.96,557.68,0.451
C11H16,"1-methyl-3,5-diethylbenzene",CCc1cc(C)cc(CC)c1,148.249,701.43,25.49,567.98,0.451
C11H16,"1,2,3-trimethyl-4-ethylbenzene",CCc1ccc(C)c(C)c1C,148.249,701.43,26.88,538.59,0.451
C11H16,"1,2,3-trimethyl-5-ethylbenzene",CCc1cc(C)c(C)c(C)c1,148.249,701.43,26.32,550.03,0.451
C11H16,"1,2,4-trimethyl-3-ethylbenzene",CCc1c(C)ccc(C)c1C,148.249,701.43,26.63,543.67,0.451
C11H16,"1,2,4-trimethyl-5-ethylbenzene",CCc1cc(C)c(C)cc1C,148.249,701.43,26.2,552.59,0.451
C11H16,"1,3,5-trimethyl-2-ethylbenzene",CCc1c(C)cc(C)cc1C,148.249,701.43,26.2,552.59,0.451
C11H16,pentamethylbenzene,Cc1cc(C)c(C)c(C)c1C,148.249,,,525.22,0.451
C11H16,"1-ethyl-2,3,5-trimethylbenzene",CCc1cc(C)cc(C)c1C,148.249,701.43,26.59,544.62,0.451
C11H16,"5-propyl-1,5-octadien-3-yne",C=CC#CC(=CCC)CCC,148.249,713.18,26.58,553.89,0.451
C11H16,"1,10-undecadiyne",C#CCCCCCCCC#C,148.249,720.23,26.45,562.02,0.451
C11H16O,p-tert-amylphenol,CCC(C)(C)c1ccc(O)cc1,164.248,783.01,29.14,525.3,0.825
C11H16O,2-butyl-4-methylphenol,CCCCc1cc(C)ccc1O,164.248,783.01,29.47,519.45,0.825
C11H16O,2-tert-butyl-4-methylphenol,Cc1ccc(O)c(C(C)(C)C)c1,164.248,783.01,27.89,548.78,0.825
C11H16O,2-tert-butyl-5-methylphenol,Cc1ccc(C(C)(C)C)c(O)c1,164.248,783.01,27.79,550.71,0.825
C11H16O,2-tert-butyl-6-methylphenol,Cc1cccc(C(C)(C)C)c1O,164.248,783.01,27.87,549.28,0.825
C11H16O,4-tert-butyl-2-methylphenol,Cc1cc(C(C)(C)C)ccc1O,164.248,783.01,29.36,521.39,0.825
C11H16O,4-isopentylphenol,CC(C)CCc1ccc(O)cc1,164.248,783.01,29.04,527.16,0.825
C11H16O,5-methyl-2-sec-butylphenol,CCC(C)c1ccc(C)cc1O,164.248,783.01,28.33,540.21,0.825
C11H16O,pentamethylphenol,Cc1c(C)c(C)c(O)c(C)c1C,164.248,783.01,29.14,525.3,0.825
C11H16O,4-pentylphenol,CCCCCc1ccc(O)cc1,164.248,783.01,29.18,524.65,0.825
C11H16O,2-(1-methylbutyl)phenol,CCCC(C)c1ccccc1O,164.248,783.01,29.14,525.3,0.825
C11H16O,o-amylphenol,CCCCCc1ccccc1O,164.248,783.01,29.14,525.3,0.825
C11H16O,4-sec-amylphenol,CCCC(C)c1ccc(O)cc1,164.248,783.01,29.14,525.3,0.825
C11H17N,"N,N-diethyl-2-methylaniline",CCN(CC)c1ccccc1C,163.264,760.12,24.46,622.4,0.561
C11H17N,"N,N-diethyl-4-methylaniline",CCN(CC)c1ccc(C)cc1,163.264,760.12,24.32,625.96,0.561
C11H17N,4-isopentylaniline,CC(C)CCc1ccc(N)cc1,163.264,812.12,26.11,622.88,0.561
C11H17N,N-isopentylaniline,CC(C)CCNc1ccccc1,163.264,785.12,24.05,653.88,0.561
C11H17N,"2,3,4,5,6-pentamethylaniline",Cc1c(C)c(C)c(N)c(C)c1C,163.264,812.12,25.63,634.6,0.561
C11H17N,p-tert-pentylaniline,CCC(C)(C)c1ccc(N)cc1,163.264,812.12,25.63,634.6,0.561
C11H17N,N-ethyl-alpha-methylbenzeneethanamine,CCNC(C)Cc1ccccc1,163.264,785.12,26.55,592.24,0.561
C11H17N,N-benzyl-tert-butylamine,CC(C)(C)NCc1ccccc1,163.264,785.12,25.41,618.72,0.561
C11H17N,N-butylbenzylamine,CCCCNCc1ccccc1,163.264,785.12,26.46,594.35,0.561
C11H17N,"N,N-diethyl-m-toluidine",CCN(CC)c1cccc(C)c1,163.264,760.12,24.22,628.57,0.561
C11H17N,N-ethyl-N-isopropylaniline,CCN(c1ccccc1)C(C)C,163.264,760.12,24.38,624.5,0.561
C11H17N,"N,N,2,4,6-pentamethylaniline",Cc1cc(C)c(N(C)C)c(C)c1,163.264,760.12,23.78,640.23,0.561
C11H17N,4-pentylaniline,CCCCCc1ccc(N)cc1,163.264,812.12,25.81,630.21,0.561
C11H17N,N-pentylaniline,CCCCCNc1ccccc1,163.264,785.12,25.59,614.6,0.561
C11H18,1-undecen-3-yne,C=CC#CCCCCCCC,150.265,702.95,24.52,590.2,0.459
C11H18,ethyl-tetramethylcyclopentadiene,CCC1C(C)=C(C)C(C)=C1C,150.265,695.9,25.34,565.55,0.459
C11H18,"1,3,5-undecatriene",C=CC=CC=CCCCCC,150.265,695.9,25.71,557.28,0.459
C11H18O,2-heptylfuran,CCCCCCCc1ccco1,166.264,655.55,20.53,622.71,0.833
C11H18S,2-heptylthiophene,CCCCCCCc1cccs1,182.332,725.07,22.4,625.83,0.583
C11H18S,3-heptylthiophene,CCCCCCCc1ccsc1,182.332,725.07,21.28,658.8,0.583
C11H18S,2-isoheptylthiophene,CC(C)CCCCc1cccs1,182.332,725.07,22.4,625.83,0.583
C11H18S,3-isoheptylthiophene,CC(C)CCCCc1ccsc1,182.332,725.07,22.4,625.83,0.583
C11H18S,2-sec-heptylthiophene,CCCCCC(C)c1cccs1,182.332,725.07,22.4,625.83,0.583
C11H18S,3-sec-heptylthiophene,CCCCCC(C)c1ccsc1,182.332,725.07,22.4,625.83,0.583
C11H18S,2-tert-heptylthiophene,CCCCC(C)(C)c1cccs1,182.332,725.07,22.4,625.83,0.583
C11H18S,3-tert-heptylthiophene,CCCCC(C)(C)c1ccsc1,182.332,725.07,22.4,625.83,0.583
C11H18S,2-methyl-3-hexylthiophene,CCCCCCc1ccsc1C,182.332,725.07,22.4,625.83,0.583
C11H18S,2-methyl-4-hexyl thiophene,CCCCCCc1csc(C)c1,182.332,725.07,22.4,625.83,0.583
C11H18S,2-methyl-5-hexyl thiophene,CCCCCCc1ccc(C)s1,182.332,725.07,22.4,625.83,0.583
C11H18S,3-methyl-2-hexylthiophene,CCCCCCc1sccc1C,182.332,725.07,22.4,625.83,0.583
C11H18S,3-methyl-4-hexyl thiophene,CCCCCCc1cscc1C,182.332,725.07,22.4,625.83,0.583
C11H18S,3-methyl-5-hexylthiophene,CCCCCCc1cc(C)cs1,182.332,725.07,22.4,625.83,0.583
C11H20,2-methyl-trans-decahydronaphthalene,C[C@H]1CC[C@H]2CCCC[C@@H]2C1,152.281,717.95,25.13,586.81,0.468
C11H20,4a-methyl-cis-decahydronaphthalene,C[C@]12CCCC[C@H]1CCCC2,152.281,717.95,25.13,586.81,0.468
C11H20,4a-methyl-trans-decahydronaphthalene,C[C@]12CCCC[C@@H]1CCCC2,152.281,717.95,24.9,592.22,0.468
C11H20,1-hexylcyclopentene,CCCCCCC1=CCCC1,152.281,667.95,22.91,598.94,0.468
C11H20,1-undecyne,C#CCCCCCCCCC,152.281,652.95,21.45,625.26,0.468
C11H20,2-undecyne,CC#CCCCCCCCC,152.281,652.95,21.91,612.15,0.468
C11H20,3-undecyne,CCC#CCCCCCCC,152.281,652.95,22.35,599.94,0.468
C11H20,4-undecyne,CCCC#CCCCCCC,152.281,652.95,21.66,619.26,0.468
C11H20,5-undecyne,CCCCC#CCCCCC,152.281,652.95,21.66,619.17,0.468
C11H20,"3,3-dimethyl-4-nonyne",CCCCC#CC(C)(C)CC,152.281,652.95,21.37,627.51,0.468
C11H20,3-hexylcyclopentene,CCCCCCC1C=CCC1,152.281,667.95,22.91,598.94,0.468
C11H20,2-methyldecalin,CC1CCC2CCCCC2C1,152.281,717.95,24.9,592.22,0.468
C11H20O,2-undecenal,CCCCCCCCC=CC=O,168.28,758.07,21.48,686.35,0.841
C11H20O,trans-2-undecenal,CCCCCCCC/C=C/C=O,168.28,758.07,21.48,686.35,0.841
C11H20O,8-undecenal,CCC=CCCCCCCC=O,168.28,758.07,21.36,690.25,0.841
C11H20O,9-undecenal,CC=CCCCCCCCC=O,168.28,758.07,21.95,671.9,0.841
C11H20O,10-undecenal,C=CCCCCCCCCC=O,168.28,758.07,20.94,704.23,0.841
C11H20O2,cis-9-undecenoic acid,C/C=C\CCCCCCCC(=O)O,184.279,777.35,19.32,767.12,0.9
C11H20O2,trans-9-undecenoic acid,C/C=C/CCCCCCCC(=O)O,184.279,777.35,19.24,770.35,0.9
C11H20O2,10-undecenoic acid,C=CCCCCCCCCC(=O)O,184.279,777.35,19.13,774.74,0.9
C11H20O2,(Z)-isovaleric acid 3-hexenyl,CC/C=C\CCOC(=O)CC(C)C,184.279,777.35,19.62,755.32,0.9
C11H20O2,2-ethylhexyl acrylate,C=CC(=O)OCC(CC)CCCC,184.279,655,18.81,664,0.9
C11H20O2,vinyl nonanoate,C=COC(=O)CCCCCCCC,184.279,657.35,17.23,727.45,0.9
C11H20O2,allyl octanoate,C=CCOC(=O)CCCCCCC,184.279,657.35,16.9,741.67,0.9
C11H20O2,N-octyl acrylate,C=CC(=O)OCCCCCCCC,184.279,657.35,17.76,705.81,0.9
C11H20O2,citronellyl formate,CC(C)=CCCC(C)CCOC=O,184.279,657.35,17.76,705.81,0.9
C11H20O2,cis-3-hexenyl 2-methylbutyrate,CC/C=C\CCOC(=O)C(C)CC,184.279,657.35,17.76,705.81,0.9
C11H20O2,cis-3-hexenyl valerate,CC/C=C\CCOC(=O)CCCC,184.279,657.35,17.76,705.81,0.9
C11H20O2,isooctyl acrylate,C=CC(=O)OCCCCCC(C)C,184.279,657.35,17.76,705.81,0.9
C11H20O4,octylpropanedioic acid,CCCCCCCCC(C(=O)O)C(=O)O,216.277,949.69,20.03,868.67,1.008
C11H20O4,"a, a, a', a'-tetramethylheptanedioic acid",CC(C)(CCCC(C)(C)C(=O)O)C(=O)O,216.277,949.69,19.83,877.76,1.008
C11H20O4,undecanedioic acid,O=C(O)CCCCCCCCCC(=O)O,216.277,949.69,19.83,877.76,1.008
C11H21Br,cis-1-bromo-1-undecene,CCCCCCCCC/C=C\Br,233.193,713.82,21.22,742.57,0.731
C11H21Br,trans-1-bromo-1-undecene,CCCCCCCCC/C=C/Br,233.193,713.82,21.22,742.57,0.731
C11H21Br,11-bromo-1-undecene,C=CCCCCCCCCCBr,233.193,713.82,21.28,740.31,0.731
C11H21Cl,cis-1-chloro-1-undecene,CCCCCCCCC/C=C\Cl,188.742,717.03,21.16,704.64,0.463
C11H21Cl,trans-1-chloro-1-undecene,CCCCCCCCC/C=C/Cl,188.742,717.03,21.16,704.64,0.463
C11H21Cl3,"1,1,1-trichloroundecane",CCCCCCCCCCC(Cl)(Cl)Cl,259.648,724.08,14.82,930.09,0.39
C11H21F,cis-1-fluoro-1-undecene,CCCCCCCCC/C=C\F,172.287,603.62,21.48,582.65,0.299
C11H21F,trans-1-fluoro-1-undecene,CCCCCCCCC/C=C/F,172.287,603.62,21.48,582.65,0.299
C11H21F3,"1,1,1-trifluoroundecane",CCCCCCCCCCC(F)(F)F,210.283,560.6,16.62,667.26,0.398
C11H21N,undecanenitrile,CCCCCCCCCCC#N,167.296,791.21,21.14,746.01,0.577
C11H22,hexylcyclopentane,CCCCCCC1CCCC1,154.297,666.17,22.29,612.2,0.476
C11H22,pentylcyclohexane,CCCCCC1CCCCC1,154.297,671.17,21.68,634.33,0.476
C11H22,isopentylcyclohexane,CC(C)CCC1CCCCC1,154.297,671.17,21.75,632.15,0.476
C11H22,cycloundecane,C1CCCCCCCCCC1,154.297,728.78,27.37,545.5,0.476
C11H22,1-undecene,C=CCCCCCCCCC,154.297,641.17,19.97,657.72,0.476
C11H22,cis-2-undecene,C/C=C\CCCCCCCC,154.297,641.17,21.04,624.4,0.476
C11H22,trans-2-undecene,C/C=C/CCCCCCCC,154.297,641.17,20.16,651.64,0.476
C11H22,3-undecene,CCC=CCCCCCCC,154.297,641.17,20.12,652.89,0.476
C11H22,cis-4-undecene,CCC/C=C\CCCCCC,154.297,641.17,20.2,650.29,0.476
C11H22,trans-4-undecene,CCC/C=C/CCCCCC,154.297,641.17,20.09,653.73,0.476
C11H22,cis-5-undecene,CCCC/C=C\CCCCC,154.297,641.17,20.19,650.71,0.476
C11H22,trans-5-undecene,CCCC/C=C/CCCCC,154.297,641.17,20.06,654.88,0.476
C11H22,2-methyl-1-decene,C=C(C)CCCCCCCC,154.297,641.17,20.09,653.93,0.476
C11H22,"3,3-dimethyl-4-nonene",CCCCC=CC(C)(C)CC,154.297,641.17,20.74,633.36,0.476
C11H22Br2,"1,1-dibromoundecane",CCCCCCCCCCC(Br)Br,314.105,780.17,19.47,799.9,0.582
C11H22Br2,"1,11-dibromoundecane",BrCCCCCCCCCCCBr,314.105,780.17,19.47,799.9,0.582
C11H22Cl2,"1,1-dichloroundecane",CCCCCCCCCCC(Cl)Cl,225.203,744.2,18.46,800.85,0.476
C11H22F2,"1,1-difluoroundecane",CCCCCCCCCCC(F)F,192.293,631.89,20.45,625.13,0.424
C11H22O,4-tert-amylcyclohexanol,CCC(C)(C)C1CCC(O)CC1,170.296,750.57,22.52,646.57,0.848
C11H22O,undecanal,CCCCCCCCCCC=O,170.296,699.57,19.78,686.18,0.848
C11H22O,2-methyldecanal,CCCCCCCCC(C)C=O,170.296,699.57,20.08,675.95,0.848
C11H22O,3-methyldecanal,CCCCCCCC(C)CC=O,170.296,699.57,20.08,675.95,0.848
C11H22O,2-undecanone,CCCCCCCCCC(C)=O,170.296,690.57,19.39,691.16,0.848
C11H22O,3-undecanone,CCCCCCCCC(=O)CC,170.296,690.57,19.53,685.98,0.848
C11H22O,4-undecanone,CCCCCCCC(=O)CCC,170.296,690.57,19.54,685.78,0.848
C11H22O,5-undecanone,CCCCCCC(=O)CCCC,170.296,690.57,19.55,685.38,0.848
C11H22O,6-undecanone,CCCCCC(=O)CCCCC,170.296,690.57,19.63,682.41,0.848
C11H22O,2-methyl-3-decanone,CCCCCCCC(=O)C(C)C,170.296,690.57,19.59,683.94,0.848
C11H22O,2-methyl-4-decanone,CCCCCCC(=O)CC(C)C,170.296,690.57,19.59,683.94,0.848
C11H22O,2-undecen-1-ol,CCCCCCCCC=CCO,170.296,730.57,21.35,663.96,0.848
C11H22O,7-undecen-1-ol,CCCC=CCCCCCCO,170.296,730.57,21.74,652.09,0.848
C11H22O,8-undecen-1-ol,CCC=CCCCCCCCO,170.296,730.57,21.74,652.09,0.848
C11H22O,9-undecen-1-ol,CC=CCCCCCCCCO,170.296,730.57,21.74,652.09,0.848
C11H22O,10-undecen-1-ol,C=CCCCCCCCCCO,170.296,730.57,21.23,667.73,0.848
C11H22O,2-undecen-4-ol,CC=CC(O)CCCCCCC,170.296,730.57,21.74,652.09,0.848
C11H22O2,undecanoic acid,CCCCCCCCCCC(=O)O,186.295,749.7,19.22,742,0.907
C11H22O2,2-methyldecanoic acid,CCCCCCCCC(C)C(=O)O,186.295,749.7,19.22,742,0.907
C11H22O2,3-methyldecanoic acid,CCCCCCCC(C)CC(=O)O,186.295,749.7,19.22,742,0.907
C11H22O2,6-methyldecanoic acid,CCCCC(C)CCCCC(=O)O,186.295,749.7,19.22,742,0.907
C11H22O2,8-methyldecanoic acid,CCC(C)CCCCCCC(=O)O,186.295,749.7,19.22,742,0.907
C11H22O2,"2,2-dimethylnonanoic acid",CCCCCCCC(C)(C)C(=O)O,186.295,749.7,19.22,742,0.907
C11H22O2,2-ethylnonanoic acid,CCCCCCCC(CC)C(=O)O,186.295,749.7,19.22,742,0.907
C11H22O2,decyl formate,CCCCCCCCCCOC=O,186.295,659.7,17.51,716.57,0.907
C11H22O2,nonyl acetate,CCCCCCCCCOC(C)=O,186.295,659.7,17.3,725.14,0.907
C11H22O2,1-methyloctyl acetate,CCCCCCCC(C)OC(C)=O,186.295,659.7,17.51,716.57,0.907
C11H22O2,7-methyloctyl acetate,CC(=O)OCCCCCCC(C)C,186.295,659.7,17.51,716.57,0.907
C11H22O2,"3,5,5-trimethylhexyl acetate",CC(=O)OCCC(C)CC(C)(C)C,186.295,659.7,17.51,716.57,0.907
C11H22O2,1-ethylheptyl acetate,CCCCCCC(CC)OC(C)=O,186.295,659.7,17.21,729.19,0.907
C11H22O2,octyl propanoate,CCCCCCCCOC(=O)CC,186.295,659.7,17.45,719.15,0.907
C11H22O2,heptyl butanoate,CCCCCCCOC(=O)CCC,186.295,659.7,17.1,733.8,0.907
C11H22O2,heptyl isobutanoate,CCCCCCCOC(=O)C(C)C,186.295,659.7,17.51,716.57,0.907
C11H22O2,hexyl pentanoate,CCCCCCOC(=O)CCCC,186.295,659.7,17.29,725.65,0.907
C11H22O2,1-methylpentyl pentanoate,CCCCC(=O)OC(C)CCCC,186.295,659.7,17.51,716.57,0.907
C11H22O2,hexyl isopentanoate,CCCCCCOC(=O)CC(C)C,186.295,659.7,17.18,730.21,0.907
C11H22O2,hexyl tert-pentanoate,CCCCCCOC(=O)C(C)CC,186.295,659.7,17.29,725.65,0.907
C11H22O2,pentyl hexanoate,CCCCCOC(=O)CCCCC,186.295,659.7,17.24,727.97,0.907
C11H22O2,isopentyl hexanoate,CCCCCC(=O)OCCC(C)C,186.295,659.7,17.23,728.18,0.907
C11H22O2,butyl heptanoate,CCCCCCC(=O)OCCCC,186.295,659.7,17.3,725.34,0.907
C11H22O2,isobutyl heptanoate,CCCCCCC(=O)OCC(C)C,186.295,659.7,17.19,729.9,0.907
C11H22O2,propyl octanoate,CCCCCCCC(=O)OCCC,186.295,659.7,17.35,723.23,0.907
C11H22O2,isopropyl octanoate,CCCCCCCC(=O)OC(C)C,186.295,659.7,17.1,733.8,0.907
C11H22O2,ethyl nonanoate,CCCCCCCCC(=O)OCC,186.295,659.7,17.34,723.43,0.907
C11H22O2,methyl decanoate,CCCCCCCCCC(=O)OC,186.295,659.7,17.52,716.18,0.907
C11H22S,thiacyclododecane,C1CCCCCSCCCCC1,186.364,796.44,26.26,583.5,0.597
C11H23Br,1-bromoundecane,CCCCCCCCCCCBr,235.209,696.21,19.27,795.45,0.737
C11H23Cl,1-chloroundecane,CCCCCCCCCCCCl,190.758,699.79,19.02,763.09,0.466
C11H23F,1-fluoroundecane,CCCCCCCCCCCF,174.303,646.57,22.08,605.78,0.37
C11H23N,1-(1-ethyl-1-methylpropyl)piperidine,CCC(C)(CC)N1CCCCC1,169.312,749.22,21.42,695.3,0.585
C11H23N,1-hexylpiperidine,CCCCCCN1CCCCC1,169.312,749.22,20.46,727.83,0.585
C11H23NO2,1-nitroundecane,CCCCCCCCCCC[N+](=O)[O-],201.31,843.96,17.3,931.67,0.699
C11H24,undecane,CCCCCCCCCCC,156.313,,,619.2,
C11H24,2-methyldecane,CCCCCCCCC(C)C,156.313,629.35,20.64,623.15,0.484
C11H24,3-methyldecane,CCCCCCCC(C)CC,156.313,629.35,20.86,616.59,0.484
C11H24,4-methyldecane,CCCCCCC(C)CCC,156.313,629.35,20.82,617.69,0.484
C11H24,5-methyldecane,CCCCCC(C)CCCC,156.313,629.35,20.85,616.99,0.484
C11H24,"2,2-dimethylnonane",CCCCCCCC(C)(C)C,156.313,629.35,20.59,624.79,0.484
C11H24,"2,3-dimethylnonane",CCCCCCC(C)C(C)C,156.313,629.35,21,612.41,0.484
C11H24,"2,4-dimethylnonane",CCCCCC(C)CC(C)C,156.313,629.35,20.7,621.42,0.484
C11H24,"2,5-dimethylnonane",CCCCC(C)CCC(C)C,156.313,629.35,20.75,619.7,0.484
C11H24,"2,6-dimethylnonane",CCCC(C)CCCC(C)C,156.313,629.35,20.76,619.4,0.484
C11H24,"2,7-dimethylnonane",CCC(C)CCCCC(C)C,156.313,629.35,20.78,618.89,0.484
C11H24,"2,8-dimethylnonane",CC(C)CCCCCC(C)C,156.313,629.35,20.52,626.64,0.484
C11H24,"3,3-dimethylnonane",CCCCCCC(C)(C)CC,156.313,629.35,20.99,612.61,0.484
C11H24,"3,4-dimethylnonane",CCCCCC(C)C(C)CC,156.313,629.35,21.13,608.77,0.484
C11H24,"3,5-dimethylnonane",CCCCC(C)CC(C)CC,156.313,629.35,20.96,613.6,0.484
C11H24,"3,6-dimethylnonane",CCCC(C)CCC(C)CC,156.313,629.35,20.97,613.3,0.484
C11H24,"3,7-dimethylnonane",CCC(C)CCCC(C)CC,156.313,629.35,20.99,612.71,0.484
C11H24,"4,4-dimethylnonane",CCCCCC(C)(C)CCC,156.313,629.35,20.98,613.1,0.484
C11H24,"4,5-dimethylnonane",CCCCC(C)C(C)CCC,156.313,629.35,21.13,608.77,0.484
C11H24,"4,6-dimethylnonane",CCCC(C)CC(C)CCC,156.313,629.35,20.95,613.8,0.484
C11H24,"5,5-dimethylnonane",CCCCC(C)(C)CCCC,156.313,629.35,20.97,613.4,0.484
C11H24,"2,2,3-trimethyloctane",CCCCCC(C)C(C)(C)C,156.313,629.35,21.15,608.19,0.484
C11H24,"2,2,4-trimethyloctane",CCCCC(C)CC(C)(C)C,156.313,629.35,20.68,621.83,0.484
C11H24,"2,2,5-trimethyloctane",CCCC(C)CCC(C)(C)C,156.313,629.35,20.68,621.83,0.484
C11H24,"2,2,6-trimethyloctane",CCC(C)CCCC(C)(C)C,156.313,629.35,20.7,621.32,0.484
C11H24,"2,2,7-trimethyloctane",CC(C)CCCCC(C)(C)C,156.313,629.35,20.5,627.46,0.484
C11H24,"2,3,3-trimethyloctane",CCCCCC(C)(C)C(C)C,156.313,629.35,21.37,601.81,0.484
C11H24,"2,3,4-trimethyloctane",CCCCC(C)C(C)C(C)C,156.313,629.35,21.33,602.87,0.484
C11H24,"2,3,5-trimethyloctane",CCCC(C)CC(C)C(C)C,156.313,629.35,21.1,609.56,0.484
C11H24,"2,3,6-trimethyloctane",CCC(C)CCC(C)C(C)C,156.313,629.35,21.12,608.97,0.484
C11H24,"2,3,7-trimethyloctane",CC(C)CCCC(C)C(C)C,156.313,629.35,20.91,615.09,0.484
C11H24,"2,4,4-trimethyloctane",CCCCC(C)(C)CC(C)C,156.313,629.35,20.82,617.69,0.484
C11H24,"2,4,5-trimethyloctane",CCCC(C)C(C)CC(C)C,156.313,629.35,21.09,609.75,0.484
C11H24,"2,4,6-trimethyloctane",CCC(C)CC(C)CC(C)C,156.313,629.35,20.87,616.19,0.484
C11H24,"2,4,7-trimethyloctane",CC(C)CCC(C)CC(C)C,156.313,629.35,20.53,626.53,0.484
C11H24,"2,5,5-trimethyloctane",CCCC(C)(C)CCC(C)C,156.313,629.35,20.89,615.69,0.484
C11H24,"2,5,6-trimethyloctane",CCC(C)C(C)CCC(C)C,156.313,629.35,21.11,609.26,0.484
C11H24,"2,6,6-trimethyloctane",CCC(C)(C)CCCC(C)C,156.313,629.35,20.92,614.89,0.484
C11H24,"3,3,4-trimethyloctane",CCCCC(C)C(C)(C)CC,156.313,629.35,21.59,595.74,0.484
C11H24,"3,3,5-trimethyloctane",CCCC(C)CC(C)(C)CC,156.313,629.35,21.11,609.26,0.484
C11H24,"3,3,6-trimethyloctane",CCC(C)CCC(C)(C)CC,156.313,629.35,21.13,608.77,0.484
C11H24,"3,4,4-trimethyloctane",CCCCC(C)(C)C(C)CC,156.313,629.35,21.58,595.93,0.484
C11H24,"3,4,5-trimethyloctane",CCCC(C)C(C)C(C)CC,156.313,629.35,21.55,596.78,0.484
C11H24,"3,4,6-trimethyloctane",CCC(C)CC(C)C(C)CC,156.313,629.35,21.32,603.15,0.484
C11H24,"3,5,5-trimethyloctane",CCCC(C)(C)CC(C)CC,156.313,629.35,21.1,609.56,0.484
C11H24,"4,4,5-trimethyloctane",CCCC(C)C(C)(C)CCC,156.313,629.35,21.57,596.21,0.484
C11H24,"2,2,3,3-tetramethylheptane",CCCCC(C)(C)C(C)(C)C,156.313,629.35,21.7,592.66,0.484
C11H24,"2,2,3,4-tetramethylheptane",CCCC(C)C(C)C(C)(C)C,156.313,629.35,21.49,598.38,0.484
C11H24,"2,2,3,5-tetramethylheptane",CCC(C)CC(C)C(C)(C)C,156.313,629.35,21.27,604.69,0.484
C11H24,"2,2,3,6-tetramethylheptane",CC(C)CCC(C)C(C)(C)C,156.313,629.35,21.06,610.83,0.484
C11H24,"2,2,4,4-tetramethylheptane",CCCC(C)(C)CC(C)(C)C,156.313,629.35,21.25,605.27,0.484
C11H24,"2,2,4,5-tetramethylheptane",CCC(C)C(C)CC(C)(C)C,156.313,629.35,21.03,611.72,0.484
C11H24,"2,2,4,6-tetramethylheptane",CC(C)CC(C)CC(C)(C)C,156.313,629.35,20.53,626.53,0.484
C11H24,"2,2,5,5-tetramethylheptane",CCC(C)(C)CCC(C)(C)C,156.313,629.35,20.83,617.39,0.484
C11H24,"2,2,5,6-tetramethylheptane",CC(C)C(C)CCC(C)(C)C,156.313,629.35,20.83,617.59,0.484
C11H24,"2,2,6,6-tetramethylheptane",CC(C)(C)CCCC(C)(C)C,156.313,629.35,20.42,629.95,0.484
C11H24,"2,3,3,4-tetramethylheptane",CCCC(C)C(C)(C)C(C)C,156.313,629.35,21.98,585.03,0.484
C11H24,"2,3,3,5-tetramethylheptane",CCC(C)CC(C)(C)C(C)C,156.313,629.35,21.49,598.38,0.484
C11H24,"2,3,3,6-tetramethylheptane",CC(C)CCC(C)(C)C(C)C,156.313,629.35,21.28,604.4,0.484
C11H24,"2,3,4,4-tetramethylheptane",CCCC(C)(C)C(C)C(C)C,156.313,629.35,21.73,592.01,0.484
C11H24,"2,3,4,5-tetramethylheptane",CCC(C)C(C)C(C)C(C)C,156.313,629.35,21.71,592.47,0.484
C11H24,"2,3,4,6-tetramethylheptane",CC(C)CC(C)C(C)C(C)C,156.313,629.35,21.24,605.47,0.484
C11H24,"2,3,5,5-tetramethylheptane",CCC(C)(C)CC(C)C(C)C,156.313,629.35,21.26,604.98,0.484
C11H24,"2,3,5,6-tetramethylheptane",CC(C)C(C)CC(C)C(C)C,156.313,629.35,21.25,605.18,0.484
C11H24,"2,4,4,5-tetramethylheptane",CCC(C)C(C)(C)CC(C)C,156.313,629.35,21.48,598.67,0.484
C11H24,"2,4,4,6-tetramethylheptane",CC(C)CC(C)(C)CC(C)C,156.313,629.35,20.8,618.49,0.484
C11H24,"2,4,5,5-tetramethylheptane",CCC(C)(C)C(C)CC(C)C,156.313,629.35,21.49,598.38,0.484
C11H24,"3,3,4,4-tetramethylheptane",CCCC(C)(C)C(C)(C)CC,156.313,629.35,22.25,577.93,0.484
C11H24,"3,3,4,5-tetramethylheptane",CCC(C)C(C)C(C)(C)CC,156.313,629.35,21.97,585.3,0.484
C11H24,"3,3,5,5-tetramethylheptane",CCC(C)(C)CC(C)(C)CC,156.313,629.35,21.73,592.01,0.484
C11H24,"3,4,4,5-tetramethylheptane",CCC(C)C(C)(C)C(C)CC,156.313,629.35,22.23,578.64,0.484
C11H24,"2,2,3,3,4-pentamethylhexane",CCC(C)C(C)(C)C(C)(C)C,156.313,629.35,22.43,573.34,0.484
C11H24,"2,2,3,3,5-pentamethylhexane",CC(C)CC(C)(C)C(C)(C)C,156.313,629.35,21.88,587.86,0.484
C11H24,"2,2,3,4,4-pentamethylhexane",CCC(C)(C)C(C)C(C)(C)C,156.313,629.35,22.4,574.13,0.484
C11H24,"2,2,3,4,5-pentamethylhexane",CC(C)C(C)C(C)C(C)(C)C,156.313,629.35,21.65,594.06,0.484
C11H24,"2,2,3,5,5-pentamethylhexane",CC(CC(C)(C)C)C(C)(C)C,156.313,629.35,21.15,608.09,0.484
C11H24,"2,2,4,4,5-pentamethylhexane",CC(C)C(C)(C)CC(C)(C)C,156.313,629.35,21.65,594.06,0.484
C11H24,"2,3,3,4,4-pentamethylhexane",CCC(C)(C)C(C)(C)C(C)C,156.313,629.35,22.69,566.76,0.484
C11H24,"2,3,3,4,5-pentamethylhexane",CC(C)C(C)C(C)(C)C(C)C,156.313,629.35,22.15,580.79,0.484
C11H24,"2,2,3,3,4,4-hexamethylpentane",CC(C)(C)C(C)(C)C(C)(C)C,156.313,629.35,23.16,555.4,0.484
C11H24,3-ethylnonane,CCCCCCC(CC)CC,156.313,629.35,21.06,610.64,0.484
C11H24,4-ethylnonane,CCCCCC(CC)CCC,156.313,629.35,21.04,611.42,0.484
C11H24,5-ethylnonane,CCCCC(CC)CCCC,156.313,629.35,21.03,611.72,0.484
C11H24,4-propyloctane,CCCCC(CCC)CCC,156.313,629.35,20.91,615.19,0.484
C11H24,4-isopropyloctane,CCCCC(CCC)C(C)C,156.313,629.35,21.15,607.99,0.484
C11H24,2-methyl-3-ethyloctane,CCCCCC(CC)C(C)C,156.313,629.35,21.18,607.12,0.484
C11H24,2-methyl-4-ethyloctane,CCCCC(CC)CC(C)C,156.313,629.35,20.93,614.39,0.484
C11H24,2-methyl-5-ethyloctane,CCCC(CC)CCC(C)C,156.313,629.35,20.94,614.09,0.484
C11H24,2-methyl-6-ethyloctane,CCC(CC)CCCC(C)C,156.313,629.35,20.97,613.3,0.484
C11H24,3-methyl-3-ethyloctane,CCCCCC(C)(CC)CC,156.313,629.35,21.32,603.15,0.484
C11H24,3-methyl-4-ethyloctane,CCCCC(CC)C(C)CC,156.313,629.35,21.39,601.33,0.484
C11H24,3-methyl-5-ethyloctane,CCCC(CC)CC(C)CC,156.313,629.35,21.04,611.32,0.484
C11H24,3-methyl-6-ethyloctane,CCC(C)CCC(CC)CC,156.313,629.35,21.18,607.12,0.484
C11H24,4-methyl-3-ethyloctane,CCCCC(C)C(CC)CC,156.313,629.35,21.4,601.05,0.484
C11H24,4-methyl-4-ethyloctane,CCCCC(C)(CC)CCC,156.313,629.35,21.41,600.86,0.484
C11H24,4-methyl-5-ethyloctane,CCCC(C)C(CC)CCC,156.313,629.35,21.38,601.62,0.484
C11H24,4-methyl-6-ethyloctane,CCCC(C)CC(CC)CC,156.313,629.35,21.16,607.7,0.484
C11H24,4-tert-butylheptane,CCCC(CCC)C(C)(C)C,156.313,629.35,21.31,603.44,0.484
C11H24,2-methyl-4-propylheptane,CCCC(CCC)CC(C)C,156.313,629.35,20.91,614.99,0.484
C11H24,3-methyl-4-propylheptane,CCCC(CCC)C(C)CC,156.313,629.35,21.37,601.91,0.484
C11H24,4-methyl-4-propylheptane,CCCC(C)(CCC)CCC,156.313,629.35,21.39,601.33,0.484
C11H24,2-methyl-3-isopropylheptane,CCCCC(C(C)C)C(C)C,156.313,629.35,21.29,604.21,0.484
C11H24,2-methyl-4-isopropylheptane,CCCC(CC(C)C)C(C)C,156.313,629.35,21.06,610.64,0.484
C11H24,3-methyl-4-isopropylheptane,CCCC(C(C)C)C(C)CC,156.313,629.35,21.52,597.53,0.484
C11H24,4-methyl-4-isopropylheptane,CCCC(C)(CCC)C(C)C,156.313,629.35,21.79,590.16,0.484
C11H24,"3,3-diethylheptane",CCCCC(CC)(CC)CC,156.313,629.35,21.78,590.62,0.484
C11H24,"3,4-diethylheptane",CCCC(CC)C(CC)CC,156.313,629.35,21.6,595.46,0.484
C11H24,"3,5-diethylheptane",CCC(CC)CC(CC)CC,156.313,629.35,21.38,601.62,0.484
C11H24,"4,4-diethylheptane",CCCC(CC)(CC)CCC,156.313,629.35,21.67,593.4,0.484
C11H24,"2,2-dimethyl-3-ethylheptane",CCCCC(CC)C(C)(C)C,156.313,629.35,21.54,597.16,0.484
C11H24,"2,2-dimethyl-4-ethylheptane",CCCC(CC)CC(C)(C)C,156.313,629.35,20.86,616.59,0.484
C11H24,"2,2-dimethyl-5-ethylheptane",CCC(CC)CCC(C)(C)C,156.313,629.35,20.89,615.69,0.484
C11H24,"2,3-dimethyl-3-ethylheptane",CCCCC(C)(CC)C(C)C,156.313,629.35,21.81,589.6,0.484
C11H24,"2,3-dimethyl-4-ethylheptane",CCCC(CC)C(C)C(C)C,156.313,629.35,21.53,597.34,0.484
C11H24,"2,3-dimethyl-5-ethylheptane",CCC(CC)CC(C)C(C)C,156.313,629.35,21.31,603.44,0.484
C11H24,"2,4-dimethyl-3-ethylheptane",CCCC(C)C(CC)C(C)C,156.313,629.35,21.53,597.34,0.484
C11H24,"2,4-dimethyl-4-ethylheptane",CCCC(C)(CC)CC(C)C,156.313,629.35,21.31,603.44,0.484
C11H24,"2,4-dimethyl-5-ethylheptane",CCC(CC)C(C)CC(C)C,156.313,629.35,21.31,603.63,0.484
C11H24,"2,5-dimethyl-3-ethylheptane",CCC(C)CC(CC)C(C)C,156.313,629.35,21.31,603.63,0.484
C11H24,"2,5-dimethyl-4-ethylheptane",CCC(C)C(CC)CC(C)C,156.313,629.35,21.3,603.92,0.484
C11H24,"2,5-dimethyl-5-ethylheptane",CCC(C)(CC)CCC(C)C,156.313,629.35,21.34,602.67,0.484
C11H24,"2,6-dimethyl-3-ethylheptane",CCC(CCC(C)C)C(C)C,156.313,629.35,21.09,609.75,0.484
C11H24,"2,6-dimethyl-4-ethylheptane",CCC(CC(C)C)CC(C)C,156.313,629.35,20.84,617.09,0.484
C11H24,"3,3-dimethyl-4-ethylheptane",CCCC(CC)C(C)(C)CC,156.313,629.35,21.79,590.16,0.484
C11H24,"3,3-dimethyl-5-ethylheptane",CCC(CC)CC(C)(C)CC,156.313,629.35,21.32,603.15,0.484
C11H24,"3,4-dimethyl-3-ethylheptane",CCCC(C)C(C)(CC)CC,156.313,629.35,22.05,583.22,0.484
C11H24,"3,4-dimethyl-4-ethylheptane",CCCC(C)(CC)C(C)CC,156.313,629.35,21.49,598.57,0.484
C11H24,"3,4-dimethyl-5-ethylheptane",CCC(C)C(C)C(CC)CC,156.313,629.35,21.78,590.62,0.484
C11H24,"3,5-dimethyl-3-ethylheptane",CCC(C)CC(C)(CC)CC,156.313,629.35,21.52,597.63,0.484
C11H24,"3,5-dimethyl-4-ethylheptane",CCC(C)C(CC)C(C)CC,156.313,629.35,21.77,590.9,0.484
C11H24,"4,4-dimethyl-3-ethylheptane",CCCC(C)(C)C(CC)CC,156.313,629.35,21.79,590.16,0.484
C11H24,"2,2-dimethyl-3-isopropylhexane",CCCC(C(C)C)C(C)(C)C,156.313,629.35,21.47,599.14,0.484
C11H24,"2,3-dimethyl-3-isopropylhexane",CCCC(C)(C(C)C)C(C)C,156.313,629.35,22.21,579,0.484
C11H24,"2,4-dimethyl-3-isopropylhexane",CCC(C)C(C(C)C)C(C)C,156.313,629.35,21.68,593.31,0.484
C11H24,"2,5-dimethyl-3-isopropylhexane",CC(C)CC(C(C)C)C(C)C,156.313,629.35,21.21,606.34,0.484
C11H24,"2-methyl-3,3-diethylhexane",CCCC(CC)(CC)C(C)C,156.313,629.35,22.29,577.13,0.484
C11H24,"2-methyl-3,4-diethylhexane",CCC(CC)C(CC)C(C)C,156.313,629.35,21.76,591.17,0.484
C11H24,"2-methyl-4,4-diethylhexane",CCC(CC)(CC)CC(C)C,156.313,629.35,21.78,590.43,0.484
C11H24,"3-methyl-3,4-diethylhexane",CCC(CC)C(C)(CC)CC,156.313,629.35,22.29,577.13,0.484
C11H24,"3-methyl-4,4-diethylhexane",CCC(C)C(CC)(CC)CC,156.313,629.35,22.54,570.55,0.484
C11H24,"2,2,3-trimethyl-3-ethylhexane",CCCC(C)(CC)C(C)(C)C,156.313,629.35,22.24,578.2,0.484
C11H24,"2,2,3-trimethyl-4-ethylhexane",CCC(CC)C(C)C(C)(C)C,156.313,629.35,21.72,592.29,0.484
C11H24,"2,2,4-trimethyl-3-ethylhexane",CCC(C)C(CC)C(C)(C)C,156.313,629.35,21.7,592.57,0.484
C11H24,"2,2,4-trimethyl-4-ethylhexane",CCC(C)(CC)CC(C)(C)C,156.313,629.35,21.72,592.29,0.484
C11H24,"2,2,5-trimethyl-3-ethylhexane",CCC(CC(C)C)C(C)(C)C,156.313,629.35,21.24,605.56,0.484
C11H24,"2,2,5-trimethyl-4-ethylhexane",CCC(CC(C)(C)C)C(C)C,156.313,629.35,21.01,612.21,0.484
C11H24,"2,3,3-trimethyl-4-ethylhexane",CCC(CC)C(C)(C)C(C)C,156.313,629.35,22.21,579,0.484
C11H24,"2,3,4-trimethyl-3-ethylhexane",CCC(C)C(C)(CC)C(C)C,156.313,629.35,22.47,572.38,0.484
C11H24,"2,3,4-trimethyl-4-ethylhexane",CCC(C)(CC)C(C)C(C)C,156.313,629.35,22.21,579,0.484
C11H24,"2,3,5-trimethyl-3-ethylhexane",CCC(C)(CC(C)C)C(C)C,156.313,629.35,21.72,592.29,0.484
C11H24,"2,3,5-trimethyl-4-ethylhexane",CCC(C(C)C)C(C)C(C)C,156.313,629.35,21.69,593.03,0.484
C11H24,"2,4,4-trimethyl-3-ethylhexane",CCC(C(C)C)C(C)(C)CC,156.313,629.35,21.95,585.85,0.484
C11H24,"3,3,4-trimethyl-4-ethylhexane",CCC(C)(C)C(C)(CC)CC,156.313,629.35,22.77,564.96,0.484
C11H24,"2,2,4-trimethyl-3-isopropylpentane",CC(C)C(C(C)C)C(C)(C)C,156.313,629.35,21.62,594.9,0.484
C11H24,"2,3,4-trimethyl-3-isopropylpentane",CC(C)C(C)(C(C)C)C(C)C,156.313,629.35,22.65,567.79,0.484
C11H24,"2,2-dimethyl-3,3-diethylpentane",CCC(CC)(CC)C(C)(C)C,156.313,629.35,22.75,565.31,0.484
C11H24,"2,4-dimethyl-3,3-diethylpentane",CCC(CC)(C(C)C)C(C)C,156.313,629.35,22.72,565.99,0.484
C11H24,"2,2,3,4-tetramethyl-3-ethylpentane",CCC(C)(C(C)C)C(C)(C)C,156.313,629.35,22.68,567.1,0.484
C11H24O,2-undecanol,CCCCCCCCCC(C)O,172.312,698.05,19.03,710.08,0.856
C11H24O,3-undecanol,CCCCCCCCC(O)CC,172.312,698.05,19.46,694.31,0.856
C11H24O,"3-undecanol, (R)-",CCCCCCCC[C@H](O)CC,172.312,698.05,19.04,709.57,0.856
C11H24O,4-undecanol,CCCCCCCC(O)CCC,172.312,698.05,19.46,694.31,0.856
C11H24O,5-undecanol,CCCCCCC(O)CCCC,172.312,698.05,19.03,709.88,0.856
C11H24O,6-undecanol,CCCCCC(O)CCCCC,172.312,698.05,19.15,705.59,0.856
C11H24O,2-methyldecanol,CCCCCCCCC(C)CO,172.312,698.05,19.46,694.31,0.856
C11H24O,9-methyldecanol,CC(C)CCCCCCCCO,172.312,698.05,19.46,694.31,0.856
C11H24O,2-ethylnonanol,CCCCCCCC(CC)CO,172.312,698.05,19.46,694.31,0.856
C11H24O,"2,8-dimethyl-5-nonanol",CC(C)CCC(O)CCC(C)C,172.312,698.05,19.07,708.55,0.856
C11H24O,5-ethyl-2-nonanol,CCCCC(CC)CCC(C)O,172.312,698.05,19.46,694.31,0.856
C11H24O,1-methoxy-decane,CCCCCCCCCCOC,172.312,628.05,17.92,678.17,0.856
C11H24O2,"1,2-undecanediol",CCCCCCCCCC(O)CO,188.311,872.03,20.74,797.78,0.914
C11H24O2,"1,3-undecanediol",CCCCCCCCC(O)CCO,188.311,872.03,20.74,797.78,0.914
C11H24O2,"1,11-undecanediol",OCCCCCCCCCCCO,188.311,872.03,20.74,797.78,0.914
C11H24O2,"2,2-dibutyl-1,3-propanediol",CCCCC(CO)(CO)CCCC,188.311,872.03,20.74,797.78,0.914
C11H24O2,2-(isobutyl-3-methylbutoxy)ethanol,CC(C)CC(CC(C)C)OCCO,188.311,732.03,17.95,773.88,0.914
C11H24O3,2-(2-(1-ethylamyloxy)ethoxy)ethanol,CCCCC(CC)OCCOCCO,204.31,749.91,17.52,796.11,0.969
C11H24O3,2-(2-(heptyloxy)ethoxy)ethanol,CCCCCCCOCCOCCO,204.31,749.91,17.52,796.11,0.969
C11H24S,1-undecanethiol,CCCCCCCCCCCS,188.38,707.1,17.88,759.07,0.604
C11H24S,2-undecanethiol,CCCCCCCCCC(C)S,188.38,707.1,17.74,764.74,0.604
C11H24S,3-undecanethiol,CCCCCCCCC(S)CC,188.38,707.1,18,754.04,0.604
C11H24S,4-undecanethiol,CCCCCCCC(S)CCC,188.38,707.1,18,754.04,0.604
C11H24S,5-undecanethiol,CCCCCCC(S)CCCC,188.38,707.1,18,754.04,0.604
C11H24S,6-undecanethiol,CCCCCC(S)CCCCC,188.38,707.1,18,754.04,0.604
C11H24S,2-methyl-1-decanethiol,CCCCCCCCC(C)CS,188.38,707.1,18,754.04,0.604
C11H24S,3-methyl-1-decanethiol,CCCCCCCC(C)CCS,188.38,707.1,18,754.04,0.604
C11H24S,4-methyl-1-decanethiol,CCCCCCC(C)CCCS,188.38,707.1,18,754.04,0.604
C11H24S,5-methyl-1-decanethiol,CCCCCC(C)CCCCS,188.38,707.1,18,754.04,0.604
C11H24S,6-methyl-1-decanethiol,CCCCC(C)CCCCCS,188.38,707.1,18,754.04,0.604
C11H24S,7-methyl-1-decanethiol,CCCC(C)CCCCCCS,188.38,707.1,18,754.04,0.604
C11H24S,8-methyl-1-decanethiol,CCC(C)CCCCCCCS,188.38,707.1,18,754.04,0.604
C11H24S,9-methyl-1-decanethiol,CC(C)CCCCCCCCS,188.38,707.1,18,754.04,0.604
C11H24S,2-methyl-2-decanethiol,CCCCCCCCC(C)(C)S,188.38,707.1,18,754.04,0.604
C11H24S,3-methyl-2-decanethiol,CCCCCCCC(C)C(C)S,188.38,707.1,18,754.04,0.604
C11H24S,4-methyl-2-decanethiol,CCCCCCC(C)CC(C)S,188.38,707.1,18,754.04,0.604
C11H24S,5-methyl-2-decanethiol,CCCCCC(C)CCC(C)S,188.38,707.1,18,754.04,0.604
C11H24S,6-methyl-2-decanethiol,CCCCC(C)CCCC(C)S,188.38,707.1,18,754.04,0.604
C11H24S,7-methyl-2-decanethiol,CCCC(C)CCCCC(C)S,188.38,707.1,18,754.04,0.604
C11H24S,8-methyl-2-decanethiol,CCC(C)CCCCCC(C)S,188.38,707.1,18,754.04,0.604
C11H24S,9-methyl-2-decanethiol,CC(C)CCCCCCC(C)S,188.38,707.1,18,754.04,0.604
C11H24S,2-thiadodecane,CCCCCCCCCCSC,188.38,707.1,17.88,759.07,0.604
C11H24S,3-thiadodecane,CCCCCCCCCSCC,188.38,707.1,17.88,759.07,0.604
C11H24S,4-thiadodecane,CCCCCCCCSCCC,188.38,707.1,17.88,759.07,0.604
C11H24S,5-thiadodecane,CCCCCCCSCCCC,188.38,707.1,17.88,759.07,0.604
C11H24S,6-thiadodecane,CCCCCCSCCCCC,188.38,707.1,18,754.04,0.604
C11H24S,3-methyl-2-thiaundecane,CCCCCCCCC(C)SC,188.38,707.1,18,754.04,0.604
C11H24S,4-methyl-2-thiaundecane,CCCCCCCC(C)CSC,188.38,707.1,18,754.04,0.604
C11H24S,5-methyl-2-thiaundecane,CCCCCCC(C)CCSC,188.38,707.1,18,754.04,0.604
C11H24S,6-methyl-2-thiaundecane,CCCCCC(C)CCCSC,188.38,707.1,18,754.04,0.604
C11H24S,7-methyl-2-thiaundecane,CCCCC(C)CCCCSC,188.38,707.1,18,754.04,0.604
C11H24S,2-methyl-3-thiaundecane,CCCCCCCCSC(C)C,188.38,707.1,18,754.04,0.604
C11H24S,4-methyl-3-thiaundecane,CCCCCCCC(C)SCC,188.38,707.1,18,754.04,0.604
C11H24S,5-methyl-3-thiaundecane,CCCCCCC(C)CSCC,188.38,707.1,18,754.04,0.604
C11H24S,6-methyl-3-thiaundecane,CCCCCC(C)CCSCC,188.38,707.1,18,754.04,0.604
C11H24S,7-methyl-3-thiaundecane,CCCCC(C)CCCSCC,188.38,707.1,18,754.04,0.604
C11H24S2,"1,11-undecanedithiol",SCCCCCCCCCCCS,220.447,826.97,18.9,806.77,0.711
C11H24S2,"1,10-undecanedithiol",CC(S)CCCCCCCCCS,220.447,826.97,18.9,806.77,0.711
C11H24S2,"1,9-undecanedithiol",CCC(S)CCCCCCCCS,220.447,826.97,18.9,806.77,0.711
C11H24S2,"1,8-undecanedithiol",CCCC(S)CCCCCCCS,220.447,826.97,18.9,806.77,0.711
C11H24S2,"1,7-undecanedithiol",CCCCC(S)CCCCCCS,220.447,826.97,18.9,806.77,0.711
C11H24S2,"1,6-undecanedithiol",CCCCCC(S)CCCCCS,220.447,826.97,18.9,806.77,0.711
C11H24S2,"1,5-undecanedithiol",CCCCCCC(S)CCCCS,220.447,826.97,18.9,806.77,0.711
C11H24S2,"1,4-undecanedithiol",CCCCCCCC(S)CCCS,220.447,826.97,18.9,806.77,0.711
C11H24S2,"1,3-undecanedithiol",CCCCCCCCC(S)CCS,220.447,826.97,18.9,806.77,0.711
C11H24S2,"1,2-undecanedithiol",CCCCCCCCCC(S)CS,220.447,826.97,18.9,806.77,0.711
C11H24S2,"2,3-dithiatridecane",CCCCCCCCCCSSC,220.447,771.97,17.29,823.23,0.711
C11H24S2,"3,4-dithiatridecane",CCCCCCCCCSSCC,220.447,771.97,17.29,823.23,0.711
C11H24S2,"4,5-dithiatridecane",CCCCCCCCSSCCC,220.447,771.97,17.29,823.23,0.711
C11H24S2,"5,6-dithiatridecane",CCCCCCCSSCCCC,220.447,771.97,17.29,823.23,0.711
C11H24S2,"6,7-dithiatridecane",CCCCCCSSCCCCC,220.447,771.97,17.29,823.23,0.711
C11H24S2,"2,4-dithiatridecane",CCCCCCCCCSCSC,220.447,771.97,17.29,823.23,0.711
C11H24S2,"3,5-dithiatridecane",CCCCCCCCSCSCC,220.447,771.97,17.29,823.23,0.711
C11H24S2,"4,6-dithiatridecane",CCCCCCCSCSCCC,220.447,771.97,17.29,823.23,0.711
C11H24S2,"5,7-dithiatridecane",CCCCCCSCSCCCC,220.447,771.97,17.29,823.23,0.711
C11H24S2,"6,8-dithiatridecane",CCCCCSCSCCCCC,220.447,771.97,17.29,823.23,0.711
C11H25N,undecylamine,CCCCCCCCCCCN,171.328,712.21,20.41,691.96,0.592
C11H25N,4-ethyl-1-methyloctylamine,CCCCC(CC)CCC(C)N,171.328,712.21,20.92,674.9,0.592
C11H25N,dimethylnonylamine,CCCCCCCCCN(C)C,171.328,672.21,18.51,720.02,0.592
C11H25N,diethylheptylamine,CCCCCCCN(CC)CC,171.328,672.21,18.62,715.77,0.592
C12F26,n-perfluorododecane,FC(F)(F)C(F)(F)C(F)(F)C(F)(F)C(F)(F)C(F)(F)C(F)(F)C(F)(F)C(F)(F)C(F)(F)C(F)(F)C(F)(F)F,638.08,729.5,7.79,1088.88,0.788
C12H6N2O2,"1,5-diisocyanatonaphthalene",O=C=Nc1cccc2c(N=C=O)cccc12,210.192,818,24.34,635,0.728
C12H8,acenaphthylene,C1=Cc2cccc3cccc1c23,152.196,,,544,
C12H8O4,"2,6-naphthalenedicarboxylic acid",O=C(O)c1ccc2cc(C(=O)O)ccc2c1,216.192,904,28.27,586,1.008
C12H8S,dibenzothiophene,c1ccc2c(c1)sc1ccccc12,184.263,,,,0.59
C12H9N,dibenzopyrrole,c1ccc2c(c1)[nH]c1ccccc12,167.211,899,37.17,482,0.577
C12H10,acenaphthene,c1cc2c3c(cccc3c1)CC2,154.212,803.15,29.76,553,0.475
C12H10Cl2Si,dichlorodiphenylsilane,Cl[Si](Cl)(c1ccccc1)c1ccccc1,253.204,814,23.3,674,0.428
C12H10N2O2,4-nitro-N-phenylaniline,O=[N+]([O-])c1ccc(Nc2ccccc2)cc1,214.224,814,24.56,623,0.742
C12H10N2O2,2-nitro-N-phenylaniline,O=[N+]([O-])c1ccccc1Nc1ccccc1,214.224,835,25.2,623,0.742
C12H10O,diphenyl ether,c1ccc(Oc2ccccc2)cc1,170.211,,,503,0.848
C12H11N,p-aminodiphenyl,Nc1ccc(-c2ccccc2)cc1,169.227,867,30.13,572,0.584
C12H11N,diphenylamine,c1ccc(Nc2ccccc2)cc1,169.227,817,30.13,539,0.584
C12H11N3,p-aminoazobenzene,Nc1ccc(N=Nc2ccccc2)cc1,197.241,877,26.23,642,0.685
C12H11N3,"1,3-diphenyltriazene",c1ccc(N=NNc2ccccc2)cc1,197.241,845,25.27,642,0.685
C12H12,"1,2-dimethylnaphthalene",Cc1ccc2ccccc2c1C,156.228,794.22,29.52,549.87,0.484
C12H12,"1,3-dimethylnaphthalene",Cc1cc(C)c2ccccc2c1,156.228,794.22,29.14,557.12,0.484
C12H12,"1,4-dimethylnaphthalene",Cc1ccc(C)c2ccccc12,156.228,794.22,29.49,550.52,0.484
C12H12,"1,5-dimethylnaphthalene",Cc1cccc2c(C)cccc12,156.228,794.22,30.66,529.52,0.484
C12H12,"1,6-dimethylnaphthalene",Cc1ccc2c(C)cccc2c1,156.228,794.22,29,559.8,0.484
C12H12,"1,7-dimethylnaphthalene",Cc1ccc2cccc(C)c2c1,156.228,794.22,29,559.8,0.484
C12H12,"2,3-dimethylnaphthalene",Cc1cc2ccccc2cc1C,156.228,794.22,29.14,557.12,0.484
C12H12,"2,6-dimethylnaphthalene",Cc1ccc2cc(C)ccc2c1,156.228,794.22,29.14,557.12,0.484
C12H12,"2,7-dimethylnaphthalene",Cc1ccc2ccc(C)cc2c1,156.228,794.22,29.14,557.12,0.484
C12H12,1-ethylnaphthalene,CCc1cccc2ccccc12,156.228,794.22,29.17,556.45,0.484
C12H12,2-ethylnaphthalene,CCc1ccc2ccccc2c1,156.228,794.22,28.61,567.28,0.484
C12H12N2,p-aminodiphenylamine,Nc1ccc(Nc2ccccc2)cc1,184.242,867,28.39,596,0.64
C12H12N2,hydrazobenzene,c1ccc(NNc2ccccc2)cc1,184.242,939,30.54,599.9,0.64
C12H12N2,p-benzidine,Nc1ccc(-c2ccc(N)cc2)cc1,184.242,929,30.42,596,0.64
C12H14,"1,2,3-trimethylindene",CC1=C(C)C(C)c2ccccc21,158.244,753.14,24.9,616.65,0.492
C12H14,2-propyl-1H-indene,CCCC1=Cc2ccccc2C1,158.244,753.14,25.14,610.83,0.492
C12H14O4,diethyl phthalate,CCOC(=O)c1ccccc1C(=O)OCC,222.24,757,21.68,635,1.027
C12H16,cyclohexylbenzene,c1ccc(C2CCCCC2)cc1,160.26,744,28.6,529,0.5
C12H16,"1-ethyl-[1,2,3,4-tetrahydronaphthalene]",CCC1CCCc2ccccc21,160.26,760.5,29.48,524.61,0.5
C12H16,"2-ethyl-[1,2,3,4-tetrahydronaphthalene]",CCC1CCc2ccccc2C1,160.26,760.5,29.07,532.08,0.5
C12H16,"5-ethyl-1,2,3,4-tetrahydronaphthalene",CCc1cccc2c1CCCC2,160.26,760.5,30.36,509.39,0.5
C12H16,"6-ethyl-1,2,3,4-tetrahydronaphthalene",CCc1ccc2c(c1)CCCC2,160.26,760.5,29.99,515.62,0.5
C12H16,"1,2,3,4-tetrahydro-1,3-dimethylnaphthalene",CC1Cc2ccccc2C(C)C1,160.26,760.5,29.13,530.93,0.5
C12H16,"1,2,3,4-tetrahydro-1,4-dimethylnaphthalene",CC1CCC(C)c2ccccc21,160.26,760.5,29.13,530.93,0.5
C12H16,"1,2,3,4-tetrahydro-1,5-dimethylnaphthalene",Cc1cccc2c1CCCC2C,160.26,760.5,29.17,530.25,0.5
C12H16,"1,2,3,4-tetrahydro-2,2-dimethylnaphthalene",CC1(C)CCc2ccccc2C1,160.26,760.5,28.94,534.33,0.5
C12H16,"1,2,3,4-tetrahydro-2,3-dimethylnaphthalene",CC1Cc2ccccc2CC1C,160.26,760.5,29.13,530.93,0.5
C12H16,"1,2,3,4-tetrahydro-2,5-dimethylnaphthalene",Cc1cccc2c1CCC(C)C2,160.26,760.5,29.35,526.89,0.5
C12H16,"1,2,3,4-tetrahydro-2,6-dimethylnaphthalene",Cc1ccc2c(c1)CCC(C)C2,160.26,760.5,29.17,530.25,0.5
C12H16,"1,2,3,4-tetrahydro-2,7-dimethylnaphthalene",Cc1ccc2c(c1)CC(C)CC2,160.26,760.5,29.17,530.25,0.5
C12H16,"1,2,3,4-tetrahydro-2,8-dimethylnaphthalene",Cc1cccc2c1CC(C)CC2,160.26,760.5,29.17,530.25,0.5
C12H16,"1,2,3,4-tetrahydro-5,6-dimethylnaphthalene",Cc1ccc2c(c1C)CCCC2,160.26,760.5,30.44,508.14,0.5
C12H16,"1,2,3,4-tetrahydro-5,7-dimethylnaphthalene",Cc1cc(C)c2c(c1)CCCC2,160.26,760.5,29.81,518.78,0.5
C12H16,"1,2,3,4-tetrahydro-5,8-dimethylnaphthalene",Cc1ccc(C)c2c1CCCC2,160.26,760.5,30.14,513.19,0.5
C12H16,"1,2,3,4-tetrahydro-6,7-dimethylnaphthalene",Cc1cc2c(cc1C)CCCC2,160.26,760.5,29.65,521.59,0.5
C12H16,"1,2,3,4-tetrahydro-1,1-dimethylnaphthalene",CC1(C)CCCc2ccccc21,160.26,760.5,29.5,524.23,0.5
C12H16,"1,2,3,4-tetrahydro-1,2-dimethylnaphthalene",CC1CCc2ccccc2C1C,160.26,760.5,29.39,526.22,0.5
C12H16,"2,3-dihydro-1,1,5-trimethyl-1H-indene",Cc1ccc2c(c1)CCC2(C)C,160.26,756.82,23.63,651.4,0.5
C12H16,"2,3-dihydro-1,4,7-trimethyl-1H-indene",Cc1ccc(C)c2c1CCC2C,160.26,756.82,24.44,629.71,0.5
C12H16,2-hexenylbenzene,CCCCC=Cc1ccccc1,160.26,721.57,25.11,584.3,0.5
C12H16,p-isopropenylisopropylbenzene,C=C(C)c1ccc(C(C)C)cc1,160.26,721.57,25.24,581.32,0.5
C12H16,(1-methyl-1-pentenyl)benzene,CCCC=C(C)c1ccccc1,160.26,721.57,25.8,568.77,0.5
C12H16,4-tert-butylstyrene,C=Cc1ccc(C(C)(C)C)cc1,160.26,730.5,24.92,596.18,0.5
C12H16,4-isobutylstyrene,C=Cc1ccc(CC(C)C)cc1,160.26,730.5,25.02,593.82,0.5
C12H16,"4,9-dimethyltricyclo[5.2.1.02,6]deca-3,8-diene",CC1=CC2C3CC(C=C3C)C2C1,160.26,675,25.37,541,0.5
C12H17Br,1-bromo-4-n-hexylbenzene,CCCCCCc1ccc(Br)cc1,241.172,753.19,22.77,723.12,0.535
C12H17Cl,pentamethylbenzyl chloride,Cc1c(C)c(C)c(CCl)c(C)c1C,196.721,757.86,22.91,681.09,0.405
C12H18,hexylbenzene,CCCCCCc1ccccc1,162.276,723.61,23.05,636.71,0.508
C12H18,"1,4-dipropylbenzene",CCCc1ccc(CCC)cc1,162.276,723.61,23.1,635.55,0.508
C12H18,diisopropylbenzene,CC(C)c1ccccc1C(C)C,162.276,723.61,23.22,632.27,0.508
C12H18,m-diisopropylbenzene,CC(C)c1cccc(C(C)C)c1,162.276,723.61,22.96,639.4,0.508
C12H18,p-diisopropylbenzene,CC(C)c1ccc(C(C)C)cc1,162.276,723.61,22.99,638.5,0.508
C12H18,"1,2,3-triethylbenzene",CCc1cccc(CC)c1CC,162.276,723.61,23.54,623.56,0.508
C12H18,"1,2,4-triethylbenzene",CCc1ccc(CC)c(CC)c1,162.276,723.61,23.54,623.56,0.508
C12H18,"1,3,5-triethylbenzene",CCc1cc(CC)cc(CC)c1,162.276,723.61,24.09,609.25,0.508
C12H18,"1-tert-butyl-3,5-dimethylbenzene",Cc1cc(C)cc(C(C)(C)C)c1,162.276,723.61,23.44,626.32,0.508
C12H18,"(1,1-dimethylbutyl)benzene",CCCC(C)(C)c1ccccc1,162.276,723.61,23.85,615.4,0.508
C12H18,"2,4-dimethyl-1-sec-butylbenzene",CCC(C)c1ccc(C)cc1C,162.276,723.61,23.42,626.67,0.508
C12H18,(1-ethylbutyl)benzene,CCCC(CC)c1ccccc1,162.276,723.61,22.05,665.66,0.508
C12H18,(1-ethyl-1-methylpropyl)benzene,CCC(C)(CC)c1ccccc1,162.276,723.61,23.78,617.34,0.508
C12H18,(1-methylpentyl)benzene,CCCCC(C)c1ccccc1,162.276,723.61,23.51,624.42,0.508
C12H18,(3-methylpentyl)benzene,CCC(C)CCc1ccccc1,162.276,723.61,23.36,628.41,0.508
C12H18,(4-methylpentyl)benzene,CC(C)CCCc1ccccc1,162.276,723.61,23.11,635.11,0.508
C12H18,"1,2,4-trimethyl-5-isopropylbenzene",Cc1cc(C)c(C(C)C)cc1C,162.276,723.61,23.85,615.49,0.508
C12H18,4-tert-butyl-o-xylene,Cc1ccc(C(C)(C)C)cc1C,162.276,723.61,23.57,622.7,0.508
C12H18,hexamethyldewarbenzene,CC1=C(C)C2(C)C(C)=C(C)C12C,162.276,723.61,21.35,687.53,0.508
C12H18,hexamethylbenzene,Cc1c(C)c(C)c(C)c(C)c1C,162.276,723.61,29.94,490.3,0.508
C12H18,p-tert-butyl ethylbenzene,CCc1ccc(C(C)(C)C)cc1,162.276,723.61,23.27,630.82,0.508
C12H18,"1,5,9-cyclododecatriene",C1=CCCC=CCCC=CCC1,162.276,749.19,25.12,605.03,0.508
C12H18,"cis,cis,cis-1,5,9-cyclododecatriene",C1=C\CC/C=C\CC/C=C\CC/1,162.276,749.19,24.42,622.46,0.508
C12H18,"cis,trans,trans-1,5,9-cyclododecatriene",C1=C\CC/C=C/CC/C=C/CC/1,162.276,749.19,25.2,603.18,0.508
C12H18,"3,6-diethyl-2,6-octadien-4-yne",CC=C(C#CC(=CC)CC)CC,162.276,739.32,24.83,603.92,0.508
C12H18,"3,9-dodecadiyne",CCC#CCCCCC#CCC,162.276,746.37,25.8,586.72,0.508
C12H18,"5,7-dodecadiyne",CCCCC#CC#CCCCC,162.276,746.37,25.8,586.72,0.508
C12H18,"trans,trans,trans-1,5,9-cyclododecatriene",C1=C/CC/C=C/CC/C=C/CC/1,162.276,750.6,24.46,622.46,0.508
C12H18N2O2,isophorone diisocyanate,CC1(C)CC(N=C=O)CC(C)(CN=C=O)C1,222.288,765,21.35,667,0.767
C12H18O,"2-tert-butyl-4,5-dimethylphenol",Cc1cc(O)c(C(C)(C)C)cc1C,178.275,800.26,25.24,609.2,0.878
C12H18O,"2-tert-butyl-4,6-dimethylphenol",Cc1cc(C)c(O)c(C(C)(C)C)c1,178.275,800.26,25.14,611.59,0.878
C12H18O,"4-tert-butyl-2,5-dimethylphenol",Cc1cc(C(C)(C)C)c(C)cc1O,178.275,800.26,25.86,594.44,0.878
C12H18O,"4-tert-butyl-2,6-dimethylphenol",Cc1cc(C(C)(C)C)cc(C)c1O,178.275,800.26,25.1,612.4,0.878
C12H18O,"4-(1,1-dimethylpropyl)-2-methylphenol",CCC(C)(C)c1ccc(O)c(C)c1,178.275,800.26,26.86,572.42,0.878
C12H18O,"2,6-dipropylphenol",CCCc1cccc(CCC)c1O,178.275,800.26,26.62,577.43,0.878
C12H18O,5-methyl-2-pentylphenol,CCCCCc1ccc(C)cc1O,178.275,800.26,25.94,592.65,0.878
C12H18O,2-tert-butyl-4-ethylphenol,CCc1ccc(O)c(C(C)(C)C)c1,178.275,800.26,25.86,594.44,0.878
C12H18O,"3,5-bis(1-methylethyl)phenol",CC(C)c1cc(O)cc(C(C)C)c1,178.275,800.26,25.94,592.65,0.878
C12H18O,"2,4-bis(1-methylethyl)phenol",CC(C)c1ccc(O)c(C(C)C)c1,178.275,800.26,25.94,592.65,0.878
C12H18O,2-hexylphenol,CCCCCCc1ccccc1O,178.275,800.26,25.94,592.65,0.878
C12H19N,"2,6-diisopropylaniline",CC(C)c1cccc(C(C)C)c1N,177.291,832.9,24.21,677.12,0.615
C12H19N,"N,N-dipropylaniline",CCCN(CCC)c1ccccc1,177.291,780.9,21.84,703.63,0.615
C12H19N,"4-tert-butyl-N,N-dimethylaniline",CN(C)c1ccc(C(C)(C)C)cc1,177.291,780.9,21.72,707.73,0.615
C12H19N,"N,N-diisopropylaniline",CC(C)N(c1ccccc1)C(C)C,177.291,780.9,21.83,704,0.615
C12H19N,4-hexylaniline,CCCCCCc1ccc(N)cc1,177.291,832.9,23.44,699.38,0.615
C12H19N,n-butyl-a-methylbenzylamine,CCCCNC(C)c1ccccc1,177.291,805.9,24.34,651.61,0.615
C12H20,1-dodecen-3-yne,C=CC#CCCCCCCCC,164.292,728.83,22.46,656.72,0.515
C12H20,"1,3-dimethyladamantane",CC12CC3CC(C1)CC(C)(C3)C2,164.292,728.83,25.87,,0.515
C12H20,triisobutene,C=C(C)CCC(=C)CCC(=C)C,164.292,721.78,23.9,610.98,0.515
C12H20O,"[1,1'-bicyclohexyl]-2-one",O=C1CCCCC1C1CCCCC1,180.291,,,569,0.885
C12H20O,"2,5-di-tert-butylfuran",CC(C)(C)c1ccc(C(C)(C)C)o1,180.291,672.66,17.8,724.26,0.885
C12H20O4,dibutyl maleate,CCCCOC(=O)/C=C\C(=O)OCCCC,228.288,716,17.98,719,1.046
C12H20S,2-octylthiophene,CCCCCCCCc1cccs1,196.359,741.15,20.28,694.43,0.632
C12H20S,3-octylthiophene,CCCCCCCCc1ccsc1,196.359,741.15,19.66,716.32,0.632
C12H20S,2-isooctylthiophene,CC(C)CCCCCc1cccs1,196.359,741.15,20.28,694.43,0.632
C12H20S,3-isooctylthiophene,CC(C)CCCCCc1ccsc1,196.359,741.15,20.28,694.43,0.632
C12H20S,2-sec-octylthiophene,CCCCCCC(C)c1cccs1,196.359,741.15,20.28,694.43,0.632
C12H20S,3-sec-octylthiophene,CCCCCCC(C)c1ccsc1,196.359,741.15,20.28,694.43,0.632
C12H20S,2-tert-octylthiophene,CC(C)(C)CC(C)(C)c1cccs1,196.359,741.15,20.28,694.43,0.632
C12H20S,3-tert-octylthiophene,CC(C)(C)CC(C)(C)c1ccsc1,196.359,741.15,20.28,694.43,0.632
C12H20S,2-methyl-3-heptylthiophene,CCCCCCCc1ccsc1C,196.359,741.15,20.28,694.43,0.632
C12H20S,2-methyl-4-heptyl thiophene,CCCCCCCc1csc(C)c1,196.359,741.15,20.28,694.43,0.632
C12H20S,2-methyl-5-heptyl thiophene,CCCCCCCc1ccc(C)s1,196.359,741.15,20.28,694.43,0.632
C12H20S,3-methyl-2-heptylthiophene,CCCCCCCc1sccc1C,196.359,741.15,20.28,694.43,0.632
C12H20S,3-methyl-4-heptyl thiophene,CCCCCCCc1cscc1C,196.359,741.15,20.28,694.43,0.632
C12H20S,3-methyl-5-heptylthiophene,CCCCCCCc1cc(C)cs1,196.359,741.15,20.28,694.43,0.632
C12H22,bicyclohexyl,C1CCC(C2CCCCC2)CC1,166.308,714.73,23.4,616.51,0.523
C12H22,1-dodecyne,C#CCCCCCCCCCC,166.308,674.73,19.78,688.54,0.523
C12H22,2-dodecyne,CC#CCCCCCCCCC,166.308,674.73,20.36,668.77,0.523
C12H22,3-dodecyne,CCC#CCCCCCCCC,166.308,674.73,20.15,675.86,0.523
C12H22,4-dodecyne,CCCC#CCCCCCCC,166.308,674.73,20.36,668.77,0.523
C12H22,5-dodecyne,CCCCC#CCCCCCC,166.308,674.73,20.36,668.77,0.523
C12H22,6-dodecyne,CCCCCC#CCCCCC,166.308,674.73,20.24,672.88,0.523
C12H22,"3,3-dimethyl-4-decyne",CCCCCC#CC(C)(C)CC,166.308,674.73,20.36,668.77,0.523
C12H22,4a-ethyl-cis-decahydronaphthalene,CC[C@]12CCCC[C@H]1CCCC2,166.308,739.73,22.6,660.6,0.523
C12H22,4a-ethyl-trans-decahydronaphthalene,CC[C@]12CCCC[C@@H]1CCCC2,166.308,739.73,21.81,684.72,0.523
C12H22,2-ethyl-cis-decahydronaphthalene,CCC1CCC2CCCCC2C1,166.308,739.73,22.51,663.21,0.523
C12H22,1-heptylcyclopentene,CCCCCCCC1=CCCC1,166.308,689.73,21.02,662.31,0.523
C12H22,"1,11-dodecadiene",C=CCCCCCCCCC=C,166.308,674.73,20.99,648.88,0.523
C12H22O,2-dodecenal,CCCCCCCCCC=CC=O,182.307,775.04,19.28,768.58,0.893
C12H22O,trans-2-dodecenal,CCCCCCCCC/C=C/C=O,182.307,775.04,19.61,755.57,0.893
C12H22O,3-dodecenal,CCCCCCCCC=CCC=O,182.307,775.04,19.94,742.87,0.893
C12H22O,4-dodecenal,CCCCCCCC=CCCC=O,182.307,775.04,19.94,742.87,0.893
C12H22O,2-methyl-2-undecenal,CCCCCCCCC=C(C)C=O,182.307,775.04,19.94,742.87,0.893
C12H22O,"2,6-dimethyl-5-decenal",CCCCC(C)=CCCC(C)C=O,182.307,775.04,19.5,759.86,0.893
C12H22O2,2-dodecenoic acid,CCCCCCCCCC=CC(=O)O,198.306,793.32,18.01,825.25,0.949
C12H22O2,trans-3-dodecenoic acid,CCCCCCCC/C=C/CC(=O)O,198.306,793.32,17.81,834.88,0.949
C12H22O2,4-dodecenoic acid,CCCCCCCC=CCCC(=O)O,198.306,793.32,17.58,845.36,0.949
C12H22O2,5-dodecenoic acid,CCCCCCC=CCCCC(=O)O,198.306,793.32,17.58,845.36,0.949
C12H22O2,cis-5-dodecenoic acid,CCCCCC/C=C\CCCC(=O)O,198.306,793.32,17.54,847.71,0.949
C12H22O2,11-dodecenoic acid,C=CCCCCCCCCCC(=O)O,198.306,793.32,17.43,852.9,0.949
C12H22O2,acetic acid 2-isopropyl-5-methyl-2-hexen-1-yl ester,CC(=O)OCC(=CCC(C)C)C(C)C,198.306,816,20,723.18,0.949
C12H22O2,2-ethylhexyl methacrylate,C=C(C)C(=O)OCC(CC)CCCC,198.306,673.32,16.13,782.39,0.949
C12H22O2,methyl 10-undecenoate,C=CCCCCCCCCC(=O)OC,198.306,673.32,16.32,772.89,0.949
C12H22O2,citronellyl acetate,CC(=O)OCCC(C)CCC=C(C)C,198.306,673.32,16.3,773.94,0.949
C12H22O2,menthyl acetate,CC(=O)OC1CC(C)CCC1C(C)C,198.306,673.32,17.05,739.82,0.949
C12H22O2,(1R)-(-)-neomenthyl acetate,CC(=O)O[C@@H]1C[C@@H](C)CC[C@@H]1C(C)C,198.306,673.32,16.83,749.56,0.949
C12H22O2,(1S)-(+)-neomenthyl acetate,CC(=O)O[C@H]1C[C@H](C)CC[C@H]1C(C)C,198.306,673.32,16.83,749.56,0.949
C12H22O2,vinyl decanoate,C=COC(=O)CCCCCCCCC,198.306,673.32,16.26,776.03,0.949
C12H22O2,"allyl 3,5,5-trimethylhexanoate",C=CCOC(=O)CC(C)CC(C)(C)C,198.306,673.32,16.23,777.26,0.949
C12H22O2,cis-3-hexenyl caproate,CC/C=C\CCOC(=O)CCCCC,198.306,673.32,16.23,777.26,0.949
C12H22O4,dodecanedioic acid,O=C(O)CCCCCCCCCCC(=O)O,230.304,966.29,18.14,959.23,1.052
C12H22O11,sucrose,OC[C@H]1O[C@@](CO)(O[C@H]2O[C@H](CO)[C@@H](O)[C@H](O)[C@H]2O)[C@@H](O)[C@@H]1O,342.297,1086,22.36,761,1.349
C12H23Br,cis-1-bromo-1-dodecene,CCCCCCCCCC/C=C\Br,247.22,730.15,19.85,797.93,0.773
C12H23Br,trans-1-bromo-1-dodecene,CCCCCCCCCC/C=C/Br,247.22,730.15,19.85,797.93,0.773
C12H23Cl,cis-1-chloro-1-dodecene,CCCCCCCCCC/C=C\Cl,202.769,735.87,19.4,775.03,0.484
C12H23Cl,trans-1-chloro-1-dodecene,CCCCCCCCCC/C=C/Cl,202.769,735.87,19.4,775.03,0.484
C12H23Cl3,"1,1,1-trichlorododecane",CCCCCCCCCCCC(Cl)(Cl)Cl,273.675,739.26,13.66,1012.31,0.407
C12H23F,cis-1-fluoro-1-dodecene,CCCCCCCCCC/C=C\F,186.314,623.67,19.79,642.37,0.31
C12H23F,trans-1-fluoro-1-dodecene,CCCCCCCCCC/C=C/F,186.314,623.67,19.79,642.37,0.31
C12H23F3,"1,1,1-trifluorododecane",CCCCCCCCCCCC(F)(F)F,224.31,578.12,15.38,730.61,0.407
C12H23N,dicyclohexylamine,C1CCC(NC2CCCCC2)CC1,181.323,737,23.32,619,0.629
C12H23N,dodecanenitrile,CCCCCCCCCCCC#N,181.323,811.66,19.4,819.17,0.629
C12H24,heptylcyclopentane,CCCCCCCC1CCCC1,168.324,687.75,,666.45,0.531
C12H24,hexylcyclohexane,CCCCCCC1CCCCC1,168.324,692.75,22.57,617.92,0.531
C12H24,1-methyl-2-pentylcyclohexane,CCCCCC1CCCCC1C,168.324,692.75,20.25,688.62,0.531
C12H24,cyclododecane,C1CCCCCCCCCCC1,168.324,747.23,25.35,593.5,0.531
C12H24,1-dodecene,C=CCCCCCCCCCC,168.324,662.75,,719.69,0.531
C12H24,cis-2-dodecene,C/C=C\CCCCCCCCC,168.324,662.75,19.13,697.35,0.531
C12H24,trans-2-dodecene,C/C=C/CCCCCCCCC,168.324,662.75,19.13,697.35,0.531
C12H24,cis-3-dodecene,CC/C=C\CCCCCCCC,168.324,662.75,19.13,697.35,0.531
C12H24,cis-4-dodecene,CCC/C=C\CCCCCCC,168.324,662.75,19.13,697.35,0.531
C12H24,trans-4-dodecene,CCC/C=C/CCCCCCC,168.324,662.75,19.13,697.35,0.531
C12H24,trans-5-dodecene,CCCC/C=C/CCCCCC,168.324,662.75,19.13,697.35,0.531
C12H24,cis-6-dodecene,CCCCC/C=C\CCCCC,168.324,662.75,19.13,697.35,0.531
C12H24,trans-6-dodecene,CCCCC/C=C/CCCCC,168.324,662.75,19.13,697.35,0.531
C12H24,2-methyl-1-undecene,C=C(C)CCCCCCCCC,168.324,662.75,18.61,716.96,0.531
C12H24,"1,1,3,3,5,5hexamethylcyclohexane",CC1(C)CC(C)(C)CC(C)(C)C1,168.324,662.75,19.13,697.35,0.531
C12H24,"4,4-dimethyl-2-neopentyl-1-pentene",C=C(CC(C)(C)C)CC(C)(C)C,168.324,662.75,19.13,697.35,0.531
C12H24,"2,2,4,6,6-pentamethyl-3-heptene",CC(=CC(C)(C)C)CC(C)(C)C,168.324,662.75,18.37,726.35,0.531
C12H24,"trans-2,2,4,6,6-pentamethyl-3-heptene",C/C(=C/C(C)(C)C)CC(C)(C)C,168.324,662.75,19.13,697.35,0.531
C12H24Br2,"1,1-dibromododecane",CCCCCCCCCCCC(Br)Br,328.132,793.5,17.96,866.51,0.616
C12H24Br2,"1,12-dibromododecane",BrCCCCCCCCCCCCBr,328.132,793.5,17.96,866.51,0.616
C12H24Cl2,"1,1-dichlorododecane",CCCCCCCCCCCC(Cl)Cl,239.23,760.93,16.95,876.4,0.494
C12H24Cl2,"1,12-dichlorododecane",ClCCCCCCCCCCCCCl,239.23,760.93,16.95,876.4,0.494
C12H24F2,"1,1-difluorododecane",CCCCCCCCCCCC(F)F,206.32,650.5,18.83,686.83,0.435
C12H24O,dodecanal,CCCCCCCCCCCC=O,184.323,716.4,18.31,745.88,0.9
C12H24O,2-methylundecanal,CCCCCCCCCC(C)C=O,184.323,716.4,18.23,749.11,0.9
C12H24O,2-dodecanone,CCCCCCCCCCC(C)=O,184.323,707.4,17.79,758.22,0.9
C12H24O,3-dodecanone,CCCCCCCCCC(=O)CC,184.323,707.4,17.92,752.58,0.9
C12H24O,4-dodecanone,CCCCCCCCC(=O)CCC,184.323,707.4,17.95,751.27,0.9
C12H24O,5-dodecanone,CCCCCCCC(=O)CCCC,184.323,707.4,17.95,751.27,0.9
C12H24O,6-dodecanone,CCCCCCC(=O)CCCCC,184.323,707.4,17.95,751.27,0.9
C12H24O,2-methyl-3-undecanone,CCCCCCCCC(=O)C(C)C,184.323,707.4,17.92,752.58,0.9
C12H24O,2-methyl-5-undecanone,CCCCCCC(=O)CCC(C)C,184.323,707.4,17.92,752.58,0.9
C12H24O,trimethyl nonanone,CCCCCCCC(=O)C(C)(C)C,184.323,707.4,17.62,765.64,0.9
C12H24O,decyl vinyl ether,C=COCCCCCCCCCC,184.323,657.4,17.02,736.59,0.9
C12H24O,2-dodecen-1-ol,CCCCCCCCCC=CCO,184.323,747.4,19.41,734.26,0.9
C12H24O,cis-2-dodecen-1-ol,CCCCCCCCC/C=C\CO,184.323,747.4,19.79,720.21,0.9
C12H24O,trans-2-dodecen-1-ol,CCCCCCCCC/C=C/CO,184.323,747.4,19.41,734.26,0.9
C12H24O,trans-3-dodecen-1-ol,CCCCCCCC/C=C/CCO,184.323,747.4,19.79,720.21,0.9
C12H24O,4-dodecen-1-ol,CCCCCCCC=CCCCO,184.323,747.4,19.79,720.21,0.9
C12H24O,cis-5-dodecen-1-ol,CCCCCC/C=C\CCCCO,184.323,747.4,19.79,720.21,0.9
C12H24O,trans-7-dodecen-1-ol,CCCC/C=C/CCCCCCO,184.323,747.4,19.79,720.21,0.9
C12H24O,11-dodecen-1-ol,C=CCCCCCCCCCCO,184.323,747.4,19.79,720.21,0.9
C12H24O2,dodecanoic acid,CCCCCCCCCCCC(=O)O,200.322,765.55,17.33,825.89,0.956
C12H24O2,2-methylundecanoic acid,CCCCCCCCCC(C)C(=O)O,200.322,765.55,17.51,817.02,0.956
C12H24O2,3-methylundecanoic acid,CCCCCCCCC(C)CC(=O)O,200.322,765.55,17.51,817.02,0.956
C12H24O2,10-methylundecanoic acid,CC(C)CCCCCCCCC(=O)O,200.322,765.55,17.51,817.02,0.956
C12H24O2,"2,2-dimethyldecanoic acid",CCCCCCCCC(C)(C)C(=O)O,200.322,765.55,17.51,817.02,0.956
C12H24O2,2-ethyldecanoic acid,CCCCCCCCC(CC)C(=O)O,200.322,765.55,17.51,817.02,0.956
C12H24O2,2-butyloctanoic acid,CCCCCCC(CCCC)C(=O)O,200.322,765.55,17.51,817.02,0.956
C12H24O2,undecyl formate,CCCCCCCCCCCOC=O,200.322,675.55,16.04,786.97,0.956
C12H24O2,decyl acetate,CCCCCCCCCCOC(C)=O,200.322,675.55,16.04,786.97,0.956
C12H24O2,"3,7-dimethyloctyl acetate",CC(=O)OCCC(C)CCCC(C)C,200.322,675.55,16.04,786.97,0.956
C12H24O2,nonyl propanoate,CCCCCCCCCOC(=O)CC,200.322,675.55,16.04,786.97,0.956
C12H24O2,7-methyloctyl propanoate,CCC(=O)OCCCCCCC(C)C,200.322,675.55,16.04,786.97,0.956
C12H24O2,octyl butanoate,CCCCCCCCOC(=O)CCC,200.322,675.55,15.76,801.26,0.956
C12H24O2,1-ethylhexyl butanoate,CCCCCC(CC)OC(=O)CCC,200.322,675.55,16.04,786.97,0.956
C12H24O2,2-ethylhexyl butanoate,CCCCC(CC)COC(=O)CCC,200.322,675.55,16.04,786.97,0.956
C12H24O2,octyl isobutanoate,CCCCCCCCOC(=O)C(C)C,200.322,675.55,16.07,785.69,0.956
C12H24O2,2-ethylhexyl isobutanoate,CCCCC(CC)COC(=O)C(C)C,200.322,675.55,16.04,786.97,0.956
C12H24O2,heptyl pentanoate,CCCCCCCOC(=O)CCCC,200.322,675.55,15.92,793.02,0.956
C12H24O2,1-methylhexyl pentanoate,CCCCCC(C)OC(=O)CCCC,200.322,675.55,16.04,786.97,0.956
C12H24O2,hexyl hexanoate,CCCCCCOC(=O)CCCCC,200.322,675.55,15.98,790.05,0.956
C12H24O2,pentyl heptanoate,CCCCCCC(=O)OCCCCC,200.322,675.55,15.92,793.02,0.956
C12H24O2,butyl octanoate,CCCCCCCC(=O)OCCCC,200.322,675.55,15.93,792.47,0.956
C12H24O2,ethyl decanoate,CCCCCCCCCC(=O)OCC,200.322,675.55,15.98,790.05,0.956
C12H24O2,ethyl 3-methylnonanoate,CCCCCCC(C)CC(=O)OCC,200.322,675.55,15.99,789.72,0.956
C12H24O2,methyl undecanoate,CCCCCCCCCCC(=O)OC,200.322,675.55,16.04,786.97,0.956
C12H24S,thiacyclotridecane,C1CCCCCCSCCCCC1,200.391,808.34,24.2,631.5,0.646
C12H25Br,1-bromododecane,CCCCCCCCCCCCBr,249.236,712.44,17.79,866.46,0.778
C12H25Br,2-bromododecane,CCCCCCCCCCC(C)Br,249.236,712.44,17.47,882.29,0.778
C12H25Cl,1-chlorododecane,CCCCCCCCCCCCCl,204.785,718.51,17.59,832.41,0.487
C12H25Cl,2-chlorododecane,CCCCCCCCCCC(C)Cl,204.785,718.51,17.56,833.87,0.487
C12H25Cl,3-chlorododecane,CCCCCCCCCC(Cl)CC,204.785,718.51,17.56,833.87,0.487
C12H25Cl,4-chlorododecane,CCCCCCCCC(Cl)CCC,204.785,718.51,17.56,833.87,0.487
C12H25Cl,5-chlorododecane,CCCCCCCC(Cl)CCCC,204.785,718.51,17.56,833.87,0.487
C12H25Cl,6-chlorododecane,CCCCCCC(Cl)CCCCC,204.785,718.51,17.56,833.87,0.487
C12H25F,1-fluorododecane,CCCCCCCCCCCCF,188.33,666.46,20.34,666.01,0.381
C12H25NO2,1-nitrododecane,CCCCCCCCCCCC[N+](=O)[O-],215.337,862,15.86,1020.6,0.745
C12H26,dodecane,CCCCCCCCCCCC,170.34,,,677.62,
C12H26,2-methylundecane,CCCCCCCCCC(C)C,170.34,650.75,19.79,660.24,0.539
C12H26,3-methylundecane,CCCCCCCCC(C)CC,170.34,650.75,19.4,673.82,0.539
C12H26,4-methylundecane,CCCCCCCC(C)CCC,170.34,650.75,19.37,674.58,0.539
C12H26,5-methylundecane,CCCCCCC(C)CCCC,170.34,650.75,19.37,674.8,0.539
C12H26,6-methylundecane,CCCCCC(C)CCCCC,170.34,650.75,19.36,674.9,0.539
C12H26,"2,2-dimethyldecane",CCCCCCCCC(C)(C)C,170.34,650.75,19.15,682.46,0.539
C12H26,"2,3-dimethyldecane",CCCCCCCC(C)C(C)C,170.34,650.75,19.51,669.95,0.539
C12H26,"2,4-dimethyldecane",CCCCCCC(C)CC(C)C,170.34,650.75,19.19,680.91,0.539
C12H26,"2,5-dimethyldecane",CCCCCC(C)CCC(C)C,170.34,650.75,19.29,677.51,0.539
C12H26,"2,6-dimethyldecane",CCCCC(C)CCCC(C)C,170.34,650.75,19.29,677.4,0.539
C12H26,"2,7-dimethyldecane",CCCC(C)CCCCC(C)C,170.34,650.75,19.3,677.08,0.539
C12H26,"2,8-dimethyldecane",CCC(C)CCCCCC(C)C,170.34,650.75,19.32,676.42,0.539
C12H26,"2,9-dimethyldecane",CC(C)CCCCCCC(C)C,170.34,650.75,19.14,682.68,0.539
C12H26,"3,3-dimethyldecane",CCCCCCCC(C)(C)CC,170.34,650.75,19.51,669.74,0.539
C12H26,"3,4-dimethyldecane",CCCCCCC(C)C(C)CC,170.34,650.75,19.68,664.12,0.539
C12H26,"3,5-dimethyldecane",CCCCCC(C)CC(C)CC,170.34,650.75,19.47,671.24,0.539
C12H26,"3,6-dimethyldecane",CCCCC(C)CCC(C)CC,170.34,650.75,19.47,671.13,0.539
C12H26,"3,7-dimethyldecane",CCCC(C)CCCC(C)CC,170.34,650.75,19.48,670.81,0.539
C12H26,"3,8-dimethyldecane",CCC(C)CCCCC(C)CC,170.34,650.75,19.5,670.17,0.539
C12H26,"4,4-dimethyldecane",CCCCCCC(C)(C)CCC,170.34,650.75,19.49,670.7,0.539
C12H26,"4,5-dimethyldecane",CCCCCC(C)C(C)CCC,170.34,650.75,19.66,664.86,0.539
C12H26,"4,6-dimethyldecane",CCCCC(C)CC(C)CCC,170.34,650.75,19.45,671.77,0.539
C12H26,"4,7-dimethyldecane",CCCC(C)CCC(C)CCC,170.34,650.75,19.46,671.45,0.539
C12H26,"5,5-dimethyldecane",CCCCCC(C)(C)CCCC,170.34,650.75,19.47,671.13,0.539
C12H26,"5,6-dimethyldecane",CCCCC(C)C(C)CCCC,170.34,650.75,19.65,665.07,0.539
C12H26,"2,2,3-trimethylnonane",CCCCCCC(C)C(C)(C)C,170.34,650.75,19.6,666.65,0.539
C12H26,"2,2,4-trimethylnonane",CCCCCC(C)CC(C)(C)C,170.34,650.75,19.22,679.81,0.539
C12H26,"2,2,5-trimethylnonane",CCCCC(C)CCC(C)(C)C,170.34,650.75,19.22,679.81,0.539
C12H26,"2,2,6-trimethylnonane",CCCC(C)CCCC(C)(C)C,170.34,650.75,19.23,679.48,0.539
C12H26,"2,2,7-trimethylnonane",CCC(C)CCCCC(C)(C)C,170.34,650.75,19.25,678.82,0.539
C12H26,"2,2,8-trimethylnonane",CC(C)CCCCCC(C)(C)C,170.34,650.75,19.03,686.79,0.539
C12H26,"2,3,3-trimethylnonane",CCCCCCC(C)(C)C(C)C,170.34,650.75,19.83,659.21,0.539
C12H26,"2,3,4-trimethylnonane",CCCCCC(C)C(C)C(C)C,170.34,650.75,19.79,660.35,0.539
C12H26,"2,3,5-trimethylnonane",CCCCC(C)CC(C)C(C)C,170.34,650.75,19.59,667.29,0.539
C12H26,"2,3,6-trimethylnonane",CCCC(C)CCC(C)C(C)C,170.34,650.75,19.59,666.97,0.539
C12H26,"2,3,7-trimethylnonane",CCC(C)CCCC(C)C(C)C,170.34,650.75,19.61,666.34,0.539
C12H26,"2,3,8-trimethylnonane",CC(C)CCCCC(C)C(C)C,170.34,650.75,19.43,672.53,0.539
C12H26,"2,4,4-trimethylnonane",CCCCCC(C)(C)CC(C)C,170.34,650.75,19.4,673.82,0.539
C12H26,"2,4,5-trimethylnonane",CCCCC(C)C(C)CC(C)C,170.34,650.75,19.58,667.61,0.539
C12H26,"2,4,6-trimethylnonane",CCCC(C)CC(C)CC(C)C,170.34,650.75,19.38,674.36,0.539
C12H26,"2,4,7-trimethylnonane",CCC(C)CCC(C)CC(C)C,170.34,650.75,19.4,673.82,0.539
C12H26,"2,4,8-trimethylnonane",CC(C)CCCC(C)CC(C)C,170.34,650.75,19.14,682.79,0.539
C12H26,"2,5,5-trimethylnonane",CCCCC(C)(C)CCC(C)C,170.34,650.75,19.4,673.82,0.539
C12H26,"2,5,6-trimethylnonane",CCCC(C)C(C)CCC(C)C,170.34,650.75,19.58,667.4,0.539
C12H26,"2,5,7-trimethylnonane",CCC(C)CC(C)CCC(C)C,170.34,650.75,19.39,673.93,0.539
C12H26,"2,5,8-trimethylnonane",CC(C)CCC(C)CCC(C)C,170.34,650.75,19.22,680.14,0.539
C12H26,"2,6,6-trimethylnonane",CCCC(C)(C)CCCC(C)C,170.34,650.75,19.41,673.28,0.539
C12H26,"2,6,7-trimethylnonane",CCC(C)C(C)CCCC(C)C,170.34,650.75,19.6,666.65,0.539
C12H26,"2,7,7-trimethylnonane",CCC(C)(C)CCCCC(C)C,170.34,650.75,19.44,672.42,0.539
C12H26,"3,3,4-trimethylnonane",CCCCCC(C)C(C)(C)CC,170.34,650.75,20.01,653.04,0.539
C12H26,"3,3,5-trimethylnonane",CCCCC(C)CC(C)(C)CC,170.34,650.75,19.59,667.08,0.539
C12H26,"3,3,7-trimethylnonane",CCC(C)CCCC(C)(C)CC,170.34,650.75,19.6,666.76,0.539
C12H26,"3,3,6-trimethylnonane",CCCC(C)CCC(C)(C)CC,170.34,650.75,19.62,666.13,0.539
C12H26,"3,4,4-trimethylnonane",CCCCCC(C)(C)C(C)CC,170.34,650.75,20,653.45,0.539
C12H26,"3,4,5-trimethylnonane",CCCCC(C)C(C)C(C)CC,170.34,650.75,19.97,654.37,0.539
C12H26,"3,4,6-trimethylnonane",CCCC(C)CC(C)C(C)CC,170.34,650.75,19.77,661.08,0.539
C12H26,"3,4,7-trimethylnonane",CCC(C)CCC(C)C(C)CC,170.34,650.75,19.79,660.46,0.539
C12H26,"3,5,5-trimethylnonane",CCCCC(C)(C)CC(C)CC,170.34,650.75,19.58,667.5,0.539
C12H26,"3,5,6-trimethylnonane",CCCC(C)C(C)CC(C)CC,170.34,650.75,19.77,661.19,0.539
C12H26,"3,5,7-trimethylnonane",CCC(C)CC(C)CC(C)CC,170.34,650.75,19.58,667.61,0.539
C12H26,"3,6,6-trimethylnonane",CCCC(C)(C)CCC(C)CC,170.34,650.75,19.59,667.08,0.539
C12H26,"4,4,5-trimethylnonane",CCCCC(C)C(C)(C)CCC,170.34,650.75,19.99,653.85,0.539
C12H26,"4,4,6-trimethylnonane",CCCC(C)CC(C)(C)CCC,170.34,650.75,19.58,667.61,0.539
C12H26,"4,5,5-trimethylnonane",CCCCC(C)(C)C(C)CCC,170.34,650.75,19.98,654.06,0.539
C12H26,"4,5,6-trimethylnonane",CCCC(C)C(C)C(C)CCC,170.34,650.75,19.96,654.67,0.539
C12H26,"2,2,3,3-tetramethyloctane",CCCCCC(C)(C)C(C)(C)C,170.34,650.75,20.17,647.97,0.539
C12H26,"2,2,3,4-tetramethyloctane",CCCCC(C)C(C)C(C)(C)C,170.34,650.75,19.93,655.91,0.539
C12H26,"2,2,3,5-tetramethyloctane",CCCC(C)CC(C)C(C)(C)C,170.34,650.75,19.72,662.65,0.539
C12H26,"2,2,3,6-tetramethyloctane",CCC(C)CCC(C)C(C)(C)C,170.34,650.75,19.74,662.02,0.539
C12H26,"2,2,3,7-tetramethyloctane",CC(C)CCCC(C)C(C)(C)C,170.34,650.75,19.56,668.25,0.539
C12H26,"2,2,4,4-tetramethyloctane",CCCCC(C)(C)CC(C)(C)C,170.34,650.75,19.71,663.07,0.539
C12H26,"2,2,4,5-tetramethyloctane",CCCC(C)C(C)CC(C)(C)C,170.34,650.75,19.51,669.85,0.539
C12H26,"2,2,4,6-tetramethyloctane",CCC(C)CC(C)CC(C)(C)C,170.34,650.75,19.32,676.31,0.539
C12H26,"2,2,4,7-tetramethyloctane",CC(C)CCC(C)CC(C)(C)C,170.34,650.75,19.15,682.57,0.539
C12H26,"2,2,5,5-tetramethyloctane",CCCC(C)(C)CCC(C)(C)C,170.34,650.75,19.34,675.66,0.539
C12H26,"2,2,5,6-tetramethyloctane",CCC(C)C(C)CCC(C)(C)C,170.34,650.75,19.53,669.1,0.539
C12H26,"2,2,5,7-tetramethyloctane",CC(C)CC(C)CCC(C)(C)C,170.34,650.75,19.15,682.46,0.539
C12H26,"2,2,6,6-tetramethyloctane",CCC(C)(C)CCCC(C)(C)C,170.34,650.75,19.37,674.8,0.539
C12H26,"2,2,6,7-tetramethyloctane",CC(C)C(C)CCCC(C)(C)C,170.34,650.75,19.36,675.01,0.539
C12H26,"2,2,7,7-tetramethyloctane",CC(C)(C)CCCCC(C)(C)C,170.34,650.75,19.01,687.58,0.539
C12H26,"2,3,3,4-tetramethyloctane",CCCCC(C)C(C)(C)C(C)C,170.34,650.75,20.34,642.39,0.539
C12H26,"2,3,3,5-tetramethyloctane",CCCC(C)CC(C)(C)C(C)C,170.34,650.75,19.92,656.21,0.539
C12H26,"2,3,3,6-tetramethyloctane",CCC(C)CCC(C)(C)C(C)C,170.34,650.75,19.93,655.6,0.539
C12H26,"2,3,3,7-tetramethyloctane",CC(C)CCCC(C)(C)C(C)C,170.34,650.75,19.75,661.81,0.539
C12H26,"2,3,4,4-tetramethyloctane",CCCCC(C)(C)C(C)C(C)C,170.34,650.75,20.12,649.59,0.539
C12H26,"2,3,4,5-tetramethyloctane",CCCC(C)C(C)C(C)C(C)C,170.34,650.75,20.1,650.29,0.539
C12H26,"2,3,4,6-tetramethyloctane",CCC(C)CC(C)C(C)C(C)C,170.34,650.75,19.9,656.73,0.539
C12H26,"2,3,4,7-tetramethyloctane",CC(C)CCC(C)C(C)C(C)C,170.34,650.75,19.71,662.97,0.539
C12H26,"2,3,5,5-tetramethyloctane",CCCC(C)(C)CC(C)C(C)C,170.34,650.75,19.71,663.18,0.539
C12H26,"2,3,5,6-tetramethyloctane",CCC(C)C(C)CC(C)C(C)C,170.34,650.75,19.9,656.63,0.539
C12H26,"2,3,5,7-tetramethyloctane",CC(C)CC(C)CC(C)C(C)C,170.34,650.75,19.51,669.95,0.539
C12H26,"2,3,6,6-tetramethyloctane",CCC(C)(C)CCC(C)C(C)C,170.34,650.75,19.73,662.23,0.539
C12H26,"2,3,6,7-tetramethyloctane",CC(C)C(C)CCC(C)C(C)C,170.34,650.75,19.73,662.44,0.539
C12H26,"2,4,4,5-tetramethyloctane",CCCC(C)C(C)(C)CC(C)C,170.34,650.75,19.9,656.63,0.539
C12H26,"2,4,4,6-tetramethyloctane",CCC(C)CC(C)(C)CC(C)C,170.34,650.75,19.5,670.17,0.539
C12H26,"2,4,4,7-tetramethyloctane",CC(C)CCC(C)(C)CC(C)C,170.34,650.75,19.34,675.88,0.539
C12H26,"2,4,5,5-tetramethyloctane",CCCC(C)(C)C(C)CC(C)C,170.34,650.75,19.91,656.52,0.539
C12H26,"2,4,5,6-tetramethyloctane",CCC(C)C(C)C(C)CC(C)C,170.34,650.75,19.89,656.93,0.539
C12H26,"2,4,5,7-tetramethyloctane",CC(C)CC(C)C(C)CC(C)C,170.34,650.75,19.5,670.27,0.539
C12H26,"2,4,6,6-tetramethyloctane",CCC(C)(C)CC(C)CC(C)C,170.34,650.75,19.51,669.74,0.539
C12H26,"2,5,5,6-tetramethyloctane",CCC(C)C(C)(C)CCC(C)C,170.34,650.75,19.92,656.01,0.539
C12H26,"2,5,6,6-tetramethyloctane",CCC(C)(C)C(C)CCC(C)C,170.34,650.75,19.93,655.7,0.539
C12H26,"3,3,4,4-tetramethyloctane",CCCCC(C)(C)C(C)(C)CC,170.34,650.75,20.57,635.33,0.539
C12H26,"3,3,4,5-tetramethyloctane",CCCC(C)C(C)C(C)(C)CC,170.34,650.75,20.33,642.98,0.539
C12H26,"3,3,4,6-tetramethyloctane",CCC(C)CC(C)C(C)(C)CC,170.34,650.75,20.12,649.49,0.539
C12H26,"3,3,5,5-tetramethyloctane",CCCC(C)(C)CC(C)(C)CC,170.34,650.75,20.11,649.99,0.539
C12H26,"3,3,5,6-tetramethyloctane",CCC(C)C(C)CC(C)(C)CC,170.34,650.75,19.91,656.42,0.539
C12H26,"3,3,6,6-tetramethyloctane",CCC(C)(C)CCC(C)(C)CC,170.34,650.75,19.69,663.7,0.539
C12H26,"3,4,4,5-tetramethyloctane",CCCC(C)C(C)(C)C(C)CC,170.34,650.75,20.54,636.4,0.539
C12H26,"3,4,4,6-tetramethyloctane",CCC(C)CC(C)(C)C(C)CC,170.34,650.75,20.11,649.79,0.539
C12H26,"3,4,5,5-tetramethyloctane",CCCC(C)(C)C(C)C(C)CC,170.34,650.75,20.32,643.28,0.539
C12H26,"3,4,5,6-tetramethyloctane",CCC(C)C(C)C(C)C(C)CC,170.34,650.75,20.3,643.78,0.539
C12H26,"4,4,5,5-tetramethyloctane",CCCC(C)(C)C(C)(C)CCC,170.34,650.75,20.55,635.82,0.539
C12H26,"2,2,3,3,4-pentamethylheptane",CCCC(C)C(C)(C)C(C)(C)C,170.34,650.75,20.72,630.61,0.539
C12H26,"2,2,3,3,5-pentamethylheptane",CCC(C)CC(C)(C)C(C)(C)C,170.34,650.75,20.28,644.27,0.539
C12H26,"2,2,3,3,6-pentamethylheptane",CC(C)CCC(C)(C)C(C)(C)C,170.34,650.75,20.1,650.29,0.539
C12H26,"2,2,3,4,4-pentamethylheptane",CCCC(C)(C)C(C)C(C)(C)C,170.34,650.75,20.69,631.57,0.539
C12H26,"2,2,3,4,5-pentamethylheptane",CCC(C)C(C)C(C)C(C)(C)C,170.34,650.75,20.25,645.27,0.539
C12H26,"2,2,3,4,6-pentamethylheptane",CC(C)CC(C)C(C)C(C)(C)C,170.34,650.75,19.85,658.48,0.539
C12H26,"2,2,3,5,5-pentamethylheptane",CCC(C)(C)CC(C)C(C)(C)C,170.34,650.75,19.88,657.45,0.539
C12H26,"2,2,3,5,6-pentamethylheptane",CC(C)C(C)CC(C)C(C)(C)C,170.34,650.75,19.85,658.48,0.539
C12H26,"2,2,3,6,6-pentamethylheptane",CC(CCC(C)(C)C)C(C)(C)C,170.34,650.75,19.47,671.13,0.539
C12H26,"2,2,4,4,5-pentamethylheptane",CCC(C)C(C)(C)CC(C)(C)C,170.34,650.75,20.25,645.27,0.539
C12H26,"2,2,4,4,6-pentamethylheptane",CC(C)CC(C)(C)CC(C)(C)C,170.34,650.75,19.65,665.17,0.539
C12H26,"2,2,4,5,5-pentamethylheptane",CCC(C)(C)C(C)CC(C)(C)C,170.34,650.75,19.85,658.48,0.539
C12H26,"2,2,4,5,6-pentamethylheptane",CC(C)C(C)C(C)CC(C)(C)C,170.34,650.75,19.63,665.81,0.539
C12H26,"2,2,4,6,6-pentamethylheptane",CC(CC(C)(C)C)CC(C)(C)C,170.34,650.75,19.17,681.57,0.539
C12H26,"2,2,5,5,6-pentamethylheptane",CC(C)C(C)(C)CCC(C)(C)C,170.34,650.75,19.69,663.7,0.539
C12H26,"2,3,3,4,4-pentamethylheptane",CCCC(C)(C)C(C)(C)C(C)C,170.34,650.75,20.94,623.98,0.539
C12H26,"2,3,3,4,5-pentamethylheptane",CCC(C)C(C)C(C)(C)C(C)C,170.34,650.75,20.69,631.57,0.539
C12H26,"2,3,3,4,6-pentamethylheptane",CC(C)CC(C)C(C)(C)C(C)C,170.34,650.75,20.25,645.27,0.539
C12H26,"2,3,3,5,5-pentamethylheptane",CCC(C)(C)CC(C)(C)C(C)C,170.34,650.75,20.47,638.35,0.539
C12H26,"2,3,3,5,6-pentamethylheptane",CC(C)C(C)CC(C)(C)C(C)C,170.34,650.75,20.07,651.31,0.539
C12H26,"2,3,4,4,5-pentamethylheptane",CCC(C)C(C)(C)C(C)C(C)C,170.34,650.75,20.69,631.57,0.539
C12H26,"2,3,4,4,6-pentamethylheptane",CC(C)CC(C)(C)C(C)C(C)C,170.34,650.75,20.03,652.32,0.539
C12H26,"2,3,4,5,5-pentamethylheptane",CCC(C)(C)C(C)C(C)C(C)C,170.34,650.75,20.47,638.35,0.539
C12H26,"2,3,4,5,6-pentamethylheptane",CC(C)C(C)C(C)C(C)C(C)C,170.34,650.75,20.22,646.27,0.539
C12H26,"2,4,4,5,5-pentamethylheptane",CCC(C)(C)C(C)(C)CC(C)C,170.34,650.75,20.5,637.38,0.539
C12H26,"3,3,4,4,5-pentamethylheptane",CCC(C)C(C)(C)C(C)(C)CC,170.34,650.75,21.17,617.48,0.539
C12H26,"3,3,4,5,5-pentamethylheptane",CCC(C)(C)C(C)C(C)(C)CC,170.34,650.75,21.13,618.4,0.539
C12H26,"2,2,3,3,4,4-hexamethylhexane",CCC(C)(C)C(C)(C)C(C)(C)C,170.34,650.75,21.83,598.69,0.539
C12H26,"2,2,3,3,4,5-hexamethylhexane",CC(C)C(C)C(C)(C)C(C)(C)C,170.34,650.75,20.85,626.81,0.539
C12H26,"2,2,3,3,5,5-hexamethylhexane",CC(C)(C)CC(C)(C)C(C)(C)C,170.34,650.75,20.41,640.32,0.539
C12H26,"2,2,3,4,4,5-hexamethylhexane",CC(C)C(C)(C)C(C)C(C)(C)C,170.34,650.75,21.07,620.25,0.539
C12H26,"2,2,3,4,5,5-hexamethylhexane",CC(C(C)C(C)(C)C)C(C)(C)C,170.34,650.75,20.38,641.3,0.539
C12H26,"2,3,3,4,4,5-hexamethylhexane",CC(C)C(C)(C)C(C)(C)C(C)C,170.34,650.75,21.32,612.91,0.539
C12H26,3-ethyldecane,CCCCCCCC(CC)CC,170.34,650.75,19.75,661.81,0.539
C12H26,4-ethyldecane,CCCCCCC(CC)CCC,170.34,650.75,19.53,669.1,0.539
C12H26,5-ethyldecane,CCCCCC(CC)CCCC,170.34,650.75,19.52,669.63,0.539
C12H26,4-propylnonane,CCCCCC(CCC)CCC,170.34,650.75,19.5,670.17,0.539
C12H26,5-propylnonane,CCCCC(CCC)CCCC,170.34,650.75,19.48,671.02,0.539
C12H26,4-isopropylnonane,CCCCCC(CCC)C(C)C,170.34,650.75,19.63,665.7,0.539
C12H26,5-isopropylnonane,CCCCC(CCCC)C(C)C,170.34,650.75,19.62,666.13,0.539
C12H26,2-methyl-3-ethylnonane,CCCCCCC(CC)C(C)C,170.34,650.75,19.66,664.65,0.539
C12H26,2-methyl-4-ethylnonane,CCCCCC(CC)CC(C)C,170.34,650.75,19.44,672.2,0.539
C12H26,2-methyl-5-ethylnonane,CCCCC(CC)CCC(C)C,170.34,650.75,19.44,672.2,0.539
C12H26,2-methyl-6-ethylnonane,CCCC(CC)CCCC(C)C,170.34,650.75,19.45,671.77,0.539
C12H26,2-methyl-7-ethylnonane,CCC(CC)CCCCC(C)C,170.34,650.75,19.48,670.81,0.539
C12H26,3-methyl-3-ethylnonane,CCCCCCC(C)(CC)CC,170.34,650.75,19.88,657.35,0.539
C12H26,3-methyl-4-ethylnonane,CCCCCC(CC)C(C)CC,170.34,650.75,19.83,658.9,0.539
C12H26,3-methyl-5-ethylnonane,CCCCC(CC)CC(C)CC,170.34,650.75,19.59,667.08,0.539
C12H26,3-methyl-6-ethylnonane,CCCC(CC)CCC(C)CC,170.34,650.75,19.64,665.49,0.539
C12H26,3-methyl-7-ethylnonane,CCC(C)CCCC(CC)CC,170.34,650.75,19.67,664.54,0.539
C12H26,4-methyl-3-ethylnonane,CCCCCC(C)C(CC)CC,170.34,650.75,19.84,658.59,0.539
C12H26,4-methyl-4-ethylnonane,CCCCCC(C)(CC)CCC,170.34,650.75,19.85,658.48,0.539
C12H26,4-methyl-5-ethylnonane,CCCCC(CC)C(C)CCC,170.34,650.75,19.82,659.52,0.539
C12H26,4-methyl-6-ethylnonane,CCCC(C)CC(CC)CCC,170.34,650.75,19.62,666.13,0.539
C12H26,4-methyl-7-ethylnonane,CCCC(C)CCC(CC)CC,170.34,650.75,19.65,665.17,0.539
C12H26,5-methyl-3-ethylnonane,CCCCC(C)CC(CC)CC,170.34,650.75,19.64,665.49,0.539
C12H26,5-methyl-4-ethylnonane,CCCCC(C)C(CC)CCC,170.34,650.75,19.82,659.42,0.539
C12H26,5-methyl-5-ethylnonane,CCCCC(C)(CC)CCCC,170.34,650.75,19.84,658.8,0.539
C12H26,4-tert-butyloctane,CCCCC(CCC)C(C)(C)C,170.34,650.75,19.76,661.4,0.539
C12H26,2-methyl-4-propyloctane,CCCCC(CCC)CC(C)C,170.34,650.75,19.41,673.17,0.539
C12H26,2-methyl-5-propyloctane,CCCC(CCC)CCC(C)C,170.34,650.75,19.38,674.36,0.539
C12H26,3-methyl-4-propyloctane,CCCCC(CCC)C(C)CC,170.34,650.75,19.81,659.83,0.539
C12H26,3-methyl-5-propyloctane,CCCC(CCC)CC(C)CC,170.34,650.75,19.92,656.11,0.539
C12H26,4-methyl-4-propyloctane,CCCCC(C)(CCC)CCC,170.34,650.75,19.82,659.42,0.539
C12H26,4-methyl-5-propyloctane,CCCC(C)C(CCC)CCC,170.34,650.75,19.8,660.15,0.539
C12H26,2-methyl-3-isopropyloctane,CCCCCC(C(C)C)C(C)C,170.34,650.75,19.76,661.29,0.539
C12H26,2-methyl-4-isopropyloctane,CCCCC(CC(C)C)C(C)C,170.34,650.75,19.54,668.67,0.539
C12H26,2-methyl-5-isopropyloctane,CCCC(CCC(C)C)C(C)C,170.34,650.75,19.55,668.35,0.539
C12H26,3-methyl-4-isopropyloctane,CCCCC(C(C)C)C(C)CC,170.34,650.75,19.94,655.39,0.539
C12H26,3-methyl-5-isopropyloctane,CCCC(CC(C)CC)C(C)C,170.34,650.75,19.74,662.13,0.539
C12H26,4-methyl-4-isopropyloctane,CCCCC(C)(CCC)C(C)C,170.34,650.75,20.17,647.87,0.539
C12H26,4-methyl-5-isopropyloctane,CCCC(C)C(CCC)C(C)C,170.34,650.75,19.93,655.7,0.539
C12H26,"3,3-diethyloctane",CCCCCC(CC)(CC)CC,170.34,650.75,19.99,653.85,0.539
C12H26,"3,4-diethyloctane",CCCCC(CC)C(CC)CC,170.34,650.75,20,653.34,0.539
C12H26,"3,5-diethyloctane",CCCC(CC)CC(CC)CC,170.34,650.75,19.81,659.83,0.539
C12H26,"3,6-diethyloctane",CCC(CC)CCC(CC)CC,170.34,650.75,19.85,658.28,0.539
C12H26,"4,4-diethyloctane",CCCCC(CC)(CC)CCC,170.34,650.75,20.1,650.19,0.539
C12H26,"4,5-diethyloctane",CCCC(CC)C(CC)CCC,170.34,650.75,19.99,653.75,0.539
C12H26,"2,2-dimethyl-3-ethyloctane",CCCCCC(CC)C(C)(C)C,170.34,650.75,19.79,660.46,0.539
C12H26,"2,2-dimethyl-4-ethyloctane",CCCCC(CC)CC(C)(C)C,170.34,650.75,19.37,674.58,0.539
C12H26,"2,2-dimethyl-5-ethyloctane",CCCC(CC)CCC(C)(C)C,170.34,650.75,19.39,674.15,0.539
C12H26,"2,2-dimethyl-6-ethyloctane",CCC(CC)CCCC(C)(C)C,170.34,650.75,19.41,673.17,0.539
C12H26,"2,3-dimethyl-3-ethyloctane",CCCCCC(C)(CC)C(C)C,170.34,650.75,20.2,646.97,0.539
C12H26,"2,3-dimethyl-4-ethyloctane",CCCCC(CC)C(C)C(C)C,170.34,650.75,19.95,655.08,0.539
C12H26,"2,3-dimethyl-5-ethyloctane",CCCC(CC)CC(C)C(C)C,170.34,650.75,19.75,661.61,0.539
C12H26,"2,3-dimethyl-6-ethyloctane",CCC(CC)CCC(C)C(C)C,170.34,650.75,19.78,660.67,0.539
C12H26,"2,4-dimethyl-3-ethyloctane",CCCCC(C)C(CC)C(C)C,170.34,650.75,19.95,654.98,0.539
C12H26,"2,4-dimethyl-4-ethyloctane",CCCCC(C)(CC)CC(C)C,170.34,650.75,19.76,661.4,0.539
C12H26,"2,4-dimethyl-5-ethyloctane",CCCC(CC)C(C)CC(C)C,170.34,650.75,19.74,662.02,0.539
C12H26,"2,4-dimethyl-6-ethyloctane",CCC(CC)CC(C)CC(C)C,170.34,650.75,19.56,668.14,0.539
C12H26,"2,5-dimethyl-3-ethyloctane",CCCC(C)CC(CC)C(C)C,170.34,650.75,19.75,661.61,0.539
C12H26,"2,5-dimethyl-4-ethyloctane",CCCC(C)C(CC)CC(C)C,170.34,650.75,19.74,662.13,0.539
C12H26,"2,5-dimethyl-5-ethyloctane",CCCC(C)(CC)CCC(C)C,170.34,650.75,19.77,661.08,0.539
C12H26,"2,5-dimethyl-6-ethyloctane",CCC(CC)C(C)CCC(C)C,170.34,650.75,19.77,661.19,0.539
C12H26,"2,6-dimethyl-3-ethyloctane",CCC(C)CCC(CC)C(C)C,170.34,650.75,19.77,661.08,0.539
C12H26,"2,6-dimethyl-4-ethyloctane",CCC(C)CC(CC)CC(C)C,170.34,650.75,19.55,668.57,0.539
C12H26,"2,6-dimethyl-5-ethyloctane",CCC(C)C(CC)CCC(C)C,170.34,650.75,19.76,661.5,0.539
C12H26,"2,6-dimethyl-6-ethyloctane",CCC(C)(CC)CCCC(C)C,170.34,650.75,19.8,660.04,0.539
C12H26,"2,7-dimethyl-3-ethyloctane",CCC(CCCC(C)C)C(C)C,170.34,650.75,19.59,667.29,0.539
C12H26,"2,7-dimethyl-4-ethyloctane",CCC(CCC(C)C)CC(C)C,170.34,650.75,19.36,674.9,0.539
C12H26,"3,3-dimethyl-4-ethyloctane",CCCCC(CC)C(C)(C)CC,170.34,650.75,20.18,647.77,0.539
C12H26,"3,3-dimethyl-5-ethyloctane",CCCC(CC)CC(C)(C)CC,170.34,650.75,19.76,661.4,0.539
C12H26,"3,3-dimethyl-6-ethyloctane",CCC(CC)CCC(C)(C)CC,170.34,650.75,19.79,660.46,0.539
C12H26,"3,4-dimethyl-3-ethyloctane",CCCCC(C)C(C)(CC)CC,170.34,650.75,20.4,640.71,0.539
C12H26,"3,4-dimethyl-4-ethyloctane",CCCCC(C)(CC)C(C)CC,170.34,650.75,20.39,641.1,0.539
C12H26,"3,4-dimethyl-5-ethyloctane",CCCC(CC)C(C)C(C)CC,170.34,650.75,20.14,648.78,0.539
C12H26,"3,4-dimethyl-6-ethyloctane",CCC(CC)CC(C)C(C)CC,170.34,650.75,19.96,654.78,0.539
C12H26,"3,5-dimethyl-3-ethyloctane",CCCC(C)CC(C)(CC)CC,170.34,650.75,19.97,654.37,0.539
C12H26,"3,5-dimethyl-4-ethyloctane",CCCC(C)C(CC)C(C)CC,170.34,650.75,20.14,648.88,0.539
C12H26,"3,5-dimethyl-5-ethyloctane",CCCC(C)(CC)CC(C)CC,170.34,650.75,19.94,655.49,0.539
C12H26,"3,5-dimethyl-6-ethyloctane",CCC(C)CC(C)C(CC)CC,170.34,650.75,19.95,654.98,0.539
C12H26,"3,6-dimethyl-3-ethyloctane",CCC(C)CCC(C)(CC)CC,170.34,650.75,19.99,653.75,0.539
C12H26,"3,6-dimethyl-4-ethyloctane",CCC(C)CC(CC)C(C)CC,170.34,650.75,19.94,655.29,0.539
C12H26,"4,4-dimethyl-3-ethyloctane",CCCCC(C)(C)C(CC)CC,170.34,650.75,18.31,713.68,0.539
C12H26,"4,4-dimethyl-5-ethyloctane",CCCC(CC)C(C)(C)CCC,170.34,650.75,20.16,648.28,0.539
C12H26,"4,4-dimethyl-6-ethyloctane",CCCC(C)(C)CC(CC)CC,170.34,650.75,19.76,661.4,0.539
C12H26,"4,5-dimethyl-3-ethyloctane",CCCC(C)C(C)C(CC)CC,170.34,650.75,20.15,648.48,0.539
C12H26,"4,5-dimethyl-4-ethyloctane",CCCC(C)C(C)(CC)CCC,170.34,650.75,20.38,641.4,0.539
C12H26,2-methyl-4-tert-butylheptane,CCCC(CC(C)C)C(C)(C)C,170.34,650.75,19.69,663.7,0.539
C12H26,3-methyl-4-tert-butylheptane,CCCC(C(C)CC)C(C)(C)C,170.34,650.75,20.07,651.31,0.539
C12H26,4-methyl-4-tert-butylheptane,CCCC(C)(CCC)C(C)(C)C,170.34,650.75,20.54,636.4,0.539
C12H26,3-ethyl-4-propylheptane,CCCC(CCC)C(CC)CC,170.34,650.75,20,653.34,0.539
C12H26,4-ethyl-4-propylheptane,CCCC(CC)(CCC)CCC,170.34,650.75,20.13,649.28,0.539
C12H26,3-ethyl-4-isopropylheptane,CCCC(C(C)C)C(CC)CC,170.34,650.75,20.13,649.28,0.539
C12H26,4-ethyl-4-isopropylheptane,CCCC(CC)(CCC)C(C)C,170.34,650.75,20.57,635.43,0.539
C12H26,"2,3-dimethyl-4-propylheptane",CCCC(CCC)C(C)C(C)C,170.34,650.75,19.94,655.39,0.539
C12H26,"2,4-dimethyl-4-propylheptane",CCCC(C)(CCC)CC(C)C,170.34,650.75,19.75,661.61,0.539
C12H26,"2,5-dimethyl-4-propylheptane",CCCC(CC(C)C)C(C)CC,170.34,650.75,19.72,662.65,0.539
C12H26,"2,6-dimethyl-4-propylheptane",CCCC(CC(C)C)CC(C)C,170.34,650.75,19.22,679.81,0.539
C12H26,"3,3-dimethyl-4-propylheptane",CCCC(CCC)C(C)(C)CC,170.34,650.75,20.16,648.28,0.539
C12H26,"3,4-dimethyl-4-propylheptane",CCCC(C)(CCC)C(C)CC,170.34,650.75,20.38,641.3,0.539
C12H26,"3,5-dimethyl-4-propylheptane",CCCC(C(C)CC)C(C)CC,170.34,650.75,20.13,649.28,0.539
C12H26,"2,2-dimethyl-3-isopropylheptane",CCCCC(C(C)C)C(C)(C)C,170.34,650.75,19.88,657.45,0.539
C12H26,"2,2-dimethyl-4-isopropylheptane",CCCC(CC(C)(C)C)C(C)C,170.34,650.75,19.47,671.13,0.539
C12H26,"2,3-dimethyl-3-isopropylheptane",CCCCC(C)(C(C)C)C(C)C,170.34,650.75,20.54,636.4,0.539
C12H26,"2,3-dimethyl-4-isopropylheptane",CCCC(C(C)C)C(C)C(C)C,170.34,650.75,20.07,651.31,0.539
C12H26,"2,4-dimethyl-3-isopropylheptane",CCCC(C)C(C(C)C)C(C)C,170.34,650.75,20.07,651.31,0.539
C12H26,"2,4-dimethyl-4-isopropylheptane",CCCC(C)(CC(C)C)C(C)C,170.34,650.75,20.1,650.29,0.539
C12H26,"2,5-dimethyl-3-isopropylheptane",CCC(C)CC(C(C)C)C(C)C,170.34,650.75,19.88,657.45,0.539
C12H26,"2,5-dimethyl-4-isopropylheptane",CCC(C)C(CC(C)C)C(C)C,170.34,650.75,19.85,658.48,0.539
C12H26,"2,6-dimethyl-3-isopropylheptane",CC(C)CCC(C(C)C)C(C)C,170.34,650.75,19.63,665.7,0.539
C12H26,"2,6-dimethyl-4-isopropylheptane",CC(C)CC(CC(C)C)C(C)C,170.34,650.75,19.47,671.13,0.539
C12H26,"3,3-dimethyl-4-isopropylheptane",CCCC(C(C)C)C(C)(C)CC,170.34,650.75,20.28,644.27,0.539
C12H26,"3,4-dimethyl-4-isopropylheptane",CCCC(C)(C(C)C)C(C)CC,170.34,650.75,20.72,630.61,0.539
C12H26,"3,5-dimethyl-4-isopropylheptane",CCC(C)C(C(C)C)C(C)CC,170.34,650.75,20.25,645.27,0.539
C12H26,"2-methyl-3,3-diethylheptane",CCCCC(CC)(CC)C(C)C,170.34,650.75,20.6,634.46,0.539
C12H26,"2-methyl-3,4-diethylheptane",CCCC(CC)C(CC)C(C)C,170.34,650.75,20.13,649.28,0.539
C12H26,"2-methyl-3,5-diethylheptane",CCC(CC)CC(CC)C(C)C,170.34,650.75,19.94,655.39,0.539
C12H26,"2-methyl-4,4-diethylheptane",CCCC(CC)(CC)CC(C)C,170.34,650.75,20.13,649.28,0.539
C12H26,"2-methyl-4,5-diethylheptane",CCC(CC)C(CC)CC(C)C,170.34,650.75,19.94,655.39,0.539
C12H26,"2-methyl-5,5-diethylheptane",CCC(CC)(CC)CCC(C)C,170.34,650.75,20.19,647.27,0.539
C12H26,"3-methyl-3,4-diethylheptane",CCCC(CC)C(C)(CC)CC,170.34,650.75,20.57,635.43,0.539
C12H26,"3-methyl-3,5-diethylheptane",CCC(CC)CC(C)(CC)CC,170.34,650.75,20.16,648.28,0.539
C12H26,"3-methyl-4,4-diethylheptane",CCCC(CC)(CC)C(C)CC,170.34,650.75,20.79,628.71,0.539
C12H26,"3-methyl-4,5-diethylheptane",CCC(C)C(CC)C(CC)CC,170.34,650.75,20.35,642.29,0.539
C12H26,"3-methyl-5,5-diethylheptane",CCC(C)CC(CC)(CC)CC,170.34,650.75,20.38,641.3,0.539
C12H26,"4-methyl-3,3-diethylheptane",CCCC(C)C(CC)(CC)CC,170.34,650.75,20.82,627.76,0.539
C12H26,"4-methyl-3,4-diethylheptane",CCCC(C)(CC)C(CC)CC,170.34,650.75,20.57,635.43,0.539
C12H26,"4-methyl-3,5-diethylheptane",CCC(CC)C(C)C(CC)CC,170.34,650.75,20.35,642.29,0.539
C12H26,"2,2,3-trimethyl-3-ethylheptane",CCCCC(C)(CC)C(C)(C)C,170.34,650.75,20.57,635.43,0.539
C12H26,"2,2,3-trimethyl-4-ethylheptane",CCCC(CC)C(C)C(C)(C)C,170.34,650.75,20.1,650.29,0.539
C12H26,"2,2,3-trimethyl-5-ethylheptane",CCC(CC)CC(C)C(C)(C)C,170.34,650.75,19.91,656.42,0.539
C12H26,"2,2,4-trimethyl-3-ethylheptane",CCCC(C)C(CC)C(C)(C)C,170.34,650.75,20.1,650.29,0.539
C12H26,"2,2,4-trimethyl-4-ethylheptane",CCCC(C)(CC)CC(C)(C)C,170.34,650.75,20.1,650.29,0.539
C12H26,"2,2,4-trimethyl-5-ethylheptane",CCC(CC)C(C)CC(C)(C)C,170.34,650.75,19.69,663.7,0.539
C12H26,"2,2,5-trimethyl-3-ethylheptane",CCC(C)CC(CC)C(C)(C)C,170.34,650.75,19.91,656.42,0.539
C12H26,"2,2,5-trimethyl-4-ethylheptane",CCC(C)C(CC)CC(C)(C)C,170.34,650.75,19.69,663.7,0.539
C12H26,"2,2,5-trimethyl-5-ethylheptane",CCC(C)(CC)CCC(C)(C)C,170.34,650.75,19.72,662.65,0.539
C12H26,"2,2,6-trimethyl-3-ethylheptane",CCC(CCC(C)C)C(C)(C)C,170.34,650.75,19.72,662.65,0.539
C12H26,"2,2,6-trimethyl-4-ethylheptane",CCC(CC(C)C)CC(C)(C)C,170.34,650.75,19.29,677.62,0.539
C12H26,"2,2,6-trimethyl-5-ethylheptane",CCC(CCC(C)(C)C)C(C)C,170.34,650.75,19.5,670.06,0.539
C12H26,"2,3,3-trimethyl-4-ethylheptane",CCCC(CC)C(C)(C)C(C)C,170.34,650.75,20.54,636.4,0.539
C12H26,"2,3,3-trimethyl-5-ethylheptane",CCC(CC)CC(C)(C)C(C)C,170.34,650.75,20.1,650.29,0.539
C12H26,"2,3,4-trimethyl-3-ethylheptane",CCCC(C)C(C)(CC)C(C)C,170.34,650.75,20.76,629.66,0.539
C12H26,"2,3,4-trimethyl-4-ethylheptane",CCCC(C)(CC)C(C)C(C)C,170.34,650.75,20.5,637.38,0.539
C12H26,"2,3,4-trimethyl-5-ethylheptane",CCC(CC)C(C)C(C)C(C)C,170.34,650.75,20.28,644.27,0.539
C12H26,"2,3,5-trimethyl-3-ethylheptane",CCC(C)CC(C)(CC)C(C)C,170.34,650.75,20.33,642.88,0.539
C12H26,"2,3,5-trimethyl-4-ethylheptane",CCC(C)C(CC)C(C)C(C)C,170.34,650.75,20.28,644.27,0.539
C12H26,"2,3,5-trimethyl-5-ethylheptane",CCC(C)(CC)CC(C)C(C)C,170.34,650.75,20.1,650.29,0.539
C12H26,"2,3,6-trimethyl-3-ethylheptane",CCC(C)(CCC(C)C)C(C)C,170.34,650.75,20.13,649.28,0.539
C12H26,"2,3,6-trimethyl-4-ethylheptane",CCC(CC(C)C)C(C)C(C)C,170.34,650.75,19.88,657.45,0.539
C12H26,"2,3,6-trimethyl-5-ethylheptane",CCC(CC(C)C(C)C)C(C)C,170.34,650.75,19.88,657.45,0.539
C12H26,"2,4,4-trimethyl-3-ethylheptane",CCCC(C)(C)C(CC)C(C)C,170.34,650.75,20.1,650.29,0.539
C12H26,"2,4,4-trimethyl-5-ethylheptane",CCC(CC)C(C)(C)CC(C)C,170.34,650.75,20.1,650.29,0.539
C12H26,"2,4,5-trimethyl-3-ethylheptane",CCC(C)C(C)C(CC)C(C)C,170.34,650.75,20.28,644.27,0.539
C12H26,"2,4,5-trimethyl-4-ethylheptane",CCC(C)C(C)(CC)CC(C)C,170.34,650.75,20.32,643.28,0.539
C12H26,"2,4,5-trimethyl-5-ethylheptane",CCC(C)(CC)C(C)CC(C)C,170.34,650.75,20.32,643.28,0.539
C12H26,"2,4,6-trimethyl-3-ethylheptane",CCC(C(C)C)C(C)CC(C)C,170.34,650.75,19.88,657.45,0.539
C12H26,"2,4,6-trimethyl-4-ethylheptane",CCC(C)(CC(C)C)CC(C)C,170.34,650.75,19.69,663.7,0.539
C12H26,"2,5,5-trimethyl-3-ethylheptane",CCC(CC(C)(C)CC)C(C)C,170.34,650.75,19.88,657.45,0.539
C12H26,"2,5,5-trimethyl-4-ethylheptane",CCC(CC(C)C)C(C)(C)CC,170.34,650.75,20.1,650.29,0.539
C12H26,"3,3,4-trimethyl-4-ethylheptane",CCCC(C)(CC)C(C)(C)CC,170.34,650.75,20.98,623.04,0.539
C12H26,"3,3,4-trimethyl-5-ethylheptane",CCC(CC)C(C)C(C)(C)CC,170.34,650.75,20.54,636.4,0.539
C12H26,"3,3,5-trimethyl-4-ethylheptane",CCC(C)C(CC)C(C)(C)CC,170.34,650.75,20.5,637.38,0.539
C12H26,"3,3,5-trimethyl-5-ethylheptane",CCC(C)(C)CC(C)(CC)CC,170.34,650.75,20.54,636.4,0.539
C12H26,"3,4,4-trimethyl-3-ethylheptane",CCCC(C)(C)C(C)(CC)CC,170.34,650.75,21.01,622.11,0.539
C12H26,"3,4,4-trimethyl-5-ethylheptane",CCC(C)C(C)(C)C(CC)CC,170.34,650.75,20.76,629.66,0.539
C12H26,"3,4,5-trimethyl-3-ethylheptane",CCC(C)C(C)C(C)(CC)CC,170.34,650.75,20.76,629.66,0.539
C12H26,"3,4,5-trimethyl-4-ethylheptane",CCC(C)C(C)(CC)C(C)CC,170.34,650.75,20.94,623.98,0.539
C12H26,"2,2-dimethyl-3-tert-butylhexane",CCCC(C(C)(C)C)C(C)(C)C,170.34,650.75,20.44,639.33,0.539
C12H26,2-methyl-3-ethyl-3-isopropylhexane,CCCC(CC)(C(C)C)C(C)C,170.34,650.75,20.94,623.98,0.539
C12H26,2-methyl-4-ethyl-3-isopropylhexane,CCC(CC)C(C(C)C)C(C)C,170.34,650.75,20.25,645.27,0.539
C12H26,"2,2,3-trimethyl-3-isopropylhexane",CCCC(C)(C(C)C)C(C)(C)C,170.34,650.75,20.91,624.92,0.539
C12H26,"2,2,4-trimethyl-3-isopropylhexane",CCC(C)C(C(C)C)C(C)(C)C,170.34,650.75,20.22,646.27,0.539
C12H26,"2,2,5-trimethyl-3-isopropylhexane",CC(C)CC(C(C)C)C(C)(C)C,170.34,650.75,19.82,659.52,0.539
C12H26,"2,2,5-trimethyl-4-isopropylhexane",CC(C)C(CC(C)(C)C)C(C)C,170.34,650.75,19.63,665.81,0.539
C12H26,"2,3,4-trimethyl-3-isopropylhexane",CCC(C)C(C)(C(C)C)C(C)C,170.34,650.75,21.13,618.4,0.539
C12H26,"2,3,5-trimethyl-3-isopropylhexane",CC(C)CC(C)(C(C)C)C(C)C,170.34,650.75,20.44,639.33,0.539
C12H26,"2,3,5-trimethyl-4-isopropylhexane",CC(C)C(C)C(C(C)C)C(C)C,170.34,650.75,20.19,647.27,0.539
C12H26,"2,4,4-trimethyl-3-isopropylhexane",CCC(C)(C)C(C(C)C)C(C)C,170.34,650.75,20.44,639.33,0.539
C12H26,"3,3,4-triethylhexane",CCC(CC)C(CC)(CC)CC,170.34,650.75,21.01,622.11,0.539
C12H26,"2,2-dimethyl,3,3-diethylhexane",CCCC(CC)(CC)C(C)(C)C,170.34,650.75,20.98,623.04,0.539
C12H26,"2,2-dimethyl-3,4-diethylhexane",CCC(CC)C(CC)C(C)(C)C,170.34,650.75,20.28,644.27,0.539
C12H26,"2,2-dimethyl-4,4-diethylhexane",CCC(CC)(CC)CC(C)(C)C,170.34,650.75,20.5,637.38,0.539
C12H26,"2,3-dimethyl-3,4-diethylhexane",CCC(CC)C(C)(CC)C(C)C,170.34,650.75,20.94,623.98,0.539
C12H26,"2,3-dimethyl-4,4-diethylhexane",CCC(CC)(CC)C(C)C(C)C,170.34,650.75,20.94,623.98,0.539
C12H26,"2,4-dimethyl-3,3-diethylhexane",CCC(C)C(CC)(CC)C(C)C,170.34,650.75,21.17,617.48,0.539
C12H26,"2,4-dimethyl-3,4-diethylhexane",CCC(C(C)C)C(C)(CC)CC,170.34,650.75,20.72,630.61,0.539
C12H26,"2,5-dimethyl-3,3-diethylhexane",CCC(CC)(CC(C)C)C(C)C,170.34,650.75,20.5,637.38,0.539
C12H26,"2,5-dimethyl-3,4-diethylhexane",CCC(C(C)C)C(CC)C(C)C,170.34,650.75,20.25,645.27,0.539
C12H26,"3,3-dimethyl-4,4-diethylhexane",CCC(C)(C)C(CC)(CC)CC,170.34,650.75,21.45,609.29,0.539
C12H26,"3,4-dimethyl-3,4-diethylhexane",CCC(C)(CC)C(C)(CC)CC,170.34,650.75,21.45,609.29,0.539
C12H26,"2,2,3,3-tetramethyl-4-ethylhexane",CCC(CC)C(C)(C)C(C)(C)C,170.34,650.75,20.91,624.92,0.539
C12H26,"2,2,3,4-tetramethyl-3-ethylhexane",CCC(C)C(C)(CC)C(C)(C)C,170.34,650.75,21.13,618.4,0.539
C12H26,"2,2,3,4-tetramethyl-4-ethylhexane",CCC(C)(CC)C(C)C(C)(C)C,170.34,650.75,21.13,618.4,0.539
C12H26,"2,2,3,5-tetramethyl-3-ethylhexane",CCC(C)(CC(C)C)C(C)(C)C,170.34,650.75,20.47,638.35,0.539
C12H26,"2,2,3,5-tetramethyl-4-ethylhexane",CCC(C(C)C)C(C)C(C)(C)C,170.34,650.75,20.22,646.27,0.539
C12H26,"2,2,4,4-tetramethyl-3-ethylhexane",CCC(C(C)(C)C)C(C)(C)CC,170.34,650.75,20.88,625.86,0.539
C12H26,"2,2,4,5-tetramethyl-3-ethylhexane",CCC(C(C)C(C)C)C(C)(C)C,170.34,650.75,20.22,646.27,0.539
C12H26,"2,2,4,5-tetramethyl-4-ethylhexane",CCC(C)(CC(C)(C)C)C(C)C,170.34,650.75,20.44,639.33,0.539
C12H26,"2,2,5,5-tetramethyl-3-ethylhexane",CCC(CC(C)(C)C)C(C)(C)C,170.34,650.75,19.63,665.81,0.539
C12H26,"2,3,3,4-tetramethyl-4-ethylhexane",CCC(C)(CC)C(C)(C)C(C)C,170.34,650.75,21.39,611.09,0.539
C12H26,"2,3,3,5-tetramethyl-4-ethylhexane",CCC(C(C)C)C(C)(C)C(C)C,170.34,650.75,20.66,632.53,0.539
C12H26,"2,3,4,4-tetramethyl-3-ethylhexane",CCC(C)(C)C(C)(CC)C(C)C,170.34,650.75,21.39,611.09,0.539
C12H26,"2,3,4,5-tetramethyl-3-ethylhexane",CCC(C)(C(C)C)C(C)C(C)C,170.34,650.75,20.88,625.86,0.539
C12H26,"2,4-dimethyl-3-ethyl-3-isopropylpentane",CCC(C(C)C)(C(C)C)C(C)C,170.34,650.75,21.32,612.91,0.539
C12H26,"2,2,4-trimethyl-3,3-diethylpentane",CCC(CC)(C(C)C)C(C)(C)C,170.34,650.75,21.35,612,0.539
C12H26,"2,2,3,4-tetramethyl-3-isopropylpentane",CC(C)C(C)(C(C)C)C(C)(C)C,170.34,650.75,21.29,613.81,0.539
C12H26,"2,2,4,4-tetramethyl-3-isopropylpentane",CC(C)C(C(C)(C)C)C(C)(C)C,170.34,650.75,20.57,635.43,0.539
C12H26,"2,2,3,4,4-pentamethyl-3-ethylpentane",CCC(C)(C(C)(C)C)C(C)(C)C,170.34,650.75,21.92,596.09,0.539
C12H26O,1-dodecanol,CCCCCCCCCCCCO,186.339,,,778.87,
C12H26O,2-dodecanol,CCCCCCCCCCC(C)O,186.339,714.75,17.33,784.43,0.907
C12H26O,3-dodecanol,CCCCCCCCCC(O)CC,186.339,714.75,17.26,787.63,0.907
C12H26O,4-dodecanol,CCCCCCCCC(O)CCC,186.339,714.75,17.78,764.63,0.907
C12H26O,5-dodecanol,CCCCCCCC(O)CCCC,186.339,714.75,17.78,764.63,0.907
C12H26O,6-dodecanol,CCCCCCC(O)CCCCC,186.339,714.75,17.78,764.63,0.907
C12H26O,2-methylundecanol,CCCCCCCCCC(C)CO,186.339,714.75,17.78,764.63,0.907
C12H26O,2-methyl-3-undecanol,CCCCCCCCC(O)C(C)C,186.339,714.75,17.52,775.85,0.907
C12H26O,2-methyl-5-undecanol,CCCCCCC(O)CCC(C)C,186.339,714.75,17.3,785.69,0.907
C12H26O,2-butyl-1-octanol,CCCCCCC(CO)CCCC,186.339,714.75,19,715.33,0.907
C12H26O,"2,6,8-trimethylnonan-4-ol",CC(C)CC(C)CC(O)CC(C)C,186.339,714.75,17.18,791.44,0.907
C12H26O,1-propoxy-nonane,CCCCCCCCCOCCC,186.339,644.75,16.5,743.02,0.907
C12H26O,dihexyl ether,CCCCCCOCCCCCC,186.339,644.75,16.27,753.72,0.907
C12H26O2,"1,2-dodecanediol",CCCCCCCCCCC(O)CO,202.338,887.76,18.79,880.74,0.962
C12H26O2,"1,3-dodecanediol",CCCCCCCCCC(O)CCO,202.338,887.76,18.79,880.74,0.962
C12H26O2,"1,4-dodecanediol",CCCCCCCCC(O)CCCO,202.338,887.76,18.79,880.74,0.962
C12H26O2,"1,12-dodecanediol",OCCCCCCCCCCCCO,202.338,887.76,18.79,880.74,0.962
C12H26O2,"(R)-1,2-dodecanediol",CCCCCCCCCC[C@@H](O)CO,202.338,887.76,18.79,880.74,0.962
C12H26O2,"(S)-1,2-dodecanediol",CCCCCCCCCC[C@H](O)CO,202.338,887.76,18.79,880.74,0.962
C12H26O3,diethylene glycol dibutyl ether,CCCCOCCOCCOCCCC,218.337,680,15.48,803,1.015
C12H26S,1-dodecanethiol,CCCCCCCCCCCCS,202.407,722.83,16.5,826.21,0.653
C12H26S,2-dodecanethiol,CCCCCCCCCCC(C)S,202.407,722.83,16.37,832.61,0.653
C12H26S,3-dodecanethiol,CCCCCCCCCC(S)CC,202.407,722.83,16.52,825.16,0.653
C12H26S,4-dodecanethiol,CCCCCCCCC(S)CCC,202.407,722.83,16.52,825.16,0.653
C12H26S,5-dodecanethiol,CCCCCCCC(S)CCCC,202.407,722.83,16.52,825.16,0.653
C12H26S,6-dodecanethiol,CCCCCCC(S)CCCCC,202.407,722.83,16.52,825.16,0.653
C12H26S,2-methyl-1-undecanethiol,CCCCCCCCCC(C)CS,202.407,722.83,16.52,825.16,0.653
C12H26S,3-methyl-1-undecanethiol,CCCCCCCCC(C)CCS,202.407,722.83,16.52,825.16,0.653
C12H26S,4-methyl-1-undecanethiol,CCCCCCCC(C)CCCS,202.407,722.83,16.52,825.16,0.653
C12H26S,5-methyl-1-undecanethiol,CCCCCCC(C)CCCCS,202.407,722.83,16.52,825.16,0.653
C12H26S,6-methyl-1-undecanethiol,CCCCCC(C)CCCCCS,202.407,722.83,16.52,825.16,0.653
C12H26S,7-methyl-1-undecanethiol,CCCCC(C)CCCCCCS,202.407,722.83,16.52,825.16,0.653
C12H26S,8-methyl-1-undecanethiol,CCCC(C)CCCCCCCS,202.407,722.83,16.52,825.16,0.653
C12H26S,9-methyl-1-undecanethiol,CCC(C)CCCCCCCCS,202.407,722.83,16.52,825.16,0.653
C12H26S,10-methyl-1-undecanethiol,CC(C)CCCCCCCCCS,202.407,722.83,16.52,825.16,0.653
C12H26S,2-methyl-2-undecanethiol,CCCCCCCCCC(C)(C)S,202.407,722.83,16.52,825.16,0.653
C12H26S,3-methyl-2-undecanethiol,CCCCCCCCC(C)C(C)S,202.407,722.83,16.52,825.16,0.653
C12H26S,4-methyl-2-undecanethiol,CCCCCCCC(C)CC(C)S,202.407,722.83,16.52,825.16,0.653
C12H26S,5-methyl-2-undecanethiol,CCCCCCC(C)CCC(C)S,202.407,722.83,16.52,825.16,0.653
C12H26S,6-methyl-2-undecanethiol,CCCCCC(C)CCCC(C)S,202.407,722.83,16.52,825.16,0.653
C12H26S,7-methyl-2-undecanethiol,CCCCC(C)CCCCC(C)S,202.407,722.83,16.52,825.16,0.653
C12H26S,8-methyl-2-undecanethiol,CCCC(C)CCCCCC(C)S,202.407,722.83,16.12,845.72,0.653
C12H26S,9-methyl-2-undecanethiol,CCC(C)CCCCCCC(C)S,202.407,722.83,16.12,845.72,0.653
C12H26S,10-methyl-2-undecanethiol,CC(C)CCCCCCCC(C)S,202.407,722.83,16.12,845.72,0.653
C12H26S,"2,3,3,4,4,5-hexamethylhexane-2-thiol",CC(C)C(C)(C)C(C)(C)C(C)(C)S,202.407,722.83,16.81,811.16,0.653
C12H26S,2-thiatridecane,CCCCCCCCCCCSC,202.407,722.83,16.5,826.21,0.653
C12H26S,3-thiatridecane,CCCCCCCCCCSCC,202.407,722.83,16.5,826.21,0.653
C12H26S,4-thiatridecane,CCCCCCCCCSCCC,202.407,722.83,16.5,826.21,0.653
C12H26S,5-thiatridecane,CCCCCCCCSCCCC,202.407,722.83,16.5,826.21,0.653
C12H26S,6-thiatridecane,CCCCCCCSCCCCC,202.407,722.83,16.12,845.72,0.653
C12H26S,7-thiatridecane,CCCCCCSCCCCCC,202.407,722.83,16.5,826.21,0.653
C12H26S,3-methyl-2-thiadodecane,CCCCCCCCCC(C)SC,202.407,722.83,16.12,845.72,0.653
C12H26S,4-methyl-2-thiadodecane,CCCCCCCCC(C)CSC,202.407,722.83,16.12,845.72,0.653
C12H26S,5-methyl-2-thiadodecane,CCCCCCCC(C)CCSC,202.407,722.83,16.12,845.72,0.653
C12H26S,6-methyl-2-thiadodecane,CCCCCCC(C)CCCSC,202.407,722.83,16.12,845.72,0.653
C12H26S,7-methyl-2-thiadodecane,CCCCCC(C)CCCCSC,202.407,722.83,16.12,845.72,0.653
C12H26S,8-methyl-2-thiadodecane,CCCCC(C)CCCCCSC,202.407,722.83,16.12,845.72,0.653
C12H26S,2-methyl-3-thiadodecane,CCCCCCCCCSC(C)C,202.407,722.83,16.12,845.72,0.653
C12H26S,4-methyl-3-thiadodecane,CCCCCCCCC(C)SCC,202.407,722.83,16.12,845.72,0.653
C12H26S,5-methyl-3-thiadodecane,CCCCCCCC(C)CSCC,202.407,722.83,16.12,845.72,0.653
C12H26S,6-methyl-3-thiadodecane,CCCCCCC(C)CCSCC,202.407,722.83,16.12,845.72,0.653
C12H26S,7-methyl-3-thiadodecane,CCCCCC(C)CCCSCC,202.407,722.83,16.12,845.72,0.653
C12H26S,8-methyl-3-thiadodecane,CCCCC(C)CCCCSCC,202.407,722.83,16.12,845.72,0.653
C12H26S2,"1,12-dodecanedithiol",SCCCCCCCCCCCCS,234.474,841.11,17.8,856.17,0.755
C12H26S2,"1,11-dodecanedithiol",CC(S)CCCCCCCCCCS,234.474,841.11,17.8,856.17,0.755
C12H26S2,"1,10-dodecanedithiol",CCC(S)CCCCCCCCCS,234.474,841.11,17.8,856.17,0.755
C12H26S2,"1,9-dodecanedithiol",CCCC(S)CCCCCCCCS,234.474,841.11,17.8,856.17,0.755
C12H26S2,"1,8-dodecanedithiol",CCCCC(S)CCCCCCCS,234.474,841.11,17.8,856.17,0.755
C12H26S2,"1,7-dodecanedithiol",CCCCCC(S)CCCCCCS,234.474,841.11,17.8,856.17,0.755
C12H26S2,"1,6-dodecanedithiol",CCCCCCC(S)CCCCCS,234.474,841.11,17.8,856.17,0.755
C12H26S2,"1,5-dodecanedithiol",CCCCCCCC(S)CCCCS,234.474,841.11,17.8,856.17,0.755
C12H26S2,"1,4-dodecanedithiol",CCCCCCCCC(S)CCCS,234.474,841.11,17.8,856.17,0.755
C12H26S2,"1,3-dodecanedithiol",CCCCCCCCCC(S)CCS,234.474,841.11,17.8,856.17,0.755
C12H26S2,"1,2-dodecanedithiol",CCCCCCCCCCC(S)CS,234.474,841.11,17.8,856.17,0.755
C12H26S2,"2,3-dithiatetradecane",CCCCCCCCCCCSSC,234.474,786.11,16.32,872.8,0.755
C12H26S2,"3,4-dithiatetradecane",CCCCCCCCCCSSCC,234.474,786.11,16.32,872.8,0.755
C12H26S2,"4,5-dithiatetradecane",CCCCCCCCCSSCCC,234.474,786.11,16.32,872.8,0.755
C12H26S2,"5,6-dithiatetradecane",CCCCCCCCSSCCCC,234.474,786.11,16.32,872.8,0.755
C12H26S2,"6,7-dithiatetradecane",CCCCCCCSSCCCCC,234.474,786.11,16.32,872.8,0.755
C12H26S2,"7,8-dithiatetradecane",CCCCCCSSCCCCCC,234.474,786.11,16.05,887.42,0.755
C12H26S2,"2,4-dithiatetradecane",CCCCCCCCCCSCSC,234.474,786.11,16.32,872.8,0.755
C12H26S2,"3,5-dithiatetradecane",CCCCCCCCCSCSCC,234.474,786.11,16.32,872.8,0.755
C12H26S2,"4,6-dithiatetradecane",CCCCCCCCSCSCCC,234.474,786.11,16.32,872.8,0.755
C12H26S2,"5,7-dithiatetradecane",CCCCCCCSCSCCCC,234.474,786.11,16.32,872.8,0.755
C12H26S2,"6,8-dithiatetradecane",CCCCCCSCSCCCCC,234.474,786.11,16.32,872.8,0.755
C12H27Al,tri-n-butylaluminum,CCCC[Al](CCCC)CCCC,198.33,738.18,18.73,791.37,
C12H27Al,triisobutyl aluminum,CC(C)C[Al](CC(C)C)CC(C)C,198.33,738.18,17.72,836.29,
C12H27BO3,tributyl borate,CCCCOB(OCCCC)OCCCC,230.157,743.15,19.89,863,0.189
C12H27N,dodecylamine,CCCCCCCCCCCCN,185.355,732.33,18.95,753.21,0.644
C12H27N,methylundecylamine,CCCCCCCCCCCNC,185.355,692.33,17.6,766.5,0.644
C12H27N,ethyldecylamine,CCCCCCCCCCNCC,185.355,692.33,17.51,770.6,0.644
C12H27N,dihexylamine,CCCCCCNCCCCCC,185.355,692.33,17.47,772.01,0.644
C12H27N,dimethyldecylamine,CCCCCCCCCCN(C)C,185.355,692.33,17.2,784.22,0.644
C12H27N,diethyloctylamine,CCCCCCCCN(CC)CC,185.355,692.33,17.28,780.59,0.644
C12H27N,tributylamine,CCCCN(CCCC)CCCC,185.355,692.33,17.2,784.22,0.644
C12H27N,triisobutylamine,CC(C)CN(CC(C)C)CC(C)C,185.355,692.33,17.03,792.31,0.644
C12H28Si,tributylsilane,CCCC[SiH](CCCC)CCCC,200.442,766.7,17.94,855.59,0.401
C12H28Si,triisobutylsilane,CC(C)C[SiH](CC(C)C)CC(C)C,200.442,766.7,17.52,876.33,0.401
C12H36O4Si5,tetrakis(trimethylsilyloxy)silane,C[Si](C)(C)O[Si](O[Si](C)(C)C)(O[Si](C)(C)C)O[Si](C)(C)C,384.846,645.8,9.61,1610,0.746
C13F28,perfluorotridecane,FC(F)(F)C(F)(F)C(F)(F)C(F)(F)C(F)(F)C(F)(F)C(F)(F)C(F)(F)C(F)(F)C(F)(F)C(F)(F)C(F)(F)C(F)(F)F,688.087,758.11,6.98,1185.37,0.82
C13H9N,acridine,c1ccc2nc3ccccc3cc2c1,179.222,905,32.72,543,0.622
C13H10,fluorene,c1ccc2c(c1)Cc1ccccc1-2,166.223,826,32.62,511.1,0.523
C13H10O,benzophenone,O=C(c1ccccc1)c1ccccc1,182.222,,,,0.892
C13H12,1-methylbiphenyl,Cc1ccccc1-c1ccccc1,168.239,797.63,28.02,573.22,0.531
C13H12,3-methylbiphenyl,Cc1cccc(-c2ccccc2)c1,168.239,797.63,28.09,571.85,0.531
C13H12,4-methylbiphenyl,Cc1ccc(-c2ccccc2)cc1,168.239,797.63,28.28,568,0.531
C13H14,1-propylnaphthalene,CCCc1cccc2ccccc12,170.255,815.62,26.02,629.7,0.538
C13H14,2-propylnaphthalene,CCCc1ccc2ccccc2c1,170.255,815.62,25.57,640.59,0.538
C13H14,1-isopropylnaphthalene,CC(C)c1cccc2ccccc12,170.255,815.62,26.18,625.82,0.538
C13H14,2-isopropylnaphthalene,CC(C)c1ccc2ccccc2c1,170.255,815.62,25.56,640.83,0.538
C13H14,1-methyl-2-ethylnaphthalene,CCc1ccc2ccccc2c1C,170.255,815.62,26.45,619.41,0.538
C13H14,1-methyl-3-ethylnaphthalene,CCc1cc(C)c2ccccc2c1,170.255,815.62,26.45,619.41,0.538
C13H14,1-methyl-4-ethylnaphthalene,CCc1ccc(C)c2ccccc12,170.255,815.62,26.45,619.41,0.538
C13H14,1-methyl-5-ethylnaphthalene,CCc1cccc2c(C)cccc12,170.255,815.62,26.45,619.41,0.538
C13H14,1-methyl-6-ethylnaphthalene,CCc1ccc2c(C)cccc2c1,170.255,815.62,26.45,619.41,0.538
C13H14,1-methyl-7-ethylnaphthalene,CCc1ccc2cccc(C)c2c1,170.255,815.62,26.45,619.41,0.538
C13H14,1-methyl-8-ethylnaphthalene,CCc1cccc2cccc(C)c12,170.255,815.62,26.45,619.41,0.538
C13H14,2-methyl-3-ethylnaphthalene,CCc1cc2ccccc2cc1C,170.255,815.62,26.45,619.41,0.538
C13H14,2-methyl-4-ethylnaphthalene,CCc1cc(C)cc2ccccc12,170.255,815.62,26.45,619.41,0.538
C13H14,2-methyl-6-ethylnaphthalene,CCc1ccc2cc(C)ccc2c1,170.255,815.62,26.45,619.41,0.538
C13H14,2-methyl-7-ethylnaphthalene,CCc1ccc2ccc(C)cc2c1,170.255,815.62,26.45,619.41,0.538
C13H14,"1,2,3-trimethylnaphthalene",Cc1cc2ccccc2c(C)c1C,170.255,815.62,26.45,619.41,0.538
C13H14,"1,2,4-trimethylnaphthalene",Cc1cc(C)c2ccccc2c1C,170.255,815.62,26.45,619.41,0.538
C13H14,"1,2,5-trimethylnaphthalene",Cc1ccc2c(C)cccc2c1C,170.255,815.62,26.75,612.32,0.538
C13H14,"1,2,6-trimethylnaphthalene",Cc1ccc2c(C)c(C)ccc2c1,170.255,815.62,26.45,619.41,0.538
C13H14,"1,2,7-trimethylnaphthalene",Cc1ccc2ccc(C)c(C)c2c1,170.255,815.62,26.7,613.48,0.538
C13H14,"1,2,8-trimethylnaphthalene",Cc1ccc2cccc(C)c2c1C,170.255,815.62,26.45,619.41,0.538
C13H14,"1,3,5-trimethylnaphthalene",Cc1cc(C)c2cccc(C)c2c1,170.255,815.62,26.45,619.41,0.538
C13H14,"1,3,6-trimethylnaphthalene",Cc1ccc2c(C)cc(C)cc2c1,170.255,815.62,26.45,619.41,0.538
C13H14,"1,3,7-trimethylnaphthalene",Cc1cc(C)c2cc(C)ccc2c1,170.255,815.62,26.52,617.67,0.538
C13H14,"1,3,8-trimethylnaphthalene",Cc1cc(C)c2c(C)cccc2c1,170.255,815.62,26.45,619.41,0.538
C13H14,"1,4,5-trimethylnaphthalene",Cc1ccc(C)c2c(C)cccc12,170.255,815.62,26.45,619.41,0.538
C13H14,"1,4,6-trimethylnaphthalene",Cc1ccc2c(C)ccc(C)c2c1,170.255,815.62,26.45,619.41,0.538
C13H14,"1,6,7-trimethylnaphthalene",Cc1cc2cccc(C)c2cc1C,170.255,815.62,26.45,619.41,0.538
C13H14,"2,3,6-trimethylnaphthalene",Cc1ccc2cc(C)c(C)cc2c1,170.255,815.62,26.12,627.2,0.538
C13H18,"1-propyl-[1,2,3,4-tetrahydronaphthalene]",CCCC1CCCc2ccccc21,174.287,781.55,26.62,586.78,0.553
C13H18,"2-propyl-[1,2,3,4-tetrahydronaphthalene]",CCCC1CCc2ccccc2C1,174.287,781.55,26.24,595.21,0.553
C13H18,"1,2,3,4-tetrahydro-1,1,6-trimethylnaphthalene",Cc1ccc2c(c1)CCCC2(C)C,174.287,781.55,26.27,594.52,0.553
C13H18,"2,3-dihydro-1,1,4,7-tetramethyl-1H-indene",Cc1ccc(C)c2c1CCC2(C)C,174.287,781.55,26.4,591.7,0.553
C13H18,"2,3-dihydro-1,1,4,6-tetramethyl-1H-indene",Cc1cc(C)c2c(c1)C(C)(C)CC2,174.287,781.55,26.38,592.03,0.553
C13H18,"1,2,3,4-tetrahydro-2,5,8-trimethylnaphthalene",Cc1ccc(C)c2c1CCC(C)C2,174.287,781.55,26.38,592.03,0.553
C13H18O2,ibuprofen,CC(C)Cc1ccc(C(C)C(=O)O)cc1,206.285,777,21.84,660,0.976
C13H20,heptylbenzene,CCCCCCCc1ccccc1,176.303,744.47,21.04,705.29,0.561
C13H20,"1-methyl-2,4-diisopropylbenzene",Cc1ccc(C(C)C)cc1C(C)C,176.303,744.47,21.37,694.53,0.561
C13H20,"1-methyl-3,5-diisopropylbenzene",Cc1cc(C(C)C)cc(C(C)C)c1,176.303,744.47,21.45,691.84,0.561
C13H20,[2-methyl-1-isopropylpropyl]benzene,CC(C)C(c1ccccc1)C(C)C,176.303,744.47,21.91,677.46,0.561
C13H20,"1,12-tridecadiyne",C#CCCCCCCCCCC#C,176.303,770.83,22.47,683.92,0.561
C13H20,"(2,4-dimethylpentyl)benzene",CC(C)CC(C)Cc1ccccc1,176.303,744.47,20.81,713.12,0.561
C13H20O,4-heptylphenol,CCCCCCCc1ccc(O)cc1,192.302,816.58,23.72,650.03,0.928
C13H20O,2-sec-butyl-6-isopropylphenol,CCC(C)c1cccc(C(C)C)c1O,192.302,816.58,23.72,650.03,0.928
C13H20O,o-heptylphenol,CCCCCCCc1ccccc1O,192.302,816.58,23.72,650.03,0.928
C13H21N,4-heptylaniline,CCCCCCCc1ccc(N)cc1,191.318,852.56,21.38,771.35,0.665
C13H22S,2-nonylthiophene,CCCCCCCCCc1cccs1,210.386,756.44,17.42,810.85,0.679
C13H22S,3-nonylthiophene,CCCCCCCCCc1ccsc1,210.386,756.44,17.42,810.85,0.679
C13H22S,2-isononylthiophene,CC(C)CCCCCCc1cccs1,210.386,756.44,17.42,810.85,0.679
C13H22S,3-isononylthiophene,CC(C)CCCCCCc1ccsc1,210.386,756.44,17.42,810.85,0.679
C13H22S,2-sec-nonylthiophene,CCCCCCCC(C)c1cccs1,210.386,756.44,17.42,810.85,0.679
C13H22S,3-sec-nonylthiophene,CCCCCCCC(C)c1ccsc1,210.386,756.44,17.42,810.85,0.679
C13H22S,2-(2-methyloctan-2-yl)thiophene,CCCCCCC(C)(C)c1cccs1,210.386,756.44,17.42,810.85,0.679
C13H22S,3-(2-methyloctan-2-yl)thiophene,CCCCCCC(C)(C)c1ccsc1,210.386,756.44,17.42,810.85,0.679
C13H22S,2-methyl-3-octylthiophene,CCCCCCCCc1ccsc1C,210.386,756.44,17.42,810.85,0.679
C13H22S,2-methyl-4-octyl thiophene,CCCCCCCCc1csc(C)c1,210.386,756.44,17.42,810.85,0.679
C13H22S,2-methyl-5-octyl thiophene,CCCCCCCCc1ccc(C)s1,210.386,756.44,17.42,810.85,0.679
C13H22S,3-methyl-2-octylthiophene,CCCCCCCCc1sccc1C,210.386,756.44,17.42,810.85,0.679
C13H22S,3-methyl-4-octyl thiophene,CCCCCCCCc1cscc1C,210.386,756.44,17.42,810.85,0.679
C13H22S,3-methyl-5-octylthiophene,CCCCCCCCc1cc(C)cs1,210.386,756.44,17.42,810.85,0.679
C13H24,1-tridecyne,C#CCCCCCCCCCCC,180.335,695.25,18.34,751.81,0.576
C13H24,2-tridecyne,CC#CCCCCCCCCCC,180.335,695.25,18.78,734.36,0.576
C13H24,3-tridecyne,CCC#CCCCCCCCCC,180.335,695.25,18.78,734.36,0.576
C13H24,5-tridecyne,CCCCC#CCCCCCCC,180.335,695.25,18.78,734.36,0.576
C13H24,6-tridecyne,CCCCCC#CCCCCCC,180.335,695.25,18.78,734.36,0.576
C13H24,3-octylcyclopentene,CCCCCCCCC1C=CCC1,180.335,710.25,19.3,729.9,0.576
C13H24,dicyclohexylmethane,C1CCC(CC2CCCCC2)CC1,180.335,735.25,21.17,688.77,0.576
C13H24,1-octylcyclopentene,CCCCCCCCC1=CCCC1,180.335,710.25,19.38,726.91,0.576
C13H24O,2-tridecenal,CCCCCCCCCCC=CC=O,196.334,791.12,18.21,816.17,0.942
C13H24O2,ethyl 10-undecenoate,C=CCCCCCCCCC(=O)OCC,212.333,688.51,14.98,846.14,0.995
C13H24O2,methyl 11-dodecenoate,C=CCCCCCCCCCC(=O)OC,212.333,688.51,14.91,850.53,0.995
C13H24O2,isodecyl acrylate,C=CC(=O)OCCCCCCCC(C)C,212.333,688.51,15.03,843.5,0.995
C13H24O2,citronellyl propionate,CCC(=O)OCCC(C)CCC=C(C)C,212.333,688.51,14.9,850.83,0.995
C13H24O2,decyl acrylate,C=CC(=O)OCCCCCCCCCC,212.333,688.51,14.9,850.83,0.995
C13H24O2,undecenyl acetate,CCCCCCCCCC=COC(C)=O,212.333,688.51,14.9,850.83,0.995
C13H24O2,2-tridecenoic acid,CCCCCCCCCCC=CC(=O)O,212.333,808.51,15.18,980.71,0.995
C13H24O2,12-tridecenoic acid,C=CCCCCCCCCCCC(=O)O,212.333,808.51,15.18,980.71,0.995
C13H24O4,tridecanedioic acid,O=C(O)CCCCCCCCCCCC(=O)O,244.331,982.11,16.03,1084.22,1.094
C13H25Br,cis-1-bromo-1-tridecene,CCCCCCCCCCC/C=C\Br,261.247,745.84,18.59,855.33,0.813
C13H25Br,trans-1-bromo-1-tridecene,CCCCCCCCCCC/C=C/Br,261.247,745.84,18.59,855.33,0.813
C13H25Cl,cis-1-chloro-1-tridecene,CCCCCCCCCCC/C=C\Cl,216.796,753.83,17.86,847.44,0.504
C13H25Cl,trans-1-chloro-1-tridecene,CCCCCCCCCCC/C=C/Cl,216.796,753.83,17.86,847.44,0.504
C13H25Cl3,"1,1,1-trichlorotridecane",CCCCCCCCCCCCC(Cl)(Cl)Cl,287.702,753.91,12.64,1096.29,0.423
C13H25F,cis-1-fluoro-1-tridecene,CCCCCCCCCCC/C=C\F,200.341,642.68,18.28,703.97,0.32
C13H25F,trans-1-fluoro-1-tridecene,CCCCCCCCCCC/C=C/F,200.341,642.68,18.28,703.97,0.32
C13H25F3,"1,1,1-trifluorotridecane",CCCCCCCCCCCCC(F)(F)F,238.337,594.89,14.28,795.59,0.417
C13H25N,tridecanenitrile,CCCCCCCCCCCCC#N,195.35,831.02,17.91,893.17,0.679
C13H26,octylcyclopentane,CCCCCCCCC1CCCC1,182.351,708.11,18.95,739.14,0.583
C13H26,heptylcyclohexane,CCCCCCCC1CCCCC1,182.351,713.11,18.39,767.07,0.583
C13H26,"2-butyl-1,1,3-trimethylcyclohexane",CCCCC1C(C)CCCC1(C)C,182.351,713.11,19,742.5,0.583
C13H26,cyclotridecane,C1CCCCCCCCCCCC1,182.351,764.06,23.57,641.5,0.583
C13H26,1-tridecene,C=CCCCCCCCCCCC,182.351,683.11,17.22,784.76,0.583
C13H26,5-tridecene,CCCCC=CCCCCCCC,182.351,683.11,17.7,763.54,0.583
C13H26,6-tridecene,CCCCCC=CCCCCCC,182.351,683.11,17.7,763.54,0.583
C13H26,2-methyl-1-dodecene,C=C(C)CCCCCCCCCC,182.351,683.11,17.31,780.95,0.583
C13H26,5-butyl-4-nonene,CCCC=C(CCCC)CCCC,182.351,683.11,17.56,769.59,0.583
C13H26Br2,"1,1-dibromotridecane",CCCCCCCCCCCCC(Br)Br,342.159,806.43,16.63,934.9,0.649
C13H26Br2,"1,13-dibromotridecane",BrCCCCCCCCCCCCCBr,342.159,806.43,16.63,934.9,0.649
C13H26Cl2,"1,1-dichlorotridecane",CCCCCCCCCCCCC(Cl)Cl,253.257,760.93,15.29,971.49,0.494
C13H26F2,"1,1-difluorotridecane",CCCCCCCCCCCCC(F)F,220.347,668.25,17.4,750.26,0.445
C13H26O,1-tridecanal,CCCCCCCCCCCCC=O,198.35,732.36,16.65,823.97,0.949
C13H26O,2-methyldodecanal,CCCCCCCCCCC(C)C=O,198.35,732.36,16.83,815.15,0.949
C13H26O,3-methyldodecanal,CCCCCCCCCC(C)CC=O,198.35,732.36,16.83,815.15,0.949
C13H26O,11-methyldodecanal,CC(C)CCCCCCCCCC=O,198.35,732.36,16.83,815.15,0.949
C13H26O,2-tridecanone,CCCCCCCCCCCC(C)=O,198.35,723.36,16.33,829.98,0.949
C13H26O,3-tridecanone,CCCCCCCCCCC(=O)CC,198.35,723.36,16.46,823.39,0.949
C13H26O,4-tridecanone,CCCCCCCCCC(=O)CCC,198.35,723.36,16.46,823.39,0.949
C13H26O,5-tridecanone,CCCCCCCCC(=O)CCCC,198.35,723.36,16.46,823.39,0.949
C13H26O,6-tridecanone,CCCCCCCC(=O)CCCCC,198.35,723.36,16.46,823.39,0.949
C13H26O,7-tridecanone,CCCCCCC(=O)CCCCCC,198.35,723.36,16.46,823.39,0.949
C13H26O,2-methyl-3-dodecanone,CCCCCCCCCC(=O)C(C)C,198.35,723.36,16.46,823.39,0.949
C13H26O,2-tridecen-1-ol,CCCCCCCCCCC=CCO,198.35,763.36,18.02,793.92,0.949
C13H26O,trans-2-tridecen-1-ol,CCCCCCCCCC/C=C/CO,198.35,763.36,18.02,793.92,0.949
C13H26O,cis-2-tridecen-1-ol,CCCCCCCCCC/C=C\CO,198.35,763.36,18.09,790.52,0.949
C13H26O2,tridecanoic acid,CCCCCCCCCCCCC(=O)O,214.349,780.63,15.2,943.24,1.002
C13H26O2,2-methyldodecanoic acid,CCCCCCCCCCC(C)C(=O)O,214.349,780.63,15.22,942.23,1.002
C13H26O2,3-methyldodecanoic acid,CCCCCCCCCC(C)CC(=O)O,214.349,780.63,15.22,942.23,1.002
C13H26O2,10-methyldodecanoic acid,CCC(C)CCCCCCCCC(=O)O,214.349,780.63,15.22,942.23,1.002
C13H26O2,11-methyldodecanoic acid,CC(C)CCCCCCCCCC(=O)O,214.349,780.63,15.22,942.23,1.002
C13H26O2,"2,2-dimethylundecanoic acid",CCCCCCCCCC(C)(C)C(=O)O,214.349,780.63,15.22,942.23,1.002
C13H26O2,2-ethylundecanoic acid,CCCCCCCCCC(CC)C(=O)O,214.349,780.63,15.22,942.23,1.002
C13H26O2,dodecyl formate,CCCCCCCCCCCCOC=O,214.349,690.63,14.76,859.4,1.002
C13H26O2,undecyl acetate,CCCCCCCCCCCOC(C)=O,214.349,690.63,14.76,859.4,1.002
C13H26O2,1-methyldecyl acetate,CCCCCCCCCC(C)OC(C)=O,214.349,690.63,14.76,859.4,1.002
C13H26O2,decyl propanoate,CCCCCCCCCCOC(=O)CC,214.349,690.63,14.77,858.68,1.002
C13H26O2,8-methylnonyl propanoate,CCC(=O)OCCCCCCCC(C)C,214.349,690.63,14.76,859.4,1.002
C13H26O2,nonyl butanoate,CCCCCCCCCOC(=O)CCC,214.349,690.63,14.67,864.56,1.002
C13H26O2,7-methyloctyl butanoate,CCCC(=O)OCCCCCCC(C)C,214.349,690.63,14.76,859.4,1.002
C13H26O2,2-ethylheptyl butanoate,CCCCCC(CC)COC(=O)CCC,214.349,690.63,14.76,859.4,1.002
C13H26O2,2-ethylheptyl isobutanoate,CCCCCC(CC)COC(=O)C(C)C,214.349,690.63,14.76,859.4,1.002
C13H26O2,octyl pentanoate,CCCCCCCCOC(=O)CCCC,214.349,690.63,14.73,861.07,1.002
C13H26O2,1-methylheptyl pentanoate,CCCCCCC(C)OC(=O)CCCC,214.349,690.63,14.76,859.4,1.002
C13H26O2,2-ethylhexyl pentanoate,CCCCC(=O)OCC(CC)CCCC,214.349,690.63,14.76,859.4,1.002
C13H26O2,octyl isopentanoate,CCCCCCCCOC(=O)CC(C)C,214.349,690.63,14.74,860.47,1.002
C13H26O2,heptyl hexanoate,CCCCCCCOC(=O)CCCCC,214.349,690.63,14.72,861.55,1.002
C13H26O2,hexyl heptanoate,CCCCCCOC(=O)CCCCCC,214.349,690.63,14.72,861.55,1.002
C13H26O2,pentyl octanoate,CCCCCCCC(=O)OCCCCC,214.349,690.63,14.73,861.31,1.002
C13H26O2,isoamyl caprylate,CCCCCCCC(=O)OCCC(C)C,214.349,690.63,14.7,862.87,1.002
C13H26O2,butyl nonanoate,CCCCCCCCC(=O)OCCCC,214.349,690.63,14.52,873.83,1.002
C13H26O2,propyl decanoate,CCCCCCCCCC(=O)OCCC,214.349,690.63,14.75,860.11,1.002
C13H26O2,isopropyl decanoate,CCCCCCCCCC(=O)OC(C)C,214.349,690.63,14.58,869.78,1.002
C13H26O2,ethyl undecanoate,CCCCCCCCCCC(=O)OCC,214.349,690.63,14.77,858.91,1.002
C13H26O2,methyl dodecanoate,CCCCCCCCCCCC(=O)OC,214.349,,,852.16,1.002
C13H26S,thiacyclotetradecane,C1CCCCCCSCCCCCC1,214.418,818.79,22.39,679.5,0.692
C13H27Br,1-bromotridecane,CCCCCCCCCCCCCBr,263.263,728.05,16.5,938.45,0.818
C13H27Cl,1-chlorotridecane,CCCCCCCCCCCCCCl,218.812,736.34,16.36,901.67,0.507
C13H27F,1-fluorotridecane,CCCCCCCCCCCCCF,202.357,685.33,18.8,728.09,0.392
C13H27NO2,1-nitrotridecane,CCCCCCCCCCCCC[N+](=O)[O-],229.364,879.24,14.59,1111.89,0.789
C13H28,tridecane,CCCCCCCCCCCCC,184.367,,,734.46,
C13H28,2-methyldodecane,CCCCCCCCCCC(C)C,184.367,670.95,17.91,739.4,0.59
C13H28,3-methyldodecane,CCCCCCCCCC(C)CC,184.367,670.95,18.1,731.78,0.59
C13H28,4-methyldodecane,CCCCCCCCC(C)CCC,184.367,670.95,18.64,710.22,0.59
C13H28,5-methyldodecane,CCCCCCCC(C)CCCC,184.367,670.95,18.61,711.35,0.59
C13H28,"2,2-dimethylundecane",CCCCCCCCCC(C)(C)C,184.367,670.95,17.87,740.94,0.59
C13H28,"2,3-dimethylundecane",CCCCCCCCC(C)C(C)C,184.367,670.95,18.35,721.81,0.59
C13H28,"2,4-dimethylundecane",CCCCCCCC(C)CC(C)C,184.367,670.95,18.03,734.46,0.59
C13H28,"2,4,6-trimethyldecane",CCCCC(C)CC(C)CC(C)C,184.367,670.95,18.05,733.76,0.59
C13H28,5-butylnonane,CCCCC(CCCC)CCCC,184.367,670.95,18.3,723.51,0.59
C13H28O,1-tridecanol,CCCCCCCCCCCCCO,200.366,730.59,15.89,859.31,0.956
C13H28O,2-tridecanol,CCCCCCCCCCCC(C)O,200.366,730.59,15.99,853.82,0.956
C13H28O,3-tridecanol,CCCCCCCCCCC(O)CC,200.366,730.59,15.25,895.24,0.956
C13H28O,4-tridecanol,CCCCCCCCCC(O)CCC,200.366,730.59,15.25,895.24,0.956
C13H28O,5-tridecanol,CCCCCCCCC(O)CCCC,200.366,730.59,15.25,895.24,0.956
C13H28O,6-tridecanol,CCCCCCCC(O)CCCCC,200.366,730.59,15.25,895.24,0.956
C13H28O,7-tridecanol,CCCCCCC(O)CCCCCC,200.366,730.59,15.25,895.24,0.956
C13H28O,2-methyldodecanol,CCCCCCCCCCC(C)CO,200.366,730.59,15.25,895.24,0.956
C13H28O,5-butyl-5-nonanol,CCCCC(O)(CCCC)CCCC,200.366,730.59,16.32,836.67,0.956
C13H28O,1-methoxy-dodecane,CCCCCCCCCCCCOC,200.366,660.59,15.25,809.84,0.956
C13H28O2,"1,4-tridecanediol",CCCCCCCCCC(O)CCCO,216.365,902.74,17.12,966.16,1.008
C13H28O2,"1,13-tridecanediol",OCCCCCCCCCCCCCO,216.365,902.74,17.12,966.16,1.008
C13H28O2,"1,12-tridecanediol",CC(O)CCCCCCCCCCCO,216.365,902.74,17.12,966.16,1.008
C13H28S,1-tridecanethiol,CCCCCCCCCCCCCS,216.434,737.81,15.27,895.38,0.699
C13H28S,2-tridecanethiol,CCCCCCCCCCCC(C)S,216.434,737.81,15.17,901.29,0.699
C13H28S,3-tridecanethiol,CCCCCCCCCCC(S)CC,216.434,737.81,15.22,898.62,0.699
C13H28S,4-tridecanethiol,CCCCCCCCCC(S)CCC,216.434,737.81,15.22,898.62,0.699
C13H28S,5-tridecanethiol,CCCCCCCCC(S)CCCC,216.434,737.81,15.22,898.62,0.699
C13H28S,6-tridecanethiol,CCCCCCCC(S)CCCCC,216.434,737.81,15.22,898.62,0.699
C13H28S,7-tridecanethiol,CCCCCCC(S)CCCCCC,216.434,737.81,15.22,898.62,0.699
C13H28S,2-methyl-1-dodecanethiol,CCCCCCCCCCC(C)CS,216.434,737.81,15.22,898.62,0.699
C13H28S,3-methyl-1-dodecanethiol,CCCCCCCCCC(C)CCS,216.434,737.81,15.22,898.62,0.699
C13H28S,4-methyl-1-dodecanethiol,CCCCCCCCC(C)CCCS,216.434,737.81,15.22,898.62,0.699
C13H28S,5-methyl-1-dodecanethiol,CCCCCCCC(C)CCCCS,216.434,737.81,15.22,898.62,0.699
C13H28S,6-methyl-1-dodecanethiol,CCCCCCC(C)CCCCCS,216.434,737.81,15.22,898.62,0.699
C13H28S,7-methyl-1-dodecanethiol,CCCCCC(C)CCCCCCS,216.434,737.81,15.22,898.62,0.699
C13H28S,8-methyl-1-dodecanethiol,CCCCC(C)CCCCCCCS,216.434,737.81,15.22,898.62,0.699
C13H28S,9-methyl-1-dodecanethiol,CCCC(C)CCCCCCCCS,216.434,737.81,15.22,898.62,0.699
C13H28S,10-methyl-1-dodecanethiol,CCC(C)CCCCCCCCCS,216.434,737.81,15.22,898.62,0.699
C13H28S,11-methyl-1-dodecanethiol,CC(C)CCCCCCCCCCS,216.434,737.81,15.22,898.62,0.699
C13H28S,2-methyl-2-dodecanethiol,CCCCCCCCCCC(C)(C)S,216.434,737.81,15.22,898.62,0.699
C13H28S,3-methyl-2-dodecanethiol,CCCCCCCCCC(C)C(C)S,216.434,737.81,15.22,898.62,0.699
C13H28S,4-methyl-2-dodecanethiol,CCCCCCCCC(C)CC(C)S,216.434,737.81,15.22,898.62,0.699
C13H28S,5-methyl-2-dodecanethiol,CCCCCCCC(C)CCC(C)S,216.434,737.81,15.22,898.62,0.699
C13H28S,6-methyl-2-dodecanethiol,CCCCCCC(C)CCCC(C)S,216.434,737.81,15.22,898.62,0.699
C13H28S,7-methyl-2-dodecanethiol,CCCCCC(C)CCCCC(C)S,216.434,737.81,15.22,898.62,0.699
C13H28S,8-methyl-2-dodecanethiol,CCCCC(C)CCCCCC(C)S,216.434,737.81,15.22,898.62,0.699
C13H28S,9-methyl-2-dodecanethiol,CCCC(C)CCCCCCC(C)S,216.434,737.81,15.22,898.62,0.699
C13H28S,10-methyl-2-dodecanethiol,CCC(C)CCCCCCCC(C)S,216.434,737.81,15.22,898.62,0.699
C13H28S,11-methyl-2-dodecanethiol,CC(C)CCCCCCCCC(C)S,216.434,737.81,15.22,898.62,0.699
C13H28S,2-thiatetradecane,CCCCCCCCCCCCSC,216.434,737.81,15.27,895.38,0.699
C13H28S,3-thiatetradecane,CCCCCCCCCCCSCC,216.434,737.81,15.27,895.38,0.699
C13H28S,4-thiatetradecane,CCCCCCCCCCSCCC,216.434,737.81,15.27,895.38,0.699
C13H28S,5-thiatetradecane,CCCCCCCCCSCCCC,216.434,737.81,15.27,895.38,0.699
C13H28S,6-thiatetradecane,CCCCCCCCSCCCCC,216.434,737.81,15.22,898.62,0.699
C13H28S,7-thiatetradecane,CCCCCCCSCCCCCC,216.434,737.81,15.22,898.62,0.699
C13H28S,3-methyl-2-thiatridecane,CCCCCCCCCCC(C)SC,216.434,737.81,15.22,898.62,0.699
C13H28S,4-methyl-2-thiatridecane,CCCCCCCCCC(C)CSC,216.434,737.81,15.22,898.62,0.699
C13H28S,5-methyl-2-thiatridecane,CCCCCCCCC(C)CCSC,216.434,737.81,15.22,898.62,0.699
C13H28S,6-methyl-2-thiatridecane,CCCCCCCC(C)CCCSC,216.434,737.81,15.22,898.62,0.699
C13H28S,7-methyl-2-thiatridecane,CCCCCCC(C)CCCCSC,216.434,737.81,15.22,898.62,0.699
C13H28S,8-methyl-2-thiatridecane,CCCCCC(C)CCCCCSC,216.434,737.81,15.22,898.62,0.699
C13H28S,2-methyl-3-thiatridecane,CCCCCCCCCCSC(C)C,216.434,737.81,15.22,898.62,0.699
C13H28S,4-methyl-3-thiatridecane,CCCCCCCCCC(C)SCC,216.434,737.81,15.22,898.62,0.699
C13H28S,5-methyl-3-thiatridecane,CCCCCCCCC(C)CSCC,216.434,737.81,15.22,898.62,0.699
C13H28S,6-methyl-3-thiatridecane,CCCCCCCC(C)CCSCC,216.434,737.81,15.22,898.62,0.699
C13H28S,7-methyl-3-thiatridecane,CCCCCCC(C)CCCSCC,216.434,737.81,15.22,898.62,0.699
C13H28S,8-methyl-3-thiatridecane,CCCCCC(C)CCCCSCC,216.434,737.81,15.22,898.62,0.699
C13H28S2,"1,13-tridecanedithiol",SCCCCCCCCCCCCCS,248.501,854.67,16.67,912.96,0.796
C13H28S2,"1,12-tridecanedithiol",CC(S)CCCCCCCCCCCS,248.501,854.67,16.67,912.96,0.796
C13H28S2,"1,11-tridecanedithiol",CCC(S)CCCCCCCCCCS,248.501,854.67,16.67,912.96,0.796
C13H28S2,"1,10-tridecanedithiol",CCCC(S)CCCCCCCCCS,248.501,854.67,16.67,912.96,0.796
C13H28S2,"1,9-tridecanedithiol",CCCCC(S)CCCCCCCCS,248.501,854.67,16.67,912.96,0.796
C13H28S2,"1,8-tridecanedithiol",CCCCCC(S)CCCCCCCS,248.501,854.67,16.67,912.96,0.796
C13H28S2,"1,7-tridecanedithiol",CCCCCCC(S)CCCCCCS,248.501,854.67,16.67,912.96,0.796
C13H28S2,"1,6-tridecanedithiol",CCCCCCCC(S)CCCCCS,248.501,854.67,16.67,912.96,0.796
C13H28S2,"1,5-tridecanedithiol",CCCCCCCCC(S)CCCCS,248.501,854.67,16.67,912.96,0.796
C13H28S2,"1,4-tridecanedithiol",CCCCCCCCCC(S)CCCS,248.501,854.67,16.67,912.96,0.796
C13H28S2,"1,3-tridecanedithiol",CCCCCCCCCCC(S)CCS,248.501,854.67,16.67,912.96,0.796
C13H28S2,"1,2-tridecanedithiol",CCCCCCCCCCCC(S)CS,248.501,854.67,16.67,912.96,0.796
C13H28S2,"2,3-dithiapentadecane",CCCCCCCCCCCCSSC,248.501,799.67,15.32,929.76,0.796
C13H28S2,"3,4-dithiapentadecane",CCCCCCCCCCCSSCC,248.501,799.67,15.32,929.76,0.796
C13H28S2,"4,5-dithiapentadecane",CCCCCCCCCCSSCCC,248.501,799.67,15.32,929.76,0.796
C13H28S2,"5,6-dithiapentadecane",CCCCCCCCCSSCCCC,248.501,799.67,15.32,929.76,0.796
C13H28S2,"6,7-dithiapentadecane",CCCCCCCCSSCCCCC,248.501,799.67,15.32,929.76,0.796
C13H28S2,"7,8-dithiapentadecane",CCCCCCCSSCCCCCC,248.501,799.67,15.32,929.76,0.796
C13H28S2,"2,4-dithiapentadecane",CCCCCCCCCCCSCSC,248.501,799.67,15.32,929.76,0.796
C13H28S2,"3,5-dithiapentadecane",CCCCCCCCCCSCSCC,248.501,799.67,15.32,929.76,0.796
C13H28S2,"4,6-dithiapentadecane",CCCCCCCCCSCSCCC,248.501,799.67,15.32,929.76,0.796
C13H28S2,"5,7-dithiapentadecane",CCCCCCCCSCSCCCC,248.501,799.67,15.32,929.76,0.796
C13H28S2,"6,8-dithiapentadecane",CCCCCCCSCSCCCCC,248.501,799.67,15.32,929.76,0.796
C13H28S2,"7,9-dithiapentadecane",CCCCCCSCSCCCCCC,248.501,799.67,15.32,929.76,0.796
C13H29N,tridecylamine,CCCCCCCCCCCCCN,199.382,751.41,17.59,817.95,0.692
C13H29N,dimethylundecylamine,CCCCCCCCCCCN(C)C,199.382,711.41,16.04,849.12,0.692
C13H29N,diethylnonylamine,CCCCCCCCCN(CC)CC,199.382,711.41,16.11,845.48,0.692
C13H29N,N-methyldihexylamine,CCCCCCN(C)CCCCCC,199.382,711.41,15.92,855.97,0.692
C13H29N,methyldodecylamine,CCCCCCCCCCCCNC,199.382,711.41,16.38,831.45,0.692
C13H29N,ethylundecylamine,CCCCCCCCCCCNCC,199.382,711.41,16.31,835.23,0.692
C13H29N,6-methyl-N-isopentyl-2-heptanamine,CC(C)CCCC(C)NCCC(C)C,199.382,711.41,16.61,820.21,0.692
C13H29N,tert-amyl-tert-octylamine,CCC(C)(C)NC(C)(C)CC(C)(C)C,199.382,711.41,16.73,814.19,0.692
C14H31N,methyltridecylamine,CCCCCCCCCCCCCNC,213.409,729.57,15.42,890.4,0.739
C14H31N,ethyldodecylamine,CCCCCCCCCCCCNCC,213.409,729.57,15.42,890.4,0.739
C14H31N,diheptylamine,CCCCCCCNCCCCCCC,213.409,729.57,15.21,902.53,0.739
C14H8O2,anthraquinone,O=C1c2ccccc2C(=O)c2ccccc21,208.216,900,30.62,544,0.982
C14H10,anthracene,c1ccc2cc3ccccc3cc2c1,178.234,,,552.76,0.568
C14H10,diphenylacetylene,C(#Cc1ccccc1)c1ccccc1,178.234,832,27.08,611,0.568
C14H10,phenanthrene,c1ccc2c(c1)ccc1ccccc12,178.234,,,554,0.568
C14H10O4,benzoyl peroxide,O=C(OOC(=O)c1ccccc1)c1ccccc1,242.23,884,21.84,718,1.088
C14H12,cis-stilbene,C(=C\c1ccccc1)\c1ccccc1,180.25,784,26.09,596,0.575
C14H12,trans-stilbene,C(=C/c1ccccc1)\c1ccccc1,180.25,838.53,27.4,607,0.575
C14H12,"1,1-diphenylethene",C=C(c1ccccc1)c1ccccc1,180.25,791.64,27.51,570.92,0.575
C14H12,1-methylfluorene,Cc1cccc2c1Cc1ccccc1-2,180.25,847.94,25.12,669.72,0.575
C14H12,stilbene,C(=Cc1ccccc1)c1ccccc1,180.25,812.69,27.75,581,0.575
C14H12O2,benzyl benzoate,O=C(OCc1ccccc1)c1ccccc1,212.248,820,21.76,694,0.995
C14H14,"1,1-diphenylethane",CC(c1ccccc1)c1ccccc1,182.266,777.99,24.68,623.64,0.583
C14H14,"1,2-diphenylethane",c1ccc(CCc2ccccc2)cc1,182.266,777.99,25.19,611.1,0.583
C14H14,2-methyldiphenylmethane,Cc1ccccc1Cc1ccccc1,182.266,777.99,24.75,621.99,0.583
C14H14,3-methyldiphenylmethane,Cc1cccc(Cc2ccccc2)c1,182.266,777.99,24.44,630.01,0.583
C14H14,4-methyldiphenylmethane,Cc1ccc(Cc2ccccc2)cc1,182.266,777.99,24.32,633.09,0.583
C14H14,"2,2'-dimethylbiphenyl",Cc1ccccc1-c1ccccc1C,182.266,817.99,25.21,641.96,0.583
C14H14,"2,3'-trimethylbiphenyl",Cc1cccc(-c2ccccc2C)c1,182.266,817.99,25.2,642.42,0.583
C14H14,"2,4'-dimethlbiphenyl",Cc1ccc(-c2ccccc2C)cc1,182.266,817.99,25.2,642.42,0.583
C14H14,"3,3'-dimethylbiphenyl",Cc1cccc(-c2cccc(C)c2)c1,182.266,817.99,25.19,642.65,0.583
C14H14,"3,4'-dimethylbiphenyl",Cc1ccc(-c2cccc(C)c2)cc1,182.266,817.99,25.24,641.18,0.583
C14H14,"4,4'-dimethylbiphenyl",Cc1ccc(-c2ccc(C)cc2)cc1,182.266,817.99,22.92,706.32,0.583
C14H14,2-ethylbiphenyl,CCc1ccccc1-c1ccccc1,182.266,817.99,25.2,642.19,0.583
C14H14,3-ethylbiphenyl,CCc1cccc(-c2ccccc2)c1,182.266,817.99,25.28,640.18,0.583
C14H14,4-ethylbiphenyl,CCc1ccc(-c2ccccc2)cc1,182.266,817.99,25.12,644.25,0.583
C14H14,"2,3-dimethylbiphenyl",Cc1cccc(-c2ccccc2)c1C,182.266,817.99,25.12,644.25,0.583
C14H14,"3,4-dimethylbiphenyl",Cc1ccc(-c2ccccc2)cc1C,182.266,817.99,25.69,629.98,0.583
C14H14,"2,6-dimethylbiphenyl",Cc1cccc(C)c1-c1ccccc1,182.266,817.99,25.14,643.74,0.583
C14H14,"2,5-dimethylbiphenyl",Cc1ccc(C)c(-c2ccccc2)c1,182.266,817.99,25.22,641.88,0.583
C14H14,"2,4-dimethylbiphenyl",Cc1ccc(-c2ccccc2)c(C)c1,182.266,817.99,23.82,679.55,0.583
C14H14,"3,5-dimethylbiphenyl",Cc1cc(C)cc(-c2ccccc2)c1,182.266,817.99,25.4,637.33,0.583
C14H14O,dibenzyl ether,c1ccc(COCc2ccccc2)cc1,198.265,777,23.95,608,0.949
C14H16,1-butylnaphthalene,CCCCc1cccc2ccccc12,184.282,835.83,23.42,704.44,0.59
C14H16,2-butylnaphthalene,CCCCc1ccc2ccccc2c1,184.282,835.83,23.1,714.11,0.59
C14H16,1-sec-butylnaphthalene,CCC(C)c1cccc2ccccc12,184.282,835.83,23.45,703.39,0.59
C14H16,2-sec-butylnaphthalene,CCC(C)c1ccc2ccccc2c1,184.282,835.83,23.75,694.69,0.59
C14H16,1-isobutylnaphthalene,CC(C)Cc1cccc2ccccc12,184.282,835.83,23.27,708.8,0.59
C14H16,2-isobutylnaphthalene,CC(C)Cc1ccc2ccccc2c1,184.282,835.83,23.75,694.69,0.59
C14H16,1-tert-butylnaphthalene,CC(C)(C)c1cccc2ccccc12,184.282,835.83,23.88,690.95,0.59
C14H16,2-tert-butylnaphthalene,CC(C)(C)c1ccc2ccccc2c1,184.282,835.83,23.18,711.63,0.59
C14H16,1-methyl-2-propylnaphthalene,CCCc1ccc2ccccc2c1C,184.282,835.83,23.75,694.69,0.59
C14H16,2-methyl-1-propylnaphthalene,CCCc1c(C)ccc2ccccc12,184.282,835.83,23.75,694.69,0.59
C14H16,3-methyl-2-propylnaphthalene,CCCc1cc2ccccc2cc1C,184.282,835.83,23.75,694.69,0.59
C14H16,2-methyl-1-isopropylnaphthalene,Cc1ccc2ccccc2c1C(C)C,184.282,835.83,23.75,694.69,0.59
C14H16,3-methyl-2-isopropylnaphthalene,Cc1cc2ccccc2cc1C(C)C,184.282,835.83,23.75,694.69,0.59
C14H16,1-methyl-3-isopropylnaphthalene,Cc1cc(C(C)C)cc2ccccc12,184.282,835.83,23.75,694.69,0.59
C14H16,1-methyl-4-isopropylnaphthalene,Cc1ccc(C(C)C)c2ccccc12,184.282,835.83,24.01,687.11,0.59
C14H16,1-methyl-6-isopropylnaphthalene,Cc1cccc2cc(C(C)C)ccc12,184.282,835.83,23.75,694.69,0.59
C14H16,1-methyl-7-isopropylnaphthalene,Cc1cccc2ccc(C(C)C)cc12,184.282,835.83,23.45,703.57,0.59
C14H16,"1,2-diethylnaphthalene",CCc1ccc2ccccc2c1CC,184.282,835.83,23.75,694.69,0.59
C14H16,"1,4-diethylnaphthalene",CCc1ccc(CC)c2ccccc12,184.282,835.83,23.88,690.78,0.59
C14H16,"1,6-diethylnaphthalene",CCc1ccc2c(CC)cccc2c1,184.282,835.83,23.75,694.69,0.59
C14H16,"1,7-diethylnaphthalene",CCc1ccc2cccc(CC)c2c1,184.282,835.83,23.75,694.69,0.59
C14H16,"2,3-diethylnaphthalene",CCc1cc2ccccc2cc1CC,184.282,835.83,23.75,694.69,0.59
C14H16,"2,6-diethylnaphthalene",CCc1ccc2cc(CC)ccc2c1,184.282,835.83,23.75,694.69,0.59
C14H16,"2,4-dimethyl-1-ethylnaphthalene",CCc1c(C)cc(C)c2ccccc12,184.282,835.83,23.75,694.69,0.59
C14H16,"4,6-dimethyl-1-ethylnaphthalene",CCc1ccc(C)c2cc(C)ccc12,184.282,835.83,23.75,694.69,0.59
C14H16,"1,2-dimethyl-4-ethylnaphthalene",CCc1cc(C)c(C)c2ccccc12,184.282,835.83,23.75,694.69,0.59
C14H16,"1,3-dimethyl-5-ethylnaphthalene",CCc1cccc2c(C)cc(C)cc12,184.282,835.83,23.75,694.69,0.59
C14H16,"1,4-dimethyl-5-ethylnaphthalene",CCc1cccc2c(C)ccc(C)c12,184.282,835.83,23.75,694.69,0.59
C14H16,"1,3-dimethyl-6-ethylnaphthalene",CCc1ccc2c(C)cc(C)cc2c1,184.282,835.83,23.75,694.69,0.59
C14H16,"1,4-dimethyl-6-ethylnaphthalene",CCc1ccc2c(C)ccc(C)c2c1,184.282,835.83,23.75,694.69,0.59
C14H16,"1,2-dimethyl-7-ethylnaphthalene",CCc1ccc2ccc(C)c(C)c2c1,184.282,835.83,23.75,694.69,0.59
C14H16,"1,2,3,4-tetramethylnaphthalene",Cc1c(C)c(C)c2ccccc2c1C,184.282,835.83,23.75,694.69,0.59
C14H16,"1,2,3,6-tetramethylnaphthalene",Cc1ccc2c(C)c(C)c(C)cc2c1,184.282,835.83,23.75,694.69,0.59
C14H16,"1,2,4,6-tetramethylnaphthalene",Cc1ccc2c(C)c(C)cc(C)c2c1,184.282,835.83,23.75,694.69,0.59
C14H16,"1,2,4,7-tetramethylnaphthalene",Cc1ccc2c(C)cc(C)c(C)c2c1,184.282,835.83,24.43,675.19,0.59
C14H16,"1,2,4,8-tetramethylnaphthalene",Cc1cc(C)c2cccc(C)c2c1C,184.282,835.83,23.75,694.69,0.59
C14H16,"1,2,5,6-tetramethylnaphthalene",Cc1ccc2c(C)c(C)ccc2c1C,184.282,835.83,23.75,694.69,0.59
C14H16,"1,2,5,8-tetramethylnaphthalene",Cc1ccc2c(C)ccc(C)c2c1C,184.282,835.83,23.75,694.69,0.59
C14H16,"1,2,6,8-tetramethylnaphthalene",Cc1cc(C)c2c(C)c(C)ccc2c1,184.282,835.83,23.75,694.69,0.59
C14H16,"1,3,5,8-tetramethylnaphthalene",Cc1cc(C)c2c(C)ccc(C)c2c1,184.282,835.83,23.75,694.69,0.59
C14H16,"1,3,6,7-tetramethylnaphthalene",Cc1cc(C)c2cc(C)c(C)cc2c1,184.282,835.83,23.75,694.69,0.59
C14H16,"1,4,5,8-tetramethylnaphthalene",Cc1ccc(C)c2c(C)ccc(C)c12,184.282,835.83,23.75,694.69,0.59
C14H16,"1,4,6,7-tetramethylnaphthalene",Cc1cc2c(C)ccc(C)c2cc1C,184.282,835.83,23.75,694.69,0.59
C14H16,"2,3,6,7-tetramethylnaphthalene",Cc1cc2cc(C)c(C)cc2cc1C,184.282,835.83,23.75,694.69,0.59
C14H16,7-methyl-1-isopropylnaphthalene,Cc1ccc2cccc(C(C)C)c2c1,184.282,835.83,23.72,695.59,0.59
C14H16,"1,3,6,8-tetramethylnaphthalene",Cc1cc(C)c2c(C)cc(C)cc2c1,184.282,835.83,23.75,694.69,0.59
C14H18O4,dipropyl phthalate,CCCOC(=O)c1ccccc1C(=O)OCCC,250.294,768,17.1,789,1.112
C14H20,"1-butyl-[1,2,3,4-tetrahydronaphthalene]",CCCCC1CCCc2ccccc21,188.314,801.44,24.14,652.05,0.604
C14H20,"2-butyl-[1,2,3,4-tetrahydronaphthalene]",CCCCC1CCc2ccccc2C1,188.314,801.44,23.92,658.07,0.604
C14H20,"1,2,3,4-tetrahydro-1,1,2,6-tetramethylnaphthalene",Cc1ccc2c(c1)CCC(C)C2(C)C,188.314,801.44,24.22,649.96,0.604
C14H20,"5-butyl-1,2,3,4-tetrahydronaphthalene",CCCCc1cccc2c1CCCC2,188.314,801.44,24.35,646.28,0.604
C14H20,"1,2,3,4-tetrahydro-5-isobutylnaphthalene",CC(C)Cc1cccc2c1CCCC2,188.314,801.44,24.35,646.28,0.604
C14H21Cl,"3,5-di-tert-butyl chlorobenzene",CC(C)(C)c1cc(Cl)cc(C(C)(C)C)c1,224.775,793.68,19.08,826.99,0.445
C14H22,octylbenzene,CCCCCCCCc1ccccc1,190.33,764.21,19.36,773.15,0.611
C14H22,"1,2,3,4-tetraethylbenzene",CCc1ccc(CC)c(CC)c1CC,190.33,764.21,20.18,741.74,0.611
C14H22,"1,2,3,5-tetraethylbenzene",CCc1cc(CC)c(CC)c(CC)c1,190.33,764.21,20.05,746.81,0.611
C14H22,"1,2,4,5-tetraethylbenzene",CCc1cc(CC)c(CC)cc1CC,190.33,764.21,19.96,749.89,0.611
C14H22,"1,4-di-tert-butylbenzene",CC(C)(C)c1ccc(C(C)(C)C)cc1,190.33,764.21,23.01,650.55,0.611
C14H22,(1-methylheptyl)benzene,CCCCCCC(C)c1ccccc1,190.33,764.21,19.79,756.63,0.611
C14H22,"1,3-di-tert-butylbenzene",CC(C)(C)c1cccc(C(C)(C)C)c1,190.33,764.21,19.53,766.68,0.611
C14H22,"6,8-tetradecadiyne",CCCCCC#CC#CCCCCC,190.33,793.84,22.07,704.76,0.611
C14H22O,p-tert-octylphenol,CC(C)(C)CC(C)(C)c1ccc(O)cc1,206.329,832.09,21.79,708.44,0.976
C14H22O,"2,4-di-tert-butylphenol",CC(C)(C)c1ccc(O)c(C(C)(C)C)c1,206.329,832.09,21.79,708.44,0.976
C14H22O,"2,6-di-sec-butylphenol",CCC(C)c1cccc(C(C)CC)c1O,206.329,832.09,21.79,708.44,0.976
C14H22O,"2,6-di-tert-butylphenol",CC(C)(C)c1cccc(C(C)(C)C)c1O,206.329,832.09,21.79,708.44,0.976
C14H22O,4-octylphenol,CCCCCCCCc1ccc(O)cc1,206.329,832.09,22.41,688.97,0.976
C14H22O,tert-octylphenol,CC(C)(C)CC(C)(C)c1ccccc1O,206.329,832.09,21.85,706.58,0.976
C14H22O,"3,5-bis(1,1-dimethylethyl)phenol",CC(C)(C)c1cc(O)cc(C(C)(C)C)c1,206.329,832.09,21.79,708.44,0.976
C14H22O,2-isopropyl-6-(1-methylbutyl)phenol,CCCC(C)c1cccc(C(C)C)c1O,206.329,832.09,21.79,708.44,0.976
C14H23N,"N,N-dibutylaniline",CCCCN(CCCC)c1ccccc1,205.345,819.24,18.39,846.74,0.712
C14H23N,4-octylaniline,CCCCCCCCc1ccc(N)cc1,205.345,871.24,19.79,836.62,0.712
C14H23N,"2,6-diisopropyl-N,N-dimethylaniline",CC(C)c1cccc(C(C)C)c1N(C)C,205.345,819.24,17.64,882.59,0.712
C14H23N,N-(2-ethylhexyl)aniline,CCCCC(CC)CNc1ccccc1,205.345,844.24,19.16,837.5,0.712
C14H23N,"b-sec-butyl-N,N-dimethylphenethylamine",CCC(C)C(CN(C)C)c1ccccc1,205.345,844.24,20.15,796.39,0.712
C14H24S,2-decylthiophene,CCCCCCCCCCc1cccs1,224.413,771.03,16.37,864.41,0.724
C14H24S,3-decylthiophene,CCCCCCCCCCc1ccsc1,224.413,771.03,16.65,849.69,0.724
C14H24S,2-isodecylthiophene,CC(C)CCCCCCCc1cccs1,224.413,771.03,16.37,864.41,0.724
C14H24S,3-isodecylthiophene,CC(C)CCCCCCCc1ccsc1,224.413,771.03,16.37,864.41,0.724
C14H24S,2-sec-decylthiophene,CCCCCCCCC(C)c1cccs1,224.413,771.03,16.37,864.41,0.724
C14H24S,3-sec-decylthiophene,CCCCCCCCC(C)c1ccsc1,224.413,771.03,16.37,864.41,0.724
C14H24S,2-(2-methylnonan-2-yl)thiophene,CCCCCCCC(C)(C)c1cccs1,224.413,771.03,16.37,864.41,0.724
C14H24S,3-(2-methylnonan-2-yl)thiophene,CCCCCCCC(C)(C)c1ccsc1,224.413,771.03,16.37,864.41,0.724
C14H24S,2-methyl-3-nonylthiophene,CCCCCCCCCc1ccsc1C,224.413,771.03,16.37,864.41,0.724
C14H24S,2-methyl-4-nonylthiophene,CCCCCCCCCc1csc(C)c1,224.413,771.03,16.37,864.41,0.724
C14H24S,2-methyl-5-nonylthiophene,CCCCCCCCCc1ccc(C)s1,224.413,771.03,16.37,864.41,0.724
C14H24S,3-methyl-2-nonylthiophene,CCCCCCCCCc1sccc1C,224.413,771.03,16.37,864.41,0.724
C14H24S,3-methyl-4-nonylthiophene,CCCCCCCCCc1cscc1C,224.413,771.03,16.37,864.41,0.724
C14H24S,3-methyl-5-nonylthiophene,CCCCCCCCCc1cc(C)cs1,224.413,771.03,16.37,864.41,0.724
C14H26,1-tetradecyne,C#CCCCCCCCCCCCC,194.362,714.69,17.1,814.51,0.625
C14H26,2-tetradecyne,CC#CCCCCCCCCCCC,194.362,714.69,17.37,802.04,0.625
C14H26,3-tetradecyne,CCC#CCCCCCCCCCC,194.362,714.69,17.37,802.04,0.625
C14H26,5-tetradecyne,CCCCC#CCCCCCCCC,194.362,714.69,17.37,802.04,0.625
C14H26,6-tetradecyne,CCCCCC#CCCCCCCC,194.362,714.69,17.37,802.04,0.625
C14H26,7-tetradecyne,CCCCCCC#CCCCCCC,194.362,714.69,17.41,800.22,0.625
C14H26,"1,1-dicyclohexylethane",CC(C1CCCCC1)C1CCCCC1,194.362,754.69,19.97,736.61,0.625
C14H26,"1,2-dicyclohexylethane",C1CCC(CCC2CCCCC2)CC1,194.362,754.69,19.52,753.76,0.625
C14H26,1-nonylcyclopentene,CCCCCCCCCC1=CCCC1,194.362,729.69,17.95,792.48,0.625
C14H26,"1,13-tetradecadiene",C=CCCCCCCCCCCC=C,194.362,714.69,20.01,696.05,0.625
C14H26O,2-tetradecenal,CCCCCCCCCCCC=CC=O,210.361,806.41,16.7,891.62,0.989
C14H26O,"2,6,10-trimethyl-9-undecenal",CC(C)=CCCC(C)CCCC(C)C=O,210.361,806.41,16.7,891.62,0.989
C14H26O2,4-tetradecenoic acid,CCCCCCCCCC=CCCC(=O)O,226.36,823.01,14.92,998.34,1.04
C14H26O2,5-tetradecenoic acid,CCCCCCCCC=CCCCC(=O)O,226.36,823.01,14.96,995.43,1.04
C14H26O2,9-tetradecenoic acid,CCCCC=CCCCCCCCC(=O)O,226.36,823.01,14.91,999.14,1.04
C14H26O2,cis-9-tetradecenoic acid,CCCC/C=C\CCCCCCCC(=O)O,226.36,823.01,14.28,1043.01,1.04
C14H26O2,methyl 12-tridecenoate,C=CCCCCCCCCCCC(=O)OC,226.36,703.01,13.89,915.77,1.04
C14H26O2,decyl methacrylate,C=C(C)C(=O)OCCCCCCCCCC,226.36,703.01,13.73,926.37,1.04
C14H26O2,isodecyl methacrylate,C=C(C)C(=O)OCCCCCCCC(C)C,226.36,703.01,13.83,919.53,1.04
C14H26O2,citronellyl butyrate,CCCC(=O)OCCC(C)CCC=C(C)C,226.36,703.01,13.73,926.37,1.04
C14H26O2,citronellyl isobutyrate,CC(C)=CCCC(C)CCOC(=O)C(C)C,226.36,703.01,13.73,926.37,1.04
C14H26O2,cis-7-dodecenyl acetate,CCCC/C=C\CCCCCCOC(C)=O,226.36,703.01,13.73,926.37,1.04
C14H26O4,"1,12-dodecanedicarboxylic acid",O=C(O)CCCCCCCCCCCCC(=O)O,258.358,997.22,14.55,1191.59,1.135
C14H27Br,cis-1-bromo-1-tetradecene,CCCCCCCCCCCC/C=C\Br,275.274,760.96,17.43,914.67,0.851
C14H27Br,trans-1-bromo-1-tetradecene,CCCCCCCCCCCC/C=C/Br,275.274,760.96,17.43,914.67,0.851
C14H27Cl,cis-1-chloro-1-tetradecene,CCCCCCCCCCCC/C=C\Cl,230.823,770.99,16.5,921.75,0.523
C14H27Cl,trans-1-chloro-1-tetradecene,CCCCCCCCCCCC/C=C/Cl,230.823,770.99,16.5,921.75,0.523
C14H27Cl3,"1,1,1-trichlorotetradecane",CCCCCCCCCCCCCC(Cl)(Cl)Cl,301.729,768.06,11.74,1181.94,0.439
C14H27F,cis-1-fluoro-1-tetradecene,CCCCCCCCCCCC/C=C\F,214.368,660.78,16.95,767.32,0.33
C14H27F,trans-1-fluoro-1-tetradecene,CCCCCCCCCCCC/C=C/F,214.368,660.78,16.95,767.32,0.33
C14H27F3,"1,1,1-trifluorotetradecane",CCCCCCCCCCCCCC(F)(F)F,252.364,610.98,13.3,862.12,0.426
C14H27N,tetradecanenitrile,CCCCCCCCCCCCCC#N,209.377,849.44,16.6,967.85,0.726
C14H28,nonylcyclopentane,CCCCCCCCCC1CCCC1,196.378,727.4,17.58,804.27,0.632
C14H28,octylcyclohexane,CCCCCCCCC1CCCCC1,196.378,732.4,17.19,828.58,0.632
C14H28,cyclotetradecane,C1CCCCCCCCCCCCC1,196.378,777.91,21.94,689.5,0.632
C14H28,1-tetradecene,C=CCCCCCCCCCCCC,196.378,702.4,16.07,849.72,0.632
C14H28,2-tetradecene,CC=CCCCCCCCCCCC,196.378,702.4,16.88,809.09,0.632
C14H28,3-tetradecene,CCC=CCCCCCCCCCC,196.378,702.4,16.42,831.79,0.632
C14H28,4-tetradecene,CCCC=CCCCCCCCCC,196.378,702.4,16.42,831.79,0.632
C14H28,5-tetradecene,CCCCC=CCCCCCCCC,196.378,702.4,16.42,831.79,0.632
C14H28,6-tetradecene,CCCCCC=CCCCCCCC,196.378,702.4,16.42,831.79,0.632
C14H28,trans-6-tetradecene,CCCCC/C=C/CCCCCCC,196.378,702.4,16.42,831.79,0.632
C14H28,trans-7-tetradecene,CCCCCC/C=C/CCCCCC,196.378,702.4,15.97,855.06,0.632
C14H28,2-methyl-1-tridecene,C=C(C)CCCCCCCCCCC,196.378,702.4,16.14,846.01,0.632
C14H28,"2,2,3,5,5,6,6-heptamethyl-3-heptene",CC(=CC(C)(C)C(C)(C)C)C(C)(C)C,196.378,702.4,16.42,831.79,0.632
C14H28,(1-methylheptyl)-cyclohexane,CCCCCCC(C)C1CCCCC1,196.378,732.4,17.03,836.16,0.632
C14H28,2-tert-butyl-4-methyl-1-isopropylcyclohexane,CC1CCC(C(C)C)C(C(C)(C)C)C1,196.378,732.4,17.03,836.16,0.632
C14H28Br2,"1,1-dibromotetradecane",CCCCCCCCCCCCCC(Br)Br,356.186,819,15.44,1005.02,0.681
C14H28Br2,"1,14-dibromotetradecane",BrCCCCCCCCCCCCCCBr,356.186,819,15.44,1005.02,0.681
C14H28Cl2,"1,1-dichlorotetradecane",CCCCCCCCCCCCCC(Cl)Cl,267.284,792.42,14.47,1032.93,0.529
C14H28F2,"1,1-difluorotetradecane",CCCCCCCCCCCCCC(F)F,234.374,685.22,16.13,815.33,0.454
C14H28O,tetradecanal,CCCCCCCCCCCCCC=O,212.377,747.55,15.41,893.34,0.996
C14H28O,2-tetradecanone,CCCCCCCCCCCCC(C)=O,212.377,738.55,15.17,896.22,0.996
C14H28O,3-tetradecanone,CCCCCCCCCCCC(=O)CC,212.377,738.55,15.17,896.22,0.996
C14H28O,4-tetradecanone,CCCCCCCCCCC(=O)CCC,212.377,738.55,15.17,896.22,0.996
C14H28O,5-tetradecanone,CCCCCCCCCC(=O)CCCC,212.377,738.55,15.17,896.22,0.996
C14H28O,6-tetradecanone,CCCCCCCCC(=O)CCCCC,212.377,738.55,15.17,896.22,0.996
C14H28O,2-methyl-3-tridecanone,CCCCCCCCCCC(=O)C(C)C,212.377,738.55,15.17,896.22,0.996
C14H28O,7-ethyl-2-methyl-4-undecanone,CCCCC(CC)CCC(=O)CC(C)C,212.377,738.55,15.14,898.28,0.996
C14H28O,dodecyl vinyl ether,C=COCCCCCCCCCCCC,212.377,688.55,14.63,866.68,0.996
C14H28O,cis-9-tetradecen-1-ol,CCCC/C=C\CCCCCCCCO,212.377,778.55,16.61,862.88,0.996
C14H28O2,tetradecanoic acid,CCCCCCCCCCCCCC(=O)O,228.376,795.04,14.34,1000.45,1.046
C14H28O2,2-methyltridecanoic acid,CCCCCCCCCCCC(C)C(=O)O,228.376,795.04,14.34,1000.9,1.046
C14H28O2,12-methyltridecanoic acid,CC(C)CCCCCCCCCCC(=O)O,228.376,795.04,14.34,1000.9,1.046
C14H28O2,2-ethyldodecanoic acid,CCCCCCCCCCC(CC)C(=O)O,228.376,795.04,14.34,1000.9,1.046
C14H28O2,tridecyl formate,CCCCCCCCCCCCCOC=O,228.376,705.04,13.63,933.74,1.046
C14H28O2,2-ethylundecyl formate,CCCCCCCCCC(CC)COC=O,228.376,705.04,13.63,933.74,1.046
C14H28O2,dodecyl acetate,CCCCCCCCCCCCOC(C)=O,228.376,705.04,13.63,933.74,1.046
C14H28O2,undecyl propanoate,CCCCCCCCCCCOC(=O)CC,228.376,705.04,13.63,933.74,1.046
C14H28O2,decyl butanoate,CCCCCCCCCCOC(=O)CCC,228.376,705.04,13.7,928.86,1.046
C14H28O2,decyl isobutanoate,CCCCCCCCCCOC(=O)C(C)C,228.376,705.04,13.78,923.33,1.046
C14H28O2,"3,7-dimethyloctyl isobutanoate",CC(C)CCCC(C)CCOC(=O)C(C)C,228.376,705.04,13.63,933.74,1.046
C14H28O2,nonyl pentanoate,CCCCCCCCCOC(=O)CCCC,228.376,705.04,13.63,933.74,1.046
C14H28O2,nonyl isopentanoate,CCCCCCCCCOC(=O)CC(C)C,228.376,705.04,13.63,933.74,1.046
C14H28O2,octyl hexanoate,CCCCCCCCOC(=O)CCCCC,228.376,705.04,13.67,930.68,1.046
C14H28O2,heptyl heptanoate,CCCCCCCOC(=O)CCCCCC,228.376,705.04,13.76,924.74,1.046
C14H28O2,hexyl octanoate,CCCCCCCC(=O)OCCCCCC,228.376,705.04,13.67,930.68,1.046
C14H28O2,pentyl nonanoate,CCCCCCCCC(=O)OCCCCC,228.376,705.04,13.49,943.43,1.046
C14H28O2,ethyl laurate,CCCCCCCCCCCC(=O)OCC,228.376,705.04,13.7,928.73,1.046
C14H28O2,methyl tridecanoate,CCCCCCCCCCCCC(=O)OC,228.376,705.04,13.63,933.74,1.046
C14H28S,thiacyclopentadecane,C1CCCCCCCSCCCCCC1,228.445,827.84,20.78,727.5,0.736
C14H29Br,1-bromotetradecane,CCCCCCCCCCCCCCBr,277.29,743.09,15.36,1011.2,0.857
C14H29Br,1-bromo-12-methyltridecane,CC(C)CCCCCCCCCCCBr,277.29,743.09,15.56,997.95,0.857
C14H29Cl,1-chlorotetradecane,CCCCCCCCCCCCCCCl,232.839,753.4,15.25,972.55,0.526
C14H29F,1-fluorotetradecane,CCCCCCCCCCCCCCF,216.384,703.32,17.44,791.91,0.402
C14H29NO2,1-nitrotetradecane,CCCCCCCCCCCCCC[N+](=O)[O-],243.391,895.76,13.47,1205.4,0.831
C14H30,2-methyltridecane,CCCCCCCCCCCC(C)C,198.394,690.1,16.75,798.96,0.639
C14H30,3-methyltridecane,CCCCCCCCCCC(C)CC,198.394,690.1,16.92,791.05,0.639
C14H30,4-methyltridecane,CCCCCCCCCC(C)CCC,198.394,690.1,17.35,771.21,0.639
C14H30,5-methyltridecane,CCCCCCCCC(C)CCCC,198.394,690.1,17.32,772.77,0.639
C14H30,7-methyltridecane,CCCCCCC(C)CCCCCC,198.394,690.1,16.94,790.18,0.639
C14H30,"2,2-dimethyldodecane",CCCCCCCCCCC(C)(C)C,198.394,690.1,16.73,800.23,0.639
C14H30,"2,3-dimethyldodecane",CCCCCCCCCC(C)C(C)C,198.394,690.1,17.16,779.75,0.639
C14H30,"2,4-dimethyldodecane",CCCCCCCCC(C)CC(C)C,198.394,690.1,16.88,792.92,0.639
C14H30,"2,4,6-trimethylundecane",CCCCCC(C)CC(C)CC(C)C,198.394,690.1,16.71,800.95,0.639
C14H30,"2,2,3,3,5,6,6,-heptamethylheptane",CC(CC(C)(C)C(C)(C)C)C(C)(C)C,198.394,690.1,16.91,791.43,0.639
C14H30O,1-tetradecanol,CCCCCCCCCCCCCCO,214.393,745.68,14.72,930.23,1.002
C14H30O,2-tetradecanol,CCCCCCCCCCCCC(C)O,214.393,745.68,14.43,949.39,1.002
C14H30O,3-tetradecanol,CCCCCCCCCCCC(O)CC,214.393,745.68,14.43,949.39,1.002
C14H30O,4-tetradecanol,CCCCCCCCCCC(O)CCC,214.393,745.68,14.43,949.39,1.002
C14H30O,5-tetradecanol,CCCCCCCCCC(O)CCCC,214.393,745.68,14.43,949.39,1.002
C14H30O,6-tetradecanol,CCCCCCCCC(O)CCCCC,214.393,745.68,14.43,949.39,1.002
C14H30O,12-methyl-1-tridecanol,CC(C)CCCCCCCCCCCO,214.393,745.68,15.11,906.66,1.002
C14H30O,2-methyl-3-tridecanol,CCCCCCCCCCC(O)C(C)C,214.393,745.68,15.05,909.78,1.002
C14H30O,2-methyl-4-tridecanol,CCCCCCCCCC(O)CC(C)C,214.393,745.68,14.43,949.39,1.002
C14H30O,diheptyl ether,CCCCCCCOCCCCCCC,214.393,675.68,14.07,882.2,1.002
C14H30O2,"1,2-tetradecanediol",CCCCCCCCCCCCC(O)CO,230.392,917.06,15.67,1053.86,1.052
C14H30O2,"1,14-tetradecanediol",OCCCCCCCCCCCCCCO,230.392,917.06,15.67,1053.86,1.052
C14H30O2,"2,2,9,9-tetramethyl-1,10-decanediol",CC(C)(CO)CCCCCCC(C)(C)CO,230.392,917.06,15.67,1053.86,1.052
C14H30S,1-tetradecanethiol,CCCCCCCCCCCCCCS,230.461,752.13,14.19,965.46,0.743
C14H30S,2-tetradecanethiol,CCCCCCCCCCCCC(C)S,230.461,752.13,14.11,970.86,0.743
C14H30S,3-tetradecanethiol,CCCCCCCCCCCC(S)CC,230.461,752.13,14.36,953.83,0.743
C14H30S,4-tetradecanethiol,CCCCCCCCCCC(S)CCC,230.461,752.13,14.36,953.83,0.743
C14H30S,5-tetradecanethiol,CCCCCCCCCC(S)CCCC,230.461,752.13,14.36,953.83,0.743
C14H30S,6-tetradecanethiol,CCCCCCCCC(S)CCCCC,230.461,752.13,14.36,953.83,0.743
C14H30S,7-tetradecanethiol,CCCCCCCC(S)CCCCCC,230.461,752.13,14.36,953.83,0.743
C14H30S,2-methyl-1-tridecanethiol,CCCCCCCCCCCC(C)CS,230.461,752.13,14.36,953.83,0.743
C14H30S,3-methyl-1-tridecanethiol,CCCCCCCCCCC(C)CCS,230.461,752.13,14.36,953.83,0.743
C14H30S,4-methyl-1-tridecanethiol,CCCCCCCCCC(C)CCCS,230.461,752.13,14.36,953.83,0.743
C14H30S,5-methyl-1-tridecanethiol,CCCCCCCCC(C)CCCCS,230.461,752.13,14.36,953.83,0.743
C14H30S,6-methyl-1-tridecanethiol,CCCCCCCC(C)CCCCCS,230.461,752.13,14.36,953.83,0.743
C14H30S,7-methyl-1-tridecanethiol,CCCCCCC(C)CCCCCCS,230.461,752.13,14.36,953.83,0.743
C14H30S,8-methyl-1-tridecanethiol,CCCCCC(C)CCCCCCCS,230.461,752.13,14.36,953.83,0.743
C14H30S,9-methyl-1-tridecanethiol,CCCCC(C)CCCCCCCCS,230.461,752.13,14.36,953.83,0.743
C14H30S,10-methyl-1-tridecanethiol,CCCC(C)CCCCCCCCCS,230.461,752.13,14.36,953.83,0.743
C14H30S,11-methyl-1-tridecanethiol,CCC(C)CCCCCCCCCCS,230.461,752.13,14.36,953.83,0.743
C14H30S,12-methyl-1-tridecanethiol,CC(C)CCCCCCCCCCCS,230.461,752.13,14.36,953.83,0.743
C14H30S,2-methyl-2-tridecanethiol,CCCCCCCCCCCC(C)(C)S,230.461,752.13,14.36,953.83,0.743
C14H30S,3-methyl-2-tridecanethiol,CCCCCCCCCCC(C)C(C)S,230.461,752.13,14.36,953.83,0.743
C14H30S,4-methyl-2-tridecanethiol,CCCCCCCCCC(C)CC(C)S,230.461,752.13,14.36,953.83,0.743
C14H30S,5-methyl-2-tridecanethiol,CCCCCCCCC(C)CCC(C)S,230.461,752.13,14.36,953.83,0.743
C14H30S,6-methyl-2-tridecanethiol,CCCCCCCC(C)CCCC(C)S,230.461,752.13,14.36,953.83,0.743
C14H30S,7-methyl-2-tridecanethiol,CCCCCCC(C)CCCCC(C)S,230.461,752.13,14.36,953.83,0.743
C14H30S,8-methyl-2-tridecanethiol,CCCCCC(C)CCCCCC(C)S,230.461,752.13,14.36,953.83,0.743
C14H30S,9-methyl-2-tridecanethiol,CCCCC(C)CCCCCCC(C)S,230.461,752.13,14.36,953.83,0.743
C14H30S,10-methyl-2-tridecanethiol,CCCC(C)CCCCCCCC(C)S,230.461,752.13,14.36,953.83,0.743
C14H30S,11-methyl-2-tridecanethiol,CCC(C)CCCCCCCCC(C)S,230.461,752.13,14.36,953.83,0.743
C14H30S,12-methyl-2-tridecanethiol,CC(C)CCCCCCCCCC(C)S,230.461,752.13,14.36,953.83,0.743
C14H30S,2-thiapentadecane,CCCCCCCCCCCCCSC,230.461,752.13,14.21,964.09,0.743
C14H30S,3-thiapentadecane,CCCCCCCCCCCCSCC,230.461,752.13,14.21,964.09,0.743
C14H30S,4-thiapentadecane,CCCCCCCCCCCSCCC,230.461,752.13,14.21,964.09,0.743
C14H30S,5-thiapentadecane,CCCCCCCCCCSCCCC,230.461,752.13,14.21,964.09,0.743
C14H30S,6-thiapentadecane,CCCCCCCCCSCCCCC,230.461,752.13,14.36,953.83,0.743
C14H30S,7-thiapentadecane,CCCCCCCCSCCCCCC,230.461,752.13,14.36,953.83,0.743
C14H30S,8-thiapentadecane,CCCCCCCSCCCCCCC,230.461,752.13,14.21,964.09,0.743
C14H30S,3-methyl-2-thiatetradecane,CCCCCCCCCCCC(C)SC,230.461,752.13,14.36,953.83,0.743
C14H30S,4-methyl-2-thiatetradecane,CCCCCCCCCCC(C)CSC,230.461,752.13,14.36,953.83,0.743
C14H30S,5-methyl-2-thiatetradecane,CCCCCCCCCC(C)CCSC,230.461,752.13,14.36,953.83,0.743
C14H30S,6-methyl-2-thiatetradecane,CCCCCCCCC(C)CCCSC,230.461,752.13,14.36,953.83,0.743
C14H30S,7-methyl-2-thiatetradecane,CCCCCCCC(C)CCCCSC,230.461,752.13,14.36,953.83,0.743
C14H30S,8-methyl-2-thiatetradecane,CCCCCCC(C)CCCCCSC,230.461,752.13,14.36,953.83,0.743
C14H30S,9-methyl-2-thiatetradecane,CCCCCC(C)CCCCCCSC,230.461,752.13,14.36,953.83,0.743
C14H30S,2-methyl-3-thiatetradecane,CCCCCCCCCCCSC(C)C,230.461,752.13,14.36,953.83,0.743
C14H30S,4-methyl-3-thiatetradecane,CCCCCCCCCCC(C)SCC,230.461,752.13,14.36,953.83,0.743
C14H30S,5-methyl-3-thiatetradecane,CCCCCCCCCC(C)CSCC,230.461,752.13,14.36,953.83,0.743
C14H30S,6-methyl-3-thiatetradecane,CCCCCCCCC(C)CCSCC,230.461,752.13,14.36,953.83,0.743
C14H30S,7-methyl-3-thiatetradecane,CCCCCCCC(C)CCCSCC,230.461,752.13,14.36,953.83,0.743
C14H30S,8-methyl-3-thiatetradecane,CCCCCCC(C)CCCCSCC,230.461,752.13,14.36,953.83,0.743
C14H30S,9-methyl-3-thiatetradecane,CCCCCC(C)CCCCCSCC,230.461,752.13,14.36,953.83,0.743
C14H30S2,"1,14-tetradecanedithiol",SCCCCCCCCCCCCCCS,262.528,867.7,15.63,971.75,0.836
C14H30S2,"1,12-tetradecanedithiol",CCC(S)CCCCCCCCCCCS,262.528,867.7,15.63,971.75,0.836
C14H30S2,"1,11-tetradecanedithiol",CCCC(S)CCCCCCCCCCS,262.528,867.7,15.63,971.75,0.836
C14H30S2,"1,10-tetradecanedithiol",CCCCC(S)CCCCCCCCCS,262.528,867.7,15.63,971.75,0.836
C14H30S2,"1,9-tetradecanedithiol",CCCCCC(S)CCCCCCCCS,262.528,867.7,15.63,971.75,0.836
C14H30S2,"1,8-tetradecanedithiol",CCCCCCC(S)CCCCCCCS,262.528,867.7,15.63,971.75,0.836
C14H30S2,"1,7-tetradecanedithiol",CCCCCCCC(S)CCCCCCS,262.528,867.7,15.63,971.75,0.836
C14H30S2,"1,6-tetradecanedithiol",CCCCCCCCC(S)CCCCCS,262.528,867.7,15.63,971.75,0.836
C14H30S2,"1,5-tetradecanedithiol",CCCCCCCCCC(S)CCCCS,262.528,867.7,15.63,971.75,0.836
C14H30S2,"1,4-tetradecanedithiol",CCCCCCCCCCC(S)CCCS,262.528,867.7,15.63,971.75,0.836
C14H30S2,"1,3-tetradecanedithiol",CCCCCCCCCCCC(S)CCS,262.528,867.7,15.63,971.75,0.836
C14H30S2,"1,2-tetradecanedithiol",CCCCCCCCCCCCC(S)CS,262.528,867.7,15.63,971.75,0.836
C14H30S2,"2,3-dithiahexadecane",CCCCCCCCCCCCCSSC,262.528,812.7,14.38,988.72,0.836
C14H30S2,"3,4-dithiahexadecane",CCCCCCCCCCCCSSCC,262.528,812.7,14.38,988.72,0.836
C14H30S2,"4,5-dithiahexadecane",CCCCCCCCCCCSSCCC,262.528,812.7,14.38,988.72,0.836
C14H30S2,"5,6-dithiahexadecane",CCCCCCCCCCSSCCCC,262.528,812.7,14.38,988.72,0.836
C14H30S2,"6,7-dithiahexadecane",CCCCCCCCCSSCCCCC,262.528,812.7,14.38,988.72,0.836
C14H30S2,"7,8-dithiahexadecane",CCCCCCCCSSCCCCCC,262.528,812.7,14.38,988.72,0.836
C14H30S2,"8,9-dithiahexadecane",CCCCCCCSSCCCCCCC,262.528,812.7,14.38,988.72,0.836
C14H30S2,"2,4-dithiahexadecane",CCCCCCCCCCCCSCSC,262.528,812.7,14.38,988.72,0.836
C14H30S2,"3,5-dithiahexadecane",CCCCCCCCCCCSCSCC,262.528,812.7,14.38,988.72,0.836
C14H30S2,"4,6-dithiahexadecane",CCCCCCCCCCSCSCCC,262.528,812.7,14.38,988.72,0.836
C14H30S2,"5,7-dithiahexadecane",CCCCCCCCCSCSCCCC,262.528,812.7,14.38,988.72,0.836
C14H30S2,"6,8-dithiahexadecane",CCCCCCCCSCSCCCCC,262.528,812.7,14.38,988.72,0.836
C14H30S2,"7,9-dithiahexadecane",CCCCCCCSCSCCCCCC,262.528,812.7,14.38,988.72,0.836
C14H31N,tetradecylamine,CCCCCCCCCCCCCCN,213.409,769.57,16.39,883.53,0.739
C14H31N,dimethyldodecylamine,CCCCCCCCCCCCN(C)C,213.409,729.57,15,915.11,0.739
C14H31N,diethyldecylamine,CCCCCCCCCCN(CC)CC,213.409,729.57,15.06,911.76,0.739
C14H32Si,diisopropyloctylsilane,CCCCCCCC[SiH](C(C)C)C(C)C,228.496,817.64,16.03,986.63,0.44
C15H10N2O2,"diphenylmethane-4,4'-diisocyanate",O=C=Nc1ccc(Cc2ccc(N=C=O)cc2)cc1,250.257,802,20.25,712,0.851
C15H12,1-methylanthracene,Cc1cccc2cc3ccccc3cc12,192.261,876.85,22.24,770.34,0.618
C15H12,2-methylanthracene,Cc1ccc2cc3ccccc3cc2c1,192.261,876.85,22.47,762.51,0.618
C15H12,9-methylanthracene,Cc1c2ccccc2cc2ccccc12,192.261,876.85,22.7,754.83,0.618
C15H12,1-methylphenanthrene,Cc1cccc2c1ccc1ccccc12,192.261,876.85,22.7,754.83,0.618
C15H12,3-methylphenanthrene,Cc1ccc2ccc3ccccc3c2c1,192.261,876.85,22.7,754.83,0.618
C15H12,4-methylphenanthrene,Cc1cccc2ccc3ccccc3c12,192.261,876.85,22.7,754.83,0.618
C15H12,2-methylphenanthrene,Cc1ccc2c(ccc3ccccc32)c1,192.261,876.85,22.7,754.83,0.618
C15H14,"1,1-diphenyl-1-propene",CC=C(c1ccccc1)c1ccccc1,194.277,805.9,25.29,621.2,0.625
C15H14,"1,2-diphenyl-1-propene",CC(=Cc1ccccc1)c1ccccc1,194.277,805.9,24.13,651.04,0.625
C15H14,"1,3-diphenyl-1-propene",C(=Cc1ccccc1)Cc1ccccc1,194.277,845.38,26.13,630.79,0.625
C15H14,"2,3-diphenyl-1-propene",C=C(Cc1ccccc1)c1ccccc1,194.277,814.18,27.85,569.86,0.625
C15H14,"trans-1,2-diphenylcyclopropane",c1ccc([C@@H]2C[C@H]2c2ccccc2)cc1,194.277,807.13,25.18,624.86,0.625
C15H14,"cis-1,2-diphenylcyclopropane",c1ccc([C@H]2C[C@H]2c2ccccc2)cc1,194.277,807.13,25.18,624.86,0.625
C15H14,"1,2-diphenylcyclopropane",c1ccc(C2CC2c2ccccc2)cc1,194.277,807.13,25.18,624.86,0.625
C15H14,9-ethylfluorene,CCC1c2ccccc2-c2ccccc21,194.277,870.58,23.16,732.9,0.625
C15H14,"1,9-dimethylfluorene",Cc1cccc2c1C(C)c1ccccc1-2,194.277,870.58,23.16,732.9,0.625
C15H16,"1,1-diphenylpropane",CCC(c1ccccc1)c1ccccc1,196.293,797.29,22.38,692.67,0.632
C15H16,"1,2-diphenylpropane",CC(Cc1ccccc1)c1ccccc1,196.293,797.29,22.13,700.53,0.632
C15H16,"1,3-diphenylpropane",c1ccc(CCCc2ccccc2)cc1,196.293,797.29,22.2,698.29,0.632
C15H16,"2,2-diphenylpropane",CC(C)(c1ccccc1)c1ccccc1,196.293,797.29,22.34,694.11,0.632
C15H16,"3-methyl-1,1-diphenylethane",Cc1cccc(C(C)c2ccccc2)c1,196.293,797.29,22.34,694.11,0.632
C15H16,"4-methyl-1,1-diphenylethane",Cc1ccc(C(C)c2ccccc2)cc1,196.293,797.29,22.34,694.11,0.632
C15H16,"3-methyl-1,2-diphenylethane",Cc1cccc(CCc2ccccc2)c1,196.293,797.29,22.34,694.11,0.632
C15H16,"4-methyl-1,2-diphenylethane",Cc1ccc(CCc2ccccc2)cc1,196.293,797.29,22.34,694.11,0.632
C15H16,2-ethyldiphenylmethane,CCc1ccccc1Cc1ccccc1,196.293,797.29,22.53,688.04,0.632
C15H16,3-ethyldiphenylmethane,CCc1cccc(Cc2ccccc2)c1,196.293,797.29,22.2,698.46,0.632
C15H16,4-ethyldiphenylmethane,CCc1ccc(Cc2ccccc2)cc1,196.293,797.29,22.14,700.27,0.632
C15H16,"2',3'-dimethyldiphenylmethane",Cc1cccc(Cc2ccccc2)c1C,196.293,797.29,22.34,694.11,0.632
C15H16,"2',4'-dimethyldiphenylmethane",Cc1ccc(Cc2ccccc2)c(C)c1,196.293,797.29,22.34,694.11,0.632
C15H16,"2',5'-dimethyldiphenylmethane",Cc1ccc(C)c(Cc2ccccc2)c1,196.293,797.29,22.34,694.11,0.632
C15H16,"3',4'-dimethyldiphenylmethane",Cc1ccc(Cc2ccccc2)cc1C,196.293,797.29,22.34,694.11,0.632
C15H16,"3',5'-dimethyldiphenylmethane",Cc1cc(C)cc(Cc2ccccc2)c1,196.293,797.29,22.34,694.11,0.632
C15H16,"2',2""-dimethyldiphenylmethane",Cc1cccc(C)c1Cc1ccccc1,196.293,797.29,22.34,694.11,0.632
C15H16,"2',3""-dimethyldiphenylmethane",Cc1cccc(Cc2ccccc2C)c1,196.293,797.29,22.34,694.11,0.632
C15H16,"2',4""-dimethyldiphenylmethane",Cc1ccc(Cc2ccccc2C)cc1,196.293,797.29,22.34,694.11,0.632
C15H16,"3',4""-dimethyldiphenylmethane",Cc1ccc(Cc2cccc(C)c2)cc1,196.293,797.29,22.34,694.11,0.632
C15H16,"4',4""-dimethyldiphenylmethane",Cc1ccc(Cc2ccc(C)cc2)cc1,196.293,797.29,22.31,695.04,0.632
C15H16,4-isopropylbiphenyl,CC(C)c1ccc(-c2ccccc2)cc1,196.293,837.29,22.87,711.91,0.632
C15H16,"2-(1-methylethyl)-1,1'-biphenyl",CC(C)c1ccccc1-c1ccccc1,196.293,837.29,22.87,711.91,0.632
C15H16,4-n-propylbiphenyl,CCCc1ccc(-c2ccccc2)cc1,196.293,837.29,22.87,711.91,0.632
C15H16,"2-propyl-1,1'-biphenyl",CCCc1ccccc1-c1ccccc1,196.293,837.29,22.87,711.91,0.632
C15H16O,p-cumylphenol,CC(C)(c1ccccc1)c1ccc(O)cc1,212.292,834,21.85,703,0.995
C15H16O2,bisphenol a,CC(C)(c1ccc(O)cc1)c1ccc(O)cc1,228.291,849,22.64,677,1.046
C15H18,2-pentylnaphthalene,CCCCCc1ccc2ccccc2c1,198.309,854.98,21.03,788.67,0.639
C15H18,"1,6-dimethyl-4-isopropylnaphthalene",Cc1ccc2c(C)ccc(C(C)C)c2c1,198.309,854.98,21.39,775.28,0.639
C15H18,1-pentylnaphthalene,CCCCCc1cccc2ccccc12,198.309,854.98,21.36,776.34,0.639
C15H22,"1-pentyl-[1,2,3,4-tetrahydronaphthalene]",CCCCCC1CCCc2ccccc21,202.341,820.31,22.07,717.42,0.652
C15H22,"2-pentyl-[1,2,3,4-tetrahydronaphthalene]",CCCCCC1CCc2ccccc2C1,202.341,820.31,21.92,722.11,0.652
C15H22,"1-(1,5-dimethyl-4-hexenyl)-4-methylbenzene",CC(C)=CCCC(C)c1ccc(C)cc1,202.341,791.38,19.51,782.75,0.652
C15H22,"5-hexyl-2,3-dihydro-1H-indene",CCCCCCc1ccc2c(c1)CCC2,202.341,826.63,18.5,862.28,0.652
C15H24,nonylbenzene,CCCCCCCCCc1ccccc1,204.357,782.95,,843.21,0.659
C15H24,"1,2,4-triisopropylbenzene",CC(C)c1ccc(C(C)C)c(C(C)C)c1,204.357,782.95,18.01,836.84,0.659
C15H24,"1,3,5-triisopropylbenzene",CC(C)c1cc(C(C)C)cc(C(C)C)c1,204.357,782.95,17.94,840.25,0.659
C15H24,"3,5-di-tert-butyltoluene",Cc1cc(C(C)(C)C)cc(C(C)(C)C)c1,204.357,782.95,18.08,833.81,0.659
C15H24O,"2,6-di-tert-butyl-p-cresol",Cc1cc(C(C)(C)C)c(O)c(C(C)(C)C)c1,220.356,846.88,18.98,813.42,1.021
C15H24O,nonylphenol,CCCCCCCCCc1ccccc1O,220.356,846.88,20.4,756.88,1.021
C15H24O,"2,4-di-tert-butyl-5-methylphenol",Cc1cc(O)c(C(C)(C)C)cc1C(C)(C)C,220.356,846.88,19.45,793.88,1.021
C15H24O,"2,4-di-tert-butyl-6-methylphenol",Cc1cc(C(C)(C)C)cc(C(C)(C)C)c1O,220.356,846.88,18.91,816.38,1.021
C15H24O,4-nonylphenol,CCCCCCCCCc1ccc(O)cc1,220.356,846.88,19.94,774.19,1.021
C15H26S,2-undecylthiophene,CCCCCCCCCCCc1cccs1,238.44,785,15.38,920.19,0.767
C15H26S,3-undecylthiophene,CCCCCCCCCCCc1ccsc1,238.44,785,15.38,920.19,0.767
C15H26S,2-isoundecylthiophene,CC(C)CCCCCCCCc1cccs1,238.44,785,15.38,920.19,0.767
C15H26S,3-isoundecylthiophene,CC(C)CCCCCCCCc1ccsc1,238.44,785,15.38,920.19,0.767
C15H26S,2-sec-undecylthiophene,CCCCCCCCCC(C)c1cccs1,238.44,785,15.38,920.19,0.767
C15H26S,3-sec-undecylthiophene,CCCCCCCCCC(C)c1ccsc1,238.44,785,15.38,920.19,0.767
C15H26S,2-(2-methyldeca-2-yl)thiophene,CCCCCCCCC(C)(C)c1cccs1,238.44,785,15.38,920.19,0.767
C15H26S,3-(2-methyldeca-2-yl)thiophene,CCCCCCCCC(C)(C)c1ccsc1,238.44,785,15.38,920.19,0.767
C15H26S,2-methyl-3-decylthiophene,CCCCCCCCCCc1ccsc1C,238.44,785,15.38,920.19,0.767
C15H26S,2-methyl-4-decyl thiophene,CCCCCCCCCCc1csc(C)c1,238.44,785,15.38,920.19,0.767
C15H26S,2-methyl-5-decyl thiophene,CCCCCCCCCCc1ccc(C)s1,238.44,785,15.38,920.19,0.767
C15H26S,3-methyl-2-decylthiophene,CCCCCCCCCCc1sccc1C,238.44,785,15.38,920.19,0.767
C15H26S,3-methyl-4-decyl thiophene,CCCCCCCCCCc1cscc1C,238.44,785,15.38,920.19,0.767
C15H26S,3-methyl-5-decylthiophene,CCCCCCCCCCc1cc(C)cs1,238.44,785,15.38,920.19,0.767
C15H28,"1,1-dicyclohexylpropane",CCC(C1CCCCC1)C1CCCCC1,208.389,773.17,18.49,800.96,0.673
C15H28,"1,2-dicyclohexylpropane",CC(CC1CCCCC1)C1CCCCC1,208.389,773.17,18.06,819.95,0.673
C15H28,"1,3-dicyclohexylpropane",C1CCC(CCCC2CCCCC2)CC1,208.389,773.17,18.07,819.5,0.673
C15H28,"2,2-dicyclohexylpropane",CC(C)(C1CCCCC1)C1CCCCC1,208.389,773.17,18.75,789.76,0.673
C15H28,1-decylcyclopentene,CCCCCCCCCCC1=CCCC1,208.389,748.17,16.68,858.97,0.673
C15H28,1-pentadecyne,C#CCCCCCCCCCCCCC,208.389,733.17,15.9,883.39,0.673
C15H28,2-pentadecyne,CC#CCCCCCCCCCCCC,208.389,733.17,16.11,871.66,0.673
C15H28,3-pentadecyne,CCC#CCCCCCCCCCCC,208.389,733.17,16.11,871.66,0.673
C15H28O,2-pentadecenal,CCCCCCCCCCCCC=CC=O,224.388,821.01,15.37,969.09,1.034
C15H28O2,pentadecenoic acid,CCCCCCCCCCCCC=CC(=O)O,240.387,836.9,13.43,1107.83,1.082
C15H28O2,menthol 3-methylbutanoate,CCC(C)C(=O)OC1CC(C)CCC1C(C)C,240.387,716.9,13.43,949.27,1.082
C15H28O2,butyl 10-undecenoate,C=CCCCCCCCCC(=O)OCCCC,240.387,716.9,12.7,1003.77,1.082
C15H29Br,cis-1-bromo-1-pentadecene,CCCCCCCCCCCCC/C=C\Br,289.301,775.55,16.36,975.83,0.889
C15H29Br,trans-1-bromo-1-pentadecene,CCCCCCCCCCCCC/C=C/Br,289.301,775.55,16.36,975.83,0.889
C15H29Cl,cis-1-chloro-1-pentadecene,CCCCCCCCCCCCC/C=C\Cl,244.85,787.44,15.45,988.53,0.542
C15H29Cl,trans-1-chloro-1-pentadecene,CCCCCCCCCCCCC/C=C/Cl,244.85,787.44,15.45,988.53,0.542
C15H29Cl3,"1,1,1-trichloropentadecane",CCCCCCCCCCCCCCC(Cl)(Cl)Cl,315.756,781.76,11.59,1197.15,0.454
C15H29F,cis-1-fluoro-1-pentadecene,CCCCCCCCCCCCC/C=C\F,228.395,678.07,15.96,821.59,0.34
C15H29F,trans-1-fluoro-1-pentadecene,CCCCCCCCCCCCC/C=C/F,228.395,678.07,15.96,821.59,0.34
C15H29F3,"1,1,1-trifluoropentadecane",CCCCCCCCCCCCCCC(F)(F)F,266.391,626.45,12.43,930.09,0.434
C15H29N,pentadecanenitrile,CCCCCCCCCCCCCCC#N,223.404,867.01,15.43,1044.04,0.771
C15H30,decylcyclopentane,CCCCCCCCCCC1CCCC1,210.405,745.75,16.38,869.79,0.679
C15H30,nonylcyclohexane,CCCCCCCCCC1CCCCC1,210.405,750.75,15.89,902.72,0.679
C15H30,"1-ethyl-1-methyl-2,4-diisopropylcy- clohexane, [1R-(1alpha,2beta,4beta)]",CC[C@]1(C)CC[C@@H](C(C)C)C[C@H]1C(C)C,210.405,750.75,15.78,909.15,0.679
C15H30,cyclopentadecane,C1CCCCCCCCCCCCCC1,210.405,791.72,20.51,737.5,0.679
C15H30,1-pentadecene,C=CCCCCCCCCCCCCC,210.405,720.75,15.04,915.9,0.679
C15H30,7-pentadecene,CCCCCCC=CCCCCCCC,210.405,720.75,15.08,913.06,0.679
C15H30,2-methyl-1-tetradecene,C=C(C)CCCCCCCCCCCC,210.405,720.75,15.1,911.79,0.679
C15H30Br2,"1,1-dibromopentadecane",CCCCCCCCCCCCCCC(Br)Br,370.213,831.22,14.37,1076.79,0.712
C15H30Cl2,"1,1-dichloropentadecane",CCCCCCCCCCCCCCC(Cl)Cl,281.311,807.3,14.34,1043.22,0.546
C15H30F2,"1,1-difluoropentadecane",CCCCCCCCCCCCCCC(F)F,248.401,701.5,15.77,839.28,0.463
C15H30O,pentadecanal,CCCCCCCCCCCCCCC=O,226.404,762.05,14.33,962.47,1.04
C15H30O,12-methyltetradecanal,CCC(C)CCCCCCCCCCC=O,226.404,762.05,14.33,962.47,1.04
C15H30O,2-pentadecanone,CCCCCCCCCCCCCC(C)=O,226.404,753.05,13.93,977.93,1.04
C15H30O,4-pentadecanone,CCCCCCCCCCCC(=O)CCC,226.404,753.05,13.93,977.93,1.04
C15H30O,5-pentadecanone,CCCCCCCCCCC(=O)CCCC,226.404,753.05,13.93,977.93,1.04
C15H30O,6-pentadecanone,CCCCCCCCCC(=O)CCCCC,226.404,753.05,13.93,977.93,1.04
C15H30O,7-pentadecanone,CCCCCCCCC(=O)CCCCCC,226.404,753.05,13.93,977.93,1.04
C15H30O,8-pentadecanone,CCCCCCCC(=O)CCCCCCC,226.404,753.05,13.93,977.93,1.04
C15H30O,1-pentadecen-3-ol,C=CC(O)CCCCCCCCCCCC,226.404,793.05,15.31,937.14,1.04
C15H30O2,pentadecanoic acid,CCCCCCCCCCCCCCC(=O)O,242.403,808.85,13.06,1098.71,1.088
C15H30O2,2-methyltetradecanoic acid,CCCCCCCCCCCCC(C)C(=O)O,242.403,808.85,13.51,1061.91,1.088
C15H30O2,12-methyltetradecanoic acid,CCC(C)CCCCCCCCCCC(=O)O,242.403,808.85,13.51,1061.91,1.088
C15H30O2,13-methyltetradecanoic acid,CC(C)CCCCCCCCCCCC(=O)O,242.403,808.85,13.51,1061.91,1.088
C15H30O2,2-ethyltridecanoic acid,CCCCCCCCCCCC(CC)C(=O)O,242.403,808.85,13.51,1061.91,1.088
C15H30O2,tetradecyl formate,CCCCCCCCCCCCCCOC=O,242.403,718.85,12.54,1016.59,1.088
C15H30O2,tridecyl acetate,CCCCCCCCCCCCCOC(C)=O,242.403,718.85,12.54,1016.59,1.088
C15H30O2,dodecyl propanoate,CCCCCCCCCCCCOC(=O)CC,242.403,718.85,12.54,1016.59,1.088
C15H30O2,undecyl butanoate,CCCCCCCCCCCOC(=O)CCC,242.403,718.85,12.54,1016.59,1.088
C15H30O2,undecyl isobutanoate,CCCCCCCCCCCOC(=O)C(C)C,242.403,718.85,12.54,1016.59,1.088
C15H30O2,decyl pentanoate,CCCCCCCCCCOC(=O)CCCC,242.403,718.85,12.54,1016.59,1.088
C15H30O2,octyl heptanoate,CCCCCCCCOC(=O)CCCCCC,242.403,718.85,12.74,1000.66,1.088
C15H30O2,heptyl octanoate,CCCCCCCOC(=O)CCCCCCC,242.403,718.85,12.74,1000.66,1.088
C15H30O2,propyl dodecanoate,CCCCCCCCCCCC(=O)OCCC,242.403,718.85,12.77,998.71,1.088
C15H30O2,isopropyl dodecanoate,CCCCCCCCCCCC(=O)OC(C)C,242.403,718.85,12.64,1009.11,1.088
C15H30O2,ethyl tridecanoate,CCCCCCCCCCCCC(=O)OCC,242.403,718.85,12.63,1009.96,1.088
C15H30O2,methyl tetradecanoate,CCCCCCCCCCCCCC(=O)OC,242.403,718.85,12.88,990.29,1.088
C15H30S,thiacyclohexadecane,C1CCCCCCCSCCCCCCC1,242.472,836.95,19.36,775.5,0.779
C15H31Br,1-bromopentadecane,CCCCCCCCCCCCCCCBr,291.317,757.6,14.36,1083.02,0.894
C15H31Cl,1-chloropentadecane,CCCCCCCCCCCCCCCCl,246.866,769.74,14.25,1044.59,0.544
C15H31F,1-fluoropentadecane,CCCCCCCCCCCCCCCF,230.411,720.5,16.47,844.12,0.411
C15H31NO2,1-nitropentadecane,CCCCCCCCCCCCCCC[N+](=O)[O-],257.418,911.62,12.48,1301.01,0.872
C15H32,pentadecane,CCCCCCCCCCCCCCC,212.421,,,855.54,
C15H32,2-methyltetradecane,CCCCCCCCCCCCC(C)C,212.421,708.32,15.71,859.17,0.686
C15H32,3-methyltetradecane,CCCCCCCCCCCC(C)CC,212.421,708.32,15.86,851.26,0.686
C15H32,4-methyltetradecane,CCCCCCCCCCC(C)CCC,212.421,708.32,16.15,835.86,0.686
C15H32,5-methyltetradecane,CCCCCCCCCC(C)CCCC,212.421,708.32,16.13,836.81,0.686
C15H32,"2,2-dimethyltridecane",CCCCCCCCCCCC(C)(C)C,212.421,708.32,15.69,860.39,0.686
C15H32,"2,3-dimethyltridecane",CCCCCCCCCCC(C)C(C)C,212.421,708.32,16.1,838.54,0.686
C15H32,"2,4-dimethyltridecane",CCCCCCCCCC(C)CC(C)C,212.421,708.32,15.84,852.06,0.686
C15H32,"2,4,6-trimethyldodecane",CCCCCCC(C)CC(C)CC(C)C,212.421,708.32,15.61,864.57,0.686
C15H32O,1-pentadecanol,CCCCCCCCCCCCCCCO,228.42,760.09,13.89,987.74,1.046
C15H32O,2-pentadecanol,CCCCCCCCCCCCCC(C)O,228.42,760.09,13.85,990.44,1.046
C15H32O,3-pentadecanol,CCCCCCCCCCCCC(O)CC,228.42,760.09,13.64,1005.92,1.046
C15H32O,6-pentadecanol,CCCCCCCCCC(O)CCCCC,228.42,760.09,13.64,1005.92,1.046
C15H32O,8-pentadecanol,CCCCCCCC(O)CCCCCCC,228.42,760.09,13.64,1005.92,1.046
C15H32O,"2,8-dimethyl-6-isobutylnonanol-4",CC(C)CC(O)CC(CC(C)C)CC(C)C,228.42,760.09,13.64,1005.92,1.046
C15H32O,1-propoxy-dodecane,CCCCCCCCCCCCOCCC,228.42,690.09,12.8,973.16,1.046
C15H32O2,"1,2-pentadecanediol",CCCCCCCCCCCCCC(O)CO,244.419,930.78,14.4,1143.71,1.094
C15H32O2,"1,15-pentadecanediol",OCCCCCCCCCCCCCCCO,244.419,930.78,14.4,1143.71,1.094
C15H32S,1-pentadecanethiol,CCCCCCCCCCCCCCCS,244.488,765.85,13.24,1034.93,0.785
C15H32S,2-pentadecanethiol,CCCCCCCCCCCCCC(C)S,244.488,765.85,13.16,1041.3,0.785
C15H32S,3-pentadecanethiol,CCCCCCCCCCCCC(S)CC,244.488,765.85,13.56,1011.18,0.785
C15H32S,4-pentadecanethiol,CCCCCCCCCCCC(S)CCC,244.488,765.85,13.56,1011.18,0.785
C15H32S,5-pentadecanethiol,CCCCCCCCCCC(S)CCCC,244.488,765.85,13.56,1011.18,0.785
C15H32S,6-pentadecanethiol,CCCCCCCCCC(S)CCCCC,244.488,765.85,13.56,1011.18,0.785
C15H32S,7-pentadecanethiol,CCCCCCCCC(S)CCCCCC,244.488,765.85,13.56,1011.18,0.785
C15H32S,8-pentadecanethiol,CCCCCCCC(S)CCCCCCC,244.488,765.85,13.56,1011.18,0.785
C15H32S,2-methyl-1-tetradecanethiol,CCCCCCCCCCCCC(C)CS,244.488,765.85,13.56,1011.18,0.785
C15H32S,3-methyl-1-tetradecanethiol,CCCCCCCCCCCC(C)CCS,244.488,765.85,13.56,1011.18,0.785
C15H32S,4-methyl-1-tetradecanethiol,CCCCCCCCCCC(C)CCCS,244.488,765.85,13.56,1011.18,0.785
C15H32S,5-methyl-1-tetradecanethiol,CCCCCCCCCC(C)CCCCS,244.488,765.85,13.56,1011.18,0.785
C15H32S,6-methyl-1-tetradecanethiol,CCCCCCCCC(C)CCCCCS,244.488,765.85,13.56,1011.18,0.785
C15H32S,7-methyl-1-tetradecanethiol,CCCCCCCC(C)CCCCCCS,244.488,765.85,13.56,1011.18,0.785
C15H32S,8-methyl-1-tetradecanethiol,CCCCCCC(C)CCCCCCCS,244.488,765.85,13.56,1011.18,0.785
C15H32S,9-methyl-1-tetradecanethiol,CCCCCC(C)CCCCCCCCS,244.488,765.85,13.56,1011.18,0.785
C15H32S,10-methyl-1-tetradecanethiol,CCCCC(C)CCCCCCCCCS,244.488,765.85,13.56,1011.18,0.785
C15H32S,11-methyl-1-tetradecanethiol,CCCC(C)CCCCCCCCCCS,244.488,765.85,13.56,1011.18,0.785
C15H32S,12-methyl-1-tetradecanethiol,CCC(C)CCCCCCCCCCCS,244.488,765.85,13.56,1011.18,0.785
C15H32S,13-methyl-1-tetradecanethiol,CC(C)CCCCCCCCCCCCS,244.488,765.85,13.56,1011.18,0.785
C15H32S,2-methyl-2-tetradecanethiol,CCCCCCCCCCCCC(C)(C)S,244.488,765.85,13.56,1011.18,0.785
C15H32S,3-methyl-2-tetradecanethiol,CCCCCCCCCCCC(C)C(C)S,244.488,765.85,13.56,1011.18,0.785
C15H32S,4-methyl-2-tetradecanethiol,CCCCCCCCCCC(C)CC(C)S,244.488,765.85,13.56,1011.18,0.785
C15H32S,5-methyl-2-tetradecanethiol,CCCCCCCCCC(C)CCC(C)S,244.488,765.85,13.56,1011.18,0.785
C15H32S,6-methyl-2-tetradecanethiol,CCCCCCCCC(C)CCCC(C)S,244.488,765.85,13.56,1011.18,0.785
C15H32S,7-methyl-2-tetradecanethiol,CCCCCCCC(C)CCCCC(C)S,244.488,765.85,13.56,1011.18,0.785
C15H32S,8-methyl-2-tetradecanethiol,CCCCCCC(C)CCCCCC(C)S,244.488,765.85,13.56,1011.18,0.785
C15H32S,9-methyl-2-tetradecanethiol,CCCCCC(C)CCCCCCC(C)S,244.488,765.85,13.56,1011.18,0.785
C15H32S,10-methyl-2-tetradecanethiol,CCCCC(C)CCCCCCCC(C)S,244.488,765.85,13.56,1011.18,0.785
C15H32S,11-methyl-2-tetradecanethiol,CCCC(C)CCCCCCCCC(C)S,244.488,765.85,13.56,1011.18,0.785
C15H32S,12-methyl-2-tetradecanethiol,CCC(C)CCCCCCCCCC(C)S,244.488,765.85,13.56,1011.18,0.785
C15H32S,13-methyl-2-tetradecanethiol,CC(C)CCCCCCCCCCC(C)S,244.488,765.85,13.56,1011.18,0.785
C15H32S,2-thiahexadecane,CCCCCCCCCCCCCCSC,244.488,765.85,13.24,1034.93,0.785
C15H32S,3-thiahexadecane,CCCCCCCCCCCCCSCC,244.488,765.85,13.24,1034.93,0.785
C15H32S,4-thiahexadecane,CCCCCCCCCCCCSCCC,244.488,765.85,13.24,1034.93,0.785
C15H32S,5-thiahexadecane,CCCCCCCCCCCSCCCC,244.488,765.85,13.24,1034.93,0.785
C15H32S,6-thiahexadecane,CCCCCCCCCCSCCCCC,244.488,765.85,13.56,1011.18,0.785
C15H32S,7-thiahexadecane,CCCCCCCCCSCCCCCC,244.488,765.85,13.56,1011.18,0.785
C15H32S,8-thiahexadecane,CCCCCCCCSCCCCCCC,244.488,765.85,13.56,1011.18,0.785
C15H32S,3-methyl-2-thiapentadecane,CCCCCCCCCCCCC(C)SC,244.488,765.85,13.56,1011.18,0.785
C15H32S,4-methyl-2-thiapentadecane,CCCCCCCCCCCC(C)CSC,244.488,765.85,13.56,1011.18,0.785
C15H32S,5-methyl-2-thiapentadecane,CCCCCCCCCCC(C)CCSC,244.488,765.85,13.56,1011.18,0.785
C15H32S,6-methyl-2-thiapentadecane,CCCCCCCCCC(C)CCCSC,244.488,765.85,13.56,1011.18,0.785
C15H32S,7-methyl-2-thiapentadecane,CCCCCCCCC(C)CCCCSC,244.488,765.85,13.56,1011.18,0.785
C15H32S,8-methyl-2-thiapentadecane,CCCCCCCC(C)CCCCCSC,244.488,765.85,13.56,1011.18,0.785
C15H32S,9-methyl-2-thiapentadecane,CCCCCCC(C)CCCCCCSC,244.488,765.85,13.56,1011.18,0.785
C15H32S,2-methyl-3-thiapentadecane,CCCCCCCCCCCCSC(C)C,244.488,765.85,13.56,1011.18,0.785
C15H32S,4-methyl-3-thiapentadecane,CCCCCCCCCCCC(C)SCC,244.488,765.85,13.56,1011.18,0.785
C15H32S,5-methyl-3-thiapentadecane,CCCCCCCCCCC(C)CSCC,244.488,765.85,13.56,1011.18,0.785
C15H32S,6-methyl-3-thiapentadecane,CCCCCCCCCC(C)CCSCC,244.488,765.85,13.56,1011.18,0.785
C15H32S,7-methyl-3-thiapentadecane,CCCCCCCCC(C)CCCSCC,244.488,765.85,13.56,1011.18,0.785
C15H32S,8-methyl-3-thiapentadecane,CCCCCCCC(C)CCCCSCC,244.488,765.85,13.56,1011.18,0.785
C15H32S,9-methyl-3-thiapentadecane,CCCCCCC(C)CCCCCSCC,244.488,765.85,13.56,1011.18,0.785
C15H32S2,"1,15-pentadecanedithiol",SCCCCCCCCCCCCCCCS,276.555,880.26,14.66,1032.44,0.875
C15H32S2,"1,14-pentadecanedithiol",CC(S)CCCCCCCCCCCCCS,276.555,880.26,14.66,1032.44,0.875
C15H32S2,"1,12-pentadecanedithiol",CCCC(S)CCCCCCCCCCCS,276.555,880.26,14.66,1032.44,0.875
C15H32S2,"1,11-pentadecanedithiol",CCCCC(S)CCCCCCCCCCS,276.555,880.26,14.66,1032.44,0.875
C15H32S2,"1,10-pentadecanedithiol",CCCCCC(S)CCCCCCCCCS,276.555,880.26,14.66,1032.44,0.875
C15H32S2,"1,9-pentadecanedithiol",CCCCCCC(S)CCCCCCCCS,276.555,880.26,14.66,1032.44,0.875
C15H32S2,"1,8-pentadecanedithiol",CCCCCCCC(S)CCCCCCCS,276.555,880.26,14.66,1032.44,0.875
C15H32S2,"1,7-pentadecanedithiol",CCCCCCCCC(S)CCCCCCS,276.555,880.26,14.66,1032.44,0.875
C15H32S2,"1,6-pentadecanedithiol",CCCCCCCCCC(S)CCCCCS,276.555,880.26,14.66,1032.44,0.875
C15H32S2,"1,5-pentadecanedithiol",CCCCCCCCCCC(S)CCCCS,276.555,880.26,14.66,1032.44,0.875
C15H32S2,"1,4-pentadecanedithiol",CCCCCCCCCCCC(S)CCCS,276.555,880.26,14.66,1032.44,0.875
C15H32S2,"1,3-pentadecanedithiol",CCCCCCCCCCCCC(S)CCS,276.555,880.26,14.66,1032.44,0.875
C15H32S2,"1,2-pentadecanedithiol",CCCCCCCCCCCCCC(S)CS,276.555,880.26,14.66,1032.44,0.875
C15H32S2,"2,3-dithiaheptadecane",CCCCCCCCCCCCCCSSC,276.555,825.26,13.52,1049.58,0.875
C15H32S2,"3,4-dithiaheptadecane",CCCCCCCCCCCCCSSCC,276.555,825.26,13.52,1049.58,0.875
C15H32S2,"4,5-dithiaheptadecane",CCCCCCCCCCCCSSCCC,276.555,825.26,13.52,1049.58,0.875
C15H32S2,"5,6-dithiaheptadecane",CCCCCCCCCCCSSCCCC,276.555,825.26,13.52,1049.58,0.875
C15H32S2,"6,7-dithiaheptadecane",CCCCCCCCCCSSCCCCC,276.555,825.26,13.52,1049.58,0.875
C15H32S2,"7,8-dithiaheptadecane",CCCCCCCCCSSCCCCCC,276.555,825.26,13.52,1049.58,0.875
C15H32S2,"8,9-dithiaheptadecane",CCCCCCCCSSCCCCCCC,276.555,825.26,13.52,1049.58,0.875
C15H32S2,"2,4-dithiaheptadecane",CCCCCCCCCCCCCSCSC,276.555,825.26,13.52,1049.58,0.875
C15H32S2,"3,5-dithiaheptadecane",CCCCCCCCCCCCSCSCC,276.555,825.26,13.52,1049.58,0.875
C15H32S2,"4,6-dithiaheptadecane",CCCCCCCCCCCSCSCCC,276.555,825.26,13.52,1049.58,0.875
C15H32S2,"5,7-dithiaheptadecane",CCCCCCCCCCSCSCCCC,276.555,825.26,13.52,1049.58,0.875
C15H32S2,"6,8-dithiaheptadecane",CCCCCCCCCSCSCCCCC,276.555,825.26,13.52,1049.58,0.875
C15H32S2,"7,9-dithiaheptadecane",CCCCCCCCSCSCCCCCC,276.555,825.26,13.52,1049.58,0.875
C15H32S2,"8,10-dithiaheptadecane",CCCCCCCSCSCCCCCCC,276.555,825.26,13.52,1049.58,0.875
C15H33N,pentadecylamine,CCCCCCCCCCCCCCCN,227.436,746.92,14.54,950.14,0.783
C15H33N,methyltetradecylamine,CCCCCCCCCCCCCCNC,227.436,746.92,14.35,962.38,0.783
C15H33N,ethyltridecylamine,CCCCCCCCCCCCCNCC,227.436,746.92,14.35,962.38,0.783
C15H33N,dimethyltridecylamine,CCCCCCCCCCCCCN(C)C,227.436,746.92,14.07,981.74,0.783
C15H33N,diethylundecylamine,CCCCCCCCCCCN(CC)CC,227.436,746.92,14.12,978.17,0.783
C15H33N,tripentylamine,CCCCCN(CCCCC)CCCCC,227.436,746.92,14.04,983.99,0.783
C15H33N,triisopentylamine,CC(C)CCN(CCC(C)C)CCC(C)C,227.436,746.92,13.99,987.45,0.783
C15H33N,tris(2-methylbutyl)amine,CCC(C)CN(CC(C)CC)CC(C)CC,227.436,746.92,16.49,837.79,0.783
C16F34,perfluorohexadecane,FC(F)(F)C(F)(F)C(F)(F)C(F)(F)C(F)(F)C(F)(F)C(F)(F)C(F)(F)C(F)(F)C(F)(F)C(F)(F)C(F)(F)C(F)(F)C(F)(F)C(F)(F)C(F)(F)F,838.108,459.51,2.79,1490.94,0.907
C16H10,fluoranthene,c1ccc2c(c1)-c1cccc3cccc-2c13,202.256,905,28.33,616.53,0.652
C16H10,pyrene,c1cc2ccc3cccc4ccc(c1)c2c34,202.256,936,27.37,660,0.652
C16H12,1-phenylnaphthalene,c1ccc(-c2cccc3ccccc23)cc1,204.272,849,24.92,656,0.659
C16H14,"1,3-dimethylanthracene",Cc1cc(C)c2cc3ccccc3cc2c1,206.288,895.46,20.41,842.63,0.666
C16H14,"2,10-dimethylanthracene",Cc1ccc2c(C)c3ccccc3cc2c1,206.288,895.46,20.41,842.63,0.666
C16H14,"9,10-dimethylanthracene",Cc1c2ccccc2c(C)c2ccccc12,206.288,895.46,20.41,842.63,0.666
C16H14,9-ethylanthracene,CCc1c2ccccc2cc2ccccc12,206.288,895.46,20.38,843.87,0.666
C16H14,"9,10-dimethylphenanthrene",Cc1c(C)c2ccccc2c2ccccc12,206.288,895.46,20.41,842.63,0.666
C16H14,9-ethylphenanthrene,CCc1cc2ccccc2c2ccccc12,206.288,895.46,20.41,842.63,0.666
C16H14,"3,6-dimethylphenanthrene",Cc1ccc2ccc3ccc(C)cc3c2c1,206.288,895.46,20.41,842.63,0.666
C16H14,"1,4-dimethylphenanthrene",Cc1ccc(C)c2c1ccc1ccccc12,206.288,895.46,20.41,842.63,0.666
C16H14,"2,7-dimethylphenanthrene",Cc1ccc2c(ccc3cc(C)ccc32)c1,206.288,895.46,20.41,842.63,0.666
C16H14,"2,5-dimethylphenanthrene",Cc1ccc2c(ccc3cccc(C)c32)c1,206.288,895.46,20.41,842.63,0.666
C16H14,"4,5-dimethylphenanthrene",Cc1cccc2ccc3cccc(C)c3c12,206.288,895.46,20.41,842.63,0.666
C16H16,"1,1-diphenyl-1-butene",CCC=C(c1ccccc1)c1ccccc1,208.304,817.61,22.25,704.08,0.672
C16H16,"1,3-diphenyl-1-butene",CC(C=Cc1ccccc1)c1ccccc1,208.304,835.6,23,696.05,0.672
C16H16,"cis-2,3-diphenyl-2-butene",C/C(=C(\C)c1ccccc1)c1ccccc1,208.304,835.6,23.12,692.4,0.672
C16H16,"trans-2,3-diphenyl-2-butene",C/C(=C(/C)c1ccccc1)c1ccccc1,208.304,835.6,22.65,706.73,0.672
C16H16,"2,3,9-trimethylfluorene",Cc1cc2c(cc1C)C(C)c1ccccc1-2,208.304,892,20.68,826.32,0.672
C16H18,"1,1-diphenylbutane",CCCC(c1ccccc1)c1ccccc1,210.32,815.65,20.42,763.28,0.679
C16H18,"1,2-diphenylbutane",CCC(Cc1ccccc1)c1ccccc1,210.32,815.65,20.32,766.97,0.679
C16H18,"1,4-diphenylbutane",c1ccc(CCCCc2ccccc2)cc1,210.32,815.65,20.84,747.73,0.679
C16H18,"1,3-diphenylbutane",CC(CCc1ccccc1)c1ccccc1,210.32,815.65,20.45,762.34,0.679
C16H18,"1,3-diphenyl-2-methylpropane",CC(Cc1ccccc1)Cc1ccccc1,210.32,815.65,20.31,767.35,0.679
C16H18,"2-butyl-1,1'-biphenyl",CCCCc1ccccc1-c1ccccc1,210.32,855.65,21.01,778.11,0.679
C16H18,"2,2',4,4'-tetramethyl-1,1'-biphenyl",Cc1ccc(-c2ccc(C)cc2C)c(C)c1,210.32,855.65,21.01,778.11,0.679
C16H18,"2,2',5,5'-tetramethyl-1,1'-biphenyl",Cc1ccc(C)c(-c2cc(C)ccc2C)c1,210.32,855.65,21.01,778.11,0.679
C16H18,"DL-2,3-diphenylbutane",C[C@@H](c1ccccc1)[C@@H](C)c1ccccc1,210.32,815.65,20.54,758.65,0.679
C16H18,"meso-2,3-diphenylbutane",C[C@H](c1ccccc1)[C@@H](C)c1ccccc1,210.32,815.65,20.54,758.65,0.679
C16H20,1-hexylnaphthalene,CCCCCCc1cccc2ccccc12,212.336,873.21,19.3,862.59,0.685
C16H20,2-hexylnaphthalene,CCCCCCc1ccc2ccccc2c1,212.336,873.21,19.24,865.22,0.685
C16H20,"1-isopropyl-2,4,7-trimethylnaphthalene",Cc1ccc2c(C)cc(C)c(C(C)C)c2c1,212.336,873.21,19.91,835.93,0.685
C16H20,"1,2,5-trimethyl-8-isopropylnaphthalene",Cc1ccc2c(C)ccc(C(C)C)c2c1C,212.336,873.21,20.22,823.12,0.685
C16H20,"1,3,8-trimethyl-5-isopropylnaphthalene",Cc1cc(C)c2c(C)ccc(C(C)C)c2c1,212.336,873.21,20.11,827.85,0.685
C16H20,"2,6-diisopropylnaphthalene",CC(C)c1ccc2cc(C(C)C)ccc2c1,212.336,873.21,19.52,852.85,0.685
C16H20,bis(isopropyl)naphthalene,CC(C)c1ccc2ccccc2c1C(C)C,212.336,873.21,19.52,852.85,0.685
C16H22O4,dibutyl phthalate,CCCCOC(=O)c1ccccc1C(=O)OCCCC,278.348,781,15.66,846,1.19
C16H22O4,diisobutyl phthalate,CC(C)COC(=O)c1ccccc1C(=O)OCC(C)C,278.348,762,14.51,891,1.19
C16H24,"1-hexyl-[ 1,2,3,4-tetrahydronaphthalene]",CCCCCCC1CCCc2ccccc21,216.368,838.29,20.29,783.51,0.698
C16H24,"2-hexyl-[1,2,3,4-tetrahydronaphthalene]",CCCCCCC1CCc2ccccc2C1,216.368,838.29,20.2,787.21,0.698
C16H24,"1,2,3,4-tetrahydro-6-ethyl-1, 1,4,4-tetramethylnaphthalene",CCc1ccc2c(c1)C(C)(C)CCC2(C)C,216.368,838.29,20.24,785.36,0.698
C16H26,decylbenzene,CCCCCCCCCCc1ccccc1,218.384,800.81,16.59,913.13,0.705
C16H26,pentaethylbenzene,CCc1cc(CC)c(CC)c(CC)c1CC,218.384,800.81,17.65,858.33,0.705
C16H26,"6,9-dimethyl-5,9-tetradecadien-7-yne",CCCCC=C(C)C#CC(C)=CCCCC,218.384,829.15,18.91,829.63,0.705
C16H26,"6,10-hexadecadiyne",CCCCCC#CCCC#CCCCCC,218.384,836.2,18.38,860.66,0.705
C16H26,(1-methylnonyl)benzene,CCCCCCCCC(C)c1ccccc1,218.384,800.81,16.66,909.46,0.705
C16H26O,"2,6-di-tert-butyl-4-ethylphenol",CCc1cc(C(C)(C)C)c(O)c(C(C)(C)C)c1,234.383,861.02,18.38,839.41,1.064
C16H26O,"2,4-di-tert-amylphenol",CCC(C)(C)c1ccc(O)c(C(C)(C)CC)c1,234.383,861.02,18.47,835.08,1.064
C16H27N,4-decylaniline,CCCCCCCCCCc1ccc(N)cc1,233.399,906.06,16.65,998.62,0.801
C16H28S,2-dodecylthiophene,CCCCCCCCCCCCc1cccs1,252.467,798.41,14.47,978.05,0.808
C16H28S,3-dodecylthiophene,CCCCCCCCCCCCc1ccsc1,252.467,798.41,14.27,991.73,0.808
C16H28S,2-isododecylthiophene,CC(C)CCCCCCCCCc1cccs1,252.467,798.41,14.47,978.05,0.808
C16H28S,3-isododecylthiophene,CC(C)CCCCCCCCCc1ccsc1,252.467,798.41,14.47,978.05,0.808
C16H28S,2-sec-dodecylthiophene,CCCCCCCCCCC(C)c1cccs1,252.467,798.41,14.47,978.05,0.808
C16H28S,3-sec-dodecylthiophene,CCCCCCCCCCC(C)c1ccsc1,252.467,798.41,14.47,978.05,0.808
C16H28S,2-(2-methylundec-2-yl)thiophene,CCCCCCCCCC(C)(C)c1cccs1,252.467,798.41,14.47,978.05,0.808
C16H28S,3-(2-methylundec-2-yl)thiophene,CCCCCCCCCC(C)(C)c1ccsc1,252.467,798.41,14.47,978.05,0.808
C16H28S,2-methyl-3-undecylthiophene,CCCCCCCCCCCc1ccsc1C,252.467,798.41,14.47,978.05,0.808
C16H28S,2-methyl-4-undecyl thiophene,CCCCCCCCCCCc1csc(C)c1,252.467,798.41,14.47,978.05,0.808
C16H28S,2-methyl-5-undecyl thiophene,CCCCCCCCCCCc1ccc(C)s1,252.467,798.41,14.47,978.05,0.808
C16H28S,3-methyl-2-undecylthiophene,CCCCCCCCCCCc1sccc1C,252.467,798.41,14.47,978.05,0.808
C16H28S,3-methyl-4-undecyl thiophene,CCCCCCCCCCCc1cscc1C,252.467,798.41,14.47,978.05,0.808
C16H28S,3-methyl-5-undecylthiophene,CCCCCCCCCCCc1cc(C)cs1,252.467,798.41,14.47,978.05,0.808
C16H30,1-hexadecyne,C#CCCCCCCCCCCCCCC,222.416,750.8,14.89,949.44,0.718
C16H30,2-hexadecyne,CC#CCCCCCCCCCCCCC,222.416,750.8,15.13,934.01,0.718
C16H30,3-hexadecyne,CCC#CCCCCCCCCCCCC,222.416,750.8,14.99,943.09,0.718
C16H30,"1,1-dicyclohexylbutane",CCCC(C1CCCCC1)C1CCCCC1,222.416,790.8,17.12,869.37,0.718
C16H30,"1,4-dicyclohexylbutane",C1CCC(CCCCC2CCCCC2)CC1,222.416,790.8,16.9,880.92,0.718
C16H30,"1,3-dicyclohexyl-2-methylpropane",CC(CC1CCCCC1)CC1CCCCC1,222.416,790.8,16.77,887.72,0.718
C16H30,1-undecylcyclopentene,CCCCCCCCCCCC1=CCCC1,222.416,765.8,15.56,926.38,0.718
C16H30,"1,3-dicyclohexylbutane",CC(CCC1CCCCC1)C1CCCCC1,222.416,790.8,16.11,923.98,0.718
C16H30O,2-hexadecenal,CCCCCCCCCCCCCC=CC=O,238.415,834.98,14.2,1048.47,1.077
C16H30O2,7-hexadecenoic acid,CCCCCCCCC=CCCCCCC(=O)O,254.414,850.23,12.65,1175.01,1.123
C16H30O2,9-hexadecenoic acid,CCCCCCC=CCCCCCCCC(=O)O,254.414,850.23,12.65,1175.01,1.123
C16H30O2,cis-9-hexadecenoic acid,CCCCCC/C=C\CCCCCCCC(=O)O,254.414,850.23,12.65,1175.01,1.123
C16H30O2,trans-9-hexadecenoic acid,CCCCCC/C=C/CCCCCCCC(=O)O,254.414,850.23,12.65,1175.01,1.123
C16H30O2,lauryl methacrylate,C=C(C)C(=O)OCCCCCCCCCCCC,254.414,730.23,11.9,1072.56,1.123
C16H30O2,cis-9-tetradecenyl acetate,CCCC/C=C\CCCCCCCCOC(C)=O,254.414,730.23,11.93,1069.61,1.123
C16H30O2,cis-tetradec-11-en-1-yl acetate,CC/C=C\CCCCCCCCCCOC(C)=O,254.414,730.23,11.78,1082.94,1.123
C16H30O2,trans-tetradec-11-en-1-yl acetate,CC/C=C/CCCCCCCCCCOC(C)=O,254.414,730.23,11.78,1082.94,1.123
C16H30O4,hexadecanedioic acid,O=C(O)CCCCCCCCCCCCCCC(=O)O,286.412,1025.54,12.18,1413.85,1.211
C16H31Br,cis-1-bromo-1-hexadecene,CCCCCCCCCCCCCC/C=C\Br,303.328,789.64,15.38,1038.75,0.925
C16H31Br,trans-1-bromo-1-hexadecene,CCCCCCCCCCCCCC/C=C/Br,303.328,789.64,15.38,1038.75,0.925
C16H31Cl,cis-1-chloro-1-hexadecene,CCCCCCCCCCCCCC/C=C\Cl,258.877,803.23,14.61,1047.73,0.559
C16H31Cl,trans-1-chloro-1-hexadecene,CCCCCCCCCCCCCC/C=C/Cl,258.877,803.23,14.61,1047.73,0.559
C16H31Cl3,"1,1,1-trichlorohexadecane",CCCCCCCCCCCCCCCC(Cl)(Cl)Cl,329.783,795.04,10.94,1268.09,0.469
C16H31F,cis-1-fluoro-1-hexadecene,CCCCCCCCCCCCCC/C=C\F,242.422,694.64,15.15,871.26,0.349
C16H31F,trans-1-fluoro-1-hexadecene,CCCCCCCCCCCCCC/C=C/F,242.422,694.64,15.15,871.26,0.349
C16H31F3,"1,1,1-trifluorohexadecane",CCCCCCCCCCCCCCCC(F)(F)F,280.418,641.37,11.63,999.45,0.442
C16H31N,hexadecanenitrile,CCCCCCCCCCCCCCCC#N,237.431,883.82,14.47,1115.73,0.814
C16H32,undecylcyclopentane,CCCCCCCCCCCC1CCCC1,224.432,763.27,15.32,935.65,0.724
C16H32,decylcyclohexane,CCCCCCCCCCC1CCCCC1,224.432,768.27,14.77,976.89,0.724
C16H32,cyclohexadecane,C1CCCCCCCCCCCCCCC1,224.432,804.08,19.22,785.5,0.724
C16H32,1-hexadecene,C=CCCCCCCCCCCCCCC,224.432,738.27,14.09,983.54,0.724
C16H32,2-methyl-1-pentadecene,C=C(C)CCCCCCCCCCCCC,224.432,738.27,14.17,978.4,0.724
C16H32Br2,"1,1-dibromohexadecane",CCCCCCCCCCCCCCCC(Br)Br,384.24,843.13,13.41,1150.15,0.742
C16H32Br2,"1,16-dibromohexadecane",BrCCCCCCCCCCCCCCCCBr,384.24,843.13,13.41,1150.15,0.742
C16H32Cl2,"1,1-dichlorohexadecane",CCCCCCCCCCCCCCCC(Cl)Cl,295.338,821.67,13.51,1107.42,0.562
C16H32F2,"1,1-difluorohexadecane",CCCCCCCCCCCCCCCC(F)F,262.428,717.14,14.93,890.61,0.472
C16H32O,hexadecanal,CCCCCCCCCCCCCCCC=O,240.431,775.94,13.28,1038.87,1.083
C16H32O,14-methylpentadecanal,CC(C)CCCCCCCCCCCCC=O,240.431,775.94,13.28,1038.87,1.083
C16H32O,2-hexadecanone,CCCCCCCCCCCCCCC(C)=O,240.431,766.94,13.18,1034.67,1.083
C16H32O,3-hexadecanone,CCCCCCCCCCCCCC(=O)CC,240.431,766.94,13.18,1034.67,1.083
C16H32O2,hexadecanoic acid,CCCCCCCCCCCCCCCC(=O)O,256.43,822.1,13.08,1095.82,1.129
C16H32O2,2-methylpentadecanoic acid,CCCCCCCCCCCCCC(C)C(=O)O,256.43,822.1,12.74,1125.1,1.129
C16H32O2,13-methylpentadecanoic acid,CCC(C)CCCCCCCCCCCC(=O)O,256.43,822.1,12.74,1125.1,1.129
C16H32O2,14-methylpentadecanoic acid,CC(C)CCCCCCCCCCCCC(=O)O,256.43,822.1,12.74,1125.1,1.129
C16H32O2,2-ethyltetradecanoic acid,CCCCCCCCCCCCC(CC)C(=O)O,256.43,822.1,12.74,1125.1,1.129
C16H32O2,2-hexyldecanoic acid,CCCCCCCCC(CCCCCC)C(=O)O,256.43,822.1,12.74,1125.1,1.129
C16H32O2,pentadecyl formate,CCCCCCCCCCCCCCCOC=O,256.43,732.1,11.86,1075.81,1.129
C16H32O2,tetradecyl acetate,CCCCCCCCCCCCCCOC(C)=O,256.43,732.1,11.86,1075.81,1.129
C16H32O2,tridecyl propanoate,CCCCCCCCCCCCCOC(=O)CC,256.43,732.1,11.86,1075.81,1.129
C16H32O2,dodecyl butanoate,CCCCCCCCCCCCOC(=O)CCC,256.43,732.1,11.86,1075.81,1.129
C16H32O2,dodecyl isobutanoate,CCCCCCCCCCCCOC(=O)C(C)C,256.43,732.1,11.89,1072.94,1.129
C16H32O2,octyl octanoate,CCCCCCCCOC(=O)CCCCCCC,256.43,732.1,11.85,1076.85,1.129
C16H32O2,2-ethylhexyl 2-ethylhexanoate,CCCCC(CC)COC(=O)C(CC)CCCC,256.43,732.1,11.86,1075.81,1.129
C16H32O2,heptyl nonanoate,CCCCCCCCC(=O)OCCCCCCC,256.43,732.1,11.85,1077.01,1.129
C16H32O2,n-butyl laurate,CCCCCCCCCCCC(=O)OCCCC,256.43,732.1,11.86,1075.81,1.129
C16H32O2,ethyl myristate,CCCCCCCCCCCCCC(=O)OCC,256.43,732.1,11.88,1073.99,1.129
C16H32O2,methyl pentadecanoate,CCCCCCCCCCCCCCC(=O)OC,256.43,732.1,11.96,1067.27,1.129
C16H32S,thiacycloheptadecane,C1CCCCCCCCSCCCCCCC1,256.499,844.72,18.09,823.5,0.819
C16H33Br,1-bromohexadecane,CCCCCCCCCCCCCCCCBr,305.344,771.63,13.51,1152.77,0.93
C16H33Cl,1-chlorohexadecane,CCCCCCCCCCCCCCCCCl,260.893,785.45,13.45,1110.02,0.562
C16H33F,1-fluorohexadecane,CCCCCCCCCCCCCCCCF,244.438,736.96,15.75,887.01,0.421
C16H33NO2,1-nitrohexadecane,CCCCCCCCCCCCCCCC[N+](=O)[O-],271.445,926.89,11.6,1398.61,0.911
C16H34,hexadecane,CCCCCCCCCCCCCCCC,226.448,,,916.58,
C16H34,2-methylpentadecane,CCCCCCCCCCCCCC(C)C,226.448,725.72,14.77,920.45,0.73
C16H34,3-methylpentadecane,CCCCCCCCCCCCC(C)CC,226.448,725.72,14.9,912.31,0.73
C16H34,4-methylpentadecane,CCCCCCCCCCCC(C)CCC,226.448,725.72,15.09,900.53,0.73
C16H34,5-methylpentadecane,CCCCCCCCCCC(C)CCCC,226.448,725.72,15.05,903.11,0.73
C16H34,7-propyltridecane,CCCCCCC(CCC)CCCCCC,226.448,725.72,14.62,929.6,0.73
C16H34,"2,2-dimethyltetradecane",CCCCCCCCCCCCC(C)(C)C,226.448,725.72,14.76,921.17,0.73
C16H34,"2,3-dimethyltetradecane",CCCCCCCCCCCC(C)C(C)C,226.448,725.72,15.13,898.48,0.73
C16H34,"2,4-dimethyltetradecane",CCCCCCCCCCC(C)CC(C)C,226.448,725.72,14.9,912.45,0.73
C16H34,"2,4,6-trimethyltridecane",CCCCCCCC(C)CC(C)CC(C)C,226.448,725.72,14.56,933.76,0.73
C16H34,"2,2,4,4,6,8,8-heptamethylnonane",CC(CC(C)(C)C)CC(C)(C)CC(C)(C)C,226.448,,,935.51,0.73
C16H34O,1-hexadecanol,CCCCCCCCCCCCCCCCO,242.447,773.89,12.64,1085.89,1.089
C16H34O,2-hexadecanol,CCCCCCCCCCCCCCC(C)O,242.447,773.89,12.92,1062.34,1.089
C16H34O,3-hexadecanol,CCCCCCCCCCCCCC(O)CC,242.447,773.89,12.3,1116.42,1.089
C16H34O,4-hexadecanol,CCCCCCCCCCCCC(O)CCC,242.447,773.89,12.89,1064.67,1.089
C16H34O,5-hexadecanol,CCCCCCCCCCCC(O)CCCC,242.447,773.89,12.89,1064.67,1.089
C16H34O,7-hexadecanol,CCCCCCCCCC(O)CCCCCC,242.447,773.89,12.89,1064.67,1.089
C16H34O,8-hexadecanol,CCCCCCCCC(O)CCCCCCC,242.447,773.89,12.89,1064.67,1.089
C16H34O,2-methyl-1-pentadecanol,CCCCCCCCCCCCCC(C)CO,242.447,773.89,12.89,1065.1,1.089
C16H34O,6-methyl-6-pentadecanol,CCCCCCCCCC(C)(O)CCCCC,242.447,773.89,12.88,1065.71,1.089
C16H34O,2-hexyl-1-decanol,CCCCCCCCC(CO)CCCCCC,242.447,773.89,12.96,1058.98,1.089
C16H34O,dioctyl ether,CCCCCCCCOCCCCCCCC,242.447,703.89,12.32,1013.63,1.089
C16H34O,bis(2-ethylhexyl) ether,CCCCC(CC)COCC(CC)CCCC,242.447,703.89,12.15,1027.26,1.089
C16H34O2,"1,2-hexadecanediol",CCCCCCCCCCCCCCC(O)CO,258.446,943.97,13.28,1235.61,1.135
C16H34O2,"1,3-hexadecanediol",CCCCCCCCCCCCCC(O)CCO,258.446,943.97,13.28,1235.61,1.135
C16H34O2,"1,16-hexadecanediol",OCCCCCCCCCCCCCCCCO,258.446,943.97,13.28,1235.61,1.135
C16H34S,1-hexadecanethiol,CCCCCCCCCCCCCCCCS,258.515,779.03,12.38,1106.58,0.825
C16H34S,2-hexadecanethiol,CCCCCCCCCCCCCCC(C)S,258.515,779.03,12.8,1070.56,0.825
C16H34S,3-hexadecanethiol,CCCCCCCCCCCCCC(S)CC,258.515,779.03,12.8,1070.56,0.825
C16H34S,4-hexadecanethiol,CCCCCCCCCCCCC(S)CCC,258.515,779.03,12.8,1070.56,0.825
C16H34S,5-hexadecanethiol,CCCCCCCCCCCC(S)CCCC,258.515,779.03,12.8,1070.56,0.825
C16H34S,6-hexadecanethiol,CCCCCCCCCCC(S)CCCCC,258.515,779.03,12.8,1070.56,0.825
C16H34S,7-hexadecanethiol,CCCCCCCCCC(S)CCCCCC,258.515,779.03,12.8,1070.56,0.825
C16H34S,8-hexadecanethiol,CCCCCCCCC(S)CCCCCCC,258.515,779.03,12.8,1070.56,0.825
C16H34S,2-methyl-1-pentadecanethiol,CCCCCCCCCCCCCC(C)CS,258.515,779.03,12.8,1070.56,0.825
C16H34S,3-methyl-1-pentadecanethiol,CCCCCCCCCCCCC(C)CCS,258.515,779.03,12.8,1070.56,0.825
C16H34S,4-methyl-1-pentadecanethiol,CCCCCCCCCCCC(C)CCCS,258.515,779.03,12.8,1070.56,0.825
C16H34S,5-methyl-1-pentadecanethiol,CCCCCCCCCCC(C)CCCCS,258.515,779.03,12.8,1070.56,0.825
C16H34S,6-methyl-1-pentadecanethiol,CCCCCCCCCC(C)CCCCCS,258.515,779.03,12.8,1070.56,0.825
C16H34S,7-methyl-1-pentadecanethiol,CCCCCCCCC(C)CCCCCCS,258.515,779.03,12.8,1070.56,0.825
C16H34S,8-methyl-1-pentadecanethiol,CCCCCCCC(C)CCCCCCCS,258.515,779.03,12.8,1070.56,0.825
C16H34S,9-methyl-1-pentadecanethiol,CCCCCCC(C)CCCCCCCCS,258.515,779.03,12.8,1070.56,0.825
C16H34S,10-methyl-1-pentadecanethiol,CCCCCC(C)CCCCCCCCCS,258.515,779.03,12.8,1070.56,0.825
C16H34S,11-methyl-1-pentadecanethiol,CCCCC(C)CCCCCCCCCCS,258.515,779.03,12.8,1070.56,0.825
C16H34S,12-methyl-1-pentadecanethiol,CCCC(C)CCCCCCCCCCCS,258.515,779.03,12.8,1070.56,0.825
C16H34S,13-methyl-1-pentadecanethiol,CCC(C)CCCCCCCCCCCCS,258.515,779.03,12.8,1070.56,0.825
C16H34S,14-methyl-1-pentadecanethiol,CC(C)CCCCCCCCCCCCCS,258.515,779.03,12.8,1070.56,0.825
C16H34S,2-methyl-2-pentadecanethiol,CCCCCCCCCCCCCC(C)(C)S,258.515,779.03,12.8,1070.56,0.825
C16H34S,3-methyl-2-pentadecanethiol,CCCCCCCCCCCCC(C)C(C)S,258.515,779.03,12.8,1070.56,0.825
C16H34S,4-methyl-2-pentadecanethiol,CCCCCCCCCCCC(C)CC(C)S,258.515,779.03,12.8,1070.56,0.825
C16H34S,5-methyl-2-pentadecanethiol,CCCCCCCCCCC(C)CCC(C)S,258.515,779.03,12.8,1070.56,0.825
C16H34S,6-methyl-2-pentadecanethiol,CCCCCCCCCC(C)CCCC(C)S,258.515,779.03,12.8,1070.56,0.825
C16H34S,7-methyl-2-pentadecanethiol,CCCCCCCCC(C)CCCCC(C)S,258.515,779.03,12.8,1070.56,0.825
C16H34S,8-methyl-2-pentadecanethiol,CCCCCCCC(C)CCCCCC(C)S,258.515,779.03,12.8,1070.56,0.825
C16H34S,9-methyl-2-pentadecanethiol,CCCCCCC(C)CCCCCCC(C)S,258.515,779.03,12.8,1070.56,0.825
C16H34S,10-methyl-2-pentadecanethiol,CCCCCC(C)CCCCCCCC(C)S,258.515,779.03,12.8,1070.56,0.825
C16H34S,11-methyl-2-pentadecanethiol,CCCCC(C)CCCCCCCCC(C)S,258.515,779.03,12.8,1070.56,0.825
C16H34S,12-methyl-2-pentadecanethiol,CCCC(C)CCCCCCCCCC(C)S,258.515,779.03,12.8,1070.56,0.825
C16H34S,13-methyl-2-pentadecanethiol,CCC(C)CCCCCCCCCCC(C)S,258.515,779.03,12.8,1070.56,0.825
C16H34S,14-methyl-2-pentadecanethiol,CC(C)CCCCCCCCCCCC(C)S,258.515,779.03,12.8,1070.56,0.825
C16H34S,2-thiaheptadecane,CCCCCCCCCCCCCCCSC,258.515,779.03,12.38,1106.58,0.825
C16H34S,3-thiaheptadecane,CCCCCCCCCCCCCCSCC,258.515,779.03,12.4,1105.01,0.825
C16H34S,4-thiaheptadecane,CCCCCCCCCCCCCSCCC,258.515,779.03,12.38,1106.58,0.825
C16H34S,5-thiaheptadecane,CCCCCCCCCCCCSCCCC,258.515,779.03,12.38,1106.58,0.825
C16H34S,6-thiaheptadecane,CCCCCCCCCCCSCCCCC,258.515,779.03,12.8,1070.56,0.825
C16H34S,7-thiaheptadecane,CCCCCCCCCCSCCCCCC,258.515,779.03,12.8,1070.56,0.825
C16H34S,8-thiaheptadecane,CCCCCCCCCSCCCCCCC,258.515,779.03,12.8,1070.56,0.825
C16H34S,9-thiaheptadecane,CCCCCCCCSCCCCCCCC,258.515,779.03,12.4,1105.01,0.825
C16H34S,3-methyl-2-thiahexadecane,CCCCCCCCCCCCCC(C)SC,258.515,779.03,12.8,1070.56,0.825
C16H34S,4-methyl-2-thiahexadecane,CCCCCCCCCCCCC(C)CSC,258.515,779.03,12.8,1070.56,0.825
C16H34S,5-methyl-2-thiahexadecane,CCCCCCCCCCCC(C)CCSC,258.515,779.03,12.8,1070.56,0.825
C16H34S,6-methyl-2-thiahexadecane,CCCCCCCCCCC(C)CCCSC,258.515,779.03,12.8,1070.56,0.825
C16H34S,7-methyl-2-thiahexadecane,CCCCCCCCCC(C)CCCCSC,258.515,779.03,12.8,1070.56,0.825
C16H34S,8-methyl-2-thiahexadecane,CCCCCCCCC(C)CCCCCSC,258.515,779.03,12.8,1070.56,0.825
C16H34S,9-methyl-2-thiahexadecane,CCCCCCCC(C)CCCCCCSC,258.515,779.03,12.8,1070.56,0.825
C16H34S,10-methyl-2-thiahexadecane,CCCCCCC(C)CCCCCCCSC,258.515,779.03,12.8,1070.56,0.825
C16H34S,2-methyl-3-thiahexadecane,CCCCCCCCCCCCCSC(C)C,258.515,779.03,12.8,1070.56,0.825
C16H34S,4-methyl-3-thiahexadecane,CCCCCCCCCCCCC(C)SCC,258.515,779.03,12.8,1070.56,0.825
C16H34S,5-methyl-3-thiahexadecane,CCCCCCCCCCCC(C)CSCC,258.515,779.03,12.8,1070.56,0.825
C16H34S,6-methyl-3-thiahexadecane,CCCCCCCCCCC(C)CCSCC,258.515,779.03,12.8,1070.56,0.825
C16H34S,7-methyl-3-thiahexadecane,CCCCCCCCCC(C)CCCSCC,258.515,779.03,12.8,1070.56,0.825
C16H34S,8-methyl-3-thiahexadecane,CCCCCCCCC(C)CCCCSCC,258.515,779.03,12.8,1070.56,0.825
C16H34S,9-methyl-3-thiahexadecane,CCCCCCCC(C)CCCCCSCC,258.515,779.03,12.8,1070.56,0.825
C16H34S,10-methyl-3-thiahexadecane,CCCCCCC(C)CCCCCCSCC,258.515,779.03,12.8,1070.56,0.825
C16H34S2,"1,16-hexadecanedithiol",SCCCCCCCCCCCCCCCCS,290.582,892.38,13.77,1094.92,0.912
C16H34S2,"1,15-hexadecanedithiol",CC(S)CCCCCCCCCCCCCCS,290.582,892.38,13.77,1094.92,0.912
C16H34S2,"1,14-hexadecanedithiol",CCC(S)CCCCCCCCCCCCCS,290.582,892.38,13.77,1094.92,0.912
C16H34S2,"1,12-hexadecanedithiol",CCCCC(S)CCCCCCCCCCCS,290.582,892.38,13.77,1094.92,0.912
C16H34S2,"1,11-hexadecanedithiol",CCCCCC(S)CCCCCCCCCCS,290.582,892.38,13.77,1094.92,0.912
C16H34S2,"1,10-hexadecanedithiol",CCCCCCC(S)CCCCCCCCCS,290.582,892.38,13.77,1094.92,0.912
C16H34S2,"1,9-hexadecanedithiol",CCCCCCCC(S)CCCCCCCCS,290.582,892.38,13.77,1094.92,0.912
C16H34S2,"1,8-hexadecanedithiol",CCCCCCCCC(S)CCCCCCCS,290.582,892.38,13.77,1094.92,0.912
C16H34S2,"1,7-hexadecanedithiol",CCCCCCCCCC(S)CCCCCCS,290.582,892.38,13.77,1094.92,0.912
C16H34S2,"1,6-hexadecanedithiol",CCCCCCCCCCC(S)CCCCCS,290.582,892.38,13.77,1094.92,0.912
C16H34S2,"1,5-hexadecanedithiol",CCCCCCCCCCCC(S)CCCCS,290.582,892.38,13.77,1094.92,0.912
C16H34S2,"1,4-hexadecanedithiol",CCCCCCCCCCCCC(S)CCCS,290.582,892.38,13.77,1094.92,0.912
C16H34S2,"1,3-hexadecanedithiol",CCCCCCCCCCCCCC(S)CCS,290.582,892.38,13.77,1094.92,0.912
C16H34S2,"1,2-hexadecanedithiol",CCCCCCCCCCCCCCC(S)CS,290.582,892.38,13.77,1094.92,0.912
C16H34S2,"2,3-dithiaoctadecane",CCCCCCCCCCCCCCCSSC,290.582,837.38,12.72,1112.24,0.912
C16H34S2,"3,4-dithiaoctadecane",CCCCCCCCCCCCCCSSCC,290.582,837.38,12.72,1112.24,0.912
C16H34S2,"4,5-dithiaoctadecane",CCCCCCCCCCCCCSSCCC,290.582,837.38,12.72,1112.24,0.912
C16H34S2,"5,6-dithiaoctadecane",CCCCCCCCCCCCSSCCCC,290.582,837.38,12.72,1112.24,0.912
C16H34S2,"6,7-dithiaoctadecane",CCCCCCCCCCCSSCCCCC,290.582,837.38,12.72,1112.24,0.912
C16H34S2,"7,8-dithiaoctadecane",CCCCCCCCCCSSCCCCCC,290.582,837.38,12.72,1112.24,0.912
C16H34S2,"8,9-dithiaoctadecane",CCCCCCCCCSSCCCCCCC,290.582,837.38,12.72,1112.24,0.912
C16H34S2,"9,10-dithiaoctadecane",CCCCCCCCSSCCCCCCCC,290.582,837.38,12.72,1112.24,0.912
C16H34S2,"2,4-dithiaoctadecane",CCCCCCCCCCCCCCSCSC,290.582,837.38,12.72,1112.24,0.912
C16H34S2,"3,5-dithiaoctadecane",CCCCCCCCCCCCCSCSCC,290.582,837.38,12.72,1112.24,0.912
C16H34S2,"4,6-dithiaoctadecane",CCCCCCCCCCCCSCSCCC,290.582,837.38,12.72,1112.24,0.912
C16H34S2,"5,7-dithiaoctadecane",CCCCCCCCCCCSCSCCCC,290.582,837.38,12.72,1112.24,0.912
C16H34S2,"6,8-dithiaoctadecane",CCCCCCCCCCSCSCCCCC,290.582,837.38,12.72,1112.24,0.912
C16H34S2,"7,9-dithiaoctadecane",CCCCCCCCCSCSCCCCCC,290.582,837.38,12.72,1112.24,0.912
C16H34S2,"8,10-dithiaoctadecane",CCCCCCCCSCSCCCCCCC,290.582,837.38,12.72,1112.24,0.912
C16H35N,hexadecylamine,CCCCCCCCCCCCCCCCN,241.463,803.53,14.36,1017.12,0.826
C16H35N,ethyltetradecylamine,CCCCCCCCCCCCCCNCC,241.463,763.53,13.39,1036.03,0.826
C16H35N,methylpentadecylamine,CCCCCCCCCCCCCCCNC,241.463,763.53,13.39,1036.03,0.826
C16H35N,N-(1-methylheptyl)-2-octanamine,CCCCCCC(C)NC(C)CCCCCC,241.463,763.53,13.49,1028.19,0.826
C16H35N,bis(2-ethylhexyl)amine,CCCCC(CC)CNCC(CC)CCCC,241.463,763.53,13.39,1036.03,0.826
C16H35N,dimethyltetradecylamine,CCCCCCCCCCCCCCN(C)C,241.463,763.53,13.22,1049.25,0.826
C16H35N,diethyldodecylamine,CCCCCCCCCCCCN(CC)CC,241.463,763.53,13.1,1059.15,0.826
C16H48O6Si7,hexadecamethylheptasiloxane,C[Si](C)(C)O[Si](C)(C)O[Si](C)(C)O[Si](C)(C)O[Si](C)(C)O[Si](C)(C)O[Si](C)(C)C,533.156,671.8,6.77,,0.887
C17H12,2-methylfluoranthene,Cc1cc2c3c(cccc3c1)-c1ccccc1-2,216.283,960.08,23.38,778.8,0.698
C17H12,3-methylfluoranthene,Cc1ccc2c3c(cccc13)-c1ccccc1-2,216.283,960.08,23.38,778.8,0.698
C17H16,"2,9,10-trimethylanthracene",Cc1ccc2c(C)c3ccccc3c(C)c2c1,220.315,913.21,18.59,927.29,0.711
C17H18,"1,1-diphenyl-1-pentene",CCCC=C(c1ccccc1)c1ccccc1,222.331,835.12,20.34,773.04,0.717
C17H20,"1,1-diphenylpentane",CCCCC(c1ccccc1)c1ccccc1,224.347,833.16,18.76,833.93,0.724
C17H20,"1,3-diphenylpentane",CCC(CCc1ccccc1)c1ccccc1,224.347,833.16,19.02,822.53,0.724
C17H20,"1,5-diphenylpentane",c1ccc(CCCCCc2ccccc2)cc1,224.347,833.16,19.2,814.69,0.724
C17H20,4-pentylbiphenyl,CCCCCc1ccc(-c2ccccc2)cc1,224.347,873.16,18.64,879.73,0.724
C17H20,amyl biphenyl,CCCCCc1ccccc1-c1ccccc1,224.347,873.16,19.26,851.33,0.724
C17H22,1-heptylnaphthalene,CCCCCCCc1cccc2ccccc12,226.363,890.62,17.89,932.6,0.73
C17H22,2-heptylnaphthalene,CCCCCCCc1ccc2ccccc2c1,226.363,890.62,17.7,942.39,0.73
C17H26,"1-heptyl-[1,2,3,4-tetrahydronaphthalene]",CCCCCCCC1CCCc2ccccc21,230.395,855.48,18.15,878.38,0.742
C17H26,"2-heptyl-[1,2,3,4-tetrahydronaphthalene]",CCCCCCCC1CCc2ccccc2C1,230.395,855.48,18.15,878.38,0.742
C17H28,undecylbenzene,CCCCCCCCCCCc1ccccc1,232.411,817.89,16.53,985.35,0.748
C17H28O,"2,6-di-tert-pentyl-4-methylphenol",CCC(C)(C)c1cc(C)cc(C(C)(C)CC)c1O,248.41,874.59,17.22,894.25,1.106
C17H30S,2-tridecylthiophene,CCCCCCCCCCCCCc1cccs1,266.494,811.3,13.61,1037.89,0.847
C17H30S,3-tridecylthiophene,CCCCCCCCCCCCCc1ccsc1,266.494,811.3,13.61,1037.89,0.847
C17H30S,2-isotridecylthiophene,CC(C)CCCCCCCCCCc1cccs1,266.494,811.3,13.61,1037.89,0.847
C17H30S,3-isotridecylthiophene,CC(C)CCCCCCCCCCc1ccsc1,266.494,811.3,13.61,1037.89,0.847
C17H30S,2-sec-tridecylthiophene,CCCCCCCCCCCC(C)c1cccs1,266.494,811.3,13.61,1037.89,0.847
C17H30S,3-sec-tridecylthiophene,CCCCCCCCCCCC(C)c1ccsc1,266.494,811.3,13.61,1037.89,0.847
C17H30S,2-(2-methyldodec-2-yl)thiophene,CCCCCCCCCCC(C)(C)c1cccs1,266.494,811.3,13.61,1037.89,0.847
C17H30S,3-(2-methyldodec-2-yl)thiophene,CCCCCCCCCCC(C)(C)c1ccsc1,266.494,811.3,13.61,1037.89,0.847
C17H30S,2-methyl-3-dodecylthiophene,CCCCCCCCCCCCc1ccsc1C,266.494,811.3,13.61,1037.89,0.847
C17H30S,2-methyl-4-dodecyl thiophene,CCCCCCCCCCCCc1csc(C)c1,266.494,811.3,13.61,1037.89,0.847
C17H30S,2-methyl-5-dodecyl thiophene,CCCCCCCCCCCCc1ccc(C)s1,266.494,811.3,13.61,1037.89,0.847
C17H30S,3-methyl-2-dodecylthiophene,CCCCCCCCCCCCc1sccc1C,266.494,811.3,13.61,1037.89,0.847
C17H30S,3-methyl-4-dodecyl thiophene,CCCCCCCCCCCCc1cscc1C,266.494,811.3,13.61,1037.89,0.847
C17H30S,3-methyl-5-dodecylthiophene,CCCCCCCCCCCCc1cc(C)cs1,266.494,811.3,13.61,1037.89,0.847
C17H32,1-heptadecyne,C#CCCCCCCCCCCCCCCC,236.443,767.66,13.96,1017.12,0.761
C17H32,2-heptadecyne,CC#CCCCCCCCCCCCCCC,236.443,767.66,13.97,1016.24,0.761
C17H32,3-heptadecyne,CCC#CCCCCCCCCCCCCC,236.443,767.66,13.97,1016.24,0.761
C17H32,"1,1-dicyclohexylpentane",CCCCC(C1CCCCC1)C1CCCCC1,236.443,807.66,15.92,938.36,0.761
C17H32,"1,3-dicyclohexyl-2-ethylpropane",CCC(CC1CCCCC1)CC1CCCCC1,236.443,807.66,15.92,938.49,0.761
C17H32,"1,5-dicyclohexylpentane",C1CCC(CCCCCC2CCCCC2)CC1,236.443,807.66,15.65,954.92,0.761
C17H32,1-dodecylcyclopentene,CCCCCCCCCCCCC1=CCCC1,236.443,782.66,14.56,994.6,0.761
C17H32O2,9-heptadecenoic acid,CCCCCCCC=CCCCCCCCC(=O)O,268.441,863.06,11.91,1244.43,1.163
C17H33Br,cis-1-bromo-1-heptadecene,CCCCCCCCCCCCCCC/C=C\Br,317.355,803.29,14.47,1103.33,0.96
C17H33Br,trans-1-bromo-1-heptadecene,CCCCCCCCCCCCCCC/C=C/Br,317.355,803.29,14.47,1103.33,0.96
C17H33Cl,cis-1-chloro-1-heptadecene,CCCCCCCCCCCCCCC/C=C\Cl,272.904,818.44,13.82,1108.83,0.576
C17H33Cl,trans-1-chloro-1-heptadecene,CCCCCCCCCCCCCCC/C=C/Cl,272.904,818.44,13.82,1108.83,0.576
C17H33Cl3,"1,1,1-trichloroheptadecane",CCCCCCCCCCCCCCCCC(Cl)(Cl)Cl,343.81,807.93,10.33,1340.67,0.483
C17H33F,cis-1-fluoro-1-heptadecene,CCCCCCCCCCCCCCC/C=C\F,256.449,710.54,14.38,922.71,0.358
C17H33F,trans-1-fluoro-1-heptadecene,CCCCCCCCCCCCCCC/C=C/F,256.449,710.54,14.38,922.71,0.358
C17H33F3,"1,1,1-trifluoroheptadecane",CCCCCCCCCCCCCCCCC(F)(F)F,294.445,655.77,10.92,1070.13,0.45
C17H33N,heptadecanenitrile,CCCCCCCCCCCCCCCCC#N,251.458,899.95,13.54,1193.22,0.855
C17H34,dodecylcyclopentane,CCCCCCCCCCCCC1CCCC1,238.459,780.03,14.35,1003.29,0.767
C17H34,undecylcyclohexane,CCCCCCCCCCCC1CCCCC1,238.459,785.03,13.73,1054.92,0.767
C17H34,cycloheptadecane,C1CCCCCCCCCCCCCCCC1,238.459,815.06,18.04,833.5,0.767
C17H34,1-heptadecene,C=CCCCCCCCCCCCCCCC,238.459,755.03,13.27,1049.65,0.767
C17H34,2-methyl-1-hexadecene,C=C(C)CCCCCCCCCCCCCC,238.459,755.03,13.32,1046.12,0.767
C17H34Br2,"1,1-dibromoheptadecane",CCCCCCCCCCCCCCCCC(Br)Br,398.267,854.74,12.54,1225.04,0.772
C17H34Br2,"1,16-dibromoheptadecane",CC(Br)CCCCCCCCCCCCCCCBr,398.267,854.74,12.54,1225.04,0.772
C17H34Br2,"1,17-dibromoheptadecane",BrCCCCCCCCCCCCCCCCCBr,398.267,854.74,12.54,1225.04,0.772
C17H34Cl2,"1,1-dichloroheptadecane",CCCCCCCCCCCCCCCCC(Cl)Cl,309.365,835.57,12.74,1173.36,0.577
C17H34F2,"1,1-difluoroheptadecane",CCCCCCCCCCCCCCCCC(F)F,276.455,732.21,14.14,943.58,0.48
C17H34O,heptadecanal,CCCCCCCCCCCCCCCCC=O,254.458,789.27,12.35,1116.95,1.123
C17H34O,2-heptadecanone,CCCCCCCCCCCCCCCC(C)=O,254.458,780.27,12.47,1093.48,1.123
C17H34O,4-heptadecanone,CCCCCCCCCCCCCC(=O)CCC,254.458,780.27,12.47,1093.48,1.123
C17H34O,6-heptadecanone,CCCCCCCCCCCC(=O)CCCCC,254.458,780.27,12.47,1093.48,1.123
C17H34O,7-heptadecanone,CCCCCCCCCCC(=O)CCCCCC,254.458,780.27,12.47,1093.48,1.123
C17H34O,8-heptadecanone,CCCCCCCCCC(=O)CCCCCCC,254.458,780.27,12.47,1093.48,1.123
C17H34O,9-heptadecanone,CCCCCCCCC(=O)CCCCCCCC,254.458,780.27,12.47,1093.48,1.123
C17H34O2,heptadecanoic acid,CCCCCCCCCCCCCCCCC(=O)O,270.457,834.86,11.59,1234.17,1.168
C17H34O2,2-methylhexadecanoic acid,CCCCCCCCCCCCCCC(C)C(=O)O,270.457,834.86,12.01,1190.36,1.168
C17H34O2,3-methylhexadecanoic acid,CCCCCCCCCCCCCC(C)CC(=O)O,270.457,834.86,12.01,1190.36,1.168
C17H34O2,12-methylhexadecanoic acid,CCCCC(C)CCCCCCCCCCC(=O)O,270.457,834.86,12.01,1190.36,1.168
C17H34O2,14-methylhexadecanoic acid,CCC(C)CCCCCCCCCCCCC(=O)O,270.457,834.86,12.01,1190.36,1.168
C17H34O2,15-methylhexadecanoic acid,CC(C)CCCCCCCCCCCCCC(=O)O,270.457,834.86,12.01,1190.36,1.168
C17H34O2,2-ethylpentadecanoic acid,CCCCCCCCCCCCCC(CC)C(=O)O,270.457,834.86,12.01,1190.36,1.168
C17H34O2,hexadecyl formate,CCCCCCCCCCCCCCCCOC=O,270.457,744.86,11.22,1136.96,1.168
C17H34O2,pentadecyl acetate,CCCCCCCCCCCCCCCOC(C)=O,270.457,744.86,11.22,1136.96,1.168
C17H34O2,tetradecyl propanoate,CCCCCCCCCCCCCCOC(=O)CC,270.457,744.86,11.22,1136.96,1.168
C17H34O2,tridecyl butanoate,CCCCCCCCCCCCCOC(=O)CCC,270.457,744.86,11.22,1136.96,1.168
C17H34O2,propyl tetradecanoate,CCCCCCCCCCCCCC(=O)OCCC,270.457,744.86,11.08,1151.47,1.168
C17H34O2,isopropyl tetradecanoate,CCCCCCCCCCCCCC(=O)OC(C)C,270.457,744.86,11.08,1151.47,1.168
C17H34O2,methyl palmitate,CCCCCCCCCCCCCCCC(=O)OC,270.457,744.86,11.27,1132.65,1.168
C17H34S,thiacyclooctadecane,C1CCCCCCCCSCCCCCCCC1,270.526,852.59,16.95,871.5,0.858
C17H35Br,1-bromoheptadecane,CCCCCCCCCCCCCCCCCBr,319.371,785.22,13.15,1184.32,0.964
C17H35Cl,1-chloroheptadecane,CCCCCCCCCCCCCCCCCCl,274.92,800.58,12.86,1162.51,0.578
C17H35F,1-fluoroheptadecane,CCCCCCCCCCCCCCCCCF,258.465,752.78,14.83,946.05,0.429
C17H35NO2,1-nitroheptadecane,CCCCCCCCCCCCCCCCC[N+](=O)[O-],285.472,941.61,10.81,1498.1,0.949
C17H36,heptadecane,CCCCCCCCCCCCCCCCC,240.475,,,980.54,
C17H36,2-methylhexadecane,CCCCCCCCCCCCCCC(C)C,240.475,742.38,13.91,982.06,0.773
C17H36,3-methylhexadecane,CCCCCCCCCCCCCC(C)CC,240.475,742.38,14.03,973.73,0.773
C17H36,4-methylhexadecane,CCCCCCCCCCCCC(C)CCC,240.475,742.38,14.11,968.51,0.773
C17H36,5-methylhexadecane,CCCCCCCCCCCC(C)CCCC,240.475,742.38,14.09,969.84,0.773
C17H36,"2,2-dimethylpentadecane",CCCCCCCCCCCCCC(C)(C)C,240.475,742.38,13.9,982.82,0.773
C17H36,"2,3-dimethylpentadecane",CCCCCCCCCCCCC(C)C(C)C,240.475,742.38,14.25,959.2,0.773
C17H36,"2,4-dimethylpentadecane",CCCCCCCCCCCC(C)CC(C)C,240.475,742.38,14.03,973.58,0.773
C17H36,"2,4,6-trimethyltetradecane",CCCCCCCCC(C)CC(C)CC(C)C,240.475,742.38,13.61,1003.77,0.773
C17H36O,1-heptadecanol,CCCCCCCCCCCCCCCCCO,256.474,787.14,12.31,1114.5,1.129
C17H36O,2-heptadecanol,CCCCCCCCCCCCCCCC(C)O,256.474,787.14,12.19,1125.5,1.129
C17H36O,8-heptadecanol,CCCCCCCCCC(O)CCCCCCC,256.474,787.14,12.19,1125.5,1.129
C17H36O,9-heptadecanol,CCCCCCCCC(O)CCCCCCCC,256.474,787.14,12.19,1125.5,1.129
C17H36O2,"1,2-heptadecanediol",CCCCCCCCCCCCCCCC(O)CO,272.473,956.65,12.3,1329.44,1.174
C17H36O2,"1,17-heptadecanediol",OCCCCCCCCCCCCCCCCCO,272.473,956.65,12.3,1329.44,1.174
C17H36S,1-heptadecanethiol,CCCCCCCCCCCCCCCCCS,272.542,791.71,12.09,1131.85,0.864
C17H36S,2-heptadecanethiol,CCCCCCCCCCCCCCCC(C)S,272.542,791.71,12.09,1131.85,0.864
C17H36S,3-heptadecanethiol,CCCCCCCCCCCCCCC(S)CC,272.542,791.71,12.09,1131.85,0.864
C17H36S,4-heptadecanethiol,CCCCCCCCCCCCCC(S)CCC,272.542,791.71,12.09,1131.85,0.864
C17H36S,5-heptadecanethiol,CCCCCCCCCCCCC(S)CCCC,272.542,791.71,12.09,1131.85,0.864
C17H36S,6-heptadecanethiol,CCCCCCCCCCCC(S)CCCCC,272.542,791.71,12.09,1131.85,0.864
C17H36S,7-heptadecanethiol,CCCCCCCCCCC(S)CCCCCC,272.542,791.71,12.09,1131.85,0.864
C17H36S,8-heptadecanethiol,CCCCCCCCCC(S)CCCCCCC,272.542,791.71,12.09,1131.85,0.864
C17H36S,9-heptadecanethiol,CCCCCCCCC(S)CCCCCCCC,272.542,791.71,12.09,1131.85,0.864
C17H36S,2-methyl-1-hexadecanethiol,CCCCCCCCCCCCCCC(C)CS,272.542,791.71,12.09,1131.85,0.864
C17H36S,3-methyl-1-hexadecanethiol,CCCCCCCCCCCCCC(C)CCS,272.542,791.71,12.09,1131.85,0.864
C17H36S,4-methyl-1-hexadecanethiol,CCCCCCCCCCCCC(C)CCCS,272.542,791.71,12.09,1131.85,0.864
C17H36S,5-methyl-1-hexadecanethiol,CCCCCCCCCCCC(C)CCCCS,272.542,791.71,12.09,1131.85,0.864
C17H36S,6-methyl-1-hexadecanethiol,CCCCCCCCCCC(C)CCCCCS,272.542,791.71,12.09,1131.85,0.864
C17H36S,7-methyl-1-hexadecanethiol,CCCCCCCCCC(C)CCCCCCS,272.542,791.71,12.09,1131.85,0.864
C17H36S,8-methyl-1-hexadecanethiol,CCCCCCCCC(C)CCCCCCCS,272.542,791.71,12.09,1131.85,0.864
C17H36S,9-methyl-1-hexadecanethiol,CCCCCCCC(C)CCCCCCCCS,272.542,791.71,12.09,1131.85,0.864
C17H36S,10-methyl-1-hexadecanethiol,CCCCCCC(C)CCCCCCCCCS,272.542,791.71,12.09,1131.85,0.864
C17H36S,11-methyl-1-hexadecanethiol,CCCCCC(C)CCCCCCCCCCS,272.542,791.71,12.09,1131.85,0.864
C17H36S,12-methyl-1-hexadecanethiol,CCCCC(C)CCCCCCCCCCCS,272.542,791.71,12.09,1131.85,0.864
C17H36S,13-methyl-1-hexadecanethiol,CCCC(C)CCCCCCCCCCCCS,272.542,791.71,12.09,1131.85,0.864
C17H36S,14-methyl-1-hexadecanethiol,CCC(C)CCCCCCCCCCCCCS,272.542,791.71,12.09,1131.85,0.864
C17H36S,15-methyl-1-hexadecanethiol,CC(C)CCCCCCCCCCCCCCS,272.542,791.71,12.09,1131.85,0.864
C17H36S,2-methyl-2-hexadecanethiol,CCCCCCCCCCCCCCC(C)(C)S,272.542,791.71,12.09,1131.85,0.864
C17H36S,3-methyl-2-hexadecanethiol,CCCCCCCCCCCCCC(C)C(C)S,272.542,791.71,12.09,1131.85,0.864
C17H36S,4-methyl-2-hexadecanethiol,CCCCCCCCCCCCC(C)CC(C)S,272.542,791.71,12.09,1131.85,0.864
C17H36S,5-methyl-2-hexadecanethiol,CCCCCCCCCCCC(C)CCC(C)S,272.542,791.71,12.09,1131.85,0.864
C17H36S,6-methyl-2-hexadecanethiol,CCCCCCCCCCC(C)CCCC(C)S,272.542,791.71,12.09,1131.85,0.864
C17H36S,7-methyl-2-hexadecanethiol,CCCCCCCCCC(C)CCCCC(C)S,272.542,791.71,12.09,1131.85,0.864
C17H36S,8-methyl-2-hexadecanethiol,CCCCCCCCC(C)CCCCCC(C)S,272.542,791.71,12.09,1131.85,0.864
C17H36S,9-methyl-2-hexadecanethiol,CCCCCCCC(C)CCCCCCC(C)S,272.542,791.71,12.09,1131.85,0.864
C17H36S,10-methyl-2-hexadecanethiol,CCCCCCC(C)CCCCCCCC(C)S,272.542,791.71,12.09,1131.85,0.864
C17H36S,11-methyl-2-hexadecanethiol,CCCCCC(C)CCCCCCCCC(C)S,272.542,791.71,12.09,1131.85,0.864
C17H36S,12-methyl-2-hexadecanethiol,CCCCC(C)CCCCCCCCCC(C)S,272.542,791.71,12.09,1131.85,0.864
C17H36S,13-methyl-2-hexadecanethiol,CCCC(C)CCCCCCCCCCC(C)S,272.542,791.71,12.09,1131.85,0.864
C17H36S,14-methyl-2-hexadecanethiol,CCC(C)CCCCCCCCCCCC(C)S,272.542,791.71,12.09,1131.85,0.864
C17H36S,15-methyl-2-hexadecanethiol,CC(C)CCCCCCCCCCCCC(C)S,272.542,791.71,12.09,1131.85,0.864
C17H36S,2-thiaoctadecane,CCCCCCCCCCCCCCCCSC,272.542,791.71,12.09,1131.85,0.864
C17H36S,3-thiaoctadecane,CCCCCCCCCCCCCCCSCC,272.542,791.71,12.09,1131.85,0.864
C17H36S,4-thiaoctadecane,CCCCCCCCCCCCCCSCCC,272.542,791.71,12.09,1131.85,0.864
C17H36S,5-thiaoctadecane,CCCCCCCCCCCCCSCCCC,272.542,791.71,12.09,1131.85,0.864
C17H36S,6-thiaoctadecane,CCCCCCCCCCCCSCCCCC,272.542,791.71,12.09,1131.85,0.864
C17H36S,7-thiaoctadecane,CCCCCCCCCCCSCCCCCC,272.542,791.71,12.09,1131.85,0.864
C17H36S,8-thiaoctadecane,CCCCCCCCCCSCCCCCCC,272.542,791.71,12.09,1131.85,0.864
C17H36S,9-thiaoctadecane,CCCCCCCCCSCCCCCCCC,272.542,791.71,12.09,1131.85,0.864
C17H36S,3-methyl-2-thiaheptadecane,CCCCCCCCCCCCCCC(C)SC,272.542,791.71,12.09,1131.85,0.864
C17H36S,4-methyl-2-thiaheptadecane,CCCCCCCCCCCCCC(C)CSC,272.542,791.71,12.09,1131.85,0.864
C17H36S,5-methyl-2-thiaheptadecane,CCCCCCCCCCCCC(C)CCSC,272.542,791.71,12.09,1131.85,0.864
C17H36S,6-methyl-2-thiaheptadecane,CCCCCCCCCCCC(C)CCCSC,272.542,791.71,12.09,1131.85,0.864
C17H36S,7-methyl-2-thiaheptadecane,CCCCCCCCCCC(C)CCCCSC,272.542,791.71,12.09,1131.85,0.864
C17H36S,8-methyl-2-thiaheptadecane,CCCCCCCCCC(C)CCCCCSC,272.542,791.71,12.09,1131.85,0.864
C17H36S,9-methyl-2-thiaheptadecane,CCCCCCCCC(C)CCCCCCSC,272.542,791.71,12.09,1131.85,0.864
C17H36S,10-methyl-2-thiaheptadecane,CCCCCCCC(C)CCCCCCCSC,272.542,791.71,12.09,1131.85,0.864
C17H36S,2-methyl-3-thiaheptadecane,CCCCCCCCCCCCCCSC(C)C,272.542,791.71,12.09,1131.85,0.864
C17H36S,4-methyl-3-thiaheptadecane,CCCCCCCCCCCCCC(C)SCC,272.542,791.71,12.09,1131.85,0.864
C17H36S,5-methyl-3-thiaheptadecane,CCCCCCCCCCCCC(C)CSCC,272.542,791.71,12.09,1131.85,0.864
C17H36S,6-methyl-3-thiaheptadecane,CCCCCCCCCCCC(C)CCSCC,272.542,791.71,12.09,1131.85,0.864
C17H36S,7-methyl-3-thiaheptadecane,CCCCCCCCCCC(C)CCCSCC,272.542,791.71,12.09,1131.85,0.864
C17H36S,8-methyl-3-thiaheptadecane,CCCCCCCCCC(C)CCCCSCC,272.542,791.71,12.09,1131.85,0.864
C17H36S,9-methyl-3-thiaheptadecane,CCCCCCCCC(C)CCCCCSCC,272.542,791.71,12.09,1131.85,0.864
C17H36S,10-methyl-3-thiaheptadecane,CCCCCCCC(C)CCCCCCSCC,272.542,791.71,12.09,1131.85,0.864
C17H36S2,"1,17-heptadecanedithiol",SCCCCCCCCCCCCCCCCCS,304.609,904.09,12.95,1159.12,0.948
C17H36S2,"1,16-heptadecanedithiol",CC(S)CCCCCCCCCCCCCCCS,304.609,904.09,12.95,1159.12,0.948
C17H36S2,"1,15-heptadecanedithiol",CCC(S)CCCCCCCCCCCCCCS,304.609,904.09,12.95,1159.12,0.948
C17H36S2,"1,14-heptadecanedithiol",CCCC(S)CCCCCCCCCCCCCS,304.609,904.09,12.95,1159.12,0.948
C17H36S2,"1,12-heptadecanedithiol",CCCCCC(S)CCCCCCCCCCCS,304.609,904.09,12.95,1159.12,0.948
C17H36S2,"1,11-heptadecanedithiol",CCCCCCC(S)CCCCCCCCCCS,304.609,904.09,12.95,1159.12,0.948
C17H36S2,"1,10-heptadecanedithiol",CCCCCCCC(S)CCCCCCCCCS,304.609,904.09,12.95,1159.12,0.948
C17H36S2,"1,9-heptadecanedithiol",CCCCCCCCC(S)CCCCCCCCS,304.609,904.09,12.95,1159.12,0.948
C17H36S2,"1,8-heptadecanedithiol",CCCCCCCCCC(S)CCCCCCCS,304.609,904.09,12.95,1159.12,0.948
C17H36S2,"1,7-heptadecanedithiol",CCCCCCCCCCC(S)CCCCCCS,304.609,904.09,12.95,1159.12,0.948
C17H36S2,"1,6-heptadecanedithiol",CCCCCCCCCCCC(S)CCCCCS,304.609,904.09,12.95,1159.12,0.948
C17H36S2,"1,5-heptadecanedithiol",CCCCCCCCCCCCC(S)CCCCS,304.609,904.09,12.95,1159.12,0.948
C17H36S2,"1,4-heptadecanedithiol",CCCCCCCCCCCCCC(S)CCCS,304.609,904.09,12.95,1159.12,0.948
C17H36S2,"1,3-heptadecanedithiol",CCCCCCCCCCCCCCC(S)CCS,304.609,904.09,12.95,1159.12,0.948
C17H36S2,"1,2-heptadecanedithiol",CCCCCCCCCCCCCCCC(S)CS,304.609,904.09,12.95,1159.12,0.948
C17H36S2,"2,3-dithianonadecane",CCCCCCCCCCCCCCCCSSC,304.609,849.09,11.99,1176.6,0.948
C17H36S2,"3,4-dithianonadecane",CCCCCCCCCCCCCCCSSCC,304.609,849.09,11.99,1176.6,0.948
C17H36S2,"4,5-dithianonadecane",CCCCCCCCCCCCCCSSCCC,304.609,849.09,11.99,1176.6,0.948
C17H36S2,"5,6-dithianonadecane",CCCCCCCCCCCCCSSCCCC,304.609,849.09,11.99,1176.6,0.948
C17H36S2,"6,7-dithianonadecane",CCCCCCCCCCCCSSCCCCC,304.609,849.09,11.99,1176.6,0.948
C17H36S2,"7,8-dithianonadecane",CCCCCCCCCCCSSCCCCCC,304.609,849.09,11.99,1176.6,0.948
C17H36S2,"8,9-dithianonadecane",CCCCCCCCCCSSCCCCCCC,304.609,849.09,11.99,1176.6,0.948
C17H36S2,"10,11-dithianonadecane",CCCCCCCCCSSCCCCCCCC,304.609,849.09,11.99,1176.6,0.948
C17H36S2,"2,4-dithianonadecane",CCCCCCCCCCCCCCCSCSC,304.609,849.09,11.99,1176.6,0.948
C17H36S2,"3,5-dithianonadecane",CCCCCCCCCCCCCCSCSCC,304.609,849.09,11.99,1176.6,0.948
C17H36S2,"4,6-dithianonadecane",CCCCCCCCCCCCCSCSCCC,304.609,849.09,11.99,1176.6,0.948
C17H36S2,"5,7-dithianonadecane",CCCCCCCCCCCCSCSCCCC,304.609,849.09,11.99,1176.6,0.948
C17H36S2,"6,8-dithianonadecane",CCCCCCCCCCCSCSCCCCC,304.609,849.09,11.99,1176.6,0.948
C17H36S2,"7,9-dithianonadecane",CCCCCCCCCCSCSCCCCCC,304.609,849.09,11.99,1176.6,0.948
C17H36S2,"8,10-dithianonadecane",CCCCCCCCCSCSCCCCCCC,304.609,849.09,11.99,1176.6,0.948
C17H36S2,"9,11-dithianonadecane",CCCCCCCCSCSCCCCCCCC,304.609,849.09,11.99,1176.6,0.948
C17H37N,heptadecylamine,CCCCCCCCCCCCCCCCCN,255.49,819.48,14.21,1030.22,0.866
C17H37N,methylhexadecylamine,CCCCCCCCCCCCCCCCNC,255.49,779.48,12.53,1111.27,0.866
C17H37N,ethylpentadecylamine,CCCCCCCCCCCCCCCNCC,255.49,779.48,12.53,1111.27,0.866
C17H37N,dimethylpentadecylamine,CCCCCCCCCCCCCCCN(C)C,255.49,779.48,12.27,1134.66,0.866
C17H37N,diethyltridecylamine,CCCCCCCCCCCCCN(CC)CC,255.49,779.48,12.27,1134.66,0.866
C17H37N,methyldioctylamine,CCCCCCCCN(C)CCCCCCCC,255.49,779.48,12.27,1134.66,0.866
C18H12,chrysene,c1ccc2c(c1)ccc1c3ccccc3ccc21,228.294,979,24.42,749.09,0.736
C18H12,benz[a]anthracene,c1ccc2cc3c(ccc4ccccc43)cc2c1,228.294,979,26.4,692.96,0.736
C18H12,naphthacene,c1ccc2cc3cc4ccccc4cc3cc2c1,228.294,987,26.73,690,0.736
C18H14,"2,3-dimethylfluoranthene",Cc1cc2c3c(cccc3c1C)-c1ccccc1-2,230.31,979.84,21.3,857.59,0.742
C18H14,"7,8-dimethylfluoranthene",Cc1ccc2c(c1C)-c1cccc3cccc-2c13,230.31,979.84,21.3,857.59,0.742
C18H14,"8,9-dimethylfluoranthene",Cc1cc2c(cc1C)-c1cccc3cccc-2c13,230.31,979.84,21.3,857.59,0.742
C18H15P,triphenylphosphine,c1ccc(P(c2ccccc2)c2ccccc2)cc1,262.292,1008,78.4,554,0.452
C18H16N2,"N,N'-diphenyl-p-phenylenediamine",c1ccc(Nc2ccc(Nc3ccccc3)cc2)cc1,260.34,1017,22.1,817,0.88
C18H18,1-methyl-7-isopropylphenanthrene,Cc1cccc2c1ccc1cc(C(C)C)ccc12,234.342,971.24,17.78,1013.15,0.754
C18H18,2-(tert-butyl)anthracene,CC(C)(C)c1ccc2cc3ccccc3cc2c1,234.342,971.24,17.78,1013.15,0.754
C18H18,"2,3,9,10-tetramethylanthracene",Cc1cc2c(C)c3ccccc3c(C)c2cc1C,234.342,971.24,17.78,1013.15,0.754
C18H18,1:2:3:4-tetramethylphenanthrene,Cc1c(C)c(C)c2c(ccc3ccccc32)c1C,234.342,971.24,17.78,1013.15,0.754
C18H20,"1,1-diphenyl-1-hexene",CCCCC=C(c1ccccc1)c1ccccc1,236.358,851.26,18.69,842.47,0.76
C18H20,"2,4-diphenyl-4-methyl-1-pentene",C=C(CC(C)(C)c1ccccc1)c1ccccc1,236.358,875.27,19.76,819.44,0.76
C18H22,"2,2',4,4',6,6'-hexamethyl-1,1'-biphenyl",Cc1cc(C)c(-c2c(C)cc(C)cc2C)c(C)c1,238.374,889.93,19.21,854.79,0.766
C18H22,"1,1-diphenylhexane",CCCCCC(c1ccccc1)c1ccccc1,238.374,849.93,17.28,907.62,0.766
C18H22,"2,3-dimethyl-2,3-diphenylbutane",CC(C)(c1ccccc1)C(C)(C)c1ccccc1,238.374,849.93,18,871.15,0.766
C18H22,4-hexylbiphenyl,CCCCCCc1ccc(-c2ccccc2)cc1,238.374,889.93,18.38,893.49,0.766
C18H22O2,dicumyl peroxide,CC(C)(OOC(C)(C)c1ccccc1)c1ccccc1,270.372,884,17.35,873,1.168
C18H24,1-octylnaphthalene,CCCCCCCCc1cccc2ccccc12,240.39,907.28,16.59,1006.58,0.772
C18H24,2-octylnaphthalene,CCCCCCCCc1ccc2ccccc2c1,240.39,907.28,16.36,1020.73,0.772
C18H24,"2,6-bis(1,1-dimethylethyl)-naphthalene",CC(C)(C)c1ccc2cc(C(C)(C)C)ccc2c1,240.39,907.28,15.89,1051.08,0.772
C18H28,"1-octyl-[1,2,3,4-tetrahydronaphthalene]",CCCCCCCCC1CCCc2ccccc21,244.422,871.94,16.89,945.5,0.784
C18H28,"2-octyl-[1,2,3,4-tetrahydronaphthalene]",CCCCCCCCC1CCc2ccccc2C1,244.422,871.94,16.89,945.5,0.784
C18H30,dodecylbenzene,CCCCCCCCCCCCc1ccccc1,246.438,834.26,14.38,1060.12,0.79
C18H30,hexaethylbenzene,CCc1c(CC)c(CC)c(CC)c(CC)c1CC,246.438,834.26,14,1088.52,0.79
C18H30,"1,2,4,5-tetraisopropylbenzene",CC(C)c1cc(C(C)C)c(C(C)C)cc1C(C)C,246.438,834.26,12.55,1214.63,0.79
C18H30,"7,11-octadecadiyne",CCCCCCC#CCCC#CCCCCCC,246.438,874.52,15.97,1000.67,0.79
C18H30,"1,3,5-tri-tert-butylbenzene",CC(C)(C)c1cc(C(C)(C)C)cc(C(C)(C)C)c1,246.438,834.26,14.39,1059.28,0.79
C18H30,"1,2,4-tri-tert-butylbenzene",CC(C)(C)c1ccc(C(C)(C)C)c(C(C)(C)C)c1,246.438,834.26,14.39,1059.28,0.79
C18H30O,"2,4,6-tri-tert-butylphenol",CC(C)(C)c1cc(C(C)(C)C)c(O)c(C(C)(C)C)c1,262.437,887.62,14.7,1044.75,1.146
C18H30O,"4-sec-butyl-2,6-di-tert-butylphenol",CCC(C)c1cc(C(C)(C)C)c(O)c(C(C)(C)C)c1,262.437,887.62,15.48,992.15,1.146
C18H30O,4-dodecylphenol,CCCCCCCCCCCCc1ccc(O)cc1,262.437,887.62,16.47,932.31,1.146
C18H30O2,linolenic acid,CC/C=C\C/C=C\C/C=C\CCCCCCCC(=O)O,278.436,780,12.36,1070,1.19
C18H31N,4-dodecylaniline,CCCCCCCCCCCCc1ccc(N)cc1,261.453,938.07,14.44,1151.32,0.883
C18H32O2,linoleic acid,CCCCC/C=C\C/C=C\CCCCCCCC(=O)O,280.452,775,13.24,990,1.195
C18H32S,2-tetradecylthiophene,CCCCCCCCCCCCCCc1cccs1,280.521,823.73,12.82,1099.58,0.885
C18H32S,3-tetradecylthiophene,CCCCCCCCCCCCCCc1ccsc1,280.521,823.73,12.82,1099.58,0.885
C18H32S,2-isotetradecylthiophene,CC(C)CCCCCCCCCCCc1cccs1,280.521,823.73,12.82,1099.58,0.885
C18H32S,3-isotetradecylthiophene,CC(C)CCCCCCCCCCCc1ccsc1,280.521,823.73,12.82,1099.58,0.885
C18H32S,2-sec-tetradecylthiophene,CCCCCCCCCCCCC(C)c1cccs1,280.521,823.73,12.82,1099.58,0.885
C18H32S,3-sec-tetradecylthiophene,CCCCCCCCCCCCC(C)c1ccsc1,280.521,823.73,12.82,1099.58,0.885
C18H32S,2-(2-methyltridec-2-yl)thiophene,CCCCCCCCCCCC(C)(C)c1cccs1,280.521,823.73,12.82,1099.58,0.885
C18H32S,3-(2-methyltridec-2-yl)thiophene,CCCCCCCCCCCC(C)(C)c1ccsc1,280.521,823.73,12.82,1099.58,0.885
C18H32S,2-methyl-3-tridecylthiophene,CCCCCCCCCCCCCc1ccsc1C,280.521,823.73,12.82,1099.58,0.885
C18H32S,2-methyl-4-tridecyl thiophene,CCCCCCCCCCCCCc1csc(C)c1,280.521,823.73,12.82,1099.58,0.885
C18H32S,2-methyl-5-tridecyl thiophene,CCCCCCCCCCCCCc1ccc(C)s1,280.521,823.73,12.82,1099.58,0.885
C18H32S,3-methyl-2-tridecylthiophene,CCCCCCCCCCCCCc1sccc1C,280.521,823.73,12.82,1099.58,0.885
C18H32S,3-methyl-4-tridecyl thiophene,CCCCCCCCCCCCCc1cscc1C,280.521,823.73,12.82,1099.58,0.885
C18H32S,3-methyl-5-tridecylthiophene,CCCCCCCCCCCCCc1cc(C)cs1,280.521,823.73,12.82,1099.58,0.885
C18H33N,cis-9-octadecenenitrile,CCCCCCCC/C=C\CCCCCCCC#N,263.469,908.28,13.01,1234.27,0.889
C18H34,1-octadecyne,C#CCCCCCCCCCCCCCCCC,250.47,783.84,13.2,1079.37,0.802
C18H34,2-octadecyne,CC#CCCCCCCCCCCCCCCC,250.47,783.84,13.18,1080.82,0.802
C18H34,3-octadecyne,CCC#CCCCCCCCCCCCCCC,250.47,783.84,13.06,1091,0.802
C18H34,9-octadecyne,CCCCCCCCC#CCCCCCCCC,250.47,783.84,13.18,1081.47,0.802
C18H34,"1,1-dicyclohexylhexane",CCCCCC(C1CCCCC1)C1CCCCC1,250.47,823.84,14.83,1009.8,0.802
C18H34,1-tridecylcyclopentene,CCCCCCCCCCCCCC1=CCCC1,250.47,798.84,13.65,1063.66,0.802
C18H34O,2-octadecenal,CCCCCCCCCCCCCCCC=CC=O,266.469,861.28,12.23,1212.52,1.157
C18H34O,9-octadecenal,CCCCCCCCC=CCCCCCCCC=O,266.469,861.28,12.3,1205.08,1.157
C18H34O,cis-9-octadecenal,CCCCCCCC/C=C\CCCCCCCC=O,266.469,861.28,12.3,1205.08,1.157
C18H34O2,trans-2-octadecenoic acid,CCCCCCCCCCCCCCC/C=C/C(=O)O,282.468,875.42,10.54,1402.3,1.201
C18H34O2,cis-6-octadecenoic acid,CCCCCCCCCCC/C=C\CCCCC(=O)O,282.468,875.42,11.23,1315.95,1.201
C18H34O2,trans-6-octadecenoic acid,CCCCCCCCCCC/C=C/CCCCC(=O)O,282.468,875.42,10.83,1364.2,1.201
C18H34O2,oleic acid,CCCCCCCC/C=C\CCCCCCCC(=O)O,282.468,875.42,11.17,1323.12,1.201
C18H34O2,elaidic acid,CCCCCCCC/C=C/CCCCCCCC(=O)O,282.468,875.42,10.66,1385.82,1.201
C18H34O2,cis-11-octadecenoic acid,CCCCCC/C=C\CCCCCCCCCC(=O)O,282.468,875.42,11.23,1315.95,1.201
C18H34O2,trans-11-octadecenoic acid,CCCCCC/C=C/CCCCCCCCCC(=O)O,282.468,875.42,10.65,1386.79,1.201
C18H34O4,dibutyl sebacate,CCCCOC(=O)CCCCCCCCC(=O)OCCCC,314.466,768,11.86,1050,1.282
C18H34O4,dihexyl adipate,CCCCCCOC(=O)CCCCC(=O)OCCCCCC,314.466,767,11.85,1050,1.282
C18H35Br,cis-1-bromo-1-octadecene,CCCCCCCCCCCCCCCC/C=C\Br,331.382,816.53,13.64,1169.51,0.993
C18H35Br,trans-1-bromo-1-octadecene,CCCCCCCCCCCCCCCC/C=C/Br,331.382,816.53,13.64,1169.51,0.993
C18H35Cl,cis-1-chloro-1-octadecene,CCCCCCCCCCCCCCCC/C=C\Cl,286.931,833.12,13.08,1171.75,0.592
C18H35Cl,trans-1-chloro-1-octadecene,CCCCCCCCCCCCCCCC/C=C/Cl,286.931,833.12,13.08,1171.75,0.592
C18H35Cl3,"1,1,1-trichlorooctadecane",CCCCCCCCCCCCCCCCCC(Cl)(Cl)Cl,357.837,820.45,9.77,1414.83,0.497
C18H35F,cis-1-fluoro-1-octadecene,CCCCCCCCCCCCCCCC/C=C\F,270.476,725.85,13.65,975.83,0.367
C18H35F,trans-1-fluoro-1-octadecene,CCCCCCCCCCCCCCCC/C=C/F,270.476,725.85,13.65,975.83,0.367
C18H35F3,"1,1,1-trifluorooctadecane",CCCCCCCCCCCCCCCCCC(F)(F)F,308.472,669.7,10.27,1142.06,0.458
C18H35N,octadecanenitrile,CCCCCCCCCCCCCCCCCC#N,265.485,915.47,12.7,1271.69,0.895
C18H36,1-octadecene,C=CCCCCCCCCCCCCCCCC,252.486,771.11,12.5,1119.02,0.808
C18H36,9-octadecene,CCCCCCCCC=CCCCCCCCC,252.486,771.11,12.62,1107.83,0.808
C18H36,2-methyl-1-heptadecene,C=C(C)CCCCCCCCCCCCCCC,252.486,771.11,12.55,1114.42,0.808
C18H36,tridecylcyclopentane,CCCCCCCCCCCCCC1CCCC1,252.486,796.11,13.47,1071.35,0.808
C18H36,dodecylcyclohexane,CCCCCCCCCCCCC1CCCCC1,252.486,801.11,12.81,1133.93,0.808
C18H36,cyclooctadecane,C1CCCCCCCCCCCCCCCCC1,252.486,824.69,16.96,881.5,0.808
C18H36Br2,"1,1-dibromooctadecane",CCCCCCCCCCCCCCCCCC(Br)Br,412.294,866.06,11.76,1301.41,0.801
C18H36Cl2,"1,1-dichlorooctadecane",CCCCCCCCCCCCCCCCCC(Cl)Cl,323.392,849.04,12.03,1240.95,0.592
C18H36F2,"1,1-difluorooctadecane",CCCCCCCCCCCCCCCCCC(F)F,290.482,746.75,13.4,998.12,0.488
C18H36O,octadecanal,CCCCCCCCCCCCCCCCCC=O,268.485,802.09,11.51,1196.64,1.163
C18H36O,16-methylheptadecanal,CC(C)CCCCCCCCCCCCCCC=O,268.485,802.09,11.51,1196.64,1.163
C18H36O,2-octadecanone,CCCCCCCCCCCCCCCCC(C)=O,268.485,793.09,11.8,1154.22,1.163
C18H36O,3-octadecanone,CCCCCCCCCCCCCCCC(=O)CC,268.485,793.09,11.8,1154.22,1.163
C18H36O,5-octadecanone,CCCCCCCCCCCCCC(=O)CCCC,268.485,793.09,11.8,1154.22,1.163
C18H36O,cis-9-octadecen-1-ol,CCCCCCCC/C=C\CCCCCCCCO,268.485,833.09,12.46,1148.18,1.163
C18H36O,trans-9-octadecen-1-ol,CCCCCCCC/C=C/CCCCCCCCO,268.485,833.09,12.42,1151.44,1.163
C18H36O2,octadecanoic acid,CCCCCCCCCCCCCCCCCC(=O)O,284.484,847.16,10.78,1322.53,1.206
C18H36O2,2-methylheptadecanoic acid,CCCCCCCCCCCCCCCC(C)C(=O)O,284.484,847.16,11.34,1257.57,1.206
C18H36O2,3-methylheptadecanoic acid,CCCCCCCCCCCCCCC(C)CC(=O)O,284.484,847.16,11.34,1257.57,1.206
C18H36O2,16-methylheptadecanoic acid,CC(C)CCCCCCCCCCCCCCC(=O)O,284.484,847.16,11.34,1257.57,1.206
C18H36O2,2-ethylhexadecanoic acid,CCCCCCCCCCCCCCC(CC)C(=O)O,284.484,847.16,11.34,1257.57,1.206
C18H36O2,2-octyldecanoic acid,CCCCCCCCC(CCCCCCCC)C(=O)O,284.484,847.16,11.34,1257.57,1.206
C18H36O2,heptadecyl formate,CCCCCCCCCCCCCCCCCOC=O,284.484,757.16,10.62,1199.92,1.206
C18H36O2,hexadecyl acetate,CCCCCCCCCCCCCCCCOC(C)=O,284.484,757.16,10.62,1199.92,1.206
C18H36O2,pentadecyl propanoate,CCCCCCCCCCCCCCCOC(=O)CC,284.484,757.16,10.62,1199.92,1.206
C18H36O2,tetradecyl butanoate,CCCCCCCCCCCCCCOC(=O)CCC,284.484,757.16,10.62,1199.92,1.206
C18H36O2,butyl myristate,CCCCCCCCCCCCCC(=O)OCCCC,284.484,757.16,10.62,1199.92,1.206
C18H36O2,ethyl palmitate,CCCCCCCCCCCCCCCC(=O)OCC,284.484,757.16,10.58,1205.18,1.206
C18H36O2,methyl heptadecanoate,CCCCCCCCCCCCCCCCC(=O)OC,284.484,757.16,10.62,1199.92,1.206
C18H36S,thiacyclononadecane,C1CCCCCCCCCSCCCCCCCC1,284.553,859.18,15.91,919.5,0.896
C18H37Br,1-bromooctadecane,CCCCCCCCCCCCCCCCCCBr,333.398,798.4,12.41,1254.03,0.998
C18H37Cl,1-chlorooctadecane,CCCCCCCCCCCCCCCCCCCl,288.947,815.18,12.19,1227.32,0.595
C18H37F,1-fluorooctadecane,CCCCCCCCCCCCCCCCCCF,272.492,768.01,14.07,999.55,0.438
C18H37NO2,1-nitrooctadecane,CCCCCCCCCCCCCCCCCC[N+](=O)[O-],299.499,955.84,10.1,1599.39,0.985
C18H38,octadecane,CCCCCCCCCCCCCCCCCC,254.502,,,1043.41,0.814
C18H38,2-methylheptadecane,CCCCCCCCCCCCCCCC(C)C,254.502,758.37,13.13,1044.54,0.814
C18H38,3-methylheptadecane,CCCCCCCCCCCCCCC(C)CC,254.502,758.37,13.24,1036.04,0.814
C18H38,4-methylheptadecane,CCCCCCCCCCCCCC(C)CCC,254.502,758.37,13.2,1039.13,0.814
C18H38,5-methylheptadecane,CCCCCCCCCCCCC(C)CCCC,254.502,758.37,13.21,1038.54,0.814
C18H38,9-methylheptadecane,CCCCCCCCC(C)CCCCCCCC,254.502,758.37,13.23,1036.68,0.814
C18H38,"2,2-dimethylhexadecane",CCCCCCCCCCCCCCC(C)(C)C,254.502,758.37,13.13,1045.02,0.814
C18H38,"2,3-dimethylhexadecane",CCCCCCCCCCCCCC(C)C(C)C,254.502,758.37,13.44,1020.51,0.814
C18H38,"2,4-dimethylhexadecane",CCCCCCCCCCCCC(C)CC(C)C,254.502,758.37,13.25,1035.25,0.814
C18H38,"4,9-dipropyldodecane",CCCC(CCC)CCCCC(CCC)CCC,254.502,758.37,13.05,1050.92,0.814
C18H38,"2,4,6-trimethylpentadecane",CCCCCCCCCC(C)CC(C)CC(C)C,254.502,758.37,12.8,1071.97,0.814
C18H38,"2,2,5,5-tetramethyl-3,4-di-tert-butylhexane",CC(C)(C)C(C(C(C)(C)C)C(C)(C)C)C(C)(C)C,254.502,758.37,13.28,1033.19,0.814
C18H38O,1-octadecanol,CCCCCCCCCCCCCCCCCCO,270.501,799.9,10.96,1249.9,1.168
C18H38O,2-octadecanol,CCCCCCCCCCCCCCCCC(C)O,270.501,799.9,11.53,1188.3,1.168
C18H38O,3-octadecanol,CCCCCCCCCCCCCCCC(O)CC,270.501,799.9,10.53,1300.84,1.168
C18H38O,5-octadecanol,CCCCCCCCCCCCCC(O)CCCC,270.501,799.9,11.53,1188.3,1.168
C18H38O,dinonyl ether,CCCCCCCCCOCCCCCCCCC,270.501,729.9,10.9,1147.38,1.168
C18H38O2,"1,2-octadecanediol",CCCCCCCCCCCCCCCCC(O)CO,286.5,968.89,11.42,1425.1,1.211
C18H38O2,"1,18-octadecanediol",OCCCCCCCCCCCCCCCCCCO,286.5,968.89,11.42,1425.1,1.211
C18H38S,1-octadecanethiol,CCCCCCCCCCCCCCCCCCS,286.569,803.95,11.43,1194.94,0.901
C18H38S,2-octadecanethiol,CCCCCCCCCCCCCCCCC(C)S,286.569,803.95,11.43,1194.94,0.901
C18H38S,3-octadecanethiol,CCCCCCCCCCCCCCCC(S)CC,286.569,803.95,11.43,1194.94,0.901
C18H38S,4-octadecanethiol,CCCCCCCCCCCCCCC(S)CCC,286.569,803.95,11.43,1194.94,0.901
C18H38S,5-octadecanethiol,CCCCCCCCCCCCCC(S)CCCC,286.569,803.95,11.43,1194.94,0.901
C18H38S,6-octadecanethiol,CCCCCCCCCCCCC(S)CCCCC,286.569,803.95,11.43,1194.94,0.901
C18H38S,7-octadecanethiol,CCCCCCCCCCCC(S)CCCCCC,286.569,803.95,11.43,1194.94,0.901
C18H38S,8-octadecanethiol,CCCCCCCCCCC(S)CCCCCCC,286.569,803.95,11.43,1194.94,0.901
C18H38S,9-octadecanethiol,CCCCCCCCCC(S)CCCCCCCC,286.569,803.95,11.43,1194.94,0.901
C18H38S,2-methyl-1-heptadecanethiol,CCCCCCCCCCCCCCCC(C)CS,286.569,803.95,11.43,1194.94,0.901
C18H38S,3-methyl-1-heptadecanethiol,CCCCCCCCCCCCCCC(C)CCS,286.569,803.95,11.43,1194.94,0.901
C18H38S,4-methyl-1-heptadecanethiol,CCCCCCCCCCCCCC(C)CCCS,286.569,803.95,11.43,1194.94,0.901
C18H38S,5-methyl-1-heptadecanethiol,CCCCCCCCCCCCC(C)CCCCS,286.569,803.95,11.43,1194.94,0.901
C18H38S,6-methyl-1-heptadecanethiol,CCCCCCCCCCCC(C)CCCCCS,286.569,803.95,11.43,1194.94,0.901
C18H38S,7-methyl-1-heptadecanethiol,CCCCCCCCCCC(C)CCCCCCS,286.569,803.95,11.43,1194.94,0.901
C18H38S,8-methyl-1-heptadecanethiol,CCCCCCCCCC(C)CCCCCCCS,286.569,803.95,11.43,1194.94,0.901
C18H38S,9-methyl-1-heptadecanethiol,CCCCCCCCC(C)CCCCCCCCS,286.569,803.95,11.43,1194.94,0.901
C18H38S,10-methyl-1-heptadecanethiol,CCCCCCCC(C)CCCCCCCCCS,286.569,803.95,11.43,1194.94,0.901
C18H38S,11-methyl-1-heptadecanethiol,CCCCCCC(C)CCCCCCCCCCS,286.569,803.95,11.43,1194.94,0.901
C18H38S,12-methyl-1-heptadecanethiol,CCCCCC(C)CCCCCCCCCCCS,286.569,803.95,11.43,1194.94,0.901
C18H38S,13-methyl-1-heptadecanethiol,CCCCC(C)CCCCCCCCCCCCS,286.569,803.95,11.43,1194.94,0.901
C18H38S,14-methyl-1-heptadecanethiol,CCCC(C)CCCCCCCCCCCCCS,286.569,803.95,11.43,1194.94,0.901
C18H38S,15-methyl-1-heptadecanethiol,CCC(C)CCCCCCCCCCCCCCS,286.569,803.95,11.43,1194.94,0.901
C18H38S,16-methyl-1-heptadecanethiol,CC(C)CCCCCCCCCCCCCCCS,286.569,803.95,11.43,1194.94,0.901
C18H38S,2-methyl-2-heptadecanethiol,CCCCCCCCCCCCCCCC(C)(C)S,286.569,803.95,11.43,1194.94,0.901
C18H38S,3-methyl-2-heptadecanethiol,CCCCCCCCCCCCCCC(C)C(C)S,286.569,803.95,11.43,1194.94,0.901
C18H38S,4-methyl-2-heptadecanethiol,CCCCCCCCCCCCCC(C)CC(C)S,286.569,803.95,11.43,1194.94,0.901
C18H38S,5-methyl-2-heptadecanethiol,CCCCCCCCCCCCC(C)CCC(C)S,286.569,803.95,11.43,1194.94,0.901
C18H38S,6-methyl-2-heptadecanethiol,CCCCCCCCCCCC(C)CCCC(C)S,286.569,803.95,11.43,1194.94,0.901
C18H38S,7-methyl-2-heptadecanethiol,CCCCCCCCCCC(C)CCCCC(C)S,286.569,803.95,11.43,1194.94,0.901
C18H38S,8-methyl-2-heptadecanethiol,CCCCCCCCCC(C)CCCCCC(C)S,286.569,803.95,11.43,1194.94,0.901
C18H38S,9-methyl-2-heptadecanethiol,CCCCCCCCC(C)CCCCCCC(C)S,286.569,803.95,11.43,1194.94,0.901
C18H38S,10-methyl-2-heptadecanethiol,CCCCCCCC(C)CCCCCCCC(C)S,286.569,803.95,11.43,1194.94,0.901
C18H38S,11-methyl-2-heptadecanethiol,CCCCCCC(C)CCCCCCCCC(C)S,286.569,803.95,11.43,1194.94,0.901
C18H38S,12-methyl-2-heptadecanethiol,CCCCCC(C)CCCCCCCCCC(C)S,286.569,803.95,11.43,1194.94,0.901
C18H38S,13-methyl-2-heptadecanethiol,CCCCC(C)CCCCCCCCCCC(C)S,286.569,803.95,11.43,1194.94,0.901
C18H38S,14-methyl-2-heptadecanethiol,CCCC(C)CCCCCCCCCCCC(C)S,286.569,803.95,11.43,1194.94,0.901
C18H38S,15-methyl-2-heptadecanethiol,CCC(C)CCCCCCCCCCCCC(C)S,286.569,803.95,11.43,1194.94,0.901
C18H38S,16-methyl-2-heptadecanethiol,CC(C)CCCCCCCCCCCCCC(C)S,286.569,803.95,11.43,1194.94,0.901
C18H38S,2-thianonadecane,CCCCCCCCCCCCCCCCCSC,286.569,803.95,11.43,1194.94,0.901
C18H38S,3-thianonadecane,CCCCCCCCCCCCCCCCSCC,286.569,803.95,11.43,1194.94,0.901
C18H38S,4-thianonadecane,CCCCCCCCCCCCCCCSCCC,286.569,803.95,11.43,1194.94,0.901
C18H38S,5-thianonadecane,CCCCCCCCCCCCCCSCCCC,286.569,803.95,11.43,1194.94,0.901
C18H38S,6-thianonadecane,CCCCCCCCCCCCCSCCCCC,286.569,803.95,11.43,1194.94,0.901
C18H38S,7-thianonadecane,CCCCCCCCCCCCSCCCCCC,286.569,803.95,11.43,1194.94,0.901
C18H38S,8-thianonadecane,CCCCCCCCCCCSCCCCCCC,286.569,803.95,11.43,1194.94,0.901
C18H38S,9-thianonadecane,CCCCCCCCCCSCCCCCCCC,286.569,803.95,11.43,1194.94,0.901
C18H38S,10-thianonadecane,CCCCCCCCCSCCCCCCCCC,286.569,803.95,11.43,1194.94,0.901
C18H38S,3-methyl-2-thiaoctadecane,CCCCCCCCCCCCCCCC(C)SC,286.569,803.95,11.43,1194.94,0.901
C18H38S,4-methyl-2-thiaoctadecane,CCCCCCCCCCCCCCC(C)CSC,286.569,803.95,11.43,1194.94,0.901
C18H38S,5-methyl-2-thiaoctadecane,CCCCCCCCCCCCCC(C)CCSC,286.569,803.95,11.43,1194.94,0.901
C18H38S,6-methyl-2-thiaoctadecane,CCCCCCCCCCCCC(C)CCCSC,286.569,803.95,11.43,1194.94,0.901
C18H38S,7-methyl-2-thiaoctadecane,CCCCCCCCCCCC(C)CCCCSC,286.569,803.95,11.43,1194.94,0.901
C18H38S,8-methyl-2-thiaoctadecane,CCCCCCCCCCC(C)CCCCCSC,286.569,803.95,11.43,1194.94,0.901
C18H38S,9-methyl-2-thiaoctadecane,CCCCCCCCCC(C)CCCCCCSC,286.569,803.95,11.43,1194.94,0.901
C18H38S,10-methyl-2-thiaoctadecane,CCCCCCCCC(C)CCCCCCCSC,286.569,803.95,11.43,1194.94,0.901
C18H38S,11-methyl-2-thiaoctadecane,CCCCCCCC(C)CCCCCCCCSC,286.569,803.95,11.43,1194.94,0.901
C18H38S,2-methyl-3-thiaoctadecane,CCCCCCCCCCCCCCCSC(C)C,286.569,803.95,11.43,1194.94,0.901
C18H38S,4-methyl-3-thiaoctadecane,CCCCCCCCCCCCCCC(C)SCC,286.569,803.95,11.43,1194.94,0.901
C18H38S,5-methyl-3-thiaoctadecane,CCCCCCCCCCCCCC(C)CSCC,286.569,803.95,11.43,1194.94,0.901
C18H38S,6-methyl-3-thiaoctadecane,CCCCCCCCCCCCC(C)CCSCC,286.569,803.95,11.43,1194.94,0.901
C18H38S,7-methyl-3-thiaoctadecane,CCCCCCCCCCCC(C)CCCSCC,286.569,803.95,11.43,1194.94,0.901
C18H38S,8-methyl-3-thiaoctadecane,CCCCCCCCCCC(C)CCCCSCC,286.569,803.95,11.43,1194.94,0.901
C18H38S,9-methyl-3-thiaoctadecane,CCCCCCCCCC(C)CCCCCSCC,286.569,803.95,11.43,1194.94,0.901
C18H38S,10-methyl-3-thiaoctadecane,CCCCCCCCC(C)CCCCCCSCC,286.569,803.95,11.43,1194.94,0.901
C18H38S,11-methyl-3-thiaoctadecane,CCCCCCCC(C)CCCCCCCSCC,286.569,803.95,11.43,1194.94,0.901
C18H38S2,"1,18-octadecanedithiol",SCCCCCCCCCCCCCCCCCCS,318.636,915.43,12.2,1224.96,0.983
C18H38S2,"1,17-octadecanedithiol",CC(S)CCCCCCCCCCCCCCCCS,318.636,915.43,12.2,1224.96,0.983
C18H38S2,"1,16-octadecanedithiol",CCC(S)CCCCCCCCCCCCCCCS,318.636,915.43,12.2,1224.96,0.983
C18H38S2,"1,15-octadecanedithiol",CCCC(S)CCCCCCCCCCCCCCS,318.636,915.43,12.2,1224.96,0.983
C18H38S2,"1,14-octadecanedithiol",CCCCC(S)CCCCCCCCCCCCCS,318.636,915.43,12.2,1224.96,0.983
C18H38S2,"1,12-octadecanedithiol",CCCCCCC(S)CCCCCCCCCCCS,318.636,915.43,12.2,1224.96,0.983
C18H38S2,"1,11-octadecanedithiol",CCCCCCCC(S)CCCCCCCCCCS,318.636,915.43,12.2,1224.96,0.983
C18H38S2,"1,10-octadecanedithiol",CCCCCCCCC(S)CCCCCCCCCS,318.636,915.43,12.2,1224.96,0.983
C18H38S2,"1,9-octadecanedithiol",CCCCCCCCCC(S)CCCCCCCCS,318.636,915.43,12.2,1224.96,0.983
C18H38S2,"1,8-octadecanedithiol",CCCCCCCCCCC(S)CCCCCCCS,318.636,915.43,12.2,1224.96,0.983
C18H38S2,"1,7-octadecanedithiol",CCCCCCCCCCCC(S)CCCCCCS,318.636,915.43,12.2,1224.96,0.983
C18H38S2,"1,6-octadecanedithiol",CCCCCCCCCCCCC(S)CCCCCS,318.636,915.43,12.2,1224.96,0.983
C18H38S2,"1,5-octadecanedithiol",CCCCCCCCCCCCCC(S)CCCCS,318.636,915.43,12.2,1224.96,0.983
C18H38S2,"1,4-octadecanedithiol",CCCCCCCCCCCCCCC(S)CCCS,318.636,915.43,12.2,1224.96,0.983
C18H38S2,"1,3-octadecanedithiol",CCCCCCCCCCCCCCCC(S)CCS,318.636,915.43,12.2,1224.96,0.983
C18H38S2,"1,2-octadecanedithiol",CCCCCCCCCCCCCCCCC(S)CS,318.636,915.43,12.2,1224.96,0.983
C18H38S2,"2,3-dithiaeicosane",CCCCCCCCCCCCCCCCCSSC,318.636,860.43,11.3,1242.6,0.983
C18H38S2,"3,4-dithiaeicosane",CCCCCCCCCCCCCCCCSSCC,318.636,860.43,11.3,1242.6,0.983
C18H38S2,"4,5-dithiaeicosane",CCCCCCCCCCCCCCCSSCCC,318.636,860.43,11.3,1242.6,0.983
C18H38S2,"5,6-dithiaeicosane",CCCCCCCCCCCCCCSSCCCC,318.636,860.43,11.3,1242.6,0.983
C18H38S2,"6,7-dithiaeicosane",CCCCCCCCCCCCCSSCCCCC,318.636,860.43,11.3,1242.6,0.983
C18H38S2,"7,8-dithiaeicosane",CCCCCCCCCCCCSSCCCCCC,318.636,860.43,11.3,1242.6,0.983
C18H38S2,"8,9-dithiaeicosane",CCCCCCCCCCCSSCCCCCCC,318.636,860.43,11.3,1242.6,0.983
C18H38S2,"9,10-dithiaeicosane",CCCCCCCCCCSSCCCCCCCC,318.636,860.43,11.3,1242.6,0.983
C18H38S2,"10,11-dithiaeicosane",CCCCCCCCCSSCCCCCCCCC,318.636,860.43,11.3,1242.6,0.983
C18H38S2,"2,4-dithiaeicosane",CCCCCCCCCCCCCCCCSCSC,318.636,860.43,11.3,1242.6,0.983
C18H38S2,"3,5-dithiaeicosane",CCCCCCCCCCCCCCCSCSCC,318.636,860.43,11.3,1242.6,0.983
C18H38S2,"4,6-dithiaeicosane",CCCCCCCCCCCCCCSCSCCC,318.636,860.43,11.3,1242.6,0.983
C18H38S2,"5,7-dithiaeicosane",CCCCCCCCCCCCCSCSCCCC,318.636,860.43,11.3,1242.6,0.983
C18H38S2,"6,8-dithiaeicosane",CCCCCCCCCCCCSCSCCCCC,318.636,860.43,11.3,1242.6,0.983
C18H38S2,"7,9-dithiaeicosane",CCCCCCCCCCCSCSCCCCCC,318.636,860.43,11.3,1242.6,0.983
C18H38S2,"8,10-dithiaeicosane",CCCCCCCCCCSCSCCCCCCC,318.636,860.43,11.3,1242.6,0.983
C18H38S2,"9,11-dithiaeicosane",CCCCCCCCCSCSCCCCCCCC,318.636,860.43,11.3,1242.6,0.983
C18H39N,octadecylamine,CCCCCCCCCCCCCCCCCCN,269.517,834.82,13.54,1081.96,0.906
C18H39N,methylheptadecylamine,CCCCCCCCCCCCCCCCCNC,269.517,794.82,11.74,1188.01,0.906
C18H39N,ethylhexadecylamine,CCCCCCCCCCCCCCCCNCC,269.517,794.82,11.85,1176.97,0.906
C18H39N,dinonylamine,CCCCCCCCCNCCCCCCCCC,269.517,794.82,11.89,1173.33,0.906
C18H39N,dimethylhexadecylamine,CCCCCCCCCCCCCCCCN(C)C,269.517,794.82,11.76,1186.58,0.906
C18H39N,diethyltetradecylamine,CCCCCCCCCCCCCCN(CC)CC,269.517,794.82,11.51,1211.66,0.906
C18H39N,trihexylamine,CCCCCCN(CCCCCC)CCCCCC,269.517,794.82,11.75,1187.29,0.906
C18H40Si,trihexylsilane,CCCCCC[SiH](CCCCCC)CCCCCC,284.604,906.62,12.93,1264.81,0.51
C19H14,3-methylbenz[a]anthracene,Cc1ccc2c(ccc3cc4ccccc4cc32)c1,242.321,1034.09,24.97,760.5,0.778
C19H14,8-methylbenz[a]anthracene,Cc1cccc2cc3c(ccc4ccccc43)cc12,242.321,1034.09,28.55,665.21,0.778
C19H14,9-methylbenz[a]anthracene,Cc1ccc2cc3c(ccc4ccccc43)cc2c1,242.321,1034.09,24.97,760.5,0.778
C19H14,10-methylbenz[a]anthracene,Cc1ccc2cc3ccc4ccccc4c3cc2c1,242.321,1034.09,24.97,760.5,0.778
C19H14,11-methylbenz[a]anthracene,Cc1cccc2cc3ccc4ccccc4c3cc12,242.321,1034.09,24.97,760.5,0.778
C19H14,1-methylchrysene,Cc1cccc2c1ccc1c3ccccc3ccc21,242.321,1052.42,21.88,883.28,0.778
C19H14,5-methylchrysene,Cc1cc2ccccc2c2ccc3ccccc3c12,242.321,1052.42,21.88,883.28,0.778
C19H14,1-methylbenz(a)anthracene,Cc1cccc2ccc3cc4ccccc4cc3c12,242.321,1034.09,24.97,760.5,0.778
C19H14,2-methylbenz(a)anthracene,Cc1ccc2ccc3cc4ccccc4cc3c2c1,242.321,1034.09,24.97,760.5,0.778
C19H14,4-methylbenz(a)anthracene,Cc1cccc2c1ccc1cc3ccccc3cc12,242.321,1034.09,24.97,760.5,0.778
C19H14,5-methylbenz(a)anthracene,Cc1cc2cc3ccccc3cc2c2ccccc12,242.321,1034.09,24.97,760.5,0.778
C19H14,6-methylbenz(a)anthracene,Cc1cc2ccccc2c2cc3ccccc3cc12,242.321,1034.09,24.97,760.5,0.778
C19H14,"10-methyl-1,2-benzanthracene",Cc1c2ccccc2cc2c1ccc1ccccc12,242.321,1034.09,24.97,760.5,0.778
C19H14,12-methylbenz(a)anthracene,Cc1c2ccccc2cc2ccc3ccccc3c12,242.321,1034.09,24.97,760.5,0.778
C19H14,2-methylchrysene,Cc1ccc2c(ccc3c4ccccc4ccc23)c1,242.321,1052.42,21.88,883.28,0.778
C19H14,3-methylchrysene,Cc1ccc2ccc3c4ccccc4ccc3c2c1,242.321,1052.42,21.88,883.28,0.778
C19H14,4-methylchrysene,Cc1cccc2ccc3c4ccccc4ccc3c12,242.321,1052.42,21.88,883.28,0.778
C19H14,6-methylchrysene,Cc1cc2c3ccccc3ccc2c2ccccc12,242.321,1052.42,21.88,883.28,0.778
C19H16,triphenylmethane,c1ccc(C(c2ccccc2)c2ccccc2)cc1,244.337,850.62,20.69,753,0.784
C19H18,"1,2,3,4-tetrahydro-10-methyl-1,2-benzanthracene",Cc1c2ccccc2cc2c3c(ccc12)CCCC3,246.353,1039.38,24.48,775.71,0.79
C19H22,"1,1-diphenyl-1-heptene",CCCCCC=C(c1ccccc1)c1ccccc1,250.385,893.73,17.81,912.2,0.802
C19H24,"1,1-diphenylheptane",CCCCCCC(c1ccccc1)c1ccccc1,252.401,866.02,16.02,980.1,0.808
C19H26,1-nonylnaphthalene,CCCCCCCCCc1cccc2ccccc12,254.417,923.28,15.33,1089.52,0.813
C19H26,2-nonylnaphthalene,CCCCCCCCCc1ccc2ccccc2c1,254.417,923.28,15.08,1107.86,0.813
C19H30,"1-nonyl-[1,2,3,4-tetrahydronaphthalene]",CCCCCCCCCC1CCCc2ccccc21,258.449,887.76,15.77,1013.41,0.825
C19H30,"2-nonyl-[ 1,2,3,4-tetrahydronaphthalene]",CCCCCCCCCC1CCc2ccccc2C1,258.449,887.76,15.77,1013.41,0.825
C19H31Cl,dodecylbenzyl chloride,CCCCCCCCCCCCC(Cl)c1ccccc1,294.91,871.24,12.97,1223.91,0.531
C19H32,tridecylbenzene,CCCCCCCCCCCCCc1ccccc1,260.465,849.98,13.51,1129.74,0.831
C19H32,(1-hexylheptyl)benzene,CCCCCCC(CCCCCC)c1ccccc1,260.465,849.98,13.54,1126.88,0.831
C19H34S,2-pentadecylthiophene,CCCCCCCCCCCCCCCc1cccs1,294.548,835.73,12.08,1163.03,0.922
C19H34S,3-pentadecylthiophene,CCCCCCCCCCCCCCCc1ccsc1,294.548,835.73,12.08,1163.03,0.922
C19H34S,2-isopentadecylthiophene,CC(C)CCCCCCCCCCCCc1cccs1,294.548,835.73,12.08,1163.03,0.922
C19H34S,3-isopentadecylthiophene,CC(C)CCCCCCCCCCCCc1ccsc1,294.548,835.73,12.08,1163.03,0.922
C19H34S,2-sec-pentadecylthiophene,CCCCCCCCCCCCCC(C)c1cccs1,294.548,835.73,12.08,1163.03,0.922
C19H34S,3-sec-pentadecylthiophene,CCCCCCCCCCCCCC(C)c1ccsc1,294.548,835.73,12.08,1163.03,0.922
C19H34S,2-(2-methyltetradec-2-yl)thiophene,CCCCCCCCCCCCC(C)(C)c1cccs1,294.548,835.73,12.08,1163.03,0.922
C19H34S,3-(2-methyltetradec-2-yl)thiophene,CCCCCCCCCCCCC(C)(C)c1ccsc1,294.548,835.73,12.08,1163.03,0.922
C19H34S,2-methyl-3-tetradecylthiophene,CCCCCCCCCCCCCCc1ccsc1C,294.548,835.73,12.08,1163.03,0.922
C19H34S,2-methyl-4-tetradecyl thiophene,CCCCCCCCCCCCCCc1csc(C)c1,294.548,835.73,12.08,1163.03,0.922
C19H34S,2-methyl-5-tetradecyl thiophene,CCCCCCCCCCCCCCc1ccc(C)s1,294.548,835.73,12.08,1163.03,0.922
C19H34S,3-methyl-2-tetradecylthiophene,CCCCCCCCCCCCCCc1sccc1C,294.548,835.73,12.08,1163.03,0.922
C19H34S,3-methyl-4-tetradecyl thiophene,CCCCCCCCCCCCCCc1cscc1C,294.548,835.73,12.08,1163.03,0.922
C19H34S,3-methyl-5-tetradecylthiophene,CCCCCCCCCCCCCCc1cc(C)cs1,294.548,835.73,12.08,1163.03,0.922
C19H36,1-nonadecyne,C#CCCCCCCCCCCCCCCCCC,264.497,799.4,12.45,1147.33,0.842
C19H36,2-nonadecyne,CC#CCCCCCCCCCCCCCCCC,264.497,799.4,12.6,1133.7,0.842
C19H36,3-nonadecyne,CCC#CCCCCCCCCCCCCCCC,264.497,799.4,12.6,1133.7,0.842
C19H36,"1,1-dicyclohexylheptane",CCCCCCC(C1CCCCC1)C1CCCCC1,264.497,839.4,12.7,1180.35,0.842
C19H36,1-tetradecylcyclopentene,CCCCCCCCCCCCCCC1=CCCC1,264.497,814.4,12.83,1133.57,0.842
C19H36O2,methyl oleate,CCCCCCCC/C=C\CCCCCCCC(=O)OC,296.495,764,11.95,1060,1.237
C19H37Br,1-bromo-1-nonadecene,CCCCCCCCCCCCCCCCCC=CBr,345.409,829.37,12.87,1237.22,1.026
C19H37Br,trans-1-bromo-1-nonadecene,CCCCCCCCCCCCCCCCC/C=C/Br,345.409,829.37,12.87,1237.22,1.026
C19H37Cl,cis-1-chloro-1-nonadecene,CCCCCCCCCCCCCCCCC/C=C\Cl,300.958,847.29,12.39,1236.38,0.608
C19H37Cl,trans-1-chloro-1-nonadecene,CCCCCCCCCCCCCCCCC/C=C/Cl,300.958,847.29,12.39,1236.38,0.608
C19H37Cl3,"1,1,1-trichlorononadecane",CCCCCCCCCCCCCCCCCCC(Cl)(Cl)Cl,371.864,832.64,9.25,1490.51,0.511
C19H37F,cis-1-fluoro-1-nonadecene,CCCCCCCCCCCCCCCCC/C=C\F,284.503,740.61,12.96,1030.53,0.375
C19H37F,trans-1-fluoro-1-nonadecene,CCCCCCCCCCCCCCCCC/C=C/F,284.503,740.61,12.96,1030.53,0.375
C19H37F3,"1,1,1-trifluorononadecane",CCCCCCCCCCCCCCCCCCC(F)(F)F,322.499,683.19,9.67,1215.19,0.466
C19H37N,nonadecanenitrile,CCCCCCCCCCCCCCCCCCC#N,279.512,930.42,12.26,1315.25,0.933
C19H38,1-nonadecene,C=CCCCCCCCCCCCCCCCCC,266.513,786.58,11.69,1199.5,0.847
C19H38,2-methyl-1-octadecene,C=C(C)CCCCCCCCCCCCCCCC,266.513,786.58,11.69,1199.5,0.847
C19H38,tetradecylcyclopentane,CCCCCCCCCCCCCCC1CCCC1,266.513,811.58,12.69,1139.8,0.847
C19H38,tridecylcyclohexane,CCCCCCCCCCCCCC1CCCCC1,266.513,816.58,11.96,1216.33,0.847
C19H38,7-cyclohexyltridecane,CCCCCCC(CCCCCC)C1CCCCC1,266.513,816.58,11.94,1218.97,0.847
C19H38,7-(cyclopentyl-methyl)tridecane,CCCCCCC(CCCCCC)CC1CCCC1,266.513,811.58,12.33,1172.52,0.847
C19H38,cyclononadecane,C1CCCCCCCCCCCCCCCCCC1,266.513,834.39,16,929.5,0.847
C19H38Br2,"1,1-dibromononadecane",CCCCCCCCCCCCCCCCCCC(Br)Br,426.321,877.12,11.04,1379.2,0.829
C19H38Cl2,"1,1-dichlorononadecane",CCCCCCCCCCCCCCCCCCC(Cl)Cl,337.419,862.1,11.37,1310.13,0.607
C19H38F2,"1,1-difluorononadecane",CCCCCCCCCCCCCCCCCCC(F)F,304.509,760.81,12.7,1054.15,0.496
C19H38O,nonadecanal,CCCCCCCCCCCCCCCCCCC=O,282.512,814.46,10.76,1277.85,1.201
C19H38O,2-nonadecanone,CCCCCCCCCCCCCCCCCC(C)=O,282.512,805.46,11.17,1216.8,1.201
C19H38O,3-nonadecanone,CCCCCCCCCCCCCCCCC(=O)CC,282.512,805.46,11.17,1216.8,1.201
C19H38O,10-nonadecanone,CCCCCCCCCC(=O)CCCCCCCCC,282.512,805.46,11.17,1216.8,1.201
C19H38O2,nonadecanoic acid,CCCCCCCCCCCCCCCCCCC(=O)O,298.511,859.05,10.71,1326.63,1.242
C19H38O2,2-methyloctadecanoic acid,CCCCCCCCCCCCCCCCC(C)C(=O)O,298.511,859.05,10.71,1326.63,1.242
C19H38O2,9-methyloctadecanoic acid,CCCCCCCCCC(C)CCCCCCCC(=O)O,298.511,859.05,10.71,1326.63,1.242
C19H38O2,10-methyloctadecanoic acid,CCCCCCCCC(C)CCCCCCCCC(=O)O,298.511,859.05,10.71,1326.63,1.242
C19H38O2,14-methyloctadecanoic acid,CCCCC(C)CCCCCCCCCCCCC(=O)O,298.511,859.05,10.71,1326.63,1.242
C19H38O2,17-methyloctadecanoic acid,CC(C)CCCCCCCCCCCCCCCC(=O)O,298.511,859.05,10.71,1326.63,1.242
C19H38O2,2-ethylheptadecanoic acid,CCCCCCCCCCCCCCCC(CC)C(=O)O,298.511,859.05,10.71,1326.63,1.242
C19H38O2,octadecyl formate,CCCCCCCCCCCCCCCCCCOC=O,298.511,769.05,10.06,1264.6,1.242
C19H38O2,heptadecyl acetate,CCCCCCCCCCCCCCCCCOC(C)=O,298.511,769.05,10.06,1264.6,1.242
C19H38O2,hexadecyl propanoate,CCCCCCCCCCCCCCCCOC(=O)CC,298.511,769.05,10.06,1264.6,1.242
C19H38O2,pentadecyl butanoate,CCCCCCCCCCCCCCCOC(=O)CCC,298.511,769.05,10.06,1264.6,1.242
C19H38O2,propyl palmitate,CCCCCCCCCCCCCCCC(=O)OCCC,298.511,769.05,9.96,1276.83,1.242
C19H38O2,isopropyl palmitate,CCCCCCCCCCCCCCCC(=O)OC(C)C,298.511,769.05,9.94,1280.39,1.242
C19H38O2,ethyl heptadecanoate,CCCCCCCCCCCCCCCCC(=O)OCC,298.511,769.05,9.79,1298.99,1.242
C19H38O2,methyl stearate,CCCCCCCCCCCCCCCCCC(=O)OC,298.511,769.05,9.77,1302.11,1.242
C19H38S,thiacycloeicosane,C1CCCCCCCCCSCCCCCCCCC1,298.58,865.9,14.98,967.5,0.933
C19H39Br,1-bromononadecane,CCCCCCCCCCCCCCCCCCCBr,347.425,811.19,11.72,1325.34,1.031
C19H39Cl,1-chlorononadecane,CCCCCCCCCCCCCCCCCCCCl,302.974,829.29,11.56,1293.87,0.61
C19H39F,1-fluorononadecane,CCCCCCCCCCCCCCCCCCCF,286.519,782.69,13.35,1054.62,0.446
C19H39NO2,1-nitrononadecane,CCCCCCCCCCCCCCCCCCC[N+](=O)[O-],313.526,969.61,9.46,1702.4,1.02
C19H40,7-hexyltridecane,CCCCCCC(CCCCCC)CCCCCC,268.529,773.76,12.57,1094.34,0.853
C19H40,"2,6,10,14-tetramethylpentadecane",CC(C)CCCC(C)CCCC(C)CCCC(C)C,268.529,773.76,12.4,1108.85,0.853
C19H40,nonadecane,CCCCCCCCCCCCCCCCCCC,268.529,773.76,12.53,1098.02,0.853
C19H40,2-methyloctadecane,CCCCCCCCCCCCCCCCC(C)C,268.529,773.76,12.42,1107.66,0.853
C19H40,3-methyloctadecane,CCCCCCCCCCCCCCCC(C)CC,268.529,773.76,12.51,1099.03,0.853
C19H40,4-methyloctadecane,CCCCCCCCCCCCCCC(C)CCC,268.529,773.76,12.42,1107.81,0.853
C19H40,5-methyloctadecane,CCCCCCCCCCCCCC(C)CCCC,268.529,773.76,12.41,1107.82,0.853
C19H40,"2,2-dimethylheptadecane",CCCCCCCCCCCCCCCC(C)(C)C,268.529,773.76,12.37,1111.69,0.853
C19H40,"2,3-dimethylheptadecane",CCCCCCCCCCCCCCC(C)C(C)C,268.529,773.76,12.7,1082.78,0.853
C19H40,"2,4-dimethylheptadecane",CCCCCCCCCCCCCC(C)CC(C)C,268.529,773.76,12.53,1097.85,0.853
C19H40,"2,4,6-trimethylhexadecane",CCCCCCCCCCC(C)CC(C)CC(C)C,268.529,773.76,12.09,1137.63,0.853
C19H40O,1-nonadecanol,CCCCCCCCCCCCCCCCCCCO,284.528,812.2,10.91,1252.95,1.206
C19H40O,2-nonadecanol,CCCCCCCCCCCCCCCCCC(C)O,284.528,812.2,10.91,1252.95,1.206
C19H40O,10-nonadecanol,CCCCCCCCCC(O)CCCCCCCCC,284.528,812.2,10.91,1252.95,1.206
C19H40O2,"1,2-nonadecanediol",CCCCCCCCCCCCCCCCCC(O)CO,300.527,980.72,10.63,1522.52,1.248
C19H40O2,"1,3-nonadecanediol",CCCCCCCCCCCCCCCCC(O)CCO,300.527,980.72,10.63,1522.52,1.248
C19H40S,1-nonadecanethiol,CCCCCCCCCCCCCCCCCCCS,300.596,815.78,10.81,1259.75,0.938
C19H40S,2-nonadecanethiol,CCCCCCCCCCCCCCCCCC(C)S,300.596,815.78,10.81,1259.75,0.938
C19H40S,3-nonadecanethiol,CCCCCCCCCCCCCCCCC(S)CC,300.596,815.78,10.81,1259.75,0.938
C19H40S,4-nonadecanethiol,CCCCCCCCCCCCCCCC(S)CCC,300.596,815.78,10.81,1259.75,0.938
C19H40S,5-nonadecanethiol,CCCCCCCCCCCCCCC(S)CCCC,300.596,815.78,10.81,1259.75,0.938
C19H40S,6-nonadecanethiol,CCCCCCCCCCCCCC(S)CCCCC,300.596,815.78,10.81,1259.75,0.938
C19H40S,7-nonadecanethiol,CCCCCCCCCCCCC(S)CCCCCC,300.596,815.78,10.81,1259.75,0.938
C19H40S,8-nonadecanethiol,CCCCCCCCCCCC(S)CCCCCCC,300.596,815.78,10.81,1259.75,0.938
C19H40S,9-nonadecanethiol,CCCCCCCCCCC(S)CCCCCCCC,300.596,815.78,10.81,1259.75,0.938
C19H40S,10-nonadecanethiol,CCCCCCCCCC(S)CCCCCCCCC,300.596,815.78,10.81,1259.75,0.938
C19H40S,2-methyl-1-octadecanethiol,CCCCCCCCCCCCCCCCC(C)CS,300.596,815.78,10.81,1259.75,0.938
C19H40S,3-methyl-1-octadecanethiol,CCCCCCCCCCCCCCCC(C)CCS,300.596,815.78,10.81,1259.75,0.938
C19H40S,4-methyl-1-octadecanethiol,CCCCCCCCCCCCCCC(C)CCCS,300.596,815.78,10.81,1259.75,0.938
C19H40S,5-methyl-1-octadecanethiol,CCCCCCCCCCCCCC(C)CCCCS,300.596,815.78,10.81,1259.75,0.938
C19H40S,6-methyl-1-octadecanethiol,CCCCCCCCCCCCC(C)CCCCCS,300.596,815.78,10.81,1259.75,0.938
C19H40S,7-methyl-1-octadecanethiol,CCCCCCCCCCCC(C)CCCCCCS,300.596,815.78,10.81,1259.75,0.938
C19H40S,8-methyl-1-octadecanethiol,CCCCCCCCCCC(C)CCCCCCCS,300.596,815.78,10.81,1259.75,0.938
C19H40S,9-methyl-1-octadecanethiol,CCCCCCCCCC(C)CCCCCCCCS,300.596,815.78,10.81,1259.75,0.938
C19H40S,10-methyl-1-octadecanethiol,CCCCCCCCC(C)CCCCCCCCCS,300.596,815.78,10.81,1259.75,0.938
C19H40S,11-methyl-1-octadecanethiol,CCCCCCCC(C)CCCCCCCCCCS,300.596,815.78,10.81,1259.75,0.938
C19H40S,12-methyl-1-octadecanethiol,CCCCCCC(C)CCCCCCCCCCCS,300.596,815.78,10.81,1259.75,0.938
C19H40S,13-methyl-1-octadecanethiol,CCCCCC(C)CCCCCCCCCCCCS,300.596,815.78,10.81,1259.75,0.938
C19H40S,14-methyl-1-octadecanethiol,CCCCC(C)CCCCCCCCCCCCCS,300.596,815.78,10.81,1259.75,0.938
C19H40S,15-methyl-1-octadecanethiol,CCCC(C)CCCCCCCCCCCCCCS,300.596,815.78,10.81,1259.75,0.938
C19H40S,16-methyl-1-octadecanethiol,CCC(C)CCCCCCCCCCCCCCCS,300.596,815.78,10.81,1259.75,0.938
C19H40S,17-methyl-1-octadecanethiol,CC(C)CCCCCCCCCCCCCCCCS,300.596,815.78,10.81,1259.75,0.938
C19H40S,2-methyl-2-octadecanethiol,CCCCCCCCCCCCCCCCC(C)(C)S,300.596,815.78,10.81,1259.75,0.938
C19H40S,3-methyl-2-octadecanethiol,CCCCCCCCCCCCCCCC(C)C(C)S,300.596,815.78,10.81,1259.75,0.938
C19H40S,4-methyl-2-octadecanethiol,CCCCCCCCCCCCCCC(C)CC(C)S,300.596,815.78,10.81,1259.75,0.938
C19H40S,5-methyl-2-octadecanethiol,CCCCCCCCCCCCCC(C)CCC(C)S,300.596,815.78,10.81,1259.75,0.938
C19H40S,6-methyl-2-octadecanethiol,CCCCCCCCCCCCC(C)CCCC(C)S,300.596,815.78,10.81,1259.75,0.938
C19H40S,7-methyl-2-octadecanethiol,CCCCCCCCCCCC(C)CCCCC(C)S,300.596,815.78,10.81,1259.75,0.938
C19H40S,8-methyl-2-octadecanethiol,CCCCCCCCCCC(C)CCCCCC(C)S,300.596,815.78,10.81,1259.75,0.938
C19H40S,9-methyl-2-octadecanethiol,CCCCCCCCCC(C)CCCCCCC(C)S,300.596,815.78,10.81,1259.75,0.938
C19H40S,10-methyl-2-octadecanethiol,CCCCCCCCC(C)CCCCCCCC(C)S,300.596,815.78,10.81,1259.75,0.938
C19H40S,11-methyl-2-octadecanethiol,CCCCCCCC(C)CCCCCCCCC(C)S,300.596,815.78,10.81,1259.75,0.938
C19H40S,12-methyl-2-octadecanethiol,CCCCCCC(C)CCCCCCCCCC(C)S,300.596,815.78,10.81,1259.75,0.938
C19H40S,13-methyl-2-octadecanethiol,CCCCCC(C)CCCCCCCCCCC(C)S,300.596,815.78,10.81,1259.75,0.938
C19H40S,14-methyl-2-octadecanethiol,CCCCC(C)CCCCCCCCCCCC(C)S,300.596,815.78,10.81,1259.75,0.938
C19H40S,15-methyl-2-octadecanethiol,CCCC(C)CCCCCCCCCCCCC(C)S,300.596,815.78,10.81,1259.75,0.938
C19H40S,16-methyl-2-octadecanethiol,CCC(C)CCCCCCCCCCCCCC(C)S,300.596,815.78,10.81,1259.75,0.938
C19H40S,17-methyl-2-octadecanethiol,CC(C)CCCCCCCCCCCCCCC(C)S,300.596,815.78,10.81,1259.75,0.938
C19H40S,2-thiaeicosane,CCCCCCCCCCCCCCCCCCSC,300.596,815.78,10.81,1259.75,0.938
C19H40S,3-thiaeicosane,CCCCCCCCCCCCCCCCCSCC,300.596,815.78,10.81,1259.75,0.938
C19H40S,4-thiaeicosane,CCCCCCCCCCCCCCCCSCCC,300.596,815.78,10.81,1259.75,0.938
C19H40S,5-thiaeicosane,CCCCCCCCCCCCCCCSCCCC,300.596,815.78,10.81,1259.75,0.938
C19H40S,6-thiaeicosane,CCCCCCCCCCCCCCSCCCCC,300.596,815.78,10.81,1259.75,0.938
C19H40S,7-thiaeicosane,CCCCCCCCCCCCCSCCCCCC,300.596,815.78,10.81,1259.75,0.938
C19H40S,8-thiaeicosane,CCCCCCCCCCCCSCCCCCCC,300.596,815.78,10.81,1259.75,0.938
C19H40S,9-thiaeicosane,CCCCCCCCCCCSCCCCCCCC,300.596,815.78,10.81,1259.75,0.938
C19H40S,10-thiaeicosane,CCCCCCCCCCSCCCCCCCCC,300.596,815.78,10.81,1259.75,0.938
C19H40S,3-methyl-2-thianonadecane,CCCCCCCCCCCCCCCCC(C)SC,300.596,815.78,10.81,1259.75,0.938
C19H40S,4-methyl-2-thianonadecane,CCCCCCCCCCCCCCCC(C)CSC,300.596,815.78,10.81,1259.75,0.938
C19H40S,5-methyl-2-thianonadecane,CCCCCCCCCCCCCCC(C)CCSC,300.596,815.78,10.81,1259.75,0.938
C19H40S,6-methyl-2-thianonadecane,CCCCCCCCCCCCCC(C)CCCSC,300.596,815.78,10.81,1259.75,0.938
C19H40S,7-methyl-2-thianonadecane,CCCCCCCCCCCCC(C)CCCCSC,300.596,815.78,10.81,1259.75,0.938
C19H40S,8-methyl-2-thianonadecane,CCCCCCCCCCCC(C)CCCCCSC,300.596,815.78,10.81,1259.75,0.938
C19H40S,9-methyl-2-thianonadecane,CCCCCCCCCCC(C)CCCCCCSC,300.596,815.78,10.81,1259.75,0.938
C19H40S,10-methyl-2-thianonadecane,CCCCCCCCCC(C)CCCCCCCSC,300.596,815.78,10.81,1259.75,0.938
C19H40S,11-methyl-2-thianonadecane,CCCCCCCCC(C)CCCCCCCCSC,300.596,815.78,10.81,1259.75,0.938
C19H40S,2-methyl-3-thianonadecane,CCCCCCCCCCCCCCCCSC(C)C,300.596,815.78,10.81,1259.75,0.938
C19H40S,4-methyl-3-thianonadecane,CCCCCCCCCCCCCCCC(C)SCC,300.596,815.78,10.81,1259.75,0.938
C19H40S,5-methyl-3-thianonadecane,CCCCCCCCCCCCCCC(C)CSCC,300.596,815.78,10.81,1259.75,0.938
C19H40S,6-methyl-3-thianonadecane,CCCCCCCCCCCCCC(C)CCSCC,300.596,815.78,10.81,1259.75,0.938
C19H40S,7-methyl-3-thianonadecane,CCCCCCCCCCCCC(C)CCCSCC,300.596,815.78,10.81,1259.75,0.938
C19H40S,8-methyl-3-thianonadecane,CCCCCCCCCCCC(C)CCCCSCC,300.596,815.78,10.81,1259.75,0.938
C19H40S,9-methyl-3-thianonadecane,CCCCCCCCCCC(C)CCCCCSCC,300.596,815.78,10.81,1259.75,0.938
C19H40S,10-methyl-3-thianonadecane,CCCCCCCCCC(C)CCCCCCSCC,300.596,815.78,10.81,1259.75,0.938
C19H40S,11-methyl-3-thianonadecane,CCCCCCCCC(C)CCCCCCCSCC,300.596,815.78,10.81,1259.75,0.938
C19H40S2,"1,19-nonadecanedithiol",SCCCCCCCCCCCCCCCCCCCS,332.663,926.43,11.5,1292.36,1.016
C19H40S2,"1,18-nonadecanedithiol",CC(S)CCCCCCCCCCCCCCCCCS,332.663,926.43,11.5,1292.36,1.016
C19H40S2,"1,17-nonadecanedithiol",CCC(S)CCCCCCCCCCCCCCCCS,332.663,926.43,11.5,1292.36,1.016
C19H40S2,"1,16-nonadecanedithiol",CCCC(S)CCCCCCCCCCCCCCCS,332.663,926.43,11.5,1292.36,1.016
C19H40S2,"1,15-nonadecanedithiol",CCCCC(S)CCCCCCCCCCCCCCS,332.663,926.43,11.5,1292.36,1.016
C19H40S2,"1,14-nonadecanedithiol",CCCCCC(S)CCCCCCCCCCCCCS,332.663,926.43,11.5,1292.36,1.016
C19H40S2,"1,12-nonadecanedithiol",CCCCCCCC(S)CCCCCCCCCCCS,332.663,926.43,11.5,1292.36,1.016
C19H40S2,"1,11-nonadecanedithiol",CCCCCCCCC(S)CCCCCCCCCCS,332.663,926.43,11.5,1292.36,1.016
C19H40S2,"1,10-nonadecanedithiol",CCCCCCCCCC(S)CCCCCCCCCS,332.663,926.43,11.5,1292.36,1.016
C19H40S2,"1,9-nonadecanedithiol",CCCCCCCCCCC(S)CCCCCCCCS,332.663,926.43,11.5,1292.36,1.016
C19H40S2,"1,8-nonadecanedithiol",CCCCCCCCCCCC(S)CCCCCCCS,332.663,926.43,11.5,1292.36,1.016
C19H40S2,"1,7-nonadecanedithiol",CCCCCCCCCCCCC(S)CCCCCCS,332.663,926.43,11.5,1292.36,1.016
C19H40S2,"1,6-nonadecanedithiol",CCCCCCCCCCCCCC(S)CCCCCS,332.663,926.43,11.5,1292.36,1.016
C19H40S2,"1,5-nonadecanedithiol",CCCCCCCCCCCCCCC(S)CCCCS,332.663,926.43,11.5,1292.36,1.016
C19H40S2,"1,4-nonadecanedithiol",CCCCCCCCCCCCCCCC(S)CCCS,332.663,926.43,11.5,1292.36,1.016
C19H40S2,"1,3-nonadecanedithiol",CCCCCCCCCCCCCCCCC(S)CCS,332.663,926.43,11.5,1292.36,1.016
C19H40S2,"1,2-nonadecanedithiol",CCCCCCCCCCCCCCCCCC(S)CS,332.663,926.43,11.5,1292.36,1.016
C19H40S2,"2,3-dithiaheneicosane",CCCCCCCCCCCCCCCCCCSSC,332.663,871.43,10.67,1310.16,1.016
C19H40S2,"3,4-dithiaheneicosane",CCCCCCCCCCCCCCCCCSSCC,332.663,871.43,10.67,1310.16,1.016
C19H40S2,"4,5-dithiaheneicosane",CCCCCCCCCCCCCCCCSSCCC,332.663,871.43,10.67,1310.16,1.016
C19H40S2,"5,6-dithiaheneicosane",CCCCCCCCCCCCCCCSSCCCC,332.663,871.43,10.67,1310.16,1.016
C19H40S2,"6,7-dithiaheneicosane",CCCCCCCCCCCCCCSSCCCCC,332.663,871.43,10.67,1310.16,1.016
C19H40S2,"7,8-dithiaheneicosane",CCCCCCCCCCCCCSSCCCCCC,332.663,871.43,10.67,1310.16,1.016
C19H40S2,"8,9-dithiaheneicosane",CCCCCCCCCCCCSSCCCCCCC,332.663,871.43,10.67,1310.16,1.016
C19H40S2,"9,10-dithiaheneicosane",CCCCCCCCCCCSSCCCCCCCC,332.663,871.43,10.67,1310.16,1.016
C19H40S2,"10,11-dithiaheneicosane",CCCCCCCCCCSSCCCCCCCCC,332.663,871.43,10.67,1310.16,1.016
C19H40S2,"2,4-dithiaheneicosane",CCCCCCCCCCCCCCCCCSCSC,332.663,871.43,10.67,1310.16,1.016
C19H40S2,"3,5-dithiaheneicosane",CCCCCCCCCCCCCCCCSCSCC,332.663,871.43,10.67,1310.16,1.016
C19H40S2,"4,6-dithiaheneicosane",CCCCCCCCCCCCCCCSCSCCC,332.663,871.43,10.67,1310.16,1.016
C19H40S2,"5,7-dithiaheneicosane",CCCCCCCCCCCCCCSCSCCCC,332.663,871.43,10.67,1310.16,1.016
C19H40S2,"6,8-dithiaheneicosane",CCCCCCCCCCCCCSCSCCCCC,332.663,871.43,10.67,1310.16,1.016
C19H40S2,"7,9-dithiaheneicosane",CCCCCCCCCCCCSCSCCCCCC,332.663,871.43,10.67,1310.16,1.016
C19H40S2,"8,10-dithiaheneicosane",CCCCCCCCCCCSCSCCCCCCC,332.663,871.43,10.67,1310.16,1.016
C19H40S2,"9,11-dithiaheneicosane",CCCCCCCCCCSCSCCCCCCCC,332.663,871.43,10.67,1310.16,1.016
C19H40S2,"10,12-dithiaheneicosane",CCCCCCCCCSCSCCCCCCCCC,332.663,871.43,10.67,1310.16,1.016
C19H41N,nonadecylamine,CCCCCCCCCCCCCCCCCCCN,283.544,849.62,11.72,1249.76,0.943
C19H41N,methyloctadecylamine,CCCCCCCCCCCCCCCCCCNC,283.544,809.62,11.03,1266.18,0.943
C19H41N,ethylheptadecylamine,CCCCCCCCCCCCCCCCCNCC,283.544,809.62,11.03,1266.18,0.943
C19H41N,dimethylheptadecylamine,CCCCCCCCCCCCCCCCCN(C)C,283.544,809.62,10.82,1290.08,0.943
C19H41N,diethylpentadecylamine,CCCCCCCCCCCCCCCN(CC)CC,283.544,809.62,10.82,1290.08,0.943
C20H16,triphenylethylene,C(=C(c1ccccc1)c1ccccc1)c1ccccc1,256.348,908,19.05,860,0.819
C20H16,"7,12-dimethylbenz[a]anthracene",Cc1c2ccccc2c(C)c2c1ccc1ccccc12,256.348,1052.21,22.9,829.05,0.819
C20H16,"5,6-dimethylchrysene",Cc1c(C)c2c3ccccc3ccc2c2ccccc12,256.348,1070.54,20.06,962.9,0.819
C20H16,"1,12-dimethylbenz[a]anthracene",Cc1cccc2ccc3cc4ccccc4c(C)c3c12,256.348,1052.21,22.9,829.05,0.819
C20H16,"4,5-dimethylbenz(a)anthracene",Cc1cccc2c1c(C)cc1cc3ccccc3cc12,256.348,1052.21,22.9,829.05,0.819
C20H16,"6,7-dimethylbenz(a)anthracene",Cc1cc2ccccc2c2cc3ccccc3c(C)c12,256.348,1052.21,22.9,829.05,0.819
C20H16,"6,8-dimethylbenz(a)anthracene",Cc1cccc2cc3c(cc12)c(C)cc1ccccc13,256.348,1052.21,22.9,829.05,0.819
C20H16,"6,12-dimethylbenz(a)anthracene",Cc1cc2ccccc2c2c(C)c3ccccc3cc12,256.348,1052.21,22.9,829.05,0.819
C20H16,"7,11-dimethylbenz(a)anthracene",Cc1cccc2c(C)c3ccc4ccccc4c3cc12,256.348,1052.21,22.9,829.05,0.819
C20H16,"5,6-dimethyl-1,2-benzanthracene",Cc1ccc2cc3c(ccc4ccccc43)cc2c1C,256.348,1052.21,22.9,829.05,0.819
C20H16,"5,9-dimethyl-1,2-benzanthracene",Cc1cccc2c(C)c3c(ccc4ccccc43)cc12,256.348,1052.21,22.9,829.05,0.819
C20H16,"5,10-dimethyl-1,2-benzanthracene",Cc1cccc2cc3c(ccc4ccccc43)c(C)c12,256.348,1052.21,22.9,829.05,0.819
C20H16,"6,7-dimethyl-1,2-benzanthracene",Cc1cc2cc3ccc4ccccc4c3cc2cc1C,256.348,1052.21,22.9,829.05,0.819
C20H16,"1,2-dimethylchrysene",Cc1ccc2c(ccc3c4ccccc4ccc23)c1C,256.348,1070.54,20.06,962.9,0.819
C20H16,"1,11-dimethylchrysene",Cc1cccc2c1cc(C)c1c3ccccc3ccc21,256.348,1070.54,20.06,962.9,0.819
C20H16,"4,5-dimethylchrysene",Cc1cccc2ccc3c4ccccc4cc(C)c3c12,256.348,1070.54,20.06,962.9,0.819
C20H16,"5,11-dimethylchrysene",Cc1cc2ccccc2c2c(C)cc3ccccc3c12,256.348,1070.54,20.06,962.9,0.819
C20H16,"5-ethyl-1,2-benzanthracene",CCc1cccc2cc3c(ccc4ccccc43)cc12,256.348,1052.21,22.9,829.05,0.819
C20H16,"10-ethyl-1,2-benzanthracene",CCc1c2ccccc2cc2c1ccc1ccccc12,256.348,1052.21,22.9,829.05,0.819
C20H16,12-ethylbenz(a)anthracene,CCc1c2ccccc2cc2ccc3ccccc3c12,256.348,1052.21,22.9,829.05,0.819
C20H16,"10-ethyl-1,2-benzanthracene",CCc1ccc2cc3ccc4ccccc4c3cc2c1,256.348,1052.21,22.9,829.05,0.819
C20H18,"1,1',1''-(1-ethanyl-2-ylidene)trisbenzene",c1ccc(CC(c2ccccc2)c2ccccc2)cc1,258.364,868.63,19.35,808,0.825
C20H24,"1,1-diphenyl-1-octene",CCCCCCC=C(c1ccccc1)c1ccccc1,264.412,911.4,16.56,983.45,0.842
C20H26,"1,1-diphenyloctane",CCCCCCCC(c1ccccc1)c1ccccc1,266.428,881.49,14.89,1055.18,0.847
C20H26,"2,5-dimethyl-2,5-diphenylhexane",CC(C)(CCC(C)(C)c1ccccc1)c1ccccc1,266.428,881.49,15.02,1045.87,0.847
C20H26,"4,4'-di-tert-butyl-biphenyl",CC(C)(C)c1ccc(-c2ccc(C(C)(C)C)cc2)cc1,266.428,921.49,15.31,1072.7,0.847
C20H26,"3,4-dimethyl-3,4-diphenylhexane",CCC(C)(c1ccccc1)C(C)(CC)c1ccccc1,266.428,881.49,15.02,1045.87,0.847
C20H28,1-decylnaphthalene,CCCCCCCCCCc1cccc2ccccc12,268.444,938.67,14.25,1171.02,0.853
C20H28,2-decylnaphthalene,CCCCCCCCCCc1ccc2ccccc2c1,268.444,938.67,14.14,1180.02,0.853
C20H30O2,abietic acid,CC(C)C1=CC2=CC[C@@H]3[C@](C)(CCC[C@@]3(C)C(=O)O)[C@H]2CC1,302.458,832,13.72,998,1.252
C20H30O2,palustric acid,CC(C)C1=CC2=C(CC1)[C@@]1(C)CCC[C@@](C)(C(=O)O)[C@@H]1CC2,302.458,789,13.08,993,1.252
C20H30O2,pimaric acid,C=C[C@@]1(C)C=C2CC[C@@H]3[C@](C)(CCC[C@@]3(C)C(=O)O)[C@H]2CC1,302.458,807.1,13.31,998,1.252
C20H30O2,neoabietic acid,CC(C)=C1C=C2CC[C@@H]3[C@](C)(CCC[C@@]3(C)C(=O)O)[C@H]2CC1,302.458,812,13.39,998,1.252
C20H30O4,dihexyl phthalate,CCCCCCOC(=O)c1ccccc1C(=O)OCCCCCC,334.456,793,11.84,1060,1.331
C20H31N,dehydroabietylamine,CC(C)c1ccc2c(c1)CC[C@H]1[C@](C)(CN)CCC[C@]21C,285.475,863,14.56,1020,0.949
C20H32,"1-decyl-[1,2,3,4-tetrahydronaphthalene]",CCCCCCCCCCC1CCCc2ccccc21,272.476,902.99,14.76,1082.1,0.864
C20H32,"2-decyl-[1,2,3,4-tetrahydronaphthalene]",CCCCCCCCCCC1CCc2ccccc2C1,272.476,902.99,14.76,1082.1,0.864
C20H34,1-phenyltetradecane,CCCCCCCCCCCCCCc1ccccc1,274.492,865.13,12.79,1193.88,0.869
C20H36S,2-hexadecylthiophene,CCCCCCCCCCCCCCCCc1cccs1,308.575,847.33,11.4,1228.17,0.958
C20H36S,3-hexadecylthiophene,CCCCCCCCCCCCCCCCc1ccsc1,308.575,847.33,11.4,1228.17,0.958
C20H36S,2-isohexadecylthiophene,CC(C)CCCCCCCCCCCCCc1cccs1,308.575,847.33,11.4,1228.17,0.958
C20H36S,3-isohexadecylthiophene,CC(C)CCCCCCCCCCCCCc1ccsc1,308.575,847.33,11.4,1228.17,0.958
C20H36S,2-sec-hexadecylthiophene,CCCCCCCCCCCCCCC(C)c1cccs1,308.575,847.33,11.4,1228.17,0.958
C20H36S,3-sec-hexadecylthiophene,CCCCCCCCCCCCCCC(C)c1ccsc1,308.575,847.33,11.4,1228.17,0.958
C20H36S,2-(2-methylpentadec-2-yl)thiophene,CCCCCCCCCCCCCC(C)(C)c1cccs1,308.575,847.33,11.4,1228.17,0.958
C20H36S,3-(2-methylpentadec-2-yl)thiophene,CCCCCCCCCCCCCC(C)(C)c1ccsc1,308.575,847.33,11.4,1228.17,0.958
C20H36S,2-methyl-3-pentadecylthiophene,CCCCCCCCCCCCCCCc1ccsc1C,308.575,847.33,11.4,1228.17,0.958
C20H36S,2-methyl-4-pentadecyl thiophene,CCCCCCCCCCCCCCCc1csc(C)c1,308.575,847.33,11.4,1228.17,0.958
C20H36S,2-methyl-5-pentadecyl thiophene,CCCCCCCCCCCCCCCc1ccc(C)s1,308.575,847.33,11.4,1228.17,0.958
C20H36S,3-methyl-2-pentadecylthiophene,CCCCCCCCCCCCCCCc1sccc1C,308.575,847.33,11.4,1228.17,0.958
C20H36S,3-methyl-4-pentadecyl thiophene,CCCCCCCCCCCCCCCc1cscc1C,308.575,847.33,11.4,1228.17,0.958
C20H36S,3-methyl-5-pentadecylthiophene,CCCCCCCCCCCCCCCc1cc(C)cs1,308.575,847.33,11.4,1228.17,0.958
C20H38,1-eicosyne,C#CCCCCCCCCCCCCCCCCCC,278.524,814.38,11.74,1217.28,0.88
C20H38,2-eicosyne,CC#CCCCCCCCCCCCCCCCCC,278.524,814.38,11.56,1236.54,0.88
C20H38,3-eicosyne,CCC#CCCCCCCCCCCCCCCCC,278.524,814.38,11.56,1236.54,0.88
C20H38,"1,1-dicyclohexyloctane",CCCCCCCC(C1CCCCC1)C1CCCCC1,278.524,854.38,11.97,1253.1,0.88
C20H38,1-pentadecylcyclopentene,CCCCCCCCCCCCCCCC1=CCCC1,278.524,829.38,12.09,1204.17,0.88
C20H38O2,cis-5-eicosenoic acid,CCCCCCCCCCCCCC/C=C\CCCC(=O)O,310.522,898.92,10,1464.93,1.273
C20H38O2,9-eicosenoic acid,CCCCCCCCCCC=CCCCCCCCC(=O)O,310.522,898.92,9.85,1486.95,1.273
C20H38O2,Z-9-eicosenoic acid,CCCCCCCCCC/C=C\CCCCCCCC(=O)O,310.522,898.92,9.85,1486.95,1.273
C20H38O2,11-eicosenoic acid,CCCCCCCCC=CCCCCCCCCCC(=O)O,310.522,898.92,9.78,1498.28,1.273
C20H38O2,cis-11-eicosenoic acid,CCCCCCCC/C=C\CCCCCCCCCC(=O)O,310.522,898.92,9.78,1497.46,1.273
C20H39Br,1-bromo-1-eicosene,CCCCCCCCCCCCCCCCCCC=CBr,359.436,841.86,12.16,1306.4,1.058
C20H39Br,trans-1-bromo-1-eicosene,CCCCCCCCCCCCCCCCCC/C=C/Br,359.436,841.86,12.16,1306.4,1.058
C20H39Cl,cis-1-chloro-1-eicosene,CCCCCCCCCCCCCCCCCC/C=C\Cl,314.985,861.02,11.75,1302.64,0.623
C20H39Cl,trans-1-chloro-1-eicosene,CCCCCCCCCCCCCCCCCC/C=C/Cl,314.985,861.02,11.75,1302.64,0.623
C20H39Cl3,"1,1,1-trichloroeicosane",CCCCCCCCCCCCCCCCCCCC(Cl)(Cl)Cl,385.891,844.51,8.77,1567.65,0.524
C20H39F,cis-1-fluoro-1-eicosene,CCCCCCCCCCCCCCCCCC/C=C\F,298.53,754.87,12.31,1086.75,0.383
C20H39F,trans-1-fluoro-1-eicosene,CCCCCCCCCCCCCCCCCC/C=C/F,298.53,754.87,12.31,1086.75,0.383
C20H39F3,"1,1,1-trifluoroeicosane",CCCCCCCCCCCCCCCCCCCC(F)(F)F,336.526,696.28,9.13,1289.47,0.473
C20H39N,eicosanenitrile,CCCCCCCCCCCCCCCCCCCC#N,293.539,944.85,11.54,1394.62,0.97
C20H40,pentadecylcyclopentane,CCCCCCCCCCCCCCCC1CCCC1,280.54,826.49,9.48,1250.4,0.885
C20H40,tetradecylcyclohexane,CCCCCCCCCCCCCCC1CCCCC1,280.54,831.49,11.19,1300.92,0.885
C20H40,cycloeicosane,C1CCCCCCCCCCCCCCCCCCC1,280.54,842.81,15.1,977.5,0.885
C20H40,1-eicosene,C=CCCCCCCCCCCCCCCCCCC,280.54,801.49,11.07,1268.34,0.885
C20H40,trans-2-eicosene,C/C=C/CCCCCCCCCCCCCCCCC,280.54,801.49,10.99,1277.67,0.885
C20H40,2-methyl-1-nonadecene,C=C(C)CCCCCCCCCCCCCCCCC,280.54,801.49,10.99,1277.67,0.885
C20H40Br2,"1,1-dibromoeicosane",CCCCCCCCCCCCCCCCCCCC(Br)Br,440.348,887.92,10.39,1458.37,0.857
C20H40Cl2,"1,1-dichloroeicosane",CCCCCCCCCCCCCCCCCCCC(Cl)Cl,351.446,874.79,10.76,1380.82,0.621
C20H40F2,"1,1-difluoroeicosane",CCCCCCCCCCCCCCCCCCCC(F)F,318.536,774.42,12.05,1111.6,0.504
C20H40O,eicosanal,CCCCCCCCCCCCCCCCCCCC=O,296.539,826.4,10.07,1360.5,1.237
C20H40O,2-eicosanone,CCCCCCCCCCCCCCCCCCC(C)=O,296.539,817.4,10.58,1281.12,1.237
C20H40O,3-eicosanone,CCCCCCCCCCCCCCCCCC(=O)CC,296.539,817.4,10.58,1281.12,1.237
C20H40O,"3,7,11,15-tetramethyl-1-hexadecen-3-ol",C=CC(C)(O)CCCC(C)CCCC(C)CCCC(C)C,296.539,857.4,11.04,1288.33,1.237
C20H40O2,eicosanoic acid,CCCCCCCCCCCCCCCCCCCC(=O)O,312.538,870.55,10.06,1406.49,1.278
C20H40O2,2-methylnonadecanoic acid,CCCCCCCCCCCCCCCCCC(C)C(=O)O,312.538,870.55,10.13,1397.46,1.278
C20H40O2,2-ethyloctadecanoic acid,CCCCCCCCCCCCCCCCC(CC)C(=O)O,312.538,870.55,10.05,1408.41,1.278
C20H40O2,"3,7,11,15-tetramethylhexadecanoic acid",CC(C)CCCC(C)CCCC(C)CCCC(C)CC(=O)O,312.538,870.55,10.13,1397.46,1.278
C20H40O2,nonadecyl formate,CCCCCCCCCCCCCCCCCCCOC=O,312.538,780.55,9.53,1330.93,1.278
C20H40O2,octadecyl acetate,CCCCCCCCCCCCCCCCCCOC(C)=O,312.538,780.55,9.53,1330.93,1.278
C20H40O2,hexadecyl butanoate,CCCCCCCCCCCCCCCCOC(=O)CCC,312.538,780.55,9.53,1330.93,1.278
C20H40O2,decyl decanoate,CCCCCCCCCCOC(=O)CCCCCCCCC,312.538,780.55,9.39,1351.04,1.278
C20H40O2,butyl palmitate,CCCCCCCCCCCCCCCC(=O)OCCCC,312.538,780.55,9.53,1330.93,1.278
C20H40O2,ethyl stearate,CCCCCCCCCCCCCCCCCC(=O)OCC,312.538,780.55,9.53,1330.93,1.278
C20H40O2,methyl nonadecanoate,CCCCCCCCCCCCCCCCCCC(=O)OC,312.538,780.55,9.53,1330.93,1.278
C20H40S,thiacycloheneicosane,C1CCCCCCCCCCSCCCCCCCCC1,312.607,872.75,14.13,1015.5,0.968
C20H41Br,1-bromoeicosane,CCCCCCCCCCCCCCCCCCCCBr,361.452,823.63,11.09,1398.17,1.063
C20H41Cl,1-chloroeicosane,CCCCCCCCCCCCCCCCCCCCCl,317.001,842.95,10.97,1362.08,0.626
C20H41F,1-fluoroeicosane,CCCCCCCCCCCCCCCCCCCCF,300.546,796.88,12.68,1111.18,0.454
C20H41NO2,1-nitroeicosane,CCCCCCCCCCCCCCCCCCCC[N+](=O)[O-],327.553,982.95,8.88,1807.06,1.054
C20H42,eicosane,CCCCCCCCCCCCCCCCCCCC,282.556,788.59,11.86,1161.7,0.891
C20H42,2-methylnonadecane,CCCCCCCCCCCCCCCCCC(C)C,282.556,788.59,11.76,1171.49,0.891
C20H42,3-methylnonadecane,CCCCCCCCCCCCCCCCC(C)CC,282.556,788.59,11.85,1162.76,0.891
C20H42,4-methylnonadecane,CCCCCCCCCCCCCCCC(C)CCC,282.556,788.59,11.68,1179.3,0.891
C20H42,5-methylnonadecane,CCCCCCCCCCCCCCC(C)CCCC,282.556,788.59,11.68,1179.36,0.891
C20H42,4-propylheptadecane,CCCCCCCCCCCCCC(CCC)CCC,282.556,788.59,11.55,1192.93,0.891
C20H42,5-butylhexadecane,CCCCCCCCCCCC(CCCC)CCCC,282.556,788.59,11.38,1210.35,0.891
C20H42,"2,2-dimethyloctadecane",CCCCCCCCCCCCCCCCC(C)(C)C,282.556,788.59,11.65,1182.66,0.891
C20H42,"2,3-dimethyloctadecane",CCCCCCCCCCCCCCCC(C)C(C)C,282.556,788.59,12.02,1145.81,0.891
C20H42,"2,4-dimethyloctadecane",CCCCCCCCCCCCCCC(C)CC(C)C,282.556,788.59,11.86,1161.17,0.891
C20H42,"2,4,6-trimethylheptadecane",CCCCCCCCCCCC(C)CC(C)CC(C)C,282.556,788.59,11.36,1212.16,0.891
C20H42O,1-eicosanol,CCCCCCCCCCCCCCCCCCCCO,298.555,824.08,10.09,1350.77,1.243
C20H42O,2-eicosanol,CCCCCCCCCCCCCCCCCCC(C)O,298.555,824.08,10.05,1355.99,1.243
C20H42O,2-octyl-1-dodecanol,CCCCCCCCCCC(CO)CCCCCCCC,298.555,824.08,10.06,1355.6,1.243
C20H42O,didecyl ether,CCCCCCCCCCOCCCCCCCCCC,298.555,754.08,9.77,1276.99,1.243
C20H42O2,"1,2-eicosanediol",CCCCCCCCCCCCCCCCCCC(O)CO,314.554,992.17,9.92,1621.6,1.283
C20H42S,1-eicosanethiol,CCCCCCCCCCCCCCCCCCCCS,314.623,827.22,10.23,1326.19,0.973
C20H42S,3-eicosanethiol,CCCCCCCCCCCCCCCCCC(S)CC,314.623,827.22,10.23,1326.19,0.973
C20H42S,2-eicosanethiol,CCCCCCCCCCCCCCCCCCC(C)S,314.623,827.22,10.23,1326.19,0.973
C20H42S,4-eicosanethiol,CCCCCCCCCCCCCCCCC(S)CCC,314.623,827.22,10.23,1326.19,0.973
C20H42S,5-eicosanethiol,CCCCCCCCCCCCCCCC(S)CCCC,314.623,827.22,10.23,1326.19,0.973
C20H42S,6-eicosanethiol,CCCCCCCCCCCCCCC(S)CCCCC,314.623,827.22,10.23,1326.19,0.973
C20H42S,7-eicosanethiol,CCCCCCCCCCCCCC(S)CCCCCC,314.623,827.22,10.23,1326.19,0.973
C20H42S,8-eicosanethiol,CCCCCCCCCCCCC(S)CCCCCCC,314.623,827.22,10.23,1326.19,0.973
C20H42S,9-eicosanethiol,CCCCCCCCCCCC(S)CCCCCCCC,314.623,827.22,10.23,1326.19,0.973
C20H42S,10-eicosanethiol,CCCCCCCCCCC(S)CCCCCCCCC,314.623,827.22,10.23,1326.19,0.973
C20H42S,2-methyl-1-nonadecanethiol,CCCCCCCCCCCCCCCCCC(C)CS,314.623,827.22,10.23,1326.19,0.973
C20H42S,3-methyl-1-nonadecanethiol,CCCCCCCCCCCCCCCCC(C)CCS,314.623,827.22,10.23,1326.19,0.973
C20H42S,4-methyl-1-nonadecanethiol,CCCCCCCCCCCCCCCC(C)CCCS,314.623,827.22,10.23,1326.19,0.973
C20H42S,5-methyl-1-nonadecanethiol,CCCCCCCCCCCCCCC(C)CCCCS,314.623,827.22,10.23,1326.19,0.973
C20H42S,6-methyl-1-nonadecanethiol,CCCCCCCCCCCCCC(C)CCCCCS,314.623,827.22,10.23,1326.19,0.973
C20H42S,7-methyl-1-nonadecanethiol,CCCCCCCCCCCCC(C)CCCCCCS,314.623,827.22,10.23,1326.19,0.973
C20H42S,8-methyl-1-nonadecanethiol,CCCCCCCCCCCC(C)CCCCCCCS,314.623,827.22,10.23,1326.19,0.973
C20H42S,9-methyl-1-nonadecanethiol,CCCCCCCCCCC(C)CCCCCCCCS,314.623,827.22,10.23,1326.19,0.973
C20H42S,10-methyl-1-nonadecanethiol,CCCCCCCCCC(C)CCCCCCCCCS,314.623,827.22,10.23,1326.19,0.973
C20H42S,11-methyl-1-nonadecanethiol,CCCCCCCCC(C)CCCCCCCCCCS,314.623,827.22,10.23,1326.19,0.973
C20H42S,12-methyl-1-nonadecanethiol,CCCCCCCC(C)CCCCCCCCCCCS,314.623,827.22,10.23,1326.19,0.973
C20H42S,13-methyl-1-nonadecanethiol,CCCCCCC(C)CCCCCCCCCCCCS,314.623,827.22,10.23,1326.19,0.973
C20H42S,14-methyl-1-nonadecanethiol,CCCCCC(C)CCCCCCCCCCCCCS,314.623,827.22,10.23,1326.19,0.973
C20H42S,15-methyl-1-nonadecanethiol,CCCCC(C)CCCCCCCCCCCCCCS,314.623,827.22,10.23,1326.19,0.973
C20H42S,16-methyl-1-nonadecanethiol,CCCC(C)CCCCCCCCCCCCCCCS,314.623,827.22,10.23,1326.19,0.973
C20H42S,17-methyl-1-nonadecanethiol,CCC(C)CCCCCCCCCCCCCCCCS,314.623,827.22,10.23,1326.19,0.973
C20H42S,18-methyl-1-nonadecanethiol,CC(C)CCCCCCCCCCCCCCCCCS,314.623,827.22,10.23,1326.19,0.973
C20H42S,2-methyl-2-nonadecanethiol,CCCCCCCCCCCCCCCCCC(C)(C)S,314.623,827.22,10.23,1326.19,0.973
C20H42S,3-methyl-2-nonadecanethiol,CCCCCCCCCCCCCCCCC(C)C(C)S,314.623,827.22,10.23,1326.19,0.973
C20H42S,4-methyl-2-nonadecanethiol,CCCCCCCCCCCCCCCC(C)CC(C)S,314.623,827.22,10.23,1326.19,0.973
C20H42S,5-methyl-2-nonadecanethiol,CCCCCCCCCCCCCCC(C)CCC(C)S,314.623,827.22,10.23,1326.19,0.973
C20H42S,6-methyl-2-nonadecanethiol,CCCCCCCCCCCCCC(C)CCCC(C)S,314.623,827.22,10.23,1326.19,0.973
C20H42S,7-methyl-2-nonadecanethiol,CCCCCCCCCCCCC(C)CCCCC(C)S,314.623,827.22,10.23,1326.19,0.973
C20H42S,8-methyl-2-nonadecanethiol,CCCCCCCCCCCC(C)CCCCCC(C)S,314.623,827.22,10.23,1326.19,0.973
C20H42S,9-methyl-2-nonadecanethiol,CCCCCCCCCCC(C)CCCCCCC(C)S,314.623,827.22,10.23,1326.19,0.973
C20H42S,10-methyl-2-nonadecanethiol,CCCCCCCCCC(C)CCCCCCCC(C)S,314.623,827.22,10.23,1326.19,0.973
C20H42S,11-methyl-2-nonadecanethiol,CCCCCCCCC(C)CCCCCCCCC(C)S,314.623,827.22,10.23,1326.19,0.973
C20H42S,12-methyl-2-nonadecanethiol,CCCCCCCC(C)CCCCCCCCCC(C)S,314.623,827.22,10.23,1326.19,0.973
C20H42S,13-methyl-2-nonadecanethiol,CCCCCCC(C)CCCCCCCCCCC(C)S,314.623,827.22,10.23,1326.19,0.973
C20H42S,14-methyl-2-nonadecanethiol,CCCCCC(C)CCCCCCCCCCCC(C)S,314.623,827.22,10.23,1326.19,0.973
C20H42S,15-methyl-2-nonadecanethiol,CCCCC(C)CCCCCCCCCCCCC(C)S,314.623,827.22,10.23,1326.19,0.973
C20H42S,16-methyl-2-nonadecanethiol,CCCC(C)CCCCCCCCCCCCCC(C)S,314.623,827.22,10.23,1326.19,0.973
C20H42S,17-methyl-2-nonadecanethiol,CCC(C)CCCCCCCCCCCCCCC(C)S,314.623,827.22,10.23,1326.19,0.973
C20H42S,18-methyl-2-nonadecanethiol,CC(C)CCCCCCCCCCCCCCCC(C)S,314.623,827.22,10.23,1326.19,0.973
C20H42S,2-thiaheneicosane,CCCCCCCCCCCCCCCCCCCSC,314.623,827.22,10.23,1326.19,0.973
C20H42S,3-thiaheneicosane,CCCCCCCCCCCCCCCCCCSCC,314.623,827.22,10.23,1326.19,0.973
C20H42S,4-thiaheneicosane,CCCCCCCCCCCCCCCCCSCCC,314.623,827.22,10.23,1326.19,0.973
C20H42S,5-thiaheneicosane,CCCCCCCCCCCCCCCCSCCCC,314.623,827.22,10.23,1326.19,0.973
C20H42S,6-thiaheneicosane,CCCCCCCCCCCCCCCSCCCCC,314.623,827.22,10.23,1326.19,0.973
C20H42S,7-thiaheneicosane,CCCCCCCCCCCCCCSCCCCCC,314.623,827.22,10.23,1326.19,0.973
C20H42S,8-thiaheneicosane,CCCCCCCCCCCCCSCCCCCCC,314.623,827.22,10.23,1326.19,0.973
C20H42S,9-thiaheneicosane,CCCCCCCCCCCCSCCCCCCCC,314.623,827.22,10.23,1326.19,0.973
C20H42S,10-thiaheneicosane,CCCCCCCCCCCSCCCCCCCCC,314.623,827.22,10.23,1326.19,0.973
C20H42S,11-thiaheneicosane,CCCCCCCCCCSCCCCCCCCCC,314.623,827.22,10.23,1326.19,0.973
C20H42S,3-methyl-2-thiaeicosane,CCCCCCCCCCCCCCCCCC(C)SC,314.623,827.22,10.23,1326.19,0.973
C20H42S,4-methyl-2-thiaeicosane,CCCCCCCCCCCCCCCCC(C)CSC,314.623,827.22,10.23,1326.19,0.973
C20H42S,5-methyl-2-thiaeicosane,CCCCCCCCCCCCCCCC(C)CCSC,314.623,827.22,10.23,1326.19,0.973
C20H42S,6-methyl-2-thiaeicosane,CCCCCCCCCCCCCCC(C)CCCSC,314.623,827.22,10.23,1326.19,0.973
C20H42S,7-methyl-2-thiaeicosane,CCCCCCCCCCCCCC(C)CCCCSC,314.623,827.22,10.23,1326.19,0.973
C20H42S,8-methyl-2-thiaeicosane,CCCCCCCCCCCCC(C)CCCCCSC,314.623,827.22,10.23,1326.19,0.973
C20H42S,9-methyl-2-thiaeicosane,CCCCCCCCCCCC(C)CCCCCCSC,314.623,827.22,10.23,1326.19,0.973
C20H42S,10-methyl-2-thiaeicosane,CCCCCCCCCCC(C)CCCCCCCSC,314.623,827.22,10.23,1326.19,0.973
C20H42S,11-methyl-2-thiaeicosane,CCCCCCCCCC(C)CCCCCCCCSC,314.623,827.22,10.23,1326.19,0.973
C20H42S,12-methyl-2-thiaeicosane,CCCCCCCCC(C)CCCCCCCCCSC,314.623,827.22,10.23,1326.19,0.973
C20H42S,2-methyl-3-thiaeicosane,CCCCCCCCCCCCCCCCCSC(C)C,314.623,827.22,10.23,1326.19,0.973
C20H42S,4-methyl-3-thiaeicosane,CCCCCCCCCCCCCCCCC(C)SCC,314.623,827.22,10.23,1326.19,0.973
C20H42S,5-methyl-3-thiaeicosane,CCCCCCCCCCCCCCCC(C)CSCC,314.623,827.22,10.23,1326.19,0.973
C20H42S,6-methyl-3-thiaeicosane,CCCCCCCCCCCCCCC(C)CCSCC,314.623,827.22,10.23,1326.19,0.973
C20H42S,7-methyl-3-thiaeicosane,CCCCCCCCCCCCCC(C)CCCSCC,314.623,827.22,10.23,1326.19,0.973
C20H42S,8-methyl-3-thiaeicosane,CCCCCCCCCCCCC(C)CCCCSCC,314.623,827.22,10.23,1326.19,0.973
C20H42S,9-methyl-3-thiaeicosane,CCCCCCCCCCCC(C)CCCCCSCC,314.623,827.22,10.23,1326.19,0.973
C20H42S,10-methyl-3-thiaeicosane,CCCCCCCCCCC(C)CCCCCCSCC,314.623,827.22,10.23,1326.19,0.973
C20H42S,11-methyl-3-thiaeicosane,CCCCCCCCCC(C)CCCCCCCSCC,314.623,827.22,10.23,1326.19,0.973
C20H42S,12-methyl-3-thiaeicosane,CCCCCCCCC(C)CCCCCCCCSCC,314.623,827.22,10.23,1326.19,0.973
C20H42S2,"1,20-eicosanedithiol",SCCCCCCCCCCCCCCCCCCCCS,346.69,937.11,10.85,1361.26,1.049
C20H42S2,"1,19-eicosanedithiol",CC(S)CCCCCCCCCCCCCCCCCCS,346.69,937.11,10.85,1361.26,1.049
C20H42S2,"1,18-eicosanedithiol",CCC(S)CCCCCCCCCCCCCCCCCS,346.69,937.11,10.85,1361.26,1.049
C20H42S2,"1,17-eicosanedithiol",CCCC(S)CCCCCCCCCCCCCCCCS,346.69,937.11,10.85,1361.26,1.049
C20H42S2,"1,16-eicosanedithiol",CCCCC(S)CCCCCCCCCCCCCCCS,346.69,937.11,10.85,1361.26,1.049
C20H42S2,"1,15-eicosanedithiol",CCCCCC(S)CCCCCCCCCCCCCCS,346.69,937.11,10.85,1361.26,1.049
C20H42S2,"1,14-eicosanedithiol",CCCCCCC(S)CCCCCCCCCCCCCS,346.69,937.11,10.85,1361.26,1.049
C20H42S2,"1,12-eicosanedithiol",CCCCCCCCC(S)CCCCCCCCCCCS,346.69,937.11,10.85,1361.26,1.049
C20H42S2,"1,11-eicosanedithiol",CCCCCCCCCC(S)CCCCCCCCCCS,346.69,937.11,10.85,1361.26,1.049
C20H42S2,"1,10-eicosanedithiol",CCCCCCCCCCC(S)CCCCCCCCCS,346.69,937.11,10.85,1361.26,1.049
C20H42S2,"1,9-eicosanedithiol",CCCCCCCCCCCC(S)CCCCCCCCS,346.69,937.11,10.85,1361.26,1.049
C20H42S2,"1,8-eicosanedithiol",CCCCCCCCCCCCC(S)CCCCCCCS,346.69,937.11,10.85,1361.26,1.049
C20H42S2,"1,7-eicosanedithiol",CCCCCCCCCCCCCC(S)CCCCCCS,346.69,937.11,10.85,1361.26,1.049
C20H42S2,"1,6-eicosanedithiol",CCCCCCCCCCCCCCC(S)CCCCCS,346.69,937.11,10.85,1361.26,1.049
C20H42S2,"1,5-eicosanedithiol",CCCCCCCCCCCCCCCC(S)CCCCS,346.69,937.11,10.85,1361.26,1.049
C20H42S2,"1,4-eicosanedithiol",CCCCCCCCCCCCCCCCC(S)CCCS,346.69,937.11,10.85,1361.26,1.049
C20H42S2,"1,3-eicosanedithiol",CCCCCCCCCCCCCCCCCC(S)CCS,346.69,937.11,10.85,1361.26,1.049
C20H42S2,"1,2-eicosanedithiol",CCCCCCCCCCCCCCCCCCC(S)CS,346.69,937.11,10.85,1361.26,1.049
C20H42S2,"2,3-dithiadocosane",CCCCCCCCCCCCCCCCCCCSSC,346.69,882.11,10.08,1379.21,1.049
C20H42S2,"3,4-dithiadocosane",CCCCCCCCCCCCCCCCCCSSCC,346.69,882.11,10.08,1379.21,1.049
C20H42S2,"4,5-dithiadocosane",CCCCCCCCCCCCCCCCCSSCCC,346.69,882.11,10.08,1379.21,1.049
C20H42S2,"5,6-dithiadocosane",CCCCCCCCCCCCCCCCSSCCCC,346.69,882.11,10.08,1379.21,1.049
C20H42S2,"6,7-dithiadocosane",CCCCCCCCCCCCCCCSSCCCCC,346.69,882.11,10.08,1379.21,1.049
C20H42S2,"7,8-dithiadocosane",CCCCCCCCCCCCCCSSCCCCCC,346.69,882.11,10.08,1379.21,1.049
C20H42S2,"8,9-dithiadocosane",CCCCCCCCCCCCCSSCCCCCCC,346.69,882.11,10.08,1379.21,1.049
C20H42S2,"9,10-dithiadocosane",CCCCCCCCCCCCSSCCCCCCCC,346.69,882.11,10.08,1379.21,1.049
C20H42S2,"10,11-dithiadocosane",CCCCCCCCCCCSSCCCCCCCCC,346.69,882.11,10.08,1379.21,1.049
C20H42S2,"11,12-dithiadocosane",CCCCCCCCCCSSCCCCCCCCCC,346.69,882.11,10.08,1379.21,1.049
C20H42S2,"2,4-dithiadocosane",CCCCCCCCCCCCCCCCCCSCSC,346.69,882.11,10.08,1379.21,1.049
C20H42S2,"3,5-dithiadocosane",CCCCCCCCCCCCCCCCCSCSCC,346.69,882.11,10.08,1379.21,1.049
C20H42S2,"4,6-dithiadocosane",CCCCCCCCCCCCCCCCSCSCCC,346.69,882.11,10.08,1379.21,1.049
C20H42S2,"5,7-dithiadocosane",CCCCCCCCCCCCCCCSCSCCCC,346.69,882.11,10.08,1379.21,1.049
C20H42S2,"6,8-dithiadocosane",CCCCCCCCCCCCCCSCSCCCCC,346.69,882.11,10.08,1379.21,1.049
C20H42S2,"7,9-dithiadocosane",CCCCCCCCCCCCCSCSCCCCCC,346.69,882.11,10.08,1379.21,1.049
C20H42S2,"8,10-dithiadocosane",CCCCCCCCCCCCSCSCCCCCCC,346.69,882.11,10.08,1379.21,1.049
C20H42S2,"9,11-dithiadocosane",CCCCCCCCCCCSCSCCCCCCCC,346.69,882.11,10.08,1379.21,1.049
C20H42S2,"10,12-dithiadocosane",CCCCCCCCCCSCSCCCCCCCCC,346.69,882.11,10.08,1379.21,1.049
C20H43N,eicosylamine,CCCCCCCCCCCCCCCCCCCCN,297.571,863.91,10.98,1333.67,0.98
C20H43N,methylnonadecylamine,CCCCCCCCCCCCCCCCCCCNC,297.571,823.91,10.38,1345.72,0.98
C20H43N,ethyloctadecylamine,CCCCCCCCCCCCCCCCCCNCC,297.571,823.91,10.38,1345.72,0.98
C20H43N,didecylamine,CCCCCCCCCCNCCCCCCCCCC,297.571,823.91,10.42,1339.75,0.98
C20H43N,dimethyloctadecylamine,CCCCCCCCCCCCCCCCCCN(C)C,297.571,823.91,10.53,1326.71,0.98
C20H43N,diethylhexadecylamine,CCCCCCCCCCCCCCCCN(CC)CC,297.571,823.91,10.56,1322.36,0.98
C21H16,5-methylcholanthrene,Cc1ccc2c3c(c4ccc5ccccc5c4cc13)CC2,268.359,1085.44,23.49,821.55,0.852
C21H18,12-ethyl-7-methylbenz(a)anthracene,CCc1c2ccccc2c(C)c2ccc3ccccc3c12,270.375,1069.56,21.11,898.56,0.858
C21H18,5-isopropyl-1:2-benzanthracene,CC(C)c1cccc2cc3c(ccc4ccccc43)cc12,270.375,1069.56,21.11,898.56,0.858
C21H18,6-isopropyl-1:2-benzanthracene,CC(C)c1ccc2cc3c(ccc4ccccc43)cc2c1,270.375,1069.56,21.11,898.56,0.858
C21H18,"5-n-propyl-1,2-benzanthracene",CCCc1cccc2cc3c(ccc4ccccc43)cc12,270.375,1069.56,21.11,898.56,0.858
C21H18,"4,5,10-trimethylbenz(a)anthracene",Cc1ccc2cc3cc(C)c4c(C)cccc4c3cc2c1,270.375,1069.56,21.11,898.56,0.858
C21H18,"4,7,12-trimethylbenz(a)anthracene",Cc1cccc2c1ccc1c(C)c3ccccc3c(C)c12,270.375,1069.56,21.11,898.56,0.858
C21H18,"4,9,10-trimethyl-1,2-benzanthracene",Cc1cc2ccccc2c2c(C)c3ccccc3c(C)c12,270.375,1069.56,21.11,898.56,0.858
C21H18,"6,7,8-trimethylbenz(a)anthracene",Cc1cccc2cc3c(c(C)cc4ccccc43)c(C)c12,270.375,1069.56,21.11,898.56,0.858
C21H18,"6,8,12-trimethylbenz(a)anthracene",Cc1cccc2c(C)c3c(cc12)c(C)cc1ccccc13,270.375,1069.56,21.11,898.56,0.858
C21H18,"6,9,12-trimethyl-1,2-benzanthracene",Cc1ccc2c(C)c3c(ccc4ccccc43)c(C)c2c1,270.375,1069.56,21.11,898.56,0.858
C21H18,"7,8,12-trimethylbenz(a)anthracene",Cc1cccc2c(C)c3c(ccc4ccccc43)c(C)c12,270.375,1069.56,21.11,898.56,0.858
C21H18,"7,10,12-trimethylbenz(a)anthracene",Cc1ccc2c(C)c3ccc4ccccc4c3c(C)c2c1,270.375,1069.56,21.11,898.56,0.858
C21H26,"1,1-diphenyl-1-nonene",CCCCCCCC=C(c1ccccc1)c1ccccc1,278.439,928.35,15.45,1055.03,0.88
C21H28,"1,1-diphenylnonane",CCCCCCCCC(c1ccccc1)c1ccccc1,280.455,896.41,13.89,1130.13,0.885
C21H30,1-undecylnaphthalene,CCCCCCCCCCCc1cccc2ccccc12,282.471,953.51,13.32,1250.48,0.891
C21H30,2-undecylnaphthalene,CCCCCCCCCCCc1ccc2ccccc2c1,282.471,953.51,13.22,1259.63,0.891
C20H28O2,dehydroabietic acid,CC(C)c1ccc2c(c1)CC[C@H]1[C@](C)(C(=O)O)CCC[C@]21C,300.442,828,13.7,980,1.282
C21H36,pentadecylbenzene,CCCCCCCCCCCCCCCc1ccccc1,288.519,879.75,11.87,1284.7,0.907
C21H38S,2-heptadecylthiophene,CCCCCCCCCCCCCCCCCc1cccs1,322.602,858.57,10.77,1294.91,0.992
C21H38S,3-heptadecylthiophene,CCCCCCCCCCCCCCCCCc1ccsc1,322.602,858.57,10.77,1294.91,0.992
C21H38S,2-isoheptadecylthiophene,CC(C)CCCCCCCCCCCCCCc1cccs1,322.602,858.57,10.77,1294.91,0.992
C21H38S,3-isoheptadecylthiophene,CC(C)CCCCCCCCCCCCCCc1ccsc1,322.602,858.57,10.77,1294.91,0.992
C21H38S,2-sec-heptadecylthiophene,CCCCCCCCCCCCCCCC(C)c1cccs1,322.602,858.57,10.77,1294.91,0.992
C21H38S,3-sec-heptadecylthiophene,CCCCCCCCCCCCCCCC(C)c1ccsc1,322.602,858.57,10.77,1294.91,0.992
C21H38S,2-(2-methylhexadec-2-yl)thiophene,CCCCCCCCCCCCCCC(C)(C)c1cccs1,322.602,858.57,10.77,1294.91,0.992
C21H38S,3-(2-methylhexadec-2-yl)thiophene,CCCCCCCCCCCCCCC(C)(C)c1ccsc1,322.602,858.57,10.77,1294.91,0.992
C21H38S,2-methyl-3-hexadecylthiophene,CCCCCCCCCCCCCCCCc1ccsc1C,322.602,858.57,10.77,1294.91,0.992
C21H38S,2-methyl-4-hexadecyl thiophene,CCCCCCCCCCCCCCCCc1csc(C)c1,322.602,858.57,10.77,1294.91,0.992
C21H38S,2-methyl-5-hexadecyl thiophene,CCCCCCCCCCCCCCCCc1ccc(C)s1,322.602,858.57,10.77,1294.91,0.992
C21H38S,3-methyl-2-hexadecylthiophene,CCCCCCCCCCCCCCCCc1sccc1C,322.602,858.57,10.77,1294.91,0.992
C21H38S,3-methyl-4-hexadecyl thiophene,CCCCCCCCCCCCCCCCc1cscc1C,322.602,858.57,10.77,1294.91,0.992
C21H38S,3-methyl-5-hexadecylthiophene,CCCCCCCCCCCCCCCCc1cc(C)cs1,322.602,858.57,10.77,1294.91,0.992
C21H40,1-heneicosyne,C#CCCCCCCCCCCCCCCCCCCC,292.551,828.85,11.3,1264.98,0.917
C21H40,"1,1-dicyclohexylnonane",CCCCCCCCC(C1CCCCC1)C1CCCCC1,292.551,868.85,11.48,1305.92,0.917
C21H40,1-hexadecylcyclopentene,CCCCCCCCCCCCCCCCC1=CCCC1,292.551,843.85,11.41,1276.19,0.917
C21H40O4,glycerol 1-monooleate,CCCCCCCC/C=C\CCCCCCCC(=O)OCC(O)CO,356.547,885,11.26,1210,1.382
C21H41N,heneicosanenitrile,CCCCCCCCCCCCCCCCCCCCC#N,307.566,958.81,10.88,1474.75,1.005
C21H42,hexadecylcyclopentane,CCCCCCCCCCCCCCCCC1CCCC1,294.567,840.89,10.88,1330.4,0.922
C21H42,pentadecylcyclohexane,CCCCCCCCCCCCCCCC1CCCCC1,294.567,845.89,10.52,1384.11,0.922
C21H42,1-heneicosene,C=CCCCCCCCCCCCCCCCCCCC,294.567,815.89,10.29,1364.85,0.922
C21H42Br2,"1,1-dibromoheneicosane",CCCCCCCCCCCCCCCCCCCCC(Br)Br,454.375,898.49,9.79,1538.88,0.884
C21H42Cl2,"1,1-dichloroheneicosane",CCCCCCCCCCCCCCCCCCCCC(Cl)Cl,365.473,887.13,10.19,1452.98,0.635
C21H42F2,"1,1-difluoroheneicosane",CCCCCCCCCCCCCCCCCCCCC(F)F,332.563,787.62,11.43,1170.4,0.511
C21H42O2,heneicosanoic acid,CCCCCCCCCCCCCCCCCCCCC(=O)O,326.565,881.69,9.58,1469.98,1.312
C21H42O2,eicosyl formate,CCCCCCCCCCCCCCCCCCCCOC=O,326.565,791.69,9.04,1398.83,1.312
C21H42O2,nonadecyl acetate,CCCCCCCCCCCCCCCCCCCOC(C)=O,326.565,791.69,9.04,1398.83,1.312
C21H42O2,octadecyl propanoate,CCCCCCCCCCCCCCCCCCOC(=O)CC,326.565,791.69,9.04,1398.83,1.312
C21H42O2,heptadecyl butanoate,CCCCCCCCCCCCCCCCCOC(=O)CCC,326.565,791.69,9.04,1398.83,1.312
C21H42O2,propyl stearate,CCCCCCCCCCCCCCCCCC(=O)OCCC,326.565,791.69,8.87,1426.11,1.312
C21H42O2,isopropyl stearate,CCCCCCCCCCCCCCCCCC(=O)OC(C)C,326.565,791.69,8.86,1428.09,1.312
C21H42O2,isopropyl isostearate,CC(C)CCCCCCCCCCCCCCC(=O)OC(C)C,326.565,791.69,9.04,1398.83,1.312
C21H42O2,methyl eicosanoate,CCCCCCCCCCCCCCCCCCCC(=O)OC,326.565,791.69,9.04,1398.83,1.312
C21H43Br,1-bromoheneicosane,CCCCCCCCCCCCCCCCCCCCCBr,375.479,835.73,10.5,1472.47,1.094
C21H43Cl,1-chloroheneicosane,CCCCCCCCCCCCCCCCCCCCCCl,331.028,856.2,10.42,1431.88,0.64
C21H43F,1-fluoroheneicosane,CCCCCCCCCCCCCCCCCCCCCF,314.573,810.62,12.05,1169.17,0.461
C21H44,heneicosane,CCCCCCCCCCCCCCCCCCCCC,296.583,802.92,11.25,1225.09,0.927
C21H44,2-methylicosane,CCCCCCCCCCCCCCCCCCC(C)C,296.583,802.92,11.09,1242.95,0.927
C21H44,3-methyleicosane,CCCCCCCCCCCCCCCCCC(C)CC,296.583,802.92,11.01,1252.35,0.927
C21H44,4-methyleicosane,CCCCCCCCCCCCCCCCC(C)CCC,296.583,802.92,11.03,1250.09,0.927
C21H44,5-methyleicosane,CCCCCCCCCCCCCCCC(C)CCCC,296.583,802.92,11.02,1250.76,0.927
C21H44,8-hexylpentadecane,CCCCCCCC(CCCCCC)CCCCCCC,296.583,802.92,10.79,1277.18,0.927
C21H44,"2,3-dimethylnonadecane",CCCCCCCCCCCCCCCCC(C)C(C)C,296.583,802.92,11.1,1241.77,0.927
C21H44,"2,4-dimethylnonadecane",CCCCCCCCCCCCCCCC(C)CC(C)C,296.583,802.92,10.49,1314.18,0.927
C21H44,"2,4,6-trimethyloctadecane",CCCCCCCCCCCCC(C)CC(C)CC(C)C,296.583,802.92,10.43,1321.34,0.927
C21H44O,1-henicosanol,CCCCCCCCCCCCCCCCCCCCCO,312.582,835.58,9.79,1387.46,1.278
C21H44S,1-henicosanethiol,CCCCCCCCCCCCCCCCCCCCCS,328.65,838.31,9.69,1394.21,1.007
C21H44S,2-thiadocosane,CCCCCCCCCCCCCCCCCCCCSC,328.65,838.31,9.69,1394.21,1.007
C21H44S2,"1,21-heneicosanedithiol",SCCCCCCCCCCCCCCCCCCCCCS,360.717,947.48,10.25,1431.6,1.081
C21H44S2,"2,3-dithiatricosane",CCCCCCCCCCCCCCCCCCCCSSC,360.717,892.48,9.54,1449.7,1.081
C21H44S2,"3,4-dithiatricosane",CCCCCCCCCCCCCCCCCCCSSCC,360.717,892.48,9.54,1449.7,1.081
C21H44S2,"2,4-dithiatricosane",CCCCCCCCCCCCCCCCCCCSCSC,360.717,892.48,9.54,1449.7,1.081
C21H44S2,"3,5-dithiatricosane",CCCCCCCCCCCCCCCCCCSCSCC,360.717,892.48,9.54,1449.7,1.081
C21H45N,heneicosylamine,CCCCCCCCCCCCCCCCCCCCCN,311.598,877.74,11.03,1325.78,1.015
C21H45N,methyleicosylamine,CCCCCCCCCCCCCCCCCCCCNC,311.598,837.74,10.32,1351.59,1.015
C21H45N,ethylnonadecylamine,CCCCCCCCCCCCCCCCCCCNCC,311.598,837.74,10.32,1351.59,1.015
C21H45N,isopropyloctadecylamine,CCCCCCCCCCCCCCCCCCNC(C)C,311.598,837.74,10.32,1351.59,1.015
C21H45N,dimethylnonadecylamine,CCCCCCCCCCCCCCCCCCCN(C)C,311.598,837.74,9.94,1403.45,1.015
C21H45N,diethylheptadecylamine,CCCCCCCCCCCCCCCCCN(CC)CC,311.598,837.74,9.94,1403.45,1.015
C21H45N,triheptylamine,CCCCCCCN(CCCCCCC)CCCCCCC,311.598,837.74,9.56,1459.84,1.015
C22H18,"2,3-dimethylcholanthrene",Cc1ccc2cc3c(ccc4ccccc43)c3c2c1C(C)C3,282.386,1102.19,21.68,888.33,0.89
C22H18,"3,6-dimethylcholanthrene",Cc1ccc2c(C)c3c(ccc4ccccc43)c3c2c1CC3,282.386,1102.19,21.68,888.33,0.89
C22H18,"15,20-dimethylcholanthrene",Cc1ccc2cc3c(ccc4ccccc43)c3c2c1CC3C,282.386,1102.19,21.68,888.33,0.89
C22H18,3-ethylcholanthrene,CCc1ccc2cc3c(ccc4ccccc43)c3c2c1CC3,282.386,1102.19,21.68,888.33,0.89
C22H20,"5-n-butyl-1,2-benzanthracene",CCCCc1cccc2cc3c(ccc4ccccc43)cc12,284.402,1086.22,19.54,968.98,0.896
C22H20,"6,8-diethylbenz(a)anthracene",CCc1cccc2cc3c(cc12)c(CC)cc1ccccc13,284.402,1086.22,19.54,968.98,0.896
C22H20,"8,12-diethylbenz(a)anthracene",CCc1cccc2c(CC)c3c(ccc4ccccc43)cc12,284.402,1086.22,19.54,968.98,0.896
C22H20,"9,10-diethyl-1,2-benzanthracene",CCc1c2ccccc2c(CC)c2c1ccc1ccccc12,284.402,1086.22,19.54,968.98,0.896
C22H20,"1,2,3,4,12,13-hexahydrodibenz(a,h)anthracene",c1ccc2c(c1)CCc1cc3c4c(ccc3cc1-2)CCCC4,284.402,1086.22,19.54,968.98,0.896
C22H20,12-methyl-7-propylbenz(a)anthracene,CCCc1c2ccccc2c(C)c2c1ccc1ccccc12,284.402,1086.22,19.54,968.98,0.896
C22H20,"5,6,9,10-tetramethyl-1,2-benzanthracene",Cc1ccc2c(C)c3c(ccc4ccccc43)c(C)c2c1C,284.402,1086.22,19.54,968.98,0.896
C22H20,"6,7,9,10-tetramethyl-1,2-benzanthracene",Cc1cc2c(C)c3ccc4ccccc4c3c(C)c2cc1C,284.402,1086.22,19.54,968.98,0.896
C22H20,"10-butyl-1,2-benzanthracene",CCCCc1ccc2cc3ccc4ccccc4c3cc2c1,284.402,1086.22,19.54,968.98,0.896
C22H28,"1,1-diphenyl-1-decene",CCCCCCCCC=C(c1ccccc1)c1ccccc1,292.466,944.63,14.46,1127.28,0.917
C22H30,"1,1-diphenyldecane",CCCCCCCCCC(c1ccccc1)c1ccccc1,294.482,910.81,13.08,1198.29,0.922
C22H32,1-dodecylnaphthalene,CCCCCCCCCCCCc1cccc2ccccc12,296.498,967.84,12.53,1326.22,0.927
C22H32,2-dodecylnaphthalene,CCCCCCCCCCCCc1ccc2ccccc2c1,296.498,967.84,12.43,1337.16,0.927
C22H34O4,diheptyl phthalate,CCCCCCCOC(=O)c1ccccc1C(=O)OCCCCCCC,362.51,815,10.73,1160,1.395
C22H38,1-phenylhexadecane,CCCCCCCCCCCCCCCCc1ccccc1,302.546,893.87,11.28,1350.63,0.943
C22H39N,4-hexadecylaniline,CCCCCCCCCCCCCCCCc1ccc(N)cc1,317.561,995.49,11.22,1466.83,1.03
C22H42,"1,1-dicyclohexyldecane",CCCCCCCCCC(C1CCCCC1)C1CCCCC1,306.578,882.84,10.85,1379.31,0.953
C22H42,1-docosyne,C#CCCCCCCCCCCCCCCCCCCCC,306.578,842.84,10.77,1327.36,0.953
C22H42O2,cis-11-docosenoic acid,CCCCCCCCCC/C=C\CCCCCCCCCC(=O)O,338.576,920.97,8.94,1621.2,1.34
C22H42O2,13-docosenoic acid,CCCCCCCCC=CCCCCCCCCCCCC(=O)O,338.576,920.97,8.94,1621.2,1.34
C22H42O2,cis-13-docosenoic acid,CCCCCCCC/C=C\CCCCCCCCCCCC(=O)O,338.576,920.97,8.82,1643.36,1.34
C22H42O2,trans-13-docosenoic acid,CCCCCCCC/C=C/CCCCCCCCCCCC(=O)O,338.576,920.97,8.82,1643.36,1.34
C22H42O4,bis(2-ethylhexyl) adipate,CCCCC(CC)COC(=O)CCCCC(=O)OCC(CC)CCCC,370.574,845,10.14,1260,1.413
C22H42O4,di-n-octyl adipate,CCCCCCCCOC(=O)CCCCC(=O)OCCCCCCCC,370.574,830,9.96,1260,1.413
C22H44,heptadecylcyclopentane,CCCCCCCCCCCCCCCCCC1CCCC1,308.594,854.82,10.37,1393.45,0.958
C22H44,hexadecylcyclohexane,CCCCCCCCCCCCCCCCC1CCCCC1,308.594,859.82,10.03,1450.06,0.958
C22H44,1-docosene,C=CCCCCCCCCCCCCCCCCCCCC,308.594,829.82,9.83,1428.17,0.958
C22H44Br2,"1,1-dibromodocosane",CCCCCCCCCCCCCCCCCCCCCC(Br)Br,468.402,908.83,9.24,1620.68,0.91
C22H44Cl2,"1,1-dichlorodocosane",CCCCCCCCCCCCCCCCCCCCCC(Cl)Cl,379.5,899.14,9.66,1526.55,0.648
C22H44F2,"1,1-difluorodocosane",CCCCCCCCCCCCCCCCCCCCCC(F)F,346.59,800.44,10.86,1230.51,0.518
C22H44O,cis-13-docosen-1-ol,CCCCCCCC/C=C\CCCCCCCCCCCCO,324.593,880.14,9.38,1502.54,1.307
C22H44O2,docosanoic acid,CCCCCCCCCCCCCCCCCCCCCC(=O)O,340.592,892.5,8.95,1565.7,1.345
C22H44O2,eicosyl acetate,CCCCCCCCCCCCCCCCCCCCOC(C)=O,340.592,802.5,8.58,1468.24,1.345
C22H44O2,nonadecyl propanoate,CCCCCCCCCCCCCCCCCCCOC(=O)CC,340.592,802.5,8.58,1468.24,1.345
C22H44O2,octadecyl butanoate,CCCCCCCCCCCCCCCCCCOC(=O)CCC,340.592,802.5,8.58,1468.24,1.345
C22H44O2,butyl stearate,CCCCCCCCCCCCCCCCCC(=O)OCCCC,340.592,802.5,8.39,1502.02,1.345
C22H44O2,isobutyl stearate,CCCCCCCCCCCCCCCCCC(=O)OCC(C)C,340.592,802.5,8.39,1502.02,1.345
C22H44O2,ethyl eicosanoate,CCCCCCCCCCCCCCCCCCCC(=O)OCC,340.592,802.5,8.58,1468.24,1.345
C22H44O2,methyl heneicosanoate,CCCCCCCCCCCCCCCCCCCCC(=O)OC,340.592,802.5,8.58,1468.24,1.345
C22H45Br,1-bromodocosane,CCCCCCCCCCCCCCCCCCCCCCBr,389.506,847.52,9.95,1548.18,1.124
C22H45Cl,1-chlorodocosane,CCCCCCCCCCCCCCCCCCCCCCCl,345.055,869.05,9.9,1503.2,0.655
C22H45F,1-fluorodocosane,CCCCCCCCCCCCCCCCCCCCCCF,328.6,823.93,11.45,1228.51,0.469
C22H46,docosane,CCCCCCCCCCCCCCCCCCCCCC,310.61,816.78,10.68,1290.05,0.963
C22H46,2-methylheneicosane,CCCCCCCCCCCCCCCCCCCC(C)C,310.61,816.78,10.59,1301.65,0.963
C22H46,3-methylhenicosane,CCCCCCCCCCCCCCCCCCC(C)CC,310.61,816.78,10.48,1314.1,0.963
C22H46,5-methylhenicosane,CCCCCCCCCCCCCCCCC(C)CCCC,310.61,816.78,10.5,1311.87,0.963
C22H46,4-methylhenicosane,CCCCCCCCCCCCCCCCCC(C)CCC,310.61,816.78,10.5,1311.78,0.963
C22H46,8-heptylpentadecane,CCCCCCCC(CCCCCCC)CCCCCCC,310.61,816.78,10.32,1335.31,0.963
C22H46,"2,4-dimethyleicosane",CCCCCCCCCCCCCCCCC(C)CC(C)C,310.61,816.78,9.98,1380.29,0.963
C22H46,"2,4,6-trimethylnonadecane",CCCCCCCCCCCCCC(C)CC(C)CC(C)C,310.61,816.78,9.97,1382.44,0.963
C22H46O,1-docosanol,CCCCCCCCCCCCCCCCCCCCCCO,326.609,846.72,9.28,1457.16,1.312
C22H46S,1-docosanethiol,CCCCCCCCCCCCCCCCCCCCCCS,342.677,849.08,9.19,1463.71,1.04
C22H46S,2-thiatricosane,CCCCCCCCCCCCCCCCCCCCCSC,342.677,849.08,9.19,1463.71,1.04
C22H46S2,"1,22-docosanedithiol",SCCCCCCCCCCCCCCCCCCCCCCS,374.744,957.59,9.7,1503.33,1.112
C22H46S2,"2,3-dithiatetracosane",CCCCCCCCCCCCCCCCCCCCCSSC,374.744,902.59,9.03,1521.57,1.112
C22H46S2,"3,4-dithiatetracosane",CCCCCCCCCCCCCCCCCCCCSSCC,374.744,902.59,9.03,1521.57,1.112
C22H46S2,"2,4-dithiatetracosane",CCCCCCCCCCCCCCCCCCCCSCSC,374.744,902.59,9.03,1521.57,1.112
C22H46S2,"3,5-dithiatetracosane",CCCCCCCCCCCCCCCCCCCSCSCC,374.744,902.59,9.03,1521.57,1.112
C22H47N,docosylamine,CCCCCCCCCCCCCCCCCCCCCCN,325.625,891.14,10.49,1390.03,1.05
C22H47N,methylheneicosylamine,CCCCCCCCCCCCCCCCCCCCCNC,325.625,851.14,9.84,1416.04,1.05
C22H47N,ethyleicosylamine,CCCCCCCCCCCCCCCCCCCCNCC,325.625,851.14,9.84,1416.04,1.05
C22H47N,diundecylamine,CCCCCCCCCCCNCCCCCCCCCCC,325.625,851.14,9.84,1416.04,1.05
C22H47N,dimethyleicosylamine,CCCCCCCCCCCCCCCCCCCCN(C)C,325.625,851.14,9.49,1468.3,1.05
C22H47N,diethyloctadecylamine,CCCCCCCCCCCCCCCCCCN(CC)CC,325.625,851.14,9.49,1468.3,1.05
C23H22,5-n-amyl-1:2-benzanthracene,CCCCCc1cccc2cc3c(ccc4ccccc43)cc12,298.429,1102.23,18.15,1040.26,0.932
C23H22,"5-n-propyl-9,10-dimethyl-1,2-benzanthracene",CCCc1cccc2c(C)c3c(ccc4ccccc43)c(C)c12,298.429,1102.23,18.15,1040.26,0.932
C23H22,"10-amyl-1,2-benzanthracene",CCCCCc1ccc2cc3ccc4ccccc4c3cc2c1,298.429,1102.23,18.15,1040.26,0.932
C23H30,"1,1-diphenyl-1-undecene",CCCCCCCCCC=C(c1ccccc1)c1ccccc1,306.493,960.29,13.57,1199.98,0.953
C23H32,"1,1-diphenylundecane",CCCCCCCCCCC(c1ccccc1)c1ccccc1,308.509,924.74,12.2,1281.75,0.958
C23H40,heptadecylbenzene,CCCCCCCCCCCCCCCCCc1ccccc1,316.573,907.54,10.71,1418.23,0.978
C23H44,"1,1-dicyclohexylundecane",CCCCCCCCCCC(C1CCCCC1)C1CCCCC1,320.605,896.39,10.28,1453.36,0.987
C23H44,1-tricosyne,C#CCCCCCCCCCCCCCCCCCCCCC,320.605,856.39,10.26,1391.27,0.987
C23H46,1-tricosene,C=CCCCCCCCCCCCCCCCCCCCCC,322.621,843.31,9.39,1492.99,0.992
C23H46,cis-9-tricosene,CCCCCCCC/C=C\CCCCCCCCCCCCC,322.621,843.31,9.39,1492.99,0.992
C23H46,octadecylcyclopentane,CCCCCCCCCCCCCCCCCCC1CCCC1,322.621,868.31,9.9,1458.02,0.992
C23H46,heptadecylcyclohexane,CCCCCCCCCCCCCCCCCC1CCCCC1,322.621,873.31,9.56,1517.6,0.992
C23H46,9-cyclohexyl-heptadecane,CCCCCCCCC(CCCCCCCC)C1CCCCC1,322.621,873.31,9.56,1517.6,0.992
C23H46Br2,"1,1-dibromotricosane",CCCCCCCCCCCCCCCCCCCCCCC(Br)Br,482.429,918.95,8.73,1703.74,0.936
C23H46Cl2,"1,1-dichlorotricosane",CCCCCCCCCCCCCCCCCCCCCCC(Cl)Cl,393.527,910.85,9.17,1601.47,0.661
C23H46F2,"1,1-difluorotricosane",CCCCCCCCCCCCCCCCCCCCCCC(F)F,360.617,812.9,10.33,1291.87,0.525
C23H46O,12-tricosanone,CCCCCCCCCCCC(=O)CCCCCCCCCCC,338.62,851,9.03,1483.73,1.34
C23H46O2,tricosanoic acid,CCCCCCCCCCCCCCCCCCCCCCC(=O)O,354.619,903.01,8.6,1619.79,1.377
C23H46O2,eicosyl propanoate,CCCCCCCCCCCCCCCCCCCCOC(=O)CC,354.619,813.01,8.15,1539.08,1.377
C23H46O2,nonadecyl butanoate,CCCCCCCCCCCCCCCCCCCOC(=O)CCC,354.619,813.01,8.15,1539.08,1.377
C23H46O2,isostearyl neopentanoate,CC(C)CCCCCCCCCCCCCCCOC(=O)C(C)(C)C,354.619,813.01,8.15,1539.08,1.377
C23H46O2,isopentyl stearate,CCCCCCCCCCCCCCCCCC(=O)OCCC(C)C,354.619,813.01,8.15,1539.08,1.377
C23H46O2,pentyl stearate,CCCCCCCCCCCCCCCCCC(=O)OCCCCC,354.619,813.01,8.15,1539.08,1.377
C23H46O2,methyl docosanoate,CCCCCCCCCCCCCCCCCCCCCC(=O)OC,354.619,813.01,8.15,1539.08,1.377
C23H47Br,1-bromotricosane,CCCCCCCCCCCCCCCCCCCCCCCBr,403.533,859.02,9.44,1625.26,1.153
C23H47Cl,1-chlorotricosane,CCCCCCCCCCCCCCCCCCCCCCCCl,359.082,881.55,9.41,1575.97,0.668
C23H47F,1-fluorotricosane,CCCCCCCCCCCCCCCCCCCCCCCF,342.627,836.86,10.89,1289.16,0.476
C23H48,tricosane,CCCCCCCCCCCCCCCCCCCCCCC,324.637,830.21,9.87,1393.68,0.997
C23H48,2-methyldocosane,CCCCCCCCCCCCCCCCCCCCC(C)C,324.637,830.21,10.1,1362.19,0.997
C23H48,4-methyldocosane,CCCCCCCCCCCCCCCCCCC(C)CCC,324.637,830.21,10.02,1373.93,0.997
C23H48,5-methyldocosane,CCCCCCCCCCCCCCCCCC(C)CCCC,324.637,830.21,10.02,1373.93,0.997
C23H48,9-hexylheptadecane,CCCCCCCCC(CCCCCC)CCCCCCCC,324.637,830.21,10.17,1353.73,0.997
C23H48O,1-tricosanol,CCCCCCCCCCCCCCCCCCCCCCCO,340.636,857.54,8.81,1528.39,1.345
C23H48S,1-tricosanethiol,CCCCCCCCCCCCCCCCCCCCCCCS,356.704,859.54,8.72,1534.65,1.072
C23H48S,2-thiatetracosane,CCCCCCCCCCCCCCCCCCCCCCSC,356.704,859.54,8.72,1534.65,1.072
C23H48S2,"1,23-tricosanedithiol",SCCCCCCCCCCCCCCCCCCCCCCCS,388.771,967.42,9.18,1576.39,1.142
C23H48S2,"2,3-dithiapentacosane",CCCCCCCCCCCCCCCCCCCCCCSSC,388.771,912.42,8.56,1594.78,1.142
C23H48S2,"3,4-dithiapentacosane",CCCCCCCCCCCCCCCCCCCCCSSCC,388.771,912.42,8.56,1594.78,1.142
C23H48S2,"2,4-dithiapentacosane",CCCCCCCCCCCCCCCCCCCCCSCSC,388.771,912.42,8.56,1594.78,1.142
C23H48S2,"3,5-dithiapentacosane",CCCCCCCCCCCCCCCCCCCCSCSCC,388.771,912.42,8.56,1594.78,1.142
C23H49N,tricosylamine,CCCCCCCCCCCCCCCCCCCCCCCN,339.652,904.15,9.99,1455.73,1.083
C23H49N,methyldocosylamine,CCCCCCCCCCCCCCCCCCCCCCNC,339.652,864.15,9.38,1481.94,1.083
C23H49N,ethylheneicosylamine,CCCCCCCCCCCCCCCCCCCCCNCC,339.652,864.15,9.38,1481.94,1.083
C23H49N,dimethylheneicosylamine,CCCCCCCCCCCCCCCCCCCCCN(C)C,339.652,864.15,9.06,1534.59,1.083
C23H49N,diethylnonadecylamine,CCCCCCCCCCCCCCCCCCCN(CC)CC,339.652,864.15,9.06,1534.59,1.083
C24H20,tert-20-butylcholanthrene,CC(C)(C)c1ccc2cc3c(ccc4ccccc43)c3c2c1C=C3,308.424,1133.8,18.67,1024.39,0.962
C24H24,"5-n-hexyl-1,2-benzanthracene",CCCCCCc1cccc2cc3c(ccc4ccccc43)cc12,312.456,1117.65,16.91,1112.36,0.967
C24H32,"1,1-diphenyl-1-dodecene",CCCCCCCCCCC=C(c1ccccc1)c1ccccc1,320.52,975.39,12.76,1273.21,0.987
C24H34,"1,1-diphenyldodecane",CCCCCCCCCCCC(c1ccccc1)c1ccccc1,322.536,938.23,11.48,1358.7,0.992
C24H38O4,diisooctyl phthalate,CC(C)CCCCCOC(=O)c1ccccc1C(=O)OCCCCCC(C)C,390.564,851,8.84,1420,1.456
C24H38O4,dioctyl phthalate,CCCCCCCCOC(=O)c1ccccc1C(=O)OCCCCCCCC,390.564,806,9.36,1270,1.456
C24H38O4,bis(2-ethylhexyl) phthalate,CCCCC(CC)COC(=O)c1ccccc1C(=O)OCC(CC)CCCC,390.564,806,9.36,1270,1.456
C24H38O4,bis(2-ethylhexyl) terephthalate,CCCCC(CC)COC(=O)c1ccc(C(=O)OCC(CC)CCCC)cc1,390.564,855,8.76,1440,1.456
C24H42,octadecylbenzene,CCCCCCCCCCCCCCCCCCc1ccccc1,330.6,920.8,10.19,1487.42,1.011
C24H42,hexapropylbenzene,CCCc1c(CCC)c(CCC)c(CCC)c(CCC)c1CCC,330.6,920.8,10.19,1487.42,1.011
C24H42O,dinonylphenol,CCCCCCCCCc1cccc(O)c1CCCCCCCCC,346.599,902,11.43,1230,1.359
C24H46,"1,1-dicyclohexyldodecane",CCCCCCCCCCCC(C1CCCCC1)C1CCCCC1,334.632,909.54,9.75,1528.04,1.021
C24H46,1-tetracosyne,C#CCCCCCCCCCCCCCCCCCCCCCC,334.632,869.54,9.77,1456.64,1.021
C24H46O2,cis-15-tetracosenoic acid,CCCCCCCC/C=C\CCCCCCCCCCCCCC(=O)O,366.63,941.78,8.02,1784.18,1.404
C24H46O2,trans-15-tetracosenoic acid,CCCCCCCC/C=C/CCCCCCCCCCCCCC(=O)O,366.63,941.78,8.02,1784.18,1.404
C24H48,nonadecylcyclopentane,CCCCCCCCCCCCCCCCCCCC1CCCC1,336.648,881.39,9.44,1524.03,1.026
C24H48,octadecylcyclohexane,CCCCCCCCCCCCCCCCCCC1CCCCC1,336.648,886.39,9.12,1586.66,1.026
C24H48,1-tetracosene,C=CCCCCCCCCCCCCCCCCCCCCCC,336.648,856.39,8.97,1559.26,1.026
C24H48Br2,"1,1-dibromotetracosane",CCCCCCCCCCCCCCCCCCCCCCCC(Br)Br,496.456,928.87,8.27,1788.01,0.962
C24H48Cl2,"1,1-dichlorotetracosane",CCCCCCCCCCCCCCCCCCCCCCCC(Cl)Cl,407.554,922.26,8.71,1677.7,0.674
C24H48F2,"1,1-difluorotetracosane",CCCCCCCCCCCCCCCCCCCCCCCC(F)F,374.644,825.02,9.82,1354.43,0.532
C24H48O2,tetracosanoic acid,CCCCCCCCCCCCCCCCCCCCCCCC(=O)O,368.646,913.23,8.02,1726.4,1.409
C24H48O2,hexadecyl 2-ethylhexanoate,CCCCCCCCCCCCCCCCOC(=O)C(CC)CCCC,368.646,823.23,7.75,1611.32,1.409
C24H48O2,octyl palmitate,CCCCCCCCCCCCCCCC(=O)OCCCCCCCC,368.646,823.23,7.75,1611.32,1.409
C24H48O2,ethyl docosanoate,CCCCCCCCCCCCCCCCCCCCCC(=O)OCC,368.646,823.23,7.75,1611.32,1.409
C24H49Br,1-bromotetracosane,CCCCCCCCCCCCCCCCCCCCCCCCBr,417.56,870.24,8.97,1703.66,1.182
C24H49Cl,1-chlorotetracosane,CCCCCCCCCCCCCCCCCCCCCCCCCl,373.109,893.71,8.95,1650.16,0.682
C24H49F,1-fluorotetracosane,CCCCCCCCCCCCCCCCCCCCCCCCF,356.654,849.41,10.37,1351.05,0.483
C24H50,tetracosane,CCCCCCCCCCCCCCCCCCCCCCCC,338.664,843.24,9.67,1421.01,1.031
C24H50,2-methyltricosane,CCCCCCCCCCCCCCCCCCCCCC(C)C,338.664,843.24,9.01,1523.85,1.031
C24H50,5-methyltricosane,CCCCCCCCCCCCCCCCCCC(C)CCCC,338.664,843.24,9.55,1438.89,1.031
C24H50,12-methyltricosane,CCCCCCCCCCCC(C)CCCCCCCCCCC,338.664,843.24,9.61,1428.76,1.031
C24H50O,1-tetracosanol,CCCCCCCCCCCCCCCCCCCCCCCCO,354.663,868.04,8.36,1601.09,1.377
C24H50O,2-decyl-1-tetradecanol,CCCCCCCCCCCCC(CO)CCCCCCCCCC,354.663,868.04,8.08,1657.3,1.377
C24H50S,1-tetracosanethiol,CCCCCCCCCCCCCCCCCCCCCCCCS,370.731,869.72,8.28,1606.95,1.103
C24H50S,2-thiapentacosane,CCCCCCCCCCCCCCCCCCCCCCCSC,370.731,869.72,8.28,1606.95,1.103
C24H50S2,"1,24-tetracosanedithiol",SCCCCCCCCCCCCCCCCCCCCCCCCS,402.798,977.02,8.7,1650.74,1.172
C24H50S2,"2,3-dithiahexacosane",CCCCCCCCCCCCCCCCCCCCCCCSSC,402.798,922.02,8.12,1669.27,1.172
C24H50S2,"3,4-dithiahexacosane",CCCCCCCCCCCCCCCCCCCCCCSSCC,402.798,922.02,8.12,1669.27,1.172
C24H50S2,"2,4-dithiahexacosane",CCCCCCCCCCCCCCCCCCCCCCSCSC,402.798,922.02,8.12,1669.27,1.172
C24H50S2,"3,5-dithiahexacosane",CCCCCCCCCCCCCCCCCCCCCSCSCC,402.798,922.02,8.12,1669.27,1.172
C24H51N,tetracosylamine,CCCCCCCCCCCCCCCCCCCCCCCCN,353.679,916.78,9.52,1522.81,1.115
C24H51N,methyltricosylamine,CCCCCCCCCCCCCCCCCCCCCCCNC,353.679,876.78,8.95,1549.21,1.115
C24H51N,ethyldocosylamine,CCCCCCCCCCCCCCCCCCCCCCNCC,353.679,876.78,8.95,1549.21,1.115
C24H51N,didodecylamine,CCCCCCCCCCCCNCCCCCCCCCCCC,353.679,876.78,8.95,1549.21,1.115
C24H51N,dimethyldocosylamine,CCCCCCCCCCCCCCCCCCCCCCN(C)C,353.679,876.78,8.65,1602.26,1.115
C24H51N,diethyleicosylamine,CCCCCCCCCCCCCCCCCCCCN(CC)CC,353.679,876.78,8.65,1602.26,1.115
C24H51N,trioctylamine,CCCCCCCCN(CCCCCCCC)CCCCCCCC,353.679,876.78,8.57,1617.77,1.115
C24H51N,triisooctylamine,CC(C)CCCCCN(CCCCCC(C)C)CCCCCC(C)C,353.679,876.78,8.65,1602.26,1.115
C25H20,tetraphenylmethane,c1ccc(C(c2ccccc2)(c2ccccc2)c2ccccc2)cc1,320.435,983,16.96,966,0.987
C25H26,8-heptylbenz(a)anthracene,CCCCCCCc1cccc2cc3c(ccc4ccccc43)cc12,326.483,1132.52,15.8,1185.26,1.002
C25H34,"1,1-diphenyl-1-tridecene",CCCCCCCCCCCC=C(c1ccccc1)c1ccccc1,334.547,989.97,12.03,1347.31,1.021
C25H36,"1,1-diphenyltridecane",CCCCCCCCCCCCC(c1ccccc1)c1ccccc1,336.563,951.32,10.93,1421.57,1.026
C25H44,nonadecylbenzene,CCCCCCCCCCCCCCCCCCCc1ccccc1,344.627,933.67,9.69,1558.14,1.044
C25H44,(3-octylundecyl)benzene,CCCCCCCCC(CCCCCCCC)CCc1ccccc1,344.627,933.67,9.69,1558.14,1.044
C25H44,9-(4-tolyl)octadecane,CCCCCCCCCC(CCCCCCCC)c1ccc(C)cc1,344.627,933.67,9.69,1558.14,1.044
C25H48,1-pentacosyne,C#CCCCCCCCCCCCCCCCCCCCCCCC,348.659,882.3,9.32,1523.42,1.054
C25H48,"1,1-dicyclohexyltridecane",CCCCCCCCCCCCC(C1CCCCC1)C1CCCCC1,348.659,922.3,9.26,1603.34,1.054
C25H50,eicosylcyclopentane,CCCCCCCCCCCCCCCCCCCCC1CCCC1,350.675,894.1,9.02,1591.43,1.058
C25H50,nonadecylcyclohexane,CCCCCCCCCCCCCCCCCCCC1CCCCC1,350.675,899.1,8.71,1657.17,1.058
C25H50,1-pentacosene,C=CCCCCCCCCCCCCCCCCCCCCCCC,350.675,869.1,8.57,1626.92,1.058
C25H50,9-octyl-8-heptadecene,CCCCCCCC=C(CCCCCCCC)CCCCCCCC,350.675,869.1,8.57,1626.92,1.058
C25H50,9-(3-cyclopentylpropyl)-heptadecane,CCCCCCCCC(CCCCCCCC)CCCC1CCCC1,350.675,894.1,9.02,1591.43,1.058
C25H50,9-(2-cyclohexylethyl)-heptadecane,CCCCCCCCC(CCCCCCCC)CCC1CCCCC1,350.675,899.1,8.71,1657.17,1.058
C25H50Br2,"1,1-dibromopentacosane",CCCCCCCCCCCCCCCCCCCCCCCCC(Br)Br,510.483,938.6,7.83,1873.47,0.986
C25H50Cl2,"1,1-dichloropentacosane",CCCCCCCCCCCCCCCCCCCCCCCCC(Cl)Cl,421.581,933.41,8.28,1755.2,0.686
C25H50F2,"1,1-difluoropentacosane",CCCCCCCCCCCCCCCCCCCCCCCCC(F)F,388.671,836.83,9.35,1418.15,0.538
C25H50O2,pentacosanoic acid,CCCCCCCCCCCCCCCCCCCCCCCCC(=O)O,382.673,923.18,7.75,1775.57,1.439
C25H50O2,methyl tetracosanoate,CCCCCCCCCCCCCCCCCCCCCCCC(=O)OC,382.673,833.18,7.37,1684.88,1.439
C25H51Br,1-bromopentacosane,CCCCCCCCCCCCCCCCCCCCCCCCCBr,431.587,881.2,8.52,1783.34,1.21
C25H51Cl,1-chloropentacosane,CCCCCCCCCCCCCCCCCCCCCCCCCCl,387.136,905.55,8.53,1725.69,0.695
C25H51F,1-fluoropentacosane,CCCCCCCCCCCCCCCCCCCCCCCCCF,370.681,861.63,9.87,1414.15,0.49
C25H52,pentacosane,CCCCCCCCCCCCCCCCCCCCCCCCC,352.691,855.9,9.21,1487.23,1.063
C25H52,9-octylheptadecane,CCCCCCCCC(CCCCCCCC)CCCCCCCC,352.691,855.9,9.22,1485.45,1.063
C25H52,2-methyltetracosane,CCCCCCCCCCCCCCCCCCCCCCC(C)C,352.691,855.9,9.21,1487.8,1.063
C25H52,12-ethyltricosane,CCCCCCCCCCCC(CC)CCCCCCCCCCC,352.691,855.9,9.23,1483.85,1.063
C25H52O,1-pentacosanol,CCCCCCCCCCCCCCCCCCCCCCCCCO,368.69,878.26,7.95,1675.21,1.409
C25H52S,1-pentacosanethiol,CCCCCCCCCCCCCCCCCCCCCCCCCS,384.758,879.63,7.87,1680.62,1.134
C25H52S,2-thiahexacosane,CCCCCCCCCCCCCCCCCCCCCCCCSC,384.758,879.63,7.87,1680.62,1.134
C28H58S,2-thianonacosane,CCCCCCCCCCCCCCCCCCCCCCCCCCCSC,426.839,907.93,6.79,1909.08,1.22
C25H52S2,"1,25-pentacosanedithiol",SCCCCCCCCCCCCCCCCCCCCCCCCCS,416.825,986.38,8.25,1726.33,1.2
C25H52S2,"2,3-dithiaheptacosane",CCCCCCCCCCCCCCCCCCCCCCCCSSC,416.825,931.38,7.71,1745,1.2
C25H52S2,"3,4-dithiaheptacosane",CCCCCCCCCCCCCCCCCCCCCCCSSCC,416.825,931.38,7.71,1745,1.2
C25H52S2,"2,4-dithiaheptacosane",CCCCCCCCCCCCCCCCCCCCCCCSCSC,416.825,931.38,7.71,1745,1.2
C25H52S2,"3,5-dithiaheptacosane",CCCCCCCCCCCCCCCCCCCCCCSCSCC,416.825,931.38,7.71,1745,1.2
C25H53N,pentacosylamine,CCCCCCCCCCCCCCCCCCCCCCCCCN,367.706,929.06,9.07,1591.22,1.146
C25H53N,methyltetracosylamine,CCCCCCCCCCCCCCCCCCCCCCCCNC,367.706,889.06,8.54,1617.82,1.146
C25H53N,ethyltricosylamine,CCCCCCCCCCCCCCCCCCCCCCCNCC,367.706,889.06,8.54,1617.82,1.146
C25H53N,dimethyltricosylamine,CCCCCCCCCCCCCCCCCCCCCCCN(C)C,367.706,889.06,8.26,1671.24,1.146
C25H53N,diethylheneicosylamine,CCCCCCCCCCCCCCCCCCCCCN(CC)CC,367.706,889.06,8.26,1671.24,1.146
C26H20,tetraphenylethylene,c1ccc(C(=C(c2ccccc2)c2ccccc2)c2ccccc2)cc1,332.446,996,16.03,1020,1.016
C26H22,"1,1,2,2-tetraphenylethane",c1ccc(C(c2ccccc2)C(c2ccccc2)c2ccccc2)cc1,334.462,827,13.25,1022,1.021
C26H36,"1,1-diphenyl-1-tetradecene",CCCCCCCCCCCCC=C(c1ccccc1)c1ccccc1,348.574,1004.06,11.36,1421.64,1.053
C26H38,"1,1-diphenyltetradecane",CCCCCCCCCCCCCC(c1ccccc1)c1ccccc1,350.59,964.03,10.23,1513.14,1.058
C26H42O4,diisononyl phthalate,CC(C)CCCCCCOC(=O)c1ccccc1C(=O)OCCCCCCC(C)C,418.618,835,8.68,1370,1.514
C26H42O4,dinonyl phthalate,CCCCCCCCCOC(=O)c1ccccc1C(=O)OCCCCCCCCC,418.618,866,9.01,1370,1.514
C26H46,eicosylbenzene,CCCCCCCCCCCCCCCCCCCCc1ccccc1,358.654,946.17,9.22,1630.33,1.076
C26H46,(1-butylhexadecyl)benzene,CCCCCCCCCCCCCCCC(CCCC)c1ccccc1,358.654,946.17,9.22,1630.33,1.076
C26H46,(1-ethyloctadecyl)benzene,CCCCCCCCCCCCCCCCCC(CC)c1ccccc1,358.654,946.17,9.22,1630.33,1.076
C26H46,(1-methylnonadecyl)benzene,CCCCCCCCCCCCCCCCCCC(C)c1ccccc1,358.654,946.17,9.22,1630.33,1.076
C26H46,(1-octyldodecyl)benzene,CCCCCCCCCCCC(CCCCCCCC)c1ccccc1,358.654,946.17,9.22,1630.33,1.076
C26H46,(1-propylheptadecyl)benzene,CCCCCCCCCCCCCCCCC(CCC)c1ccccc1,358.654,946.17,9.22,1630.33,1.076
C26H46,"1,4-didecylbenzene",CCCCCCCCCCc1ccc(CCCCCCCCCC)cc1,358.654,946.17,9.22,1630.33,1.076
C26H46,8-(4-tolyl)nonadecane,CCCCCCCCCCCC(CCCCCCC)c1ccc(C)cc1,358.654,946.17,9.22,1630.33,1.076
C26H50,"1,1-dicyclohexyltetradecane",CCCCCCCCCCCCCC(C1CCCCC1)C1CCCCC1,362.686,934.7,9.28,1591.91,1.085
C26H50,1-hexacosyne,C#CCCCCCCCCCCCCCCCCCCCCCCCC,362.686,894.7,8.89,1591.55,1.085
C26H50O2,cis-17-hexacosenoic acid,CCCCCCCC/C=C\CCCCCCCCCCCCCCCC(=O)O,394.684,961.5,7.23,1953.35,1.465
C26H52,1-hexacosene,C=CCCCCCCCCCCCCCCCCCCCCCCCC,364.702,881.46,8.2,1695.9,1.09
C26H52,eicosylcyclohexane,CCCCCCCCCCCCCCCCCCCCC1CCCCC1,364.702,911.46,8.31,1729.07,1.09
C26H52,3-cyclohexyleicosane,CCCCCCCCCCCCCCCCCC(CC)C1CCCCC1,364.702,911.46,8.31,1729.07,1.09
C26H52,9-cyclohexyleicosane,CCCCCCCCCCCC(CCCCCCCC)C1CCCCC1,364.702,911.46,8.31,1729.07,1.09
C26H52,2-cyclohexyleicosane,CCCCCCCCCCCCCCCCCCC(C)C1CCCCC1,364.702,911.46,8.31,1729.07,1.09
C26H52,4-cyclohexyleicosane,CCCCCCCCCCCCCCCCC(CCC)C1CCCCC1,364.702,911.46,8.31,1729.07,1.09
C26H52,5-cyclohexyleicosane,CCCCCCCCCCCCCCCC(CCCC)C1CCCCC1,364.702,911.46,8.31,1729.07,1.09
C26H52,7-cyclohexyleicosane,CCCCCCCCCCCCCC(CCCCCC)C1CCCCC1,364.702,911.46,8.31,1729.07,1.09
C26H52,heneicosylcyclopentane,CCCCCCCCCCCCCCCCCCCCCC1CCCC1,364.702,906.46,8.61,1660.17,1.09
C26H52,11-cyclopentyl-uneicosane,CCCCCCCCCCC(CCCCCCCCCC)C1CCCC1,364.702,906.46,8.61,1660.17,1.09
C26H52Br2,"1,1-dibromohexacosane",CCCCCCCCCCCCCCCCCCCCCCCCCC(Br)Br,524.51,948.14,7.43,1960.08,1.011
C26H52Cl2,"1,1-dichlorohexacosane",CCCCCCCCCCCCCCCCCCCCCCCCCC(Cl)Cl,435.608,944.29,7.88,1833.92,0.698
C26H52F2,"1,1-difluorohexacosane",CCCCCCCCCCCCCCCCCCCCCCCCCC(F)F,402.698,848.34,8.91,1482.98,0.545
C26H52O2,hexacosanoic acid,CCCCCCCCCCCCCCCCCCCCCCCCCC(=O)O,396.7,932.88,7.36,1855.55,1.469
C26H52O2,hexadecyl neodecanoate,CCCCCCCCCCCCCCCCOC(=O)CCCCCC(C)(C)C,396.7,842.88,7.01,1759.74,1.469
C26H52O2,octyl stearate,CCCCCCCCCCCCCCCCCC(=O)OCCCCCCCC,396.7,842.88,7.01,1759.74,1.469
C26H53Br,1-bromohexacosane,CCCCCCCCCCCCCCCCCCCCCCCCCCBr,445.614,891.91,8.11,1864.26,1.237
C26H53Cl,1-chlorohexacosane,CCCCCCCCCCCCCCCCCCCCCCCCCCCl,401.163,917.1,8.12,1802.54,0.708
C26H53F,1-fluorohexacosane,CCCCCCCCCCCCCCCCCCCCCCCCCCF,384.708,873.52,9.41,1478.4,0.496
C26H54,hexacosane,CCCCCCCCCCCCCCCCCCCCCCCCCC,366.718,868.21,8.46,1613.68,1.094
C26H54,2-methylpentacosane,CCCCCCCCCCCCCCCCCCCCCCCC(C)C,366.718,868.21,8.8,1552.82,1.094
C26H54,3-ethyltetracosane,CCCCCCCCCCCCCCCCCCCCCC(CC)CC,366.718,868.21,8.68,1573.33,1.094
C26H54,12-propyltricosane,CCCCCCCCCCCC(CCC)CCCCCCCCCCC,366.718,868.21,8.64,1580.91,1.094
C26H54,5-butyldocosane,CCCCCCCCCCCCCCCCCC(CCCC)CCCC,366.718,868.21,8.82,1547.82,1.094
C26H54,7-butyldocosane,CCCCCCCCCCCCCCCC(CCCC)CCCCCC,366.718,868.21,8.81,1550.59,1.094
C26H54,9-butyldocosane,CCCCCCCCCCCCCC(CCCC)CCCCCCCC,366.718,868.21,8.81,1551.06,1.094
C26H54,11-butyldocosane,CCCCCCCCCCCC(CCCC)CCCCCCCCCC,366.718,868.21,8.8,1551.75,1.094
C26H54,11-pentyluneicosane,CCCCCCCCCCC(CCCCC)CCCCCCCCCC,366.718,868.21,8.64,1580.91,1.094
C26H54,7-hexyleicosane,CCCCCCCCCCCCCC(CCCCCC)CCCCCC,366.718,868.21,8.64,1580.91,1.094
C26H54,"6,11-dipentylhexadecane",CCCCCC(CCCCC)CCCCC(CCCCC)CCCCC,366.718,868.21,8.64,1580.91,1.094
C26H54,"11-(2,2-dimethylpropyl)heneicosane",CCCCCCCCCCC(CCCCCCCCCC)CC(C)(C)C,366.718,868.21,8.79,1554.07,1.094
C26H54,11-(ethylpropyl)-heneicosane,CCCCCCCCCCC(CCCCCCCCCC)C(CC)CC,366.718,868.21,8.64,1580.91,1.094
C26H54,"5,14-dibutyloctadecane",CCCCC(CCCC)CCCCCCCCC(CCCC)CCCC,366.718,868.21,8.64,1580.91,1.094
C26H54,3-ethyl-5-(2-ethylbutyl)octadecane,CCCCCCCCCCCCCC(CC(CC)CC)CC(CC)CC,366.718,868.21,8.9,1534.79,1.094
C26H54O,1-hexacosanol,CCCCCCCCCCCCCCCCCCCCCCCCCCO,382.717,888.21,7.56,1750.69,1.439
C26H54S,1-hexacosanethiol,CCCCCCCCCCCCCCCCCCCCCCCCCCS,398.785,889.29,7.48,1755.55,1.163
C26H54S,2-thiaheptacosane,CCCCCCCCCCCCCCCCCCCCCCCCCSC,398.785,889.29,7.48,1755.55,1.163
C26H54S2,"1,26-hexacosanedithiol",SCCCCCCCCCCCCCCCCCCCCCCCCCCS,430.852,995.52,7.84,1803.13,1.228
C26H54S2,"2,3-dithiaoctacosane",CCCCCCCCCCCCCCCCCCCCCCCCCSSC,430.852,940.52,7.33,1821.94,1.228
C26H54S2,"3,4-dithiaoctacosane",CCCCCCCCCCCCCCCCCCCCCCCCSSCC,430.852,940.52,7.33,1821.94,1.228
C26H54S2,"2,4-dithiaoctacosane",CCCCCCCCCCCCCCCCCCCCCCCCSCSC,430.852,940.52,7.33,1821.94,1.228
C26H54S2,"3,5-dithiaoctacosane",CCCCCCCCCCCCCCCCCCCCCCCSCSCC,430.852,940.52,7.33,1821.94,1.228
C26H55N,hexacosylamine,CCCCCCCCCCCCCCCCCCCCCCCCCCN,381.733,941.02,8.65,1660.91,1.177
C26H55N,methylpentacosylamine,CCCCCCCCCCCCCCCCCCCCCCCCCNC,381.733,901.02,8.15,1687.7,1.177
C26H55N,ethyltetracosylamine,CCCCCCCCCCCCCCCCCCCCCCCCNCC,381.733,901.02,8.15,1687.7,1.177
C26H55N,ditridecylamine,CCCCCCCCCCCCCNCCCCCCCCCCCCC,381.733,901.02,7.9,1741.49,1.177
C26H55N,dimethyltetracosylamine,CCCCCCCCCCCCCCCCCCCCCCCCN(C)C,381.733,901.02,7.9,1741.49,1.177
C26H55N,diethyldocosylamine,CCCCCCCCCCCCCCCCCCCCCCN(CC)CC,381.733,901.02,7.9,1741.49,1.177
C27H38,"1,1-diphenyl-1-pentadecene",CCCCCCCCCCCCCC=C(c1ccccc1)c1ccccc1,362.601,1017.7,10.75,1496.99,1.085
C27H40,"1,1-diphenylpentadecane",CCCCCCCCCCCCCCC(c1ccccc1)c1ccccc1,364.617,976.39,9.77,1576.91,1.09
C27H46O,cholesterol,CC(C)CCC[C@@H](C)[C@H]1CC[C@H]2[C@@H]3CC=C4C[C@@H](O)CC[C@]4(C)[C@H]3CC[C@]12C,386.664,959,10.53,1350,1.448
C27H48,heneicosylbenzene,CCCCCCCCCCCCCCCCCCCCCc1ccccc1,372.681,958.34,8.78,1703.93,1.107
C27H48,11-phenylheneicosane,CCCCCCCCCCC(CCCCCCCCCC)c1ccccc1,372.681,958.34,8.78,1703.93,1.107
C27H52,"1,1-dicyclohexylpentadecane",CCCCCCCCCCCCCCC(C1CCCCC1)C1CCCCC1,376.713,946.78,8.38,1755.69,1.116
C27H52,1-heptacosyne,C#CCCCCCCCCCCCCCCCCCCCCCCCCC,376.713,906.78,8.48,1660.97,1.116
C27H54,docosylcyclopentane,CCCCCCCCCCCCCCCCCCCCCCC1CCCC1,378.729,918.49,8.23,1730.18,1.121
C27H54,heneicosylcyclohexane,CCCCCCCCCCCCCCCCCCCCCC1CCCCC1,378.729,923.49,7.94,1802.32,1.121
C27H54,(1-decylundecyl)cyclohexane,CCCCCCCCCCC(CCCCCCCCCC)C1CCCCC1,378.729,923.49,7.94,1802.32,1.121
C27H54,1-heptacosene,C=CCCCCCCCCCCCCCCCCCCCCCCCCC,378.729,893.49,7.84,1766.16,1.121
C27H54,11-(cyclopentylmethyl)-uneicosane,CCCCCCCCCCC(CCCCCCCCCC)CC1CCCC1,378.729,918.49,8.23,1730.18,1.121
C27H54Br2,"1,1-dibromoheptacosane",CCCCCCCCCCCCCCCCCCCCCCCCCCC(Br)Br,538.537,957.51,7.06,2047.8,1.035
C27H54Cl2,"1,1-dichloroheptacosane",CCCCCCCCCCCCCCCCCCCCCCCCCCC(Cl)Cl,449.635,954.94,7.5,1913.83,0.71
C27H54F2,"1,1-difluoroheptacosane",CCCCCCCCCCCCCCCCCCCCCCCCCCC(F)F,416.725,859.58,8.49,1548.9,0.551
C27H54O,14-heptacosanone,CCCCCCCCCCCCCC(=O)CCCCCCCCCCCCC,394.728,891.53,7.38,1773.99,1.465
C27H54O2,heptacosanoic acid,CCCCCCCCCCCCCCCCCCCCCCCCCCC(=O)O,410.727,942.34,7,1936.88,1.498
C27H54O2,methyl hexacosanoate,CCCCCCCCCCCCCCCCCCCCCCCCCC(=O)OC,410.727,852.34,6.68,1835.83,1.498
C27H55Br,1-bromoheptacosane,CCCCCCCCCCCCCCCCCCCCCCCCCCCBr,459.641,902.39,7.72,1946.37,1.264
C27H55Cl,1-chloroheptacosane,CCCCCCCCCCCCCCCCCCCCCCCCCCCCl,415.19,928.36,7.75,1880.64,0.72
C27H55F,1-fluoroheptacosane,CCCCCCCCCCCCCCCCCCCCCCCCCCCF,398.735,885.12,8.97,1543.76,0.503
C27H56,heptacosane,CCCCCCCCCCCCCCCCCCCCCCCCCCC,380.745,880.19,8.08,1684.65,1.125
C27H56,2-methylhexacosane,CCCCCCCCCCCCCCCCCCCCCCCCC(C)C,380.745,880.19,8.4,1619.38,1.125
C27H56S,1-heptacosanethiol,CCCCCCCCCCCCCCCCCCCCCCCCCCCS,412.812,898.72,7.12,1831.71,1.192
C27H56S,2-thiaoctacosane,CCCCCCCCCCCCCCCCCCCCCCCCCCSC,412.812,898.72,7.12,1831.71,1.192
C27H56S2,"1,27-heptacosanedithiol",SCCCCCCCCCCCCCCCCCCCCCCCCCCCS,444.879,1004.46,7.45,1881.1,1.256
C27H56S2,"2,3-dithianonacosane",CCCCCCCCCCCCCCCCCCCCCCCCCCSSC,444.879,949.46,6.97,1900.04,1.256
C27H56S2,"3,4-dithianonacosane",CCCCCCCCCCCCCCCCCCCCCCCCCSSCC,444.879,949.46,6.97,1900.04,1.256
C27H56S2,"2,4-dithianonacosane",CCCCCCCCCCCCCCCCCCCCCCCCCSCSC,444.879,949.46,6.97,1900.04,1.256
C27H56S2,"3,5-dithianonacosane",CCCCCCCCCCCCCCCCCCCCCCCCSCSCC,444.879,949.46,6.97,1900.04,1.256
C27H57N,heptacosylamine,CCCCCCCCCCCCCCCCCCCCCCCCCCCN,395.76,952.68,8.25,1731.84,1.207
C27H57N,methylhexacosylamine,CCCCCCCCCCCCCCCCCCCCCCCCCCNC,395.76,912.68,7.78,1758.82,1.207
C27H57N,ethylpentacosylamine,CCCCCCCCCCCCCCCCCCCCCCCCCNCC,395.76,912.68,7.78,1758.82,1.207
C27H57N,dimethylpentacosylamine,CCCCCCCCCCCCCCCCCCCCCCCCCN(C)C,395.76,912.68,7.55,1812.97,1.207
C27H57N,diethyltricosylamine,CCCCCCCCCCCCCCCCCCCCCCCN(CC)CC,395.76,912.68,7.55,1812.97,1.207
C27H57N,trinonylamine,CCCCCCCCCN(CCCCCCCCC)CCCCCCCCC,395.76,912.68,7.31,1871.85,1.207
C28H40,"1,1-diphenyl-1-hexadecene",CCCCCCCCCCCCCCC=C(c1ccccc1)c1ccccc1,376.628,1030.92,10.19,1572.7,1.116
C28H42,"1,1-diphenylhexadecane",CCCCCCCCCCCCCCCC(c1ccccc1)c1ccccc1,378.644,988.42,9.25,1655.57,1.12
C28H46O4,diisodecyl phthalate,CC(C)CCCCCCCOC(=O)c1ccccc1C(=O)OCCCCCCCC(C)C,446.672,908,7.22,1730,1.569
C28H46O4,didecyl phthalate,CCCCCCCCCCOC(=O)c1ccccc1C(=O)OCCCCCCCCCC,446.672,905,8.41,1480,1.569
C28H50,docosylbenzene,CCCCCCCCCCCCCCCCCCCCCCc1ccccc1,386.708,970.19,8.37,1778.89,1.138
C28H50,2-decyl-1-phenyldodecane,CCCCCCCCCCC(CCCCCCCCCC)Cc1ccccc1,386.708,970.19,8.37,1778.89,1.138
C28H54,1-octacosyne,C#CCCCCCCCCCCCCCCCCCCCCCCCCCC,390.74,918.54,8.1,1731.63,1.146
C28H54,"1,1-dicyclohexylhexadecane",CCCCCCCCCCCCCCCC(C1CCCCC1)C1CCCCC1,390.74,958.54,7.99,1832.72,1.146
C28H54,1-cyclohexy-2-(cyclohexylmethyl)-pentadecane,CCCCCCCCCCCCCC(CC1CCCCC1)CC1CCCCC1,390.74,958.54,7.99,1832.72,1.146
C28H56,tricosylcyclopentane,CCCCCCCCCCCCCCCCCCCCCCCC1CCCC1,392.756,930.21,7.86,1801.43,1.151
C28H56,docosylcyclohexane,CCCCCCCCCCCCCCCCCCCCCCC1CCCCC1,392.756,935.21,7.59,1876.86,1.151
C28H56,1-octacosene,C=CCCCCCCCCCCCCCCCCCCCCCCCCCC,392.756,905.21,7.5,1837.64,1.151
C28H56,11-cyclohexylmethyl-heneicosane,CCCCCCCCCCC(CCCCCCCCCC)CC1CCCCC1,392.756,935.21,7.59,1876.86,1.151
C28H56,"2,2,4,10,12,12-hexamethyl-7-(3,5,5-trimethylhexyl)-6-tridecene",CC(CC=C(CCC(C)CC(C)(C)C)CCC(C)CC(C)(C)C)CC(C)(C)C,392.756,905.21,7.5,1837.64,1.151
C28H56Br2,"1,1-dibromooctacosane",CCCCCCCCCCCCCCCCCCCCCCCCCCCC(Br)Br,552.564,966.7,6.71,2136.62,1.058
C28H56Cl2,"1,1-dichlorooctacosane",CCCCCCCCCCCCCCCCCCCCCCCCCCCC(Cl)Cl,463.662,965.36,7.15,1994.89,0.722
C28H56F2,"1,1-difluorooctacosane",CCCCCCCCCCCCCCCCCCCCCCCCCCCC(F)F,430.752,870.55,8.1,1615.86,0.557
C28H56O2,octacosanoic acid,CCCCCCCCCCCCCCCCCCCCCCCCCCCC(=O)O,424.754,951.58,6.66,2019.49,1.526
C28H57Br,1-bromooctacosane,CCCCCCCCCCCCCCCCCCCCCCCCCCCCBr,473.668,912.65,7.36,2029.64,1.29
C28H57Cl,1-chlorooctacosane,CCCCCCCCCCCCCCCCCCCCCCCCCCCCCl,429.217,939.36,7.39,1959.96,0.733
C28H57F,1-fluorooctacosane,CCCCCCCCCCCCCCCCCCCCCCCCCCCCF,412.762,896.43,8.56,1610.2,0.509
C28H58,octacosane,CCCCCCCCCCCCCCCCCCCCCCCCCCCC,394.772,891.87,8.02,1688.72,1.155
C28H58,2-methylheptacosane,CCCCCCCCCCCCCCCCCCCCCCCCCC(C)C,394.772,891.87,8.03,1687.47,1.155
C28H58,7-hexyldocosane,CCCCCCCCCCCCCCCC(CCCCCC)CCCCCC,394.772,891.87,8.04,1685.46,1.155
C28H58,9-octyleicosane,CCCCCCCCCCCC(CCCCCCCC)CCCCCCCC,394.772,891.87,8.03,1686.71,1.155
C28H58,"2,2,4,10,12,12-hexamethyl-7-(3,5,5-trimethylhexyl)tridecane",CC(CCC(CCC(C)CC(C)(C)C)CCC(C)CC(C)(C)C)CC(C)(C)C,394.772,891.87,8,1694.76,1.155
C27H56O,1-heptacosanol,CCCCCCCCCCCCCCCCCCCCCCCCCCCO,396.744,897.91,7.19,1827.48,1.469
C28H58O,1-octacosanol,CCCCCCCCCCCCCCCCCCCCCCCCCCCCO,410.771,907.37,6.85,1905.54,1.498
C28H58S,1-octacosanethiol,CCCCCCCCCCCCCCCCCCCCCCCCCCCCS,426.839,907.93,6.79,1909.08,1.22
C28H58S2,"1,28-octacosanedithiol",SCCCCCCCCCCCCCCCCCCCCCCCCCCCCS,458.906,1013.21,7.09,1960.19,1.283
C28H58S2,"3,4-dithiatriacontane",CCCCCCCCCCCCCCCCCCCCCCCCCCSSCC,458.906,958.21,6.64,1979.26,1.283
C28H58S2,"2,4-dithiatriacontane",CCCCCCCCCCCCCCCCCCCCCCCCCCSCSC,458.906,958.21,6.64,1979.26,1.283
C28H58S2,"3,5-dithiatriacontane",CCCCCCCCCCCCCCCCCCCCCCCCCSCSCC,458.906,958.21,6.64,1979.26,1.283
C28H58S2,"2,3-dithiatriacontane",CCCCCCCCCCCCCCCCCCCCCCCCCCCSSC,458.906,958.21,6.64,1979.26,1.283
C28H59N,octacosylamine,CCCCCCCCCCCCCCCCCCCCCCCCCCCCN,409.787,964.05,7.88,1803.96,1.236
C28H59N,methylheptacosylamine,CCCCCCCCCCCCCCCCCCCCCCCCCCCNC,409.787,924.05,7.44,1831.12,1.236
C28H59N,ethylhexacosylamine,CCCCCCCCCCCCCCCCCCCCCCCCCCNCC,409.787,924.05,7.44,1831.12,1.236
C28H59N,ditetradecylamine,CCCCCCCCCCCCCCNCCCCCCCCCCCCCC,409.787,924.05,7.44,1831.12,1.236
C28H59N,dimethylhexacosylamine,CCCCCCCCCCCCCCCCCCCCCCCCCCN(C)C,409.787,924.05,7.22,1885.64,1.236
C28H59N,diethyltetracosylamine,CCCCCCCCCCCCCCCCCCCCCCCCN(CC)CC,409.787,924.05,7.22,1885.64,1.236
C29H50O,"stigmast-5-en-3-ol, (3beta)",CC[C@H](CC[C@@H](C)[C@H]1CC[C@H]2[C@@H]3CC=C4C[C@@H](O)CC[C@]4(C)[C@H]3CC[C@]12C)C(C)C,414.718,953,9.35,1460,1.506
C29H52,tricosylbenzene,CCCCCCCCCCCCCCCCCCCCCCCc1ccccc1,400.735,981.75,7.98,1855.15,1.167
C29H52,"11-(2,5-dimethylphenyl)-henicosane",CCCCCCCCCCC(CCCCCCCCCC)c1cc(C)ccc1C,400.735,981.75,7.98,1855.15,1.167
C20H17ClFN3O,"11-(2,5-dimethylphenyl)-10-uneicosene",O=C(Nc1ccc(Cl)cc1)N1CCn2cccc2C1c1ccc(F)cc1,369.827,981.75,7.98,1855.15,1.167
C29H56,1-nonacosyne,C#CCCCCCCCCCCCCCCCCCCCCCCCCCCC,404.767,930.02,7.74,1803.5,1.176
C29H58,tetracosylcyclopentane,CCCCCCCCCCCCCCCCCCCCCCCCC1CCCC1,406.783,941.64,7.52,1873.86,1.18
C29H58,tricosylcyclohexane,CCCCCCCCCCCCCCCCCCCCCCCC1CCCCC1,406.783,946.64,7.26,1952.65,1.18
C29H58,1-nonacosene,C=CCCCCCCCCCCCCCCCCCCCCCCCCCCC,406.783,916.64,7.18,1910.32,1.18
C29H58Br2,"1,1-dibromononacosane",CCCCCCCCCCCCCCCCCCCCCCCCCCCCC(Br)Br,566.591,975.74,6.39,2226.5,1.081
C29H58Cl2,"1,1-dichlorononacosane",CCCCCCCCCCCCCCCCCCCCCCCCCCCCC(Cl)Cl,477.689,975.55,6.82,2077.06,0.733
C29H58F2,"1,1-difluorononacosane",CCCCCCCCCCCCCCCCCCCCCCCCCCCCC(F)F,444.779,881.28,7.73,1683.83,0.563
C29H58O2,nonacosanoic acid,CCCCCCCCCCCCCCCCCCCCCCCCCCCCC(=O)O,438.781,960.6,6.35,2103.36,1.554
C29H59Br,1-bromononacosane,CCCCCCCCCCCCCCCCCCCCCCCCCCCCCBr,487.695,922.7,7.02,2114.05,1.316
C29H59Cl,1-chlorononacosane,CCCCCCCCCCCCCCCCCCCCCCCCCCCCCCl,443.244,950.12,7.06,2040.46,0.745
C29H59F,1-fluorononacosane,CCCCCCCCCCCCCCCCCCCCCCCCCCCCCF,426.789,907.48,8.17,1677.69,0.515
C29H60,nonacosane,CCCCCCCCCCCCCCCCCCCCCCCCCCCCC,408.799,903.26,7.68,1756.79,1.184
C29H60,2-methyloctacosane,CCCCCCCCCCCCCCCCCCCCCCCCCCC(C)C,408.799,903.26,7.68,1756.65,1.184
C29H60O,1-nonacosanol,CCCCCCCCCCCCCCCCCCCCCCCCCCCCCO,424.798,916.61,6.53,1984.82,1.526
C29H60S,1-nonacosanethiol,CCCCCCCCCCCCCCCCCCCCCCCCCCCCCS,440.866,916.92,6.47,1987.6,1.248
C29H60S,2-thiatriacontane,CCCCCCCCCCCCCCCCCCCCCCCCCCCCSC,440.866,916.92,6.47,1987.6,1.248
C29H60S2,"1,29-nonacosanedithiol",SCCCCCCCCCCCCCCCCCCCCCCCCCCCCCS,472.933,1021.76,6.75,2040.39,1.309
C29H60S2,"2,4-dithiahentriacontane",CCCCCCCCCCCCCCCCCCCCCCCCCCCSCSC,472.933,966.76,6.32,2059.58,1.309
C29H60S2,"3,4-dithiahentriacontane",CCCCCCCCCCCCCCCCCCCCCCCCCCCSSCC,472.933,966.76,6.32,2059.58,1.309
C29H60S2,"3,5-dithiahentriacontane",CCCCCCCCCCCCCCCCCCCCCCCCCCSCSCC,472.933,966.76,6.32,2059.58,1.309
C29H61N,nonacosylamine,CCCCCCCCCCCCCCCCCCCCCCCCCCCCCN,423.814,975.16,7.53,1877.23,1.264
C29H61N,methyloctacosylamine,CCCCCCCCCCCCCCCCCCCCCCCCCCCCNC,423.814,935.16,7.11,1904.57,1.264
C29H61N,ethylheptacosylamine,CCCCCCCCCCCCCCCCCCCCCCCCCCCNCC,423.814,935.16,7.11,1904.57,1.264
C29H61N,dimethylheptacosylamine,CCCCCCCCCCCCCCCCCCCCCCCCCCCN(C)C,423.814,935.16,6.91,1959.44,1.264
C29H61N,diethylpentacosylamine,CCCCCCCCCCCCCCCCCCCCCCCCCN(CC)CC,423.814,935.16,6.91,1959.44,1.264
C30H50O4,diundecyl phthalate,CCCCCCCCCCCOC(=O)c1ccccc1C(=O)OCCCCCCCCCCC,474.726,970,8.16,1580,1.622
C30H54,tetracosylbenzene,CCCCCCCCCCCCCCCCCCCCCCCCc1ccccc1,414.762,993.02,7.61,1932.68,1.196
C30H58,1-triacontyne,C#CCCCCCCCCCCCCCCCCCCCCCCCCCCCC,418.794,941.21,7.4,1876.53,1.204
C30H58O2,cis-21-triacontenoic acid,CCCCCCCC/C=C\CCCCCCCCCCCCCCCCCCCC(=O)O,450.792,998.17,5.92,2308.63,1.577
C30H60,pentacosylcyclopentane,CCCCCCCCCCCCCCCCCCCCCCCCCC1CCCC1,420.81,952.8,7.2,1947.45,1.208
C30H60,tetracosylcyclohexane,CCCCCCCCCCCCCCCCCCCCCCCCC1CCCCC1,420.81,957.8,6.94,2029.64,1.208
C30H60,1-triacontene,C=CCCCCCCCCCCCCCCCCCCCCCCCCCCCC,420.81,927.8,6.88,1984.14,1.208
C30H60Br2,"1,1-dibromotriacontane",CCCCCCCCCCCCCCCCCCCCCCCCCCCCCC(Br)Br,580.618,984.62,6.09,2317.41,1.104
C30H60Cl2,"1,1-dichlorotriacontane",CCCCCCCCCCCCCCCCCCCCCCCCCCCCCC(Cl)Cl,491.716,985.54,6.51,2160.33,0.744
C30H60F2,"1,1-difluorotriacontane",CCCCCCCCCCCCCCCCCCCCCCCCCCCCCC(F)F,458.806,891.78,7.39,1752.79,0.569
C30H60O2,triacontanoic acid,CCCCCCCCCCCCCCCCCCCCCCCCCCCCCC(=O)O,452.808,969.43,6.05,2188.43,1.581
C30H61Br,1-bromotriacontane,CCCCCCCCCCCCCCCCCCCCCCCCCCCCCCBr,501.722,932.55,6.7,2199.56,1.341
C30H61Cl,1-chlorotriacontane,CCCCCCCCCCCCCCCCCCCCCCCCCCCCCCCl,457.271,960.64,6.74,2122.11,0.756
C30H61F,1-fluorotriacontane,CCCCCCCCCCCCCCCCCCCCCCCCCCCCCCF,440.816,918.28,7.81,1746.18,0.521
C30H62,triacontane,CCCCCCCCCCCCCCCCCCCCCCCCCCCCCC,422.826,914.38,7.35,1825.58,1.212
C30H62,2-methylnonacosane,CCCCCCCCCCCCCCCCCCCCCCCCCCCC(C)C,422.826,914.38,7.34,1827.3,1.212
C30H62,"2,6,10,15,19,23-hexamethyltetracosane",CC(C)CCCC(C)CCCC(C)CCCCC(C)CCCC(C)CCCC(C)C,422.826,914.38,7.37,1820.72,1.212
C30H62,9-octyldocosane,CCCCCCCCCCCCCC(CCCCCCCC)CCCCCCCC,422.826,914.38,7.37,1820.99,1.212
C30H62O,1-triacontanol,CCCCCCCCCCCCCCCCCCCCCCCCCCCCCCO,438.825,925.63,6.23,2065.29,1.554
C30H62S,1-triacontanethiol,CCCCCCCCCCCCCCCCCCCCCCCCCCCCCCS,454.893,925.72,6.17,2067.25,1.275
C30H62S,2-thiahentriacontane,CCCCCCCCCCCCCCCCCCCCCCCCCCCCCSC,454.893,925.72,6.17,2067.25,1.275
C30H62S2,"1,30-triacontanedithiol",SCCCCCCCCCCCCCCCCCCCCCCCCCCCCCCS,486.96,1030.15,6.43,2121.65,1.334
C30H62S2,"2,3-dithiadotriacontane",CCCCCCCCCCCCCCCCCCCCCCCCCCCCCSSC,486.96,975.15,6.03,2140.97,1.334
C30H62S2,"3,4-dithiadotriacontane",CCCCCCCCCCCCCCCCCCCCCCCCCCCCSSCC,486.96,975.15,6.03,2140.97,1.334
C30H62S2,"2,4-dithiadotriacontane",CCCCCCCCCCCCCCCCCCCCCCCCCCCCSCSC,486.96,975.15,6.03,2140.97,1.334
C30H62S2,"3,5-dithiadotriacontane",CCCCCCCCCCCCCCCCCCCCCCCCCCCSCSCC,486.96,975.15,6.03,2140.97,1.334
C30H63N,triacontylamine,CCCCCCCCCCCCCCCCCCCCCCCCCCCCCCN,437.841,986.01,7.63,1838.59,1.292
C30H63N,methylnonacosylamine,CCCCCCCCCCCCCCCCCCCCCCCCCCCCCNC,437.841,946.01,6.8,1979.13,1.292
C30H63N,ethyloctacosylamine,CCCCCCCCCCCCCCCCCCCCCCCCCCCCNCC,437.841,946.01,6.8,1979.13,1.292
C30H63N,dipentadecylamine,CCCCCCCCCCCCCCCNCCCCCCCCCCCCCCC,437.841,946.01,6.8,1979.13,1.292
C30H63N,dimethyloctacosylamine,CCCCCCCCCCCCCCCCCCCCCCCCCCCCN(C)C,437.841,946.01,6.62,2034.35,1.292
C30H63N,diethylhexacosylamine,CCCCCCCCCCCCCCCCCCCCCCCCCCN(CC)CC,437.841,946.01,6.62,2034.35,1.292
C30H63N,tridecylamine,CCCCCCCCCCN(CCCCCCCCCC)CCCCCCCCCC,437.841,946.01,6.52,2066.46,1.292
C31H56,pentacosylbenzene,CCCCCCCCCCCCCCCCCCCCCCCCCc1ccccc1,428.789,1004.03,7.61,1921.31,1.224
C31H56,13-phenylpentacosane,CCCCCCCCCCCCC(CCCCCCCCCCCC)c1ccccc1,428.789,1004.03,7.61,1921.31,1.224
C31H60,1-hentriacontyne,C#CCCCCCCCCCCCCCCCCCCCCCCCCCCCCC,432.821,952.15,7.61,1813.32,1.232
C31H62,hexacosylcyclopentane,CCCCCCCCCCCCCCCCCCCCCCCCCCC1CCCC1,434.837,963.7,6.89,2022.15,1.236
C31H62,pentacosylcyclohexane,CCCCCCCCCCCCCCCCCCCCCCCCCC1CCCCC1,434.837,968.7,7.33,1909.4,1.236
C31H62,1-hentriacontene,C=CCCCCCCCCCCCCCCCCCCCCCCCCCCCCC,434.837,938.7,7.44,1823.46,1.236
C31H62,13-cyclohexylpentacosane,CCCCCCCCCCCCC(CCCCCCCCCCCC)C1CCCCC1,434.837,963.7,6.89,2022.15,1.236
C31H62Br2,"1,1-dibromohentriacontane",CCCCCCCCCCCCCCCCCCCCCCCCCCCCCCC(Br)Br,594.645,993.35,5.81,2409.34,1.126
C31H62Cl2,"1,1-dichlorohentriacontane",CCCCCCCCCCCCCCCCCCCCCCCCCCCCCCC(Cl)Cl,505.743,995.33,6.22,2244.65,0.755
C31H62F2,"1,1-difluorohentriacontane",CCCCCCCCCCCCCCCCCCCCCCCCCCCCCCC(F)F,472.833,902.05,7.06,1822.69,0.574
C31H62O,16-hentriacontanone,CCCCCCCCCCCCCCCC(=O)CCCCCCCCCCCCCCC,450.836,928.2,6.1,2084.27,1.577
C31H63Br,1-bromohentriacontane,CCCCCCCCCCCCCCCCCCCCCCCCCCCCCCCBr,515.749,942.2,6.4,2286.13,1.366
C31H63Cl,1-chlorohentriacontane,CCCCCCCCCCCCCCCCCCCCCCCCCCCCCCCCl,471.298,970.93,6.44,2204.87,0.768
C31H63F,1-fluorohentriacontane,CCCCCCCCCCCCCCCCCCCCCCCCCCCCCCCF,454.843,928.83,7.47,1815.64,0.527
C31H64,hentriacontane,CCCCCCCCCCCCCCCCCCCCCCCCCCCCCCC,436.853,925.25,7.98,1672.27,1.24
C31H64,2-methyltriacontane,CCCCCCCCCCCCCCCCCCCCCCCCCCCCC(C)C,436.853,925.25,7.97,1674.21,1.24
C31H64,11-decylheneicosane,CCCCCCCCCCC(CCCCCCCCCC)CCCCCCCCCC,436.853,925.25,7.96,1676.65,1.24
C31H64O,1-hentriacontanol,CCCCCCCCCCCCCCCCCCCCCCCCCCCCCCCO,452.852,934.46,5.94,2146.91,1.581
C31H64S,1-hentriacontanethiol,CCCCCCCCCCCCCCCCCCCCCCCCCCCCCCCS,468.92,934.33,5.89,2147.99,1.301
C31H64S,2-thiadotriacontane,CCCCCCCCCCCCCCCCCCCCCCCCCCCCCCSC,468.92,934.33,5.89,2147.99,1.301
C31H64S2,"1,31-hentriacontanedithiol",SCCCCCCCCCCCCCCCCCCCCCCCCCCCCCCCS,500.987,1038.36,6.13,2203.95,1.36
C31H64S2,"2,3-dithiatritriacontane",CCCCCCCCCCCCCCCCCCCCCCCCCCCCCCSSC,500.987,983.36,5.75,2223.39,1.36
C31H64S2,"3,4-dithiatritriacontane",CCCCCCCCCCCCCCCCCCCCCCCCCCCCCSSCC,500.987,983.36,5.75,2223.39,1.36
C31H64S2,"2,4-dithiatritriacontane",CCCCCCCCCCCCCCCCCCCCCCCCCCCCCSCSC,500.987,983.36,5.75,2223.39,1.36
C31H64S2,"3,5-dithiatritriacontane",CCCCCCCCCCCCCCCCCCCCCCCCCCCCSCSCC,500.987,983.36,5.75,2223.39,1.36
C31H65N,hentriacontylamine,CCCCCCCCCCCCCCCCCCCCCCCCCCCCCCCN,451.868,996.61,7.32,1904.86,1.319
C31H65N,methyltriacontylamine,CCCCCCCCCCCCCCCCCCCCCCCCCCCCCCNC,451.868,956.61,7.01,1909.49,1.319
C31H65N,ethylnonacosylamine,CCCCCCCCCCCCCCCCCCCCCCCCCCCCCNCC,451.868,956.61,7.01,1909.49,1.319
C31H65N,dimethylnonacosylamine,CCCCCCCCCCCCCCCCCCCCCCCCCCCCCN(C)C,451.868,956.61,7.01,1909.49,1.319
C31H65N,diethylheptacosylamine,CCCCCCCCCCCCCCCCCCCCCCCCCCCN(CC)CC,451.868,956.61,7.01,1909.49,1.319
C32H58,hexacosylbenzene,CCCCCCCCCCCCCCCCCCCCCCCCCCc1ccccc1,442.816,1014.79,7.29,1992.06,1.252
C32H62,1-dotriacontyne,C#CCCCCCCCCCCCCCCCCCCCCCCCCCCCCCC,446.848,962.84,7.3,1879.46,1.259
C32H64,heptacosylcyclopentane,CCCCCCCCCCCCCCCCCCCCCCCCCCCC1CCCC1,448.864,974.36,6.6,2097.93,1.263
C32H64,hexacosylcyclohexane,CCCCCCCCCCCCCCCCCCCCCCCCCCC1CCCCC1,448.864,979.36,7.03,1978.71,1.263
C32H64,1-dotriacontene,C=CCCCCCCCCCCCCCCCCCCCCCCCCCCCCCC,448.864,949.36,7.14,1889.65,1.263
C32H64Br2,"1,1-dibromodotriacontane",CCCCCCCCCCCCCCCCCCCCCCCCCCCCCCCC(Br)Br,608.672,1001.93,5.54,2502.25,1.148
C32H64Cl2,"1,1-dichlorodotriacontane",CCCCCCCCCCCCCCCCCCCCCCCCCCCCCCCC(Cl)Cl,519.77,1004.94,5.94,2329.99,0.765
C32H64F2,"1,1-difluorodotriacontane",CCCCCCCCCCCCCCCCCCCCCCCCCCCCCCCC(F)F,486.86,912.11,6.76,1893.52,0.58
C32H64O2,tetradecyl stearate,CCCCCCCCCCCCCCCCCC(=O)OCCCCCCCCCCCCCC,480.862,896.53,5.29,2233.59,1.633
C32H64O2,hexadecyl hexadecanoate,CCCCCCCCCCCCCCCCOC(=O)CCCCCCCCCCCCCCC,480.862,896.53,5.18,2281.58,1.633
C32H65Br,1-bromodotriacontane,CCCCCCCCCCCCCCCCCCCCCCCCCCCCCCCCBr,529.776,951.68,6.12,2373.75,1.39
C32H65Cl,1-chlorodotriacontane,CCCCCCCCCCCCCCCCCCCCCCCCCCCCCCCCCl,485.325,981.02,6.16,2288.7,0.779
C32H65F,1-fluorodotriacontane,CCCCCCCCCCCCCCCCCCCCCCCCCCCCCCCCF,468.87,939.17,7.14,1886.06,0.533
C32H66,dotriacontane,CCCCCCCCCCCCCCCCCCCCCCCCCCCCCCCC,450.88,935.87,7.65,1733.54,1.267
C32H66,2-methylhentriacontane,CCCCCCCCCCCCCCCCCCCCCCCCCCCCCC(C)C,450.88,935.87,7.64,1735.35,1.267
C32H66,3-methylhentriacontane,CCCCCCCCCCCCCCCCCCCCCCCCCCCCC(C)CC,450.88,935.87,7.63,1737.22,1.267
C32H66,9-octyltetracosane,CCCCCCCCCCCCCCCC(CCCCCCCC)CCCCCCCC,450.88,935.87,7.63,1737.22,1.267
C32H66,11-decyldocosane,CCCCCCCCCCCC(CCCCCCCCCC)CCCCCCCCCC,450.88,935.87,7.63,1737.22,1.267
C32H66O,1-dotriacontanol,CCCCCCCCCCCCCCCCCCCCCCCCCCCCCCCCO,466.879,943.09,5.68,2229.64,1.607
C32H66O,dihexadecyl ether,CCCCCCCCCCCCCCCCOCCCCCCCCCCCCCCCC,466.879,873.09,5.47,2141.78,1.607
C32H66S,1-dotriacontanethiol,CCCCCCCCCCCCCCCCCCCCCCCCCCCCCCCCS,482.947,942.76,5.63,2229.78,1.327
C32H66S,2-thiatritriacontane,CCCCCCCCCCCCCCCCCCCCCCCCCCCCCCCSC,482.947,942.76,5.63,2229.78,1.327
C32H66S2,"1,32-dotriacontanedithiol",SCCCCCCCCCCCCCCCCCCCCCCCCCCCCCCCCS,515.014,1046.42,5.85,2287.26,1.384
C32H66S2,"2,3-dithiatetratriacontane",CCCCCCCCCCCCCCCCCCCCCCCCCCCCCCCSSC,515.014,991.42,5.49,2306.82,1.384
C32H66S2,"3,4-dithiatetratriacontane",CCCCCCCCCCCCCCCCCCCCCCCCCCCCCCSSCC,515.014,991.42,5.49,2306.82,1.384
C32H66S2,"2,4-dithiatetratriacontane",CCCCCCCCCCCCCCCCCCCCCCCCCCCCCCSCSC,515.014,991.42,5.49,2306.82,1.384
C32H66S2,"3,5-dithiatetratriacontane",CCCCCCCCCCCCCCCCCCCCCCCCCCCCCSCSCC,515.014,991.42,5.49,2306.82,1.384
C32H67N,dotriacontylamine,CCCCCCCCCCCCCCCCCCCCCCCCCCCCCCCCN,465.895,1006.99,7.02,1971.36,1.346
C32H67N,methylhentriacontylamine,CCCCCCCCCCCCCCCCCCCCCCCCCCCCCCCNC,465.895,966.99,6.73,1976.14,1.346
C32H67N,ethyltriacontylamine,CCCCCCCCCCCCCCCCCCCCCCCCCCCCCCNCC,465.895,966.99,6.73,1976.14,1.346
C32H67N,dihexadecylamine,CCCCCCCCCCCCCCCCNCCCCCCCCCCCCCCCC,465.895,966.99,6.73,1976.14,1.346
C32H67N,dimethyltriacontylamine,CCCCCCCCCCCCCCCCCCCCCCCCCCCCCCN(C)C,465.895,966.99,6.73,1976.14,1.346
C32H67N,diethyloctacosylamine,CCCCCCCCCCCCCCCCCCCCCCCCCCCCN(CC)CC,465.895,966.99,6.73,1976.14,1.346
C33H60,heptacosylbenzene,CCCCCCCCCCCCCCCCCCCCCCCCCCCc1ccccc1,456.843,1025.32,6.99,2063.05,1.279
C33H64,1-tritriacontyne,C#CCCCCCCCCCCCCCCCCCCCCCCCCCCCCCCC,460.875,973.3,7,1945.82,1.286
C33H66,octacosylcyclopentane,CCCCCCCCCCCCCCCCCCCCCCCCCCCCC1CCCC1,462.891,984.79,6.99,1965.53,1.29
C33H66,heptacosylcyclohexane,CCCCCCCCCCCCCCCCCCCCCCCCCCCC1CCCCC1,462.891,989.79,6.75,2048.26,1.29
C33H66,1-tritriacontene,C=CCCCCCCCCCCCCCCCCCCCCCCCCCCCCCCC,462.891,959.79,6.85,1956.07,1.29
C33H66Br2,"1,1-dibromotritriacontane",CCCCCCCCCCCCCCCCCCCCCCCCCCCCCCCCC(Br)Br,622.699,1010.38,5.29,2596.12,1.17
C33H66Cl2,"1,1-dichlorotritriacontane",CCCCCCCCCCCCCCCCCCCCCCCCCCCCCCCCC(Cl)Cl,533.797,1014.36,5.68,2416.34,0.776
C33H66F2,"1,1-difluorotritriacontane",CCCCCCCCCCCCCCCCCCCCCCCCCCCCCCCCC(F)F,500.887,921.97,6.47,1965.25,0.586
C33H66O2,tritriacontanoic acid,CCCCCCCCCCCCCCCCCCCCCCCCCCCCCCCCC(=O)O,494.889,994.81,5.26,2450.58,1.659
C33H67Br,1-bromotritriacontane,CCCCCCCCCCCCCCCCCCCCCCCCCCCCCCCCCBr,543.803,960.98,5.85,2462.38,1.414
C33H67Cl,1-chlorotritriacontane,CCCCCCCCCCCCCCCCCCCCCCCCCCCCCCCCCCl,499.352,990.9,5.9,2373.59,0.79
C33H67F,1-fluorotritriacontane,CCCCCCCCCCCCCCCCCCCCCCCCCCCCCCCCCF,482.897,949.29,6.84,1957.39,0.538
C33H68,tritriacontane,CCCCCCCCCCCCCCCCCCCCCCCCCCCCCCCCC,464.907,946.27,7.34,1794.25,1.294
C33H68,2-methyldotriacontane,CCCCCCCCCCCCCCCCCCCCCCCCCCCCCCC(C)C,464.907,946.27,7.33,1796.71,1.294
C33H68O,1-tritriacontanol,CCCCCCCCCCCCCCCCCCCCCCCCCCCCCCCCCO,480.906,951.55,5.42,2313.46,1.633
C33H68S,1-tritriacontanethiol,CCCCCCCCCCCCCCCCCCCCCCCCCCCCCCCCCS,496.974,951.02,5.38,2312.61,1.352
C33H68S,2-thiatetratriacontane,CCCCCCCCCCCCCCCCCCCCCCCCCCCCCCCCSC,496.974,951.02,5.38,2312.61,1.352
C33H68S2,"1,33-tritriacontanedithiol",SCCCCCCCCCCCCCCCCCCCCCCCCCCCCCCCCCS,529.041,1054.32,5.59,2371.55,1.409
C33H68S2,"2,3-dithiapentatriacontane",CCCCCCCCCCCCCCCCCCCCCCCCCCCCCCCCSSC,529.041,999.32,5.25,2391.23,1.409
C33H68S2,"3,4-dithiapentatriacontane",CCCCCCCCCCCCCCCCCCCCCCCCCCCCCCCSSCC,529.041,999.32,5.25,2391.23,1.409
C33H68S2,"2,4-dithiapentatriacontane",CCCCCCCCCCCCCCCCCCCCCCCCCCCCCCCSCSC,529.041,999.32,5.25,2391.23,1.409
C33H68S2,"3,5-dithiapentatriacontane",CCCCCCCCCCCCCCCCCCCCCCCCCCCCCCSCSCC,529.041,999.32,5.25,2391.23,1.409
C33H69N,methyldotriacontylamine,CCCCCCCCCCCCCCCCCCCCCCCCCCCCCCCCNC,479.922,977.16,6.46,2043,1.372
C33H69N,ethylhentriacontylamine,CCCCCCCCCCCCCCCCCCCCCCCCCCCCCCCNCC,479.922,977.16,6.46,2043,1.372
C33H69N,dimethylhentriacontylamine,CCCCCCCCCCCCCCCCCCCCCCCCCCCCCCCN(C)C,479.922,977.16,6.46,2043,1.372
C33H69N,diethylnonacosylamine,CCCCCCCCCCCCCCCCCCCCCCCCCCCCCN(CC)CC,479.922,977.16,6.46,2043,1.372
C33H69N,triundecylamine,CCCCCCCCCCCN(CCCCCCCCCCC)CCCCCCCCCCC,479.922,977.16,6.46,2043,1.372
C34H62,octacosylbenzene,CCCCCCCCCCCCCCCCCCCCCCCCCCCCc1ccccc1,470.87,1035.62,6.71,2134.28,1.305
C34H66,1-tetratriacontyne,C#CCCCCCCCCCCCCCCCCCCCCCCCCCCCCCCCC,474.902,983.54,6.72,2012.4,1.312
C34H68,nonacosylcyclopentane,CCCCCCCCCCCCCCCCCCCCCCCCCCCCCC1CCCC1,476.918,995,6.72,2032.46,1.316
C34H68,octacosylcyclohexane,CCCCCCCCCCCCCCCCCCCCCCCCCCCCC1CCCCC1,476.918,1000,6.48,2118.02,1.316
C34H68,1-tetratriacontene,C=CCCCCCCCCCCCCCCCCCCCCCCCCCCCCCCCC,476.918,970,6.58,2022.7,1.316
C34H68Br2,"1,1-dibromotetratriacontane",CCCCCCCCCCCCCCCCCCCCCCCCCCCCCCCCCC(Br)Br,636.726,1018.7,5.06,2690.94,1.191
C34H68Cl2,"1,1-dichlorotetratriacontane",CCCCCCCCCCCCCCCCCCCCCCCCCCCCCCCCCC(Cl)Cl,547.824,1023.61,5.44,2503.67,0.786
C34H68F2,"1,1-difluorotetratriacontane",CCCCCCCCCCCCCCCCCCCCCCCCCCCCCCCCCC(F)F,514.914,931.63,6.19,2037.86,0.591
C34H68O2,hexadecyl stearate,CCCCCCCCCCCCCCCCCC(=O)OCCCCCCCCCCCCCCCC,508.916,912.94,4.84,2400.14,1.684
C34H68O2,14-methylpentadecyl octadecanoate,CCCCCCCCCCCCCCCCCC(=O)OCCCCCCCCCCCCCC(C)C,508.916,912.94,4.73,2456.05,1.684
C34H69Br,1-bromotetratriacontane,CCCCCCCCCCCCCCCCCCCCCCCCCCCCCCCCCCBr,557.83,970.11,5.6,2552,1.437
C34H69Cl,1-chlorotetratriacontane,CCCCCCCCCCCCCCCCCCCCCCCCCCCCCCCCCCCl,513.379,1000.58,5.65,2459.5,0.801
C34H69F,1-fluorotetratriacontane,CCCCCCCCCCCCCCCCCCCCCCCCCCCCCCCCCCF,496.924,959.2,6.55,2029.62,0.544
C34H70,tetratriacontane,CCCCCCCCCCCCCCCCCCCCCCCCCCCCCCCCCC,478.934,956.45,7.05,1856.14,1.32
C34H70,11-decyltetracosane,CCCCCCCCCCCCCC(CCCCCCCCCC)CCCCCCCCCC,478.934,956.45,7.04,1858.95,1.32
C34H70,9-octylhexacosane,CCCCCCCCCCCCCCCCCC(CCCCCCCC)CCCCCCCC,478.934,956.45,7.04,1858.95,1.32
C34H70,2-methyltritriacontane,CCCCCCCCCCCCCCCCCCCCCCCCCCCCCCCC(C)C,478.934,956.45,7.04,1858.38,1.32
C34H70O,1-tetratriacontanol,CCCCCCCCCCCCCCCCCCCCCCCCCCCCCCCCCCO,494.933,959.84,5.19,2398.33,1.659
C34H70S,1-tetratriacontanethiol,CCCCCCCCCCCCCCCCCCCCCCCCCCCCCCCCCCS,511.001,959.12,5.14,2396.44,1.377
C34H70S,2-thiapentatriacontane,CCCCCCCCCCCCCCCCCCCCCCCCCCCCCCCCCSC,511.001,959.12,5.14,2396.44,1.377
C34H70S2,"1,34-tetratriacontanedithiol",SCCCCCCCCCCCCCCCCCCCCCCCCCCCCCCCCCCS,543.068,1062.08,5.34,2456.79,1.432
C34H70S2,"2,3-dithiahexatriacontane",CCCCCCCCCCCCCCCCCCCCCCCCCCCCCCCCCSSC,543.068,1007.08,5.02,2476.59,1.432
C34H70S2,"3,4-dithiahexatriacontane",CCCCCCCCCCCCCCCCCCCCCCCCCCCCCCCCSSCC,543.068,1007.08,5.02,2476.59,1.432
C34H70S2,"2,4-dithiahexatriacontane",CCCCCCCCCCCCCCCCCCCCCCCCCCCCCCCCSCSC,543.068,1007.08,5.02,2476.59,1.432
C34H70S2,"3,5-dithiahexatriacontane",CCCCCCCCCCCCCCCCCCCCCCCCCCCCCCCSCSCC,543.068,1007.08,5.02,2476.59,1.432
C34H71N,tetratriacontylamine,CCCCCCCCCCCCCCCCCCCCCCCCCCCCCCCCCCN,493.949,1027.11,6.48,2104.97,1.397
C34H71N,methyltritriacontylamine,CCCCCCCCCCCCCCCCCCCCCCCCCCCCCCCCCNC,493.949,987.11,6.21,2110.06,1.397
C34H71N,ethyldotriacontylamine,CCCCCCCCCCCCCCCCCCCCCCCCCCCCCCCCNCC,493.949,987.11,6.21,2110.06,1.397
C34H71N,diheptadecylamine,CCCCCCCCCCCCCCCCCNCCCCCCCCCCCCCCCCC,493.949,987.11,6.21,2110.06,1.397
C34H71N,dimethyldotriacontylamine,CCCCCCCCCCCCCCCCCCCCCCCCCCCCCCCCN(C)C,493.949,987.11,6.21,2110.06,1.397
C34H71N,diethyltriacontylamine,CCCCCCCCCCCCCCCCCCCCCCCCCCCCCCN(CC)CC,493.949,987.11,6.21,2110.06,1.397
C35H64,nonacosylbenzene,CCCCCCCCCCCCCCCCCCCCCCCCCCCCCc1ccccc1,484.897,1045.71,6.44,2205.73,1.331
C35H64,15-phenylnonacosane,CCCCCCCCCCCCCCC(CCCCCCCCCCCCCC)c1ccccc1,484.897,1045.71,6.44,2205.73,1.331
C35H68,1-pentatriacontyne,C#CCCCCCCCCCCCCCCCCCCCCCCCCCCCCCCCCC,488.929,993.57,6.46,2079.18,1.338
C35H70,triacontylcyclopentane,CCCCCCCCCCCCCCCCCCCCCCCCCCCCCCC1CCCC1,490.945,1005,6.45,2099.6,1.342
C35H70,nonacosylcyclohexane,CCCCCCCCCCCCCCCCCCCCCCCCCCCCCC1CCCCC1,490.945,1010,6.22,2188.01,1.342
C35H70,1-pentatriacontene,C=CCCCCCCCCCCCCCCCCCCCCCCCCCCCCCCCCC,490.945,980,6.32,2089.53,1.342
C35H70,15-cyclohexyl-nonacosane,CCCCCCCCCCCCCCC(CCCCCCCCCCCCCC)C1CCCCC1,490.945,1010,6.22,2188.01,1.342
C35H70Cl2,"1,1-dichloropentatriacontane",CCCCCCCCCCCCCCCCCCCCCCCCCCCCCCCCCCC(Cl)Cl,561.851,1032.7,5.21,2591.94,0.796
C35H70F2,"1,1-difluoropentatriacontane",CCCCCCCCCCCCCCCCCCCCCCCCCCCCCCCCCCC(F)F,528.941,941.12,5.93,2111.32,0.596
C35H70O,18-pentatriacontanone,CCCCCCCCCCCCCCCCCC(=O)CCCCCCCCCCCCCCCCC,506.944,961.8,5.09,2412.16,1.68
C35H70O2,pentatriacontanoic acid,CCCCCCCCCCCCCCCCCCCCCCCCCCCCCCCCCCC(=O)O,522.943,1010.9,4.81,2630.79,1.708
C35H71Br,1-bromopentatriacontane,CCCCCCCCCCCCCCCCCCCCCCCCCCCCCCCCCCCBr,571.857,979.09,5.37,2642.58,1.46
C35H71F,1-fluoropentatriacontane,CCCCCCCCCCCCCCCCCCCCCCCCCCCCCCCCCCCF,510.951,968.92,6.27,2102.72,0.549
C35H72,pentatriacontane,CCCCCCCCCCCCCCCCCCCCCCCCCCCCCCCCCCC,492.961,966.42,6.78,1917.68,1.345
C35H72,2-methyltetratriacontane,CCCCCCCCCCCCCCCCCCCCCCCCCCCCCCCCC(C)C,492.961,966.42,6.77,1920.1,1.345
C35H72S,1-pentatriacontanethiol,CCCCCCCCCCCCCCCCCCCCCCCCCCCCCCCCCCCS,525.028,967.07,4.92,2481.24,1.402
C35H72S,2-thiahexatriacontane,CCCCCCCCCCCCCCCCCCCCCCCCCCCCCCCCCCSC,525.028,967.07,4.92,2481.24,1.402
C35H72S2,"1,35-pentatriacontanedithiol",SCCCCCCCCCCCCCCCCCCCCCCCCCCCCCCCCCCCS,557.095,1069.7,5.1,2542.97,1.456
C35H72S2,"2,3-dithiaheptatriacontane",CCCCCCCCCCCCCCCCCCCCCCCCCCCCCCCCCCSSC,557.095,1014.7,4.8,2562.89,1.456
C35H72S2,"3,4-dithiaheptatriacontane",CCCCCCCCCCCCCCCCCCCCCCCCCCCCCCCCCSSCC,557.095,1014.7,4.8,2562.89,1.456
C35H72S2,"2,4-dithiaheptatriacontane",CCCCCCCCCCCCCCCCCCCCCCCCCCCCCCCCCSCSC,557.095,1014.7,4.8,2562.89,1.456
C35H72S2,"3,5-dithiaheptatriacontane",CCCCCCCCCCCCCCCCCCCCCCCCCCCCCCCCSCSCC,557.095,1014.7,4.8,2562.89,1.456
C35H73N,pentatriacontylamine,CCCCCCCCCCCCCCCCCCCCCCCCCCCCCCCCCCCN,507.976,1036.88,6.23,2172.08,1.422
C35H73N,methyltetratriacontylamine,CCCCCCCCCCCCCCCCCCCCCCCCCCCCCCCCCCNC,507.976,996.88,5.97,2177.33,1.422
C35H73N,ethyltritriacontylamine,CCCCCCCCCCCCCCCCCCCCCCCCCCCCCCCCCNCC,507.976,996.88,5.97,2177.33,1.422
C35H73N,dimethyltritriacontylamine,CCCCCCCCCCCCCCCCCCCCCCCCCCCCCCCCCN(C)C,507.976,996.88,5.97,2177.33,1.422
C35H73N,diethylhentriacontylamine,CCCCCCCCCCCCCCCCCCCCCCCCCCCCCCCN(CC)CC,507.976,996.88,5.97,2177.33,1.422
C36H66,triacontylbenzene,CCCCCCCCCCCCCCCCCCCCCCCCCCCCCCc1ccccc1,498.924,1055.6,6.19,2277.39,1.356
C36H70,1-hexatriacontyne,C#CCCCCCCCCCCCCCCCCCCCCCCCCCCCCCCCCCC,502.956,1003.4,6.21,2146.17,1.363
C36H72,hentriacontylcyclopentane,CCCCCCCCCCCCCCCCCCCCCCCCCCCCCCCC1CCCC1,504.972,1014.8,6.2,2166.94,1.367
C36H72,triacontylcyclohexane,CCCCCCCCCCCCCCCCCCCCCCCCCCCCCCC1CCCCC1,504.972,1019.8,5.98,2258.2,1.367
C36H72,1-hexatriacontene,C=CCCCCCCCCCCCCCCCCCCCCCCCCCCCCCCCCCC,504.972,989.8,6.08,2156.57,1.367
C36H72Br2,"1,1-dibromohexatriacontane",CCCCCCCCCCCCCCCCCCCCCCCCCCCCCCCCCCCC(Br)Br,664.78,1034.95,4.63,2883.31,1.233
C36H72Cl2,"1,1-dichlorohexatriacontane",CCCCCCCCCCCCCCCCCCCCCCCCCCCCCCCCCCCC(Cl)Cl,575.878,1041.63,4.99,2681.15,0.806
C36H72F2,"1,1-difluorohexatriacontane",CCCCCCCCCCCCCCCCCCCCCCCCCCCCCCCCCCCC(F)F,542.968,950.43,5.69,2185.61,0.601
C36H73Br,1-bromohexatriacontane,CCCCCCCCCCCCCCCCCCCCCCCCCCCCCCCCCCCCBr,585.884,987.91,5.14,2734.11,1.482
C36H73Cl,1-chlorohexatriacontane,CCCCCCCCCCCCCCCCCCCCCCCCCCCCCCCCCCCCCl,541.433,1019.42,5.19,2634.27,0.822
C36H73F,1-fluorohexatriacontane,CCCCCCCCCCCCCCCCCCCCCCCCCCCCCCCCCCCCF,524.978,978.46,6.01,2176.67,0.555
C36H74,hexatriacontane,CCCCCCCCCCCCCCCCCCCCCCCCCCCCCCCCCCCC,506.988,976.19,6.51,1981.43,1.37
C36H74,13-undecylpentacosane,CCCCCCCCCCCCC(CCCCCCCCCCC)CCCCCCCCCCCC,506.988,976.19,6.51,1981.43,1.37
C36H74,2-methylpentatriacontane,CCCCCCCCCCCCCCCCCCCCCCCCCCCCCCCCCC(C)C,506.988,976.19,6.51,1981.43,1.37
C36H74S,1-hexatriacontanethiol,CCCCCCCCCCCCCCCCCCCCCCCCCCCCCCCCCCCCS,539.055,974.87,4.71,2567,1.426
C36H74S,2-thiaheptatriacontane,CCCCCCCCCCCCCCCCCCCCCCCCCCCCCCCCCCCSC,539.055,974.87,4.71,2567,1.426
C36H74S2,"1,36-hexatriacontanedithiol",SCCCCCCCCCCCCCCCCCCCCCCCCCCCCCCCCCCCCS,571.122,1077.18,4.88,2630.07,1.479
C36H74S2,"2,3-dithiaoctatriacontane",CCCCCCCCCCCCCCCCCCCCCCCCCCCCCCCCCCCSSC,571.122,1022.18,4.6,2650.09,1.479
C36H74S2,"3,4-dithiaoctatriacontane",CCCCCCCCCCCCCCCCCCCCCCCCCCCCCCCCCCSSCC,571.122,1022.18,4.6,2650.09,1.479
C36H74S2,"2,4-dithiaoctatriacontane",CCCCCCCCCCCCCCCCCCCCCCCCCCCCCCCCCCSCSC,571.122,1022.18,4.6,2650.09,1.479
C36H74S2,"3,5-dithiaoctatriacontane",CCCCCCCCCCCCCCCCCCCCCCCCCCCCCCCCCSCSCC,571.122,1022.18,4.6,2650.09,1.479
C36H75N,hexatriacontylamine,CCCCCCCCCCCCCCCCCCCCCCCCCCCCCCCCCCCCN,522.003,1046.45,5.99,2239.39,1.446
C36H75N,methylpentatriacontylamine,CCCCCCCCCCCCCCCCCCCCCCCCCCCCCCCCCCCNC,522.003,1006.45,5.75,2244.78,1.446
C36H75N,ethyltetratriacontylamine,CCCCCCCCCCCCCCCCCCCCCCCCCCCCCCCCCCNCC,522.003,1006.45,5.75,2244.78,1.446
C36H75N,dioctadecylamine,CCCCCCCCCCCCCCCCCCNCCCCCCCCCCCCCCCCCC,522.003,1006.45,5.75,2244.78,1.446
C36H75N,dimethyltetratriacontylamine,CCCCCCCCCCCCCCCCCCCCCCCCCCCCCCCCCCN(C)C,522.003,1006.45,5.75,2244.78,1.446
C36H75N,diethyldotriacontylamine,CCCCCCCCCCCCCCCCCCCCCCCCCCCCCCCCN(CC)CC,522.003,1006.45,5.75,2244.78,1.446
C36H75N,tridodecylamine,CCCCCCCCCCCCN(CCCCCCCCCCCC)CCCCCCCCCCCC,522.003,1006.45,5.11,2527.69,1.446
C37H68,hentriacontylbenzene,CCCCCCCCCCCCCCCCCCCCCCCCCCCCCCCc1ccccc1,512.951,1065.29,5.95,2349.27,1.381
C37H74,hentriacontylcyclohexane,CCCCCCCCCCCCCCCCCCCCCCCCCCCCCCCC1CCCCC1,518.999,1029.41,5.76,2328.6,1.391
C37H74,1-heptatriacontene,C=CCCCCCCCCCCCCCCCCCCCCCCCCCCCCCCCCCCC,518.999,999.41,5.85,2223.8,1.391
C37H74Br2,"1,1-dibromoheptatriacontane",CCCCCCCCCCCCCCCCCCCCCCCCCCCCCCCCCCCCC(Br)Br,678.807,1042.9,4.44,2980.83,1.253
C37H74Cl2,"1,1-dichloroheptatriacontane",CCCCCCCCCCCCCCCCCCCCCCCCCCCCCCCCCCCCC(Cl)Cl,589.905,1050.41,4.79,2771.26,0.816
C37H74F2,"1,1-difluoroheptatriacontane",CCCCCCCCCCCCCCCCCCCCCCCCCCCCCCCCCCCCC(F)F,556.995,959.57,5.46,2260.71,0.606
C37H75Br,1-bromoheptatriacontane,CCCCCCCCCCCCCCCCCCCCCCCCCCCCCCCCCCCCCBr,599.911,996.58,4.93,2826.56,1.505
C37H75Cl,1-chloroheptatriacontane,CCCCCCCCCCCCCCCCCCCCCCCCCCCCCCCCCCCCCCl,555.46,1028.58,4.98,2723.09,0.832
C37H75F,1-fluoroheptatriacontane,CCCCCCCCCCCCCCCCCCCCCCCCCCCCCCCCCCCCCF,539.005,987.82,5.77,2251.45,0.56
C37H76,heptatriacontane,CCCCCCCCCCCCCCCCCCCCCCCCCCCCCCCCCCCCC,521.015,985.78,6.27,2042.94,1.395
C37H76,2-methylhexa-triacontane,CCCCCCCCCCCCCCCCCCCCCCCCCCCCCCCCCCC(C)C,521.015,985.78,6.27,2042.94,1.395
C37H76S,1-heptatriacontanethiol,CCCCCCCCCCCCCCCCCCCCCCCCCCCCCCCCCCCCCS,553.082,982.53,4.51,2653.68,1.449
C37H76S,2-thiaoctatriacontane,CCCCCCCCCCCCCCCCCCCCCCCCCCCCCCCCCCCCSC,553.082,982.53,4.51,2653.68,1.449
C37H76S2,"1,37-heptatriacontanedithiol",SCCCCCCCCCCCCCCCCCCCCCCCCCCCCCCCCCCCCCS,585.149,1084.54,4.68,2718.05,1.501
C37H76S2,"2,3-dithianonatriacontane",CCCCCCCCCCCCCCCCCCCCCCCCCCCCCCCCCCCCSSC,585.149,1029.54,4.41,2738.18,1.501
C37H76S2,"3,4-dithianonatriacontane",CCCCCCCCCCCCCCCCCCCCCCCCCCCCCCCCCCCSSCC,585.149,1029.54,4.41,2738.18,1.501
C37H76S2,"2,4-dithianonatriacontane",CCCCCCCCCCCCCCCCCCCCCCCCCCCCCCCCCCCSCSC,585.149,1029.54,4.41,2738.18,1.501
C37H76S2,"3,5-dithianonatriacontane",CCCCCCCCCCCCCCCCCCCCCCCCCCCCCCCCCCSCSCC,585.149,1029.54,4.41,2738.18,1.501
C37H77N,heptatriacontylamine,CCCCCCCCCCCCCCCCCCCCCCCCCCCCCCCCCCCCCN,536.03,1055.85,5.77,2306.88,1.47
C37H77N,methylhexatriacontylamine,CCCCCCCCCCCCCCCCCCCCCCCCCCCCCCCCCCCCNC,536.03,1015.85,5.53,2312.43,1.47
C37H77N,ethylpentatriacontylamine,CCCCCCCCCCCCCCCCCCCCCCCCCCCCCCCCCCCNCC,536.03,1015.85,5.53,2312.43,1.47
C37H77N,dimethylpentatriacontylamine,CCCCCCCCCCCCCCCCCCCCCCCCCCCCCCCCCCCN(C)C,536.03,1015.85,5.53,2312.43,1.47
C37H77N,diethyltritriacontylamine,CCCCCCCCCCCCCCCCCCCCCCCCCCCCCCCCCN(CC)CC,536.03,1015.85,5.53,2312.43,1.47
C37H77N,N-methyldioctadecylamine,CCCCCCCCCCCCCCCCCCN(C)CCCCCCCCCCCCCCCCCC,536.03,1015.85,5.53,2312.43,1.47
C38H70,dotriacontylbenzene,CCCCCCCCCCCCCCCCCCCCCCCCCCCCCCCCc1ccccc1,526.978,1074.8,5.72,2421.35,1.405
C38H76,1-octatriacontene,C=CCCCCCCCCCCCCCCCCCCCCCCCCCCCCCCCCCCCC,533.026,1008.85,5.63,2291.22,1.415
C38H76,dotriacontylcyclohexane,CCCCCCCCCCCCCCCCCCCCCCCCCCCCCCCCC1CCCCC1,533.026,1038.85,5.54,2399.2,1.415
C38H76Br2,"1,1-dibromooctatriacontane",CCCCCCCCCCCCCCCCCCCCCCCCCCCCCCCCCCCCCC(Br)Br,692.834,1050.74,4.25,3079.22,1.273
C38H76Cl2,"1,1-dichlorooctatriacontane",CCCCCCCCCCCCCCCCCCCCCCCCCCCCCCCCCCCCCC(Cl)Cl,603.932,1059.04,4.59,2862.26,0.826
C38H76F2,"1,1-difluorooctatriacontane",CCCCCCCCCCCCCCCCCCCCCCCCCCCCCCCCCCCCCC(F)F,571.022,968.56,5.24,2336.6,0.611
C38H77Br,1-bromooctatriacontane,CCCCCCCCCCCCCCCCCCCCCCCCCCCCCCCCCCCCCCBr,613.938,1005.12,4.73,2919.91,1.526
C38H77Cl,1-chlorooctatriacontane,CCCCCCCCCCCCCCCCCCCCCCCCCCCCCCCCCCCCCCCl,569.487,1037.58,4.78,2812.83,0.842
C38H77F,1-fluorooctatriacontane,CCCCCCCCCCCCCCCCCCCCCCCCCCCCCCCCCCCCCCF,553.032,997.01,5.53,2327.03,0.565
C38H78,octatriacontane,CCCCCCCCCCCCCCCCCCCCCCCCCCCCCCCCCCCCCC,535.042,995.19,6.03,2104.62,1.419
C38H78,2-methylhepta-triacontane,CCCCCCCCCCCCCCCCCCCCCCCCCCCCCCCCCCCC(C)C,535.042,995.19,6.03,2104.62,1.419
C38H78,13-dodecylhexacosane,CCCCCCCCCCCCCC(CCCCCCCCCCCC)CCCCCCCCCCCC,535.042,995.19,6.03,2104.62,1.419
C38H78S,1-octatriacontanethiol,CCCCCCCCCCCCCCCCCCCCCCCCCCCCCCCCCCCCCCS,567.109,990.05,4.33,2741.26,1.472
C38H78S,2-thianonatriacontane,CCCCCCCCCCCCCCCCCCCCCCCCCCCCCCCCCCCCCSC,567.109,990.05,4.33,2741.26,1.472
C38H78S2,"1,38-octatriacontanedithiol",SCCCCCCCCCCCCCCCCCCCCCCCCCCCCCCCCCCCCCCS,599.176,1091.78,4.48,2806.9,1.523
C38H78S2,"2,3-dithiatetracontane",CCCCCCCCCCCCCCCCCCCCCCCCCCCCCCCCCCCCCSSC,599.176,1036.78,4.22,2827.14,1.523
C38H78S2,"3,4-dithiatetracontane",CCCCCCCCCCCCCCCCCCCCCCCCCCCCCCCCCCCCSSCC,599.176,1036.78,4.22,2827.14,1.523
C38H78S2,"2,4-dithiatetracontane",CCCCCCCCCCCCCCCCCCCCCCCCCCCCCCCCCCCCSCSC,599.176,1036.78,4.22,2827.14,1.523
C38H78S2,"3,5-dithiatetracontane",CCCCCCCCCCCCCCCCCCCCCCCCCCCCCCCCCCCSCSCC,599.176,1036.78,4.22,2827.14,1.523
C38H79N,octatriacontylamine,CCCCCCCCCCCCCCCCCCCCCCCCCCCCCCCCCCCCCCN,550.057,1065.07,5.55,2374.55,1.494
C38H79N,methylheptatriacontylamine,CCCCCCCCCCCCCCCCCCCCCCCCCCCCCCCCCCCCCNC,550.057,1025.07,5.33,2380.25,1.494
C38H79N,ethylhexatriacontylamine,CCCCCCCCCCCCCCCCCCCCCCCCCCCCCCCCCCCCNCC,550.057,1025.07,5.33,2380.25,1.494
C38H79N,dinonadecylamine,CCCCCCCCCCCCCCCCCCCNCCCCCCCCCCCCCCCCCCC,550.057,1025.07,5.33,2380.25,1.494
C38H79N,dimethylhexatriacontylamine,CCCCCCCCCCCCCCCCCCCCCCCCCCCCCCCCCCCCN(C)C,550.057,1025.07,5.33,2380.25,1.494
C38H79N,diethyltetratriacontylamine,CCCCCCCCCCCCCCCCCCCCCCCCCCCCCCCCCCN(CC)CC,550.057,1025.07,5.33,2380.25,1.494
C39H72,tritriacontylbenzene,CCCCCCCCCCCCCCCCCCCCCCCCCCCCCCCCCc1ccccc1,541.005,1084.14,5.51,2493.63,1.429
C39H72,17-phenyltritriacontane,CCCCCCCCCCCCCCCCC(CCCCCCCCCCCCCCCC)c1ccccc1,541.005,1084.14,5.51,2493.63,1.429
C39H78,1-nonatriacontene,C=CCCCCCCCCCCCCCCCCCCCCCCCCCCCCCCCCCCCCC,547.053,1018.11,5.43,2358.82,1.439
C39H78,tritriacontylcyclohexane,CCCCCCCCCCCCCCCCCCCCCCCCCCCCCCCCCC1CCCCC1,547.053,1048.11,5.33,2469.98,1.439
C39H78,17-cyclohexyltri-triacontane,CCCCCCCCCCCCCCCCC(CCCCCCCCCCCCCCCC)C1CCCCC1,547.053,1048.11,5.33,2469.98,1.439
C39H78Br2,"1,1-dibromononatriacontane",CCCCCCCCCCCCCCCCCCCCCCCCCCCCCCCCCCCCCCC(Br)Br,706.861,1058.46,4.08,3178.45,1.293
C39H78Cl2,"1,1-dichlorononatriacontane",CCCCCCCCCCCCCCCCCCCCCCCCCCCCCCCCCCCCCCC(Cl)Cl,617.959,1067.54,4.41,2954.13,0.835
C39H78F2,"1,1-difluorononatriacontane",CCCCCCCCCCCCCCCCCCCCCCCCCCCCCCCCCCCCCCC(F)F,585.049,977.39,5.03,2413.26,0.616
C39H79Br,1-bromononatriacontane,CCCCCCCCCCCCCCCCCCCCCCCCCCCCCCCCCCCCCCCBr,627.965,1013.52,4.54,3014.14,1.548
C39H79Cl,1-chlorononatriacontane,CCCCCCCCCCCCCCCCCCCCCCCCCCCCCCCCCCCCCCCCl,583.514,1046.43,4.59,2903.47,0.852
C39H79F,1-fluorononatriacontane,CCCCCCCCCCCCCCCCCCCCCCCCCCCCCCCCCCCCCCCF,567.059,1006.04,5.31,2403.4,0.57
C39H80,nonatriacontane,CCCCCCCCCCCCCCCCCCCCCCCCCCCCCCCCCCCCCCC,549.069,1004.43,5.81,2166.47,1.442
C39H80,2-methyloctatriacontane,CCCCCCCCCCCCCCCCCCCCCCCCCCCCCCCCCCCCC(C)C,549.069,1004.43,5.81,2166.47,1.442
C39H80S,1-nonatriacontanethiol,CCCCCCCCCCCCCCCCCCCCCCCCCCCCCCCCCCCCCCCS,581.136,997.44,4.15,2829.73,1.495
C39H80S,2-thiatetracontane,CCCCCCCCCCCCCCCCCCCCCCCCCCCCCCCCCCCCCCSC,581.136,997.44,4.15,2829.73,1.495
C39H80S2,"1,39-nonatriacontanedithiol",SCCCCCCCCCCCCCCCCCCCCCCCCCCCCCCCCCCCCCCCS,613.203,1098.9,4.29,2896.61,1.545
C39H80S2,"2,3-dithiahentetracontane",CCCCCCCCCCCCCCCCCCCCCCCCCCCCCCCCCCCCCCSSC,613.203,1043.9,4.05,2916.95,1.545
C39H80S2,"3,4-dithiahentetracontane",CCCCCCCCCCCCCCCCCCCCCCCCCCCCCCCCCCCCCSSCC,613.203,1043.9,4.05,2916.95,1.545
C39H80S2,"2,4-dithiahentetracontane",CCCCCCCCCCCCCCCCCCCCCCCCCCCCCCCCCCCCCSCSC,613.203,1043.9,4.05,2916.95,1.545
C39H80S2,"3,5-dithiahentetracontane",CCCCCCCCCCCCCCCCCCCCCCCCCCCCCCCCCCCCSCSCC,613.203,1043.9,4.05,2916.95,1.545
C39H81N,nonatriacontylamine,CCCCCCCCCCCCCCCCCCCCCCCCCCCCCCCCCCCCCCCN,564.084,1074.13,5.35,2442.4,1.517
C39H81N,methyloctatriacontylamine,CCCCCCCCCCCCCCCCCCCCCCCCCCCCCCCCCCCCCCNC,564.084,1034.13,5.14,2448.25,1.517
C39H81N,ethylheptatriacontylamine,CCCCCCCCCCCCCCCCCCCCCCCCCCCCCCCCCCCCCNCC,564.084,1034.13,5.14,2448.25,1.517
C39H81N,dimethylheptatriacontylamine,CCCCCCCCCCCCCCCCCCCCCCCCCCCCCCCCCCCCCN(C)C,564.084,1034.13,5.14,2448.25,1.517
C39H81N,diethylpentatriacontylamine,CCCCCCCCCCCCCCCCCCCCCCCCCCCCCCCCCCCN(CC)CC,564.084,1034.13,5.14,2448.25,1.517
C39H81N,tritridecylamine,CCCCCCCCCCCCCN(CCCCCCCCCCCCC)CCCCCCCCCCCCC,564.084,1034.13,5.14,2448.25,1.517
C40H56,alpha-carotene,CC1=CCCC(C)(C)C1/C=C/C(C)=C/C=C/C(C)=C/C=C/C=C(C)/C=C/C=C(C)/C=C/C1=C(C)CCCC1(C)C,536.888,1258.8,7.01,2286.72,1.422
C40H56,beta-carotene,CC1=C(/C=C/C(C)=C/C=C/C(C)=C/C=C/C=C(C)/C=C/C=C(C)/C=C/C2=C(C)CCCC2(C)C)C(C)(C)CCC1,536.888,1430.6,7.97,2286.72,1.422
C40H56,"beta,psi-carotene",CC(C)=CCC/C(C)=C/C=C/C(C)=C/C=C/C(C)=C/C=C/C=C(C)/C=C/C=C(C)/C=C/C1=C(C)CCCC1(C)C,536.888,1430.6,7.97,2286.72,1.422
C40H56,"psi,psi-carotene",CC(C)=CCC/C(C)=C/C=C/C(C)=C/C=C/C(C)=C/C=C/C=C(C)/C=C/C=C(C)/C=C/C=C(\C)CCC=C(C)C,536.888,1430.6,7.97,2286.72,1.422
C40H74,tetratriacontylbenzene,CCCCCCCCCCCCCCCCCCCCCCCCCCCCCCCCCCc1ccccc1,555.032,1093.3,5.3,2566.11,1.452
C40H80,pentatriacontylcyclopentane,CCCCCCCCCCCCCCCCCCCCCCCCCCCCCCCCCCCC1CCCC1,561.08,1052.21,5.33,2438.18,1.462
C40H80,tetratriacontylcyclohexane,CCCCCCCCCCCCCCCCCCCCCCCCCCCCCCCCCCC1CCCCC1,561.08,1057.21,5.14,2540.96,1.462
C40H80,1-tetracontene,C=CCCCCCCCCCCCCCCCCCCCCCCCCCCCCCCCCCCCCCC,561.08,1027.21,5.23,2426.6,1.462
C40H80Br2,"1,1-dibromotetracontane",CCCCCCCCCCCCCCCCCCCCCCCCCCCCCCCCCCCCCCCC(Br)Br,720.888,1066.08,3.91,3278.51,1.312
C40H80Cl2,"1,1-dichlorotetracontane",CCCCCCCCCCCCCCCCCCCCCCCCCCCCCCCCCCCCCCCC(Cl)Cl,631.986,1075.9,4.23,3046.85,0.844
C40H80F2,"1,1-difluorotetracontane",CCCCCCCCCCCCCCCCCCCCCCCCCCCCCCCCCCCCCCCC(F)F,599.076,986.07,4.83,2490.68,0.621
C40H81Br,1-bromotetracontane,CCCCCCCCCCCCCCCCCCCCCCCCCCCCCCCCCCCCCCCCBr,641.992,1021.79,4.36,3109.23,1.569
C40H81Cl,1-chlorotetracontane,CCCCCCCCCCCCCCCCCCCCCCCCCCCCCCCCCCCCCCCCCl,597.541,1055.13,4.41,2994.99,0.861
C40H81F,1-fluorotetracontane,CCCCCCCCCCCCCCCCCCCCCCCCCCCCCCCCCCCCCCCCF,581.086,1014.91,5.1,2480.53,0.575
C40H82,tetracontane,CCCCCCCCCCCCCCCCCCCCCCCCCCCCCCCCCCCCCCCC,563.096,1013.5,5.6,2228.48,1.466
C40H82,2-methylnonatriacontane,CCCCCCCCCCCCCCCCCCCCCCCCCCCCCCCCCCCCCC(C)C,563.096,1013.5,5.6,2228.48,1.466
C40H82S,1-tetracontanethiol,CCCCCCCCCCCCCCCCCCCCCCCCCCCCCCCCCCCCCCCCS,595.163,1004.71,3.98,2919.06,1.517
C40H82S,2-thiahentetracontane,CCCCCCCCCCCCCCCCCCCCCCCCCCCCCCCCCCCCCCCSC,595.163,1004.71,3.98,2919.06,1.517
C40H82S2,"1,40-tetracontanedithiol",SCCCCCCCCCCCCCCCCCCCCCCCCCCCCCCCCCCCCCCCCS,627.23,1105.9,4.12,2987.14,1.567
C40H82S2,"2,3-dithiadotetracontane",CCCCCCCCCCCCCCCCCCCCCCCCCCCCCCCCCCCCCCCSSC,627.23,1050.9,3.89,3007.59,1.567
C40H82S2,"3,4-dithiadotetracontane",CCCCCCCCCCCCCCCCCCCCCCCCCCCCCCCCCCCCCCSSCC,627.23,1050.9,3.89,3007.59,1.567
C40H82S2,"2,4-dithiadotetracontane",CCCCCCCCCCCCCCCCCCCCCCCCCCCCCCCCCCCCCCSCSC,627.23,1050.9,3.89,3007.59,1.567
C40H82S2,"3,5-dithiadotetracontane",CCCCCCCCCCCCCCCCCCCCCCCCCCCCCCCCCCCCCSCSCC,627.23,1050.9,3.89,3007.59,1.567
C40H83N,tetracontylamine,CCCCCCCCCCCCCCCCCCCCCCCCCCCCCCCCCCCCCCCCN,578.111,1083.04,5.16,2510.42,1.54
C40H83N,methylnonatriacontylamine,CCCCCCCCCCCCCCCCCCCCCCCCCCCCCCCCCCCCCCCNC,578.111,1043.04,4.96,2516.43,1.54
C40H83N,ethyloctatriacontylamine,CCCCCCCCCCCCCCCCCCCCCCCCCCCCCCCCCCCCCCNCC,578.111,1043.04,4.96,2516.43,1.54
C40H83N,dieicosylamine,CCCCCCCCCCCCCCCCCCCCNCCCCCCCCCCCCCCCCCCCC,578.111,1043.04,4.96,2516.43,1.54
C40H83N,dimethyloctatriacontylamine,CCCCCCCCCCCCCCCCCCCCCCCCCCCCCCCCCCCCCCN(C)C,578.111,1043.04,4.96,2516.43,1.54
C40H83N,diethylhexatriacontylamine,CCCCCCCCCCCCCCCCCCCCCCCCCCCCCCCCCCCCN(CC)CC,578.111,1043.04,4.96,2516.43,1.54
C41H76,pentatriacontylbenzene,CCCCCCCCCCCCCCCCCCCCCCCCCCCCCCCCCCCc1ccccc1,569.059,1102.31,5.11,2638.77,1.475
C41H82,1-hentetracontene,C=CCCCCCCCCCCCCCCCCCCCCCCCCCCCCCCCCCCCCCCC,575.107,1036.14,5.04,2494.49,1.485
C41H82,hexatriacontylcyclopentane,CCCCCCCCCCCCCCCCCCCCCCCCCCCCCCCCCCCCC1CCCC1,575.107,1061.14,5.14,2506.38,1.485
C41H82,pentatriacontylcyclohexane,CCCCCCCCCCCCCCCCCCCCCCCCCCCCCCCCCCCC1CCCCC1,575.107,1066.14,4.96,2612.05,1.485
C41H84,n-hentetracontane,CCCCCCCCCCCCCCCCCCCCCCCCCCCCCCCCCCCCCCCCC,577.123,1022.42,5.41,2290.64,1.488
C41H84,2-methyltetracontane,CCCCCCCCCCCCCCCCCCCCCCCCCCCCCCCCCCCCCCC(C)C,577.123,1022.42,5.41,2290.64,1.488
C41H84S,1-hentetracontanethiol,CCCCCCCCCCCCCCCCCCCCCCCCCCCCCCCCCCCCCCCCCS,609.19,1011.86,3.46,3009.24,1.539
C42H78,hexatriacontylbenzene,CCCCCCCCCCCCCCCCCCCCCCCCCCCCCCCCCCCCc1ccccc1,583.086,1111.16,4.93,2711.61,1.498
C42H84,1-dotetracontene,C=CCCCCCCCCCCCCCCCCCCCCCCCCCCCCCCCCCCCCCCCC,589.134,1044.92,4.87,2562.61,1.508
C42H84,hexatriacontylcyclohexane,CCCCCCCCCCCCCCCCCCCCCCCCCCCCCCCCCCCCC1CCCCC1,589.134,1074.92,4.78,2683.38,1.508
C42H86,n-dotetracontane,CCCCCCCCCCCCCCCCCCCCCCCCCCCCCCCCCCCCCCCCCC,591.15,1031.18,5.22,2352.96,1.511
C42H86,"2,2,4,15,17,17-hexamethyl-7,12- bis(3,5,5-trimethylhexyl)-octadecane",CC(CCC(CCCCC(CCC(C)CC(C)(C)C)CCC(C)CC(C)(C)C)CCC(C)CC(C)(C)C)CC(C)(C)C,591.15,1031.18,5.22,2352.96,1.511
C42H86,2-methylhen-tetracontane,CCCCCCCCCCCCCCCCCCCCCCCCCCCCCCCCCCCCCCCC(C)C,591.15,1031.18,5.22,2352.96,1.511
C42H86S,1-dotetracontanethiol,CCCCCCCCCCCCCCCCCCCCCCCCCCCCCCCCCCCCCCCCCCS,623.217,1018.9,3.36,3100.24,1.561
C42H87N,tritetradecylamine,CCCCCCCCCCCCCCN(CCCCCCCCCCCCCC)CCCCCCCCCCCCCC,606.165,1060.41,4.62,2653.27,1.584
C43H80,heptatriacontyl-benzene,CCCCCCCCCCCCCCCCCCCCCCCCCCCCCCCCCCCCCc1ccccc1,597.113,1119.86,4.75,2784.56,1.52
C43H86,1-tritetracontene,C=CCCCCCCCCCCCCCCCCCCCCCCCCCCCCCCCCCCCCCCCCC,603.161,1053.57,4.7,2630.89,1.53
C43H86,heptatriacontyl-cyclohexane,CCCCCCCCCCCCCCCCCCCCCCCCCCCCCCCCCCCCCC1CCCCC1,603.161,1083.57,4.61,2754.88,1.53
C43H88,tritetracontane,CCCCCCCCCCCCCCCCCCCCCCCCCCCCCCCCCCCCCCCCCCC,605.177,1039.8,5.03,2415.43,1.533
C43H88,2-methyldotetracontane,CCCCCCCCCCCCCCCCCCCCCCCCCCCCCCCCCCCCCCCCC(C)C,605.177,1039.8,5.03,2415.43,1.533
C43H88S,1-tritetracontanethiol,CCCCCCCCCCCCCCCCCCCCCCCCCCCCCCCCCCCCCCCCCCCS,637.244,1025.83,3.27,3192.05,1.582
C44H82,octatriacontylbenzene,CCCCCCCCCCCCCCCCCCCCCCCCCCCCCCCCCCCCCCc1ccccc1,611.14,1128.42,4.58,2857.75,1.542
C44H88,octatriacontyl-cyclohexane,CCCCCCCCCCCCCCCCCCCCCCCCCCCCCCCCCCCCCCC1CCCCC1,617.188,1092.07,4.45,2826.54,1.551
C44H88,1-tetratetracontene,C=CCCCCCCCCCCCCCCCCCCCCCCCCCCCCCCCCCCCCCCCCCC,617.188,1062.07,4.53,2699.33,1.551
C44H90,n-tetratetracontane,CCCCCCCCCCCCCCCCCCCCCCCCCCCCCCCCCCCCCCCCCCCC,619.204,1048.29,4.86,2478.04,1.555
C44H90,2-methyltritetracontane,CCCCCCCCCCCCCCCCCCCCCCCCCCCCCCCCCCCCCCCCCC(C)C,619.204,1048.29,4.86,2478.04,1.555
C44H90S,1-tetratetracontanethiol,CCCCCCCCCCCCCCCCCCCCCCCCCCCCCCCCCCCCCCCCCCCCS,651.271,1032.65,3.18,3284.65,1.603
C45H84,nonatriacontyl-benzene,CCCCCCCCCCCCCCCCCCCCCCCCCCCCCCCCCCCCCCCc1ccccc1,625.167,1136.85,4.42,2931.11,1.564
C45H90,nonatriacontylcyclo-hexane,CCCCCCCCCCCCCCCCCCCCCCCCCCCCCCCCCCCCCCCC1CCCCC1,631.215,1100.44,4.3,2898.37,1.573
C45H90,1-pentatetracontene,C=CCCCCCCCCCCCCCCCCCCCCCCCCCCCCCCCCCCCCCCCCCCC,631.215,1070.44,4.38,2767.92,1.573
C45H92,n-pentatetracontane,CCCCCCCCCCCCCCCCCCCCCCCCCCCCCCCCCCCCCCCCCCCCC,633.231,1056.64,4.7,2540.79,1.576
C45H92,2-methyltetra-tetracontane,CCCCCCCCCCCCCCCCCCCCCCCCCCCCCCCCCCCCCCCCCCC(C)C,633.231,1056.64,4.7,2540.79,1.576
C45H92S,1-pentatetracontanethiol,CCCCCCCCCCCCCCCCCCCCCCCCCCCCCCCCCCCCCCCCCCCCCS,665.298,1039.37,3.09,3378.02,1.623
C45H93N,tripentadecylamine,CCCCCCCCCCCCCCCN(CCCCCCCCCCCCCCC)CCCCCCCCCCCCCCC,648.246,1085.43,4.16,2859.72,1.648
C46H86,tetracontylbenzene,CCCCCCCCCCCCCCCCCCCCCCCCCCCCCCCCCCCCCCCCc1ccccc1,639.194,1145.14,4.27,3004.63,1.585
C46H92,tetracontylcyclohexane,CCCCCCCCCCCCCCCCCCCCCCCCCCCCCCCCCCCCCCCCC1CCCCC1,645.242,1108.68,4.15,2970.36,1.594
C46H92,1-hexatetracontene,C=CCCCCCCCCCCCCCCCCCCCCCCCCCCCCCCCCCCCCCCCCCCCC,645.242,1078.68,4.23,2836.67,1.594
C46H94,n-hexatetracontane,CCCCCCCCCCCCCCCCCCCCCCCCCCCCCCCCCCCCCCCCCCCCCC,647.258,1064.86,4.54,2603.68,1.597
C46H94,2-methylpenta-tetracontane,CCCCCCCCCCCCCCCCCCCCCCCCCCCCCCCCCCCCCCCCCCCC(C)C,647.258,1064.86,4.54,2603.68,1.597
C46H94S,1-hexatetracontanethiol,CCCCCCCCCCCCCCCCCCCCCCCCCCCCCCCCCCCCCCCCCCCCCCS,679.325,1045.99,3.01,3472.15,1.644
C47H88,hentetracontyl-benzene,CCCCCCCCCCCCCCCCCCCCCCCCCCCCCCCCCCCCCCCCCc1ccccc1,653.221,1153.31,4.13,3078.46,1.606
C47H94,hentetracontyl-cyclohexane,CCCCCCCCCCCCCCCCCCCCCCCCCCCCCCCCCCCCCCCCCC1CCCCC1,659.269,1116.79,4.01,3042.27,1.615
C47H94,1-heptatetracontene,C=CCCCCCCCCCCCCCCCCCCCCCCCCCCCCCCCCCCCCCCCCCCCCC,659.269,1086.79,4.09,2906.06,1.615
C47H96,n-heptatetracontane,CCCCCCCCCCCCCCCCCCCCCCCCCCCCCCCCCCCCCCCCCCCCCCC,661.285,1072.96,4.37,2675.3,1.618
C47H96,2-methylhexa-tetracontane,CCCCCCCCCCCCCCCCCCCCCCCCCCCCCCCCCCCCCCCCCCCCC(C)C,661.285,1072.96,4.37,2675.3,1.618
C47H96S,1-heptatetracontanethiol,CCCCCCCCCCCCCCCCCCCCCCCCCCCCCCCCCCCCCCCCCCCCCCCS,693.352,1052.51,2.92,3567.02,1.664
C48H90,dotetracontylbenzene,CCCCCCCCCCCCCCCCCCCCCCCCCCCCCCCCCCCCCCCCCCc1ccccc1,667.248,1161.35,3.99,3154.98,1.626
C48H96,dotetracontyl-cyclohexane,CCCCCCCCCCCCCCCCCCCCCCCCCCCCCCCCCCCCCCCCCCC1CCCCC1,673.296,1124.79,3.88,3117.19,1.635
C48H96,1-octatetracontene,C=CCCCCCCCCCCCCCCCCCCCCCCCCCCCCCCCCCCCCCCCCCCCCCC,673.296,1094.79,3.95,2977.62,1.635
C48H98,n-octatetracontane,CCCCCCCCCCCCCCCCCCCCCCCCCCCCCCCCCCCCCCCCCCCCCCCC,675.312,1080.93,4.23,2740.97,1.638
C48H98,2-methylhepta-tetracontane,CCCCCCCCCCCCCCCCCCCCCCCCCCCCCCCCCCCCCCCCCCCCCC(C)C,675.312,1080.93,4.23,2740.97,1.638
C48H98S,1-octatetracontanethiol,CCCCCCCCCCCCCCCCCCCCCCCCCCCCCCCCCCCCCCCCCCCCCCCCS,707.379,1058.95,2.85,3662.63,1.683
C48H99N,trihexadecylamine,CCCCCCCCCCCCCCCCN(CCCCCCCCCCCCCCCC)CCCCCCCCCCCCCCCC,690.327,1109.35,3.76,3067.67,1.709
C49H92,tritetracontylbenzene,CCCCCCCCCCCCCCCCCCCCCCCCCCCCCCCCCCCCCCCCCCCc1ccccc1,681.275,1169.28,3.85,3231.73,1.646
C49H98,tritetracontylcyclohexane,CCCCCCCCCCCCCCCCCCCCCCCCCCCCCCCCCCCCCCCCCCCC1CCCCC1,687.323,1132.66,3.75,3192.33,1.655
C49H98,1-nonatetracontene,C=CCCCCCCCCCCCCCCCCCCCCCCCCCCCCCCCCCCCCCCCCCCCCCCC,687.323,1102.66,3.82,3049.4,1.655
C49H100,n-nonatetracontane,CCCCCCCCCCCCCCCCCCCCCCCCCCCCCCCCCCCCCCCCCCCCCCCCC,689.339,1088.8,4.09,2806.83,1.658
C49H100,2-methylocta-tetracontane,CCCCCCCCCCCCCCCCCCCCCCCCCCCCCCCCCCCCCCCCCCCCCCC(C)C,689.339,1088.8,4.09,2806.83,1.658
C49H100S,1-nonatetracontanethiol,CCCCCCCCCCCCCCCCCCCCCCCCCCCCCCCCCCCCCCCCCCCCCCCCCS,721.406,1065.29,2.77,3758.95,1.703
C50H94,tetratetracontyl-benzene,CCCCCCCCCCCCCCCCCCCCCCCCCCCCCCCCCCCCCCCCCCCCc1ccccc1,695.302,1177.1,3.72,3308.72,1.666
C50H100,1-pentacontene,C=CCCCCCCCCCCCCCCCCCCCCCCCCCCCCCCCCCCCCCCCCCCCCCCCC,701.35,1110.43,3.69,3121.39,1.675
C50H100,tetratetracontyl-cyclohexane,CCCCCCCCCCCCCCCCCCCCCCCCCCCCCCCCCCCCCCCCCCCCC1CCCCC1,701.35,1140.43,3.62,3267.69,1.675
C50H102,n-pentacontane,CCCCCCCCCCCCCCCCCCCCCCCCCCCCCCCCCCCCCCCCCCCCCCCCCC,703.366,1096.55,3.95,2872.88,1.678
C50H102,2-methylnona-tetracontane,CCCCCCCCCCCCCCCCCCCCCCCCCCCCCCCCCCCCCCCCCCCCCCCC(C)C,703.366,1096.55,3.95,2872.88,1.678
C50H102S,1-pentacontanethiol,CCCCCCCCCCCCCCCCCCCCCCCCCCCCCCCCCCCCCCCCCCCCCCCCCCS,735.433,1071.55,2.7,3855.97,1.722
C51H96,pentatetracontylbenzene,CCCCCCCCCCCCCCCCCCCCCCCCCCCCCCCCCCCCCCCCCCCCCc1ccccc1,709.329,1184.8,3.6,3385.92,1.686
C51H102,1-henpentacontene,C=CCCCCCCCCCCCCCCCCCCCCCCCCCCCCCCCCCCCCCCCCCCCCCCCCC,715.377,1118.09,3.57,3193.59,1.695
C51H102,pentatetracontyl-cyclohexane,CCCCCCCCCCCCCCCCCCCCCCCCCCCCCCCCCCCCCCCCCCCCCC1CCCCC1,715.377,1148.09,3.5,3343.28,1.695
C51H104,n-henpentacontane,CCCCCCCCCCCCCCCCCCCCCCCCCCCCCCCCCCCCCCCCCCCCCCCCCCC,717.393,1104.19,3.82,2939.13,1.697
C51H104,2-methylpentacontane,CCCCCCCCCCCCCCCCCCCCCCCCCCCCCCCCCCCCCCCCCCCCCCCCC(C)C,717.393,1104.19,3.82,2939.13,1.697
C51H104S,1-henpentacontanethiol,CCCCCCCCCCCCCCCCCCCCCCCCCCCCCCCCCCCCCCCCCCCCCCCCCCCS,749.46,1077.73,2.63,3953.69,1.741
C51H105N,triheptadecylamine,CCCCCCCCCCCCCCCCCN(CCCCCCCCCCCCCCCCC)CCCCCCCCCCCCCCCCC,732.408,1132.26,3.4,3284.59,1.768
C52H104,1-dopentacontene,C=CCCCCCCCCCCCCCCCCCCCCCCCCCCCCCCCCCCCCCCCCCCCCCCCCCC,729.404,1125.65,3.45,3265.99,1.714
C52H104,hexatetracontyl-cyclohexane,CCCCCCCCCCCCCCCCCCCCCCCCCCCCCCCCCCCCCCCCCCCCCCC1CCCCC1,729.404,1155.65,3.39,3419.08,1.714
C52H106,n-dopentacontane,CCCCCCCCCCCCCCCCCCCCCCCCCCCCCCCCCCCCCCCCCCCCCCCCCCCC,731.42,1111.73,3.7,3005.56,1.717
C52H106,2-methylhenpentacontane,CCCCCCCCCCCCCCCCCCCCCCCCCCCCCCCCCCCCCCCCCCCCCCCCCC(C)C,731.42,1111.73,3.7,3005.56,1.717
C52H106S,1-dopentacontanethiol,CCCCCCCCCCCCCCCCCCCCCCCCCCCCCCCCCCCCCCCCCCCCCCCCCCCCS,763.487,1083.82,2.57,4052.08,1.76
C53H100,heptatetracontyl-benzene,CCCCCCCCCCCCCCCCCCCCCCCCCCCCCCCCCCCCCCCCCCCCCCCc1ccccc1,737.383,1199.9,3.36,3541,1.725
C53H106,heptatetracontyl-cyclohexane,CCCCCCCCCCCCCCCCCCCCCCCCCCCCCCCCCCCCCCCCCCCCCCCC1CCCCC1,743.431,1163.1,3.28,3495.09,1.733
C53H106,1-tripentacontene,C=CCCCCCCCCCCCCCCCCCCCCCCCCCCCCCCCCCCCCCCCCCCCCCCCCCCC,743.431,1133.1,3.34,3338.6,1.733
C53H108,n-tripentacontane,CCCCCCCCCCCCCCCCCCCCCCCCCCCCCCCCCCCCCCCCCCCCCCCCCCCCC,745.447,1119.17,3.58,3072.18,1.736
C53H108,2-methyldopentacontane,CCCCCCCCCCCCCCCCCCCCCCCCCCCCCCCCCCCCCCCCCCCCCCCCCCC(C)C,745.447,1119.17,3.58,3072.18,1.736
C53H108S,1-tripentacontanethiol,CCCCCCCCCCCCCCCCCCCCCCCCCCCCCCCCCCCCCCCCCCCCCCCCCCCCCS,777.514,1089.84,2.5,4151.14,1.778
C54H102,octatetracontyl-benzene,CCCCCCCCCCCCCCCCCCCCCCCCCCCCCCCCCCCCCCCCCCCCCCCCc1ccccc1,751.41,1207.3,3.25,3618.86,1.744
C54H108,octatetracontyl-cyclohexane,CCCCCCCCCCCCCCCCCCCCCCCCCCCCCCCCCCCCCCCCCCCCCCCCC1CCCCC1,757.458,1170.46,3.17,3571.3,1.752
C54H108,1-tetrapentacontene,C=CCCCCCCCCCCCCCCCCCCCCCCCCCCCCCCCCCCCCCCCCCCCCCCCCCCCC,757.458,1140.46,3.24,3411.4,1.752
C54H110,n-tetrapentacontane,CCCCCCCCCCCCCCCCCCCCCCCCCCCCCCCCCCCCCCCCCCCCCCCCCCCCCC,759.474,1126.51,3.46,3138.97,1.754
C54H110,2-methyltripentacontane,CCCCCCCCCCCCCCCCCCCCCCCCCCCCCCCCCCCCCCCCCCCCCCCCCCCC(C)C,759.474,1126.51,3.46,3138.97,1.754
C54H110S,1-tetrapenta-contanethiol,CCCCCCCCCCCCCCCCCCCCCCCCCCCCCCCCCCCCCCCCCCCCCCCCCCCCCCS,791.541,1095.78,2.44,4250.85,1.796
C54H111N,trioctadecylamine,CCCCCCCCCCCCCCCCCCN(CCCCCCCCCCCCCCCCCC)CCCCCCCCCCCCCCCCCC,774.489,1154.27,3.09,3503.32,1.824
C55H104,nonatetracontyl-benzene,CCCCCCCCCCCCCCCCCCCCCCCCCCCCCCCCCCCCCCCCCCCCCCCCCc1ccccc1,765.437,1214.6,3.15,3696.92,1.762
C55H110,nonatetracontyl-cyclohexane,CCCCCCCCCCCCCCCCCCCCCCCCCCCCCCCCCCCCCCCCCCCCCCCCCC1CCCCC1,771.485,1177.72,3.07,3647.72,1.77
C55H110,1-pentapentacontene,C=CCCCCCCCCCCCCCCCCCCCCCCCCCCCCCCCCCCCCCCCCCCCCCCCCCCCCC,771.485,1147.72,3.13,3484.39,1.77
C55H112,n-pentapentacontane,CCCCCCCCCCCCCCCCCCCCCCCCCCCCCCCCCCCCCCCCCCCCCCCCCCCCCCC,773.501,1133.76,3.35,3205.95,1.773
C55H112,2-methyltetra-pentacontane,CCCCCCCCCCCCCCCCCCCCCCCCCCCCCCCCCCCCCCCCCCCCCCCCCCCCC(C)C,773.501,1133.76,3.35,3205.95,1.773
C55H112S,1-pentapenta-contanethiol,CCCCCCCCCCCCCCCCCCCCCCCCCCCCCCCCCCCCCCCCCCCCCCCCCCCCCCCS,805.568,1101.65,2.38,4351.21,1.814
C56H106,pentacontylbenzene,CCCCCCCCCCCCCCCCCCCCCCCCCCCCCCCCCCCCCCCCCCCCCCCCCCc1ccccc1,779.464,1221.81,3.05,3775.2,1.781
C56H112,pentacontylcyclo-hexane,CCCCCCCCCCCCCCCCCCCCCCCCCCCCCCCCCCCCCCCCCCCCCCCCCCC1CCCCC1,785.512,1184.89,2.97,3724.34,1.789
C56H112,1-hexapentacontene,C=CCCCCCCCCCCCCCCCCCCCCCCCCCCCCCCCCCCCCCCCCCCCCCCCCCCCCCC,785.512,1154.89,3.03,3557.58,1.789
C56H114,n-hexapentacontane,CCCCCCCCCCCCCCCCCCCCCCCCCCCCCCCCCCCCCCCCCCCCCCCCCCCCCCCC,787.528,1140.92,3.25,3273.09,1.791
C56H114,2-methylpenta-pentacontane,CCCCCCCCCCCCCCCCCCCCCCCCCCCCCCCCCCCCCCCCCCCCCCCCCCCCCC(C)C,787.528,1140.92,3.25,3273.09,1.791
C56H114S,1-hexapenta-contanethiol,CCCCCCCCCCCCCCCCCCCCCCCCCCCCCCCCCCCCCCCCCCCCCCCCCCCCCCCCS,819.595,1107.45,2.33,4452.2,1.832
C57H104O6,glycerol trioleate,CCCCCCCC/C=C\CCCCCCCC(=O)OCC(COC(=O)CCCCCCC/C=C\CCCCCCCC)OC(=O)CCCCCCC/C=C\CCCCCCCC,885.453,1640,4.23,3090,2.223
C57H108,henpentacontyl-benzene,CCCCCCCCCCCCCCCCCCCCCCCCCCCCCCCCCCCCCCCCCCCCCCCCCCCc1ccccc1,793.491,1228.92,2.95,3853.67,1.799
C57H114,henpentacontyl-cyclohexane,CCCCCCCCCCCCCCCCCCCCCCCCCCCCCCCCCCCCCCCCCCCCCCCCCCCC1CCCCC1,799.539,1191.97,2.88,3801.15,1.807
C57H114,1-heptapentacontene,C=CCCCCCCCCCCCCCCCCCCCCCCCCCCCCCCCCCCCCCCCCCCCCCCCCCCCCCCC,799.539,1161.97,2.94,3630.95,1.807
C57H116,n-heptapentacontane,CCCCCCCCCCCCCCCCCCCCCCCCCCCCCCCCCCCCCCCCCCCCCCCCCCCCCCCCC,801.555,1147.99,3.15,3340.41,1.809
C57H116,2-methylhexa-pentacontane,CCCCCCCCCCCCCCCCCCCCCCCCCCCCCCCCCCCCCCCCCCCCCCCCCCCCCCC(C)C,801.555,1147.99,3.15,3340.41,1.809
C57H116S,1-heptapenta-contanethiol,CCCCCCCCCCCCCCCCCCCCCCCCCCCCCCCCCCCCCCCCCCCCCCCCCCCCCCCCCS,833.622,1113.18,2.27,4553.81,1.85
C57H117N,trinonadecylamine,CCCCCCCCCCCCCCCCCCCN(CCCCCCCCCCCCCCCCCCC)CCCCCCCCCCCCCCCCCCC,816.57,1175.46,2.81,3723.75,1.878
C58H110,dopentacontylbenzene,CCCCCCCCCCCCCCCCCCCCCCCCCCCCCCCCCCCCCCCCCCCCCCCCCCCCc1ccccc1,807.518,1235.96,2.86,3932.34,1.817
C58H116,dopentacontyl-cyclohexane,CCCCCCCCCCCCCCCCCCCCCCCCCCCCCCCCCCCCCCCCCCCCCCCCCCCCC1CCCCC1,813.566,1198.96,2.79,3878.15,1.825
C58H116,1-octapentacontene,C=CCCCCCCCCCCCCCCCCCCCCCCCCCCCCCCCCCCCCCCCCCCCCCCCCCCCCCCCC,813.566,1168.96,2.85,3704.51,1.825
C58H118,n-octapentacontane,CCCCCCCCCCCCCCCCCCCCCCCCCCCCCCCCCCCCCCCCCCCCCCCCCCCCCCCCCC,815.582,1154.97,3.05,3407.9,1.827
C58H118,2-methylhepta-pentacontane,CCCCCCCCCCCCCCCCCCCCCCCCCCCCCCCCCCCCCCCCCCCCCCCCCCCCCCCC(C)C,815.582,1154.97,3.05,3407.9,1.827
C58H118S,1-octapentacontanethiol,CCCCCCCCCCCCCCCCCCCCCCCCCCCCCCCCCCCCCCCCCCCCCCCCCCCCCCCCCCS,847.649,1118.84,2.22,4656.04,1.867
C59H112,tripentacontylbenzene,CCCCCCCCCCCCCCCCCCCCCCCCCCCCCCCCCCCCCCCCCCCCCCCCCCCCCc1ccccc1,821.545,1242.9,2.77,4011.21,1.835
C59H118,tripentacontyl-cyclohexane,CCCCCCCCCCCCCCCCCCCCCCCCCCCCCCCCCCCCCCCCCCCCCCCCCCCCCC1CCCCC1,827.593,1205.87,2.7,3955.35,1.842
C59H118,1-nonapentacontene,C=CCCCCCCCCCCCCCCCCCCCCCCCCCCCCCCCCCCCCCCCCCCCCCCCCCCCCCCCCC,827.593,1175.87,2.76,3778.25,1.842
C59H120,n-nonapentacontane,CCCCCCCCCCCCCCCCCCCCCCCCCCCCCCCCCCCCCCCCCCCCCCCCCCCCCCCCCCC,829.609,1161.87,2.96,3475.55,1.845
C59H120,2-methylocta-pentacontane,CCCCCCCCCCCCCCCCCCCCCCCCCCCCCCCCCCCCCCCCCCCCCCCCCCCCCCCCC(C)C,829.609,1161.87,2.96,3475.55,1.845
C59H120S,1-nonapenta-contanethiol,CCCCCCCCCCCCCCCCCCCCCCCCCCCCCCCCCCCCCCCCCCCCCCCCCCCCCCCCCCCS,861.676,1124.44,2.17,4758.86,1.884
C60H114,tetrapentacontyl-benzene,CCCCCCCCCCCCCCCCCCCCCCCCCCCCCCCCCCCCCCCCCCCCCCCCCCCCCCc1ccccc1,835.572,1249.76,2.84,4090.27,1.852
C60H120,tetrapentacontyl-cyclohexane,CCCCCCCCCCCCCCCCCCCCCCCCCCCCCCCCCCCCCCCCCCCCCCCCCCCCCCC1CCCCC1,841.62,1212.7,2.78,4032.73,1.86
C60H120,1-hexacontene,C=CCCCCCCCCCCCCCCCCCCCCCCCCCCCCCCCCCCCCCCCCCCCCCCCCCCCCCCCCCC,841.62,1182.7,2.84,3852.16,1.86
C60H122,n-hexacontane,CCCCCCCCCCCCCCCCCCCCCCCCCCCCCCCCCCCCCCCCCCCCCCCCCCCCCCCCCCCC,843.636,1168.68,3.05,3543.36,1.862
C60H122,2-methylnona-pentacontane,CCCCCCCCCCCCCCCCCCCCCCCCCCCCCCCCCCCCCCCCCCCCCCCCCCCCCCCCCC(C)C,843.636,1168.68,3.05,3543.36,1.862
C60H122S,1-hexacontanethiol,CCCCCCCCCCCCCCCCCCCCCCCCCCCCCCCCCCCCCCCCCCCCCCCCCCCCCCCCCCCCS,875.703,1129.97,2.12,4862.29,1.901
C60H123N,trieicosylamine,CCCCCCCCCCCCCCCCCCCCN(CCCCCCCCCCCCCCCCCCCC)CCCCCCCCCCCCCCCCCCCC,858.651,1195.89,2.56,3945.81,1.931
C61H116,pentapentacontyl-benzene,CCCCCCCCCCCCCCCCCCCCCCCCCCCCCCCCCCCCCCCCCCCCCCCCCCCCCCCc1ccccc1,849.599,1256.55,2.78,4169.52,1.87
C61H122,pentapentacontyl-cyclohexane,CCCCCCCCCCCCCCCCCCCCCCCCCCCCCCCCCCCCCCCCCCCCCCCCCCCCCCCC1CCCCC1,855.647,1219.45,2.73,4110.3,1.877
C61H122,1-henhexacontene,C=CCCCCCCCCCCCCCCCCCCCCCCCCCCCCCCCCCCCCCCCCCCCCCCCCCCCCCCCCCCC,855.647,1189.45,2.79,3926.26,1.877
C61H124,n-henhexacontane,CCCCCCCCCCCCCCCCCCCCCCCCCCCCCCCCCCCCCCCCCCCCCCCCCCCCCCCCCCCCC,857.663,1175.42,2.99,3611.33,1.879
C61H124,2-methylhexacontane,CCCCCCCCCCCCCCCCCCCCCCCCCCCCCCCCCCCCCCCCCCCCCCCCCCCCCCCCCCC(C)C,857.663,1175.42,2.99,3611.33,1.879
C61H124S,1-henhexacontanethiol,CCCCCCCCCCCCCCCCCCCCCCCCCCCCCCCCCCCCCCCCCCCCCCCCCCCCCCCCCCCCCS,889.73,1135.44,2.07,4966.3,1.918
C62H118,hexapentacontyl-benzene,CCCCCCCCCCCCCCCCCCCCCCCCCCCCCCCCCCCCCCCCCCCCCCCCCCCCCCCCc1ccccc1,863.626,1263.25,2.72,4248.96,1.887
C62H124,hexapentacontyl-cyclohexane,CCCCCCCCCCCCCCCCCCCCCCCCCCCCCCCCCCCCCCCCCCCCCCCCCCCCCCCCC1CCCCC1,869.674,1226.12,2.68,4188.04,1.894
C62H124,1-dohexacontene,C=CCCCCCCCCCCCCCCCCCCCCCCCCCCCCCCCCCCCCCCCCCCCCCCCCCCCCCCCCCCCC,869.674,1196.12,2.73,4000.52,1.894
C62H126,n-dohexacontane,CCCCCCCCCCCCCCCCCCCCCCCCCCCCCCCCCCCCCCCCCCCCCCCCCCCCCCCCCCCCCC,871.69,1182.08,2.93,3679.46,1.896
C62H126,2-methylhen-hexacontane,CCCCCCCCCCCCCCCCCCCCCCCCCCCCCCCCCCCCCCCCCCCCCCCCCCCCCCCCCCCC(C)C,871.69,1182.08,2.93,3679.46,1.896
C62H126S,1-dohexacontanethiol,CCCCCCCCCCCCCCCCCCCCCCCCCCCCCCCCCCCCCCCCCCCCCCCCCCCCCCCCCCCCCCS,903.757,1140.85,2.02,5070.88,1.935
C63H120,heptapentacontyl-benzene,CCCCCCCCCCCCCCCCCCCCCCCCCCCCCCCCCCCCCCCCCCCCCCCCCCCCCCCCCc1ccccc1,877.653,1269.88,2.67,4328.58,1.904
C63H126,heptapentacontyl-cyclohexane,CCCCCCCCCCCCCCCCCCCCCCCCCCCCCCCCCCCCCCCCCCCCCCCCCCCCCCCCCC1CCCCC1,883.701,1232.72,2.62,4265.96,1.911
C63H126,1-trihexacontene,C=CCCCCCCCCCCCCCCCCCCCCCCCCCCCCCCCCCCCCCCCCCCCCCCCCCCCCCCCCCCCCC,883.701,1202.72,2.68,4074.95,1.911
C63H128,n-trihexacontane,CCCCCCCCCCCCCCCCCCCCCCCCCCCCCCCCCCCCCCCCCCCCCCCCCCCCCCCCCCCCCCC,885.717,1188.67,2.88,3747.75,1.913
C63H128,2-methyldohexacontane,CCCCCCCCCCCCCCCCCCCCCCCCCCCCCCCCCCCCCCCCCCCCCCCCCCCCCCCCCCCCC(C)C,885.717,1188.67,2.88,3747.75,1.913
C63H128S,1-trihexacontanethiol,CCCCCCCCCCCCCCCCCCCCCCCCCCCCCCCCCCCCCCCCCCCCCCCCCCCCCCCCCCCCCCCS,917.784,1146.21,1.98,5176.04,1.951
C64H122,octapentacontyl-benzene,CCCCCCCCCCCCCCCCCCCCCCCCCCCCCCCCCCCCCCCCCCCCCCCCCCCCCCCCCCc1ccccc1,891.68,1276.44,2.62,4408.37,1.92
C64H128,octapentacontyl-cyclohexane,CCCCCCCCCCCCCCCCCCCCCCCCCCCCCCCCCCCCCCCCCCCCCCCCCCCCCCCCCCC1CCCCC1,897.728,1239.24,2.57,4344.06,1.928
C64H128,1-tetrahexacontene,C=CCCCCCCCCCCCCCCCCCCCCCCCCCCCCCCCCCCCCCCCCCCCCCCCCCCCCCCCCCCCCCC,897.728,1209.24,2.63,4149.55,1.928
C64H130,n-tetrahexacontane,CCCCCCCCCCCCCCCCCCCCCCCCCCCCCCCCCCCCCCCCCCCCCCCCCCCCCCCCCCCCCCCC,899.744,1195.18,2.82,3816.19,1.93
C64H130,2-methyltrihexacontane,CCCCCCCCCCCCCCCCCCCCCCCCCCCCCCCCCCCCCCCCCCCCCCCCCCCCCCCCCCCCCC(C)C,899.744,1195.18,2.82,3816.19,1.93
C64H130S,1-tetrahexacontanethiol,CCCCCCCCCCCCCCCCCCCCCCCCCCCCCCCCCCCCCCCCCCCCCCCCCCCCCCCCCCCCCCCCS,931.811,1151.5,1.94,5281.75,1.967
C65H124,nonapentacontyl-benzene,CCCCCCCCCCCCCCCCCCCCCCCCCCCCCCCCCCCCCCCCCCCCCCCCCCCCCCCCCCCc1ccccc1,905.707,1282.92,2.57,4488.35,1.937
C65H130,nonapentacontyl-cyclohexane,CCCCCCCCCCCCCCCCCCCCCCCCCCCCCCCCCCCCCCCCCCCCCCCCCCCCCCCCCCCC1CCCCC1,911.755,1245.7,2.52,4422.33,1.944
C65H130,1-pentahexacontene,C=CCCCCCCCCCCCCCCCCCCCCCCCCCCCCCCCCCCCCCCCCCCCCCCCCCCCCCCCCCCCCCCC,911.755,1215.7,2.58,4224.32,1.944
C65H132,n-pentahexacontane,CCCCCCCCCCCCCCCCCCCCCCCCCCCCCCCCCCCCCCCCCCCCCCCCCCCCCCCCCCCCCCCCC,913.771,1201.63,2.77,3884.78,1.946
C65H132,2-methyltetra-hexacontane,CCCCCCCCCCCCCCCCCCCCCCCCCCCCCCCCCCCCCCCCCCCCCCCCCCCCCCCCCCCCCCC(C)C,913.771,1201.63,2.77,3884.78,1.946
C65H132S,1-pentahexacontanethiol,CCCCCCCCCCCCCCCCCCCCCCCCCCCCCCCCCCCCCCCCCCCCCCCCCCCCCCCCCCCCCCCCCS,945.838,1156.74,1.89,5388.02,1.983
C66H126,hexacontylbenzene,CCCCCCCCCCCCCCCCCCCCCCCCCCCCCCCCCCCCCCCCCCCCCCCCCCCCCCCCCCCCc1ccccc1,919.734,1289.34,2.52,4568.5,1.953
C66H132,hexacontylcyclo-hexane,CCCCCCCCCCCCCCCCCCCCCCCCCCCCCCCCCCCCCCCCCCCCCCCCCCCCCCCCCCCCC1CCCCC1,925.782,1252.08,2.48,4500.77,1.96
C66H132,1-hexahexacontene,C=CCCCCCCCCCCCCCCCCCCCCCCCCCCCCCCCCCCCCCCCCCCCCCCCCCCCCCCCCCCCCCCCC,925.782,1222.08,2.53,4299.24,1.96
C66H134,n-hexahexacontane,CCCCCCCCCCCCCCCCCCCCCCCCCCCCCCCCCCCCCCCCCCCCCCCCCCCCCCCCCCCCCCCCCC,927.798,1208,2.72,3953.51,1.963
C66H134,2-methylpenta-hexacontane,CCCCCCCCCCCCCCCCCCCCCCCCCCCCCCCCCCCCCCCCCCCCCCCCCCCCCCCCCCCCCCCC(C)C,927.798,1208,2.72,3953.51,1.963
C66H134S,1-hexahexacontanethiol,CCCCCCCCCCCCCCCCCCCCCCCCCCCCCCCCCCCCCCCCCCCCCCCCCCCCCCCCCCCCCCCCCCS,959.865,1161.93,1.85,5494.83,1.999
C67H128,henhexacontyl-benzene,CCCCCCCCCCCCCCCCCCCCCCCCCCCCCCCCCCCCCCCCCCCCCCCCCCCCCCCCCCCCCc1ccccc1,933.761,1295.68,2.47,4648.82,1.97
C67H134,henhexacontyl-cyclohexane,CCCCCCCCCCCCCCCCCCCCCCCCCCCCCCCCCCCCCCCCCCCCCCCCCCCCCCCCCCCCCC1CCCCC1,939.809,1258.4,2.43,4579.38,1.976
C67H134,1-heptahexacontene,C=CCCCCCCCCCCCCCCCCCCCCCCCCCCCCCCCCCCCCCCCCCCCCCCCCCCCCCCCCCCCCCCCCC,939.809,1228.4,2.48,4374.33,1.976
C67H136,n-heptahexacontane,CCCCCCCCCCCCCCCCCCCCCCCCCCCCCCCCCCCCCCCCCCCCCCCCCCCCCCCCCCCCCCCCCCC,941.825,1214.31,2.67,4022.39,1.979
C67H136,2-methylhexa-hexacontane,CCCCCCCCCCCCCCCCCCCCCCCCCCCCCCCCCCCCCCCCCCCCCCCCCCCCCCCCCCCCCCCCC(C)C,941.825,1214.31,2.67,4022.39,1.979
C67H136S,1-heptahexa-contanethiol,CCCCCCCCCCCCCCCCCCCCCCCCCCCCCCCCCCCCCCCCCCCCCCCCCCCCCCCCCCCCCCCCCCCS,973.892,1167.06,1.81,5602.17,2.015
C68H130,dohexacontylbenzene,CCCCCCCCCCCCCCCCCCCCCCCCCCCCCCCCCCCCCCCCCCCCCCCCCCCCCCCCCCCCCCc1ccccc1,947.788,1301.96,2.43,4729.31,1.986
C68H136,dohexacontyl-cyclohexane,CCCCCCCCCCCCCCCCCCCCCCCCCCCCCCCCCCCCCCCCCCCCCCCCCCCCCCCCCCCCCCC1CCCCC1,953.836,1264.65,2.39,4658.15,1.992
C68H136,1-octahexacontene,C=CCCCCCCCCCCCCCCCCCCCCCCCCCCCCCCCCCCCCCCCCCCCCCCCCCCCCCCCCCCCCCCCCCC,953.836,1234.65,2.44,4449.57,1.992
C68H138,n-octahexacontane,CCCCCCCCCCCCCCCCCCCCCCCCCCCCCCCCCCCCCCCCCCCCCCCCCCCCCCCCCCCCCCCCCCCC,955.852,1220.55,2.62,4091.42,1.995
C68H138,2-methylhepta-hexacontane,CCCCCCCCCCCCCCCCCCCCCCCCCCCCCCCCCCCCCCCCCCCCCCCCCCCCCCCCCCCCCCCCCC(C)C,955.852,1220.55,2.62,4091.42,1.995
C68H138S,1-octahexacontanethiol,CCCCCCCCCCCCCCCCCCCCCCCCCCCCCCCCCCCCCCCCCCCCCCCCCCCCCCCCCCCCCCCCCCCCS,987.919,1172.14,1.78,5710.05,2.031
C69H132,trihexacontylbenzene,CCCCCCCCCCCCCCCCCCCCCCCCCCCCCCCCCCCCCCCCCCCCCCCCCCCCCCCCCCCCCCCc1ccccc1,961.815,1308.18,2.38,4809.97,2.001
C69H138,trihexacontyl-cyclohexane,CCCCCCCCCCCCCCCCCCCCCCCCCCCCCCCCCCCCCCCCCCCCCCCCCCCCCCCCCCCCCCCC1CCCCC1,967.863,1270.84,2.34,4737.08,2.008
C69H138,1-nonahexacontene,C=CCCCCCCCCCCCCCCCCCCCCCCCCCCCCCCCCCCCCCCCCCCCCCCCCCCCCCCCCCCCCCCCCCCC,967.863,1240.84,2.4,4524.97,2.008
C69H140,n-nonahexacontane,CCCCCCCCCCCCCCCCCCCCCCCCCCCCCCCCCCCCCCCCCCCCCCCCCCCCCCCCCCCCCCCCCCCCC,969.879,1226.73,2.57,4160.59,2.011
C69H140,2-methylocta-hexacontane,CCCCCCCCCCCCCCCCCCCCCCCCCCCCCCCCCCCCCCCCCCCCCCCCCCCCCCCCCCCCCCCCCCC(C)C,969.879,1226.73,2.57,4160.59,2.011
C69H140S,1-nonahexacontanethiol,CCCCCCCCCCCCCCCCCCCCCCCCCCCCCCCCCCCCCCCCCCCCCCCCCCCCCCCCCCCCCCCCCCCCCS,1001.946,1177.18,1.74,5818.45,2.046
C70H134,tetrahexacontyl-benzene,CCCCCCCCCCCCCCCCCCCCCCCCCCCCCCCCCCCCCCCCCCCCCCCCCCCCCCCCCCCCCCCCc1ccccc1,975.842,1314.33,2.34,4890.8,2.017
C70H140,tetrahexacontyl-cyclohexane,CCCCCCCCCCCCCCCCCCCCCCCCCCCCCCCCCCCCCCCCCCCCCCCCCCCCCCCCCCCCCCCCC1CCCCC1,981.89,1276.96,2.3,4816.18,2.024
C70H140,1-heptacontene,C=CCCCCCCCCCCCCCCCCCCCCCCCCCCCCCCCCCCCCCCCCCCCCCCCCCCCCCCCCCCCCCCCCCCCC,981.89,1246.96,2.35,4600.53,2.024
C70H142,n-heptacontane,CCCCCCCCCCCCCCCCCCCCCCCCCCCCCCCCCCCCCCCCCCCCCCCCCCCCCCCCCCCCCCCCCCCCCC,983.906,1232.84,2.53,4229.9,2.026
C70H142,2-methylnona-hexacontane,CCCCCCCCCCCCCCCCCCCCCCCCCCCCCCCCCCCCCCCCCCCCCCCCCCCCCCCCCCCCCCCCCCCC(C)C,983.906,1232.84,2.53,4229.9,2.026
C70H142S,1-heptacontanethiol,CCCCCCCCCCCCCCCCCCCCCCCCCCCCCCCCCCCCCCCCCCCCCCCCCCCCCCCCCCCCCCCCCCCCCCS,1015.973,1182.16,1.7,5927.36,2.061
C71H136,pentahexacontyl-benzene,CCCCCCCCCCCCCCCCCCCCCCCCCCCCCCCCCCCCCCCCCCCCCCCCCCCCCCCCCCCCCCCCCc1ccccc1,989.869,1320.42,2.3,4971.78,2.033
C71H142,pentahexacontyl-cyclohexane,CCCCCCCCCCCCCCCCCCCCCCCCCCCCCCCCCCCCCCCCCCCCCCCCCCCCCCCCCCCCCCCCCC1CCCCC1,995.917,1283.02,2.26,4895.43,2.039
C71H142,1-henheptacontene,C=CCCCCCCCCCCCCCCCCCCCCCCCCCCCCCCCCCCCCCCCCCCCCCCCCCCCCCCCCCCCCCCCCCCCCC,995.917,1253.02,2.31,4676.23,2.039
C71H144,n-henheptacontane,CCCCCCCCCCCCCCCCCCCCCCCCCCCCCCCCCCCCCCCCCCCCCCCCCCCCCCCCCCCCCCCCCCCCCCC,997.933,1238.9,2.48,4299.34,2.042
C71H144,2-methylheptacontane,CCCCCCCCCCCCCCCCCCCCCCCCCCCCCCCCCCCCCCCCCCCCCCCCCCCCCCCCCCCCCCCCCCCCC(C)C,997.933,1238.9,2.48,4299.34,2.042
C71H144S,1-henheptacontanethiol,CCCCCCCCCCCCCCCCCCCCCCCCCCCCCCCCCCCCCCCCCCCCCCCCCCCCCCCCCCCCCCCCCCCCCCCS,1030,1187.09,1.67,6036.79,2.076
C72H138,hexahexacontyl-benzene,CCCCCCCCCCCCCCCCCCCCCCCCCCCCCCCCCCCCCCCCCCCCCCCCCCCCCCCCCCCCCCCCCCc1ccccc1,1003.896,1326.45,2.26,5052.93,2.048
C72H144,hexahexacontyl-cyclohexane,CCCCCCCCCCCCCCCCCCCCCCCCCCCCCCCCCCCCCCCCCCCCCCCCCCCCCCCCCCCCCCCCCCC1CCCCC1,1009.944,1289.03,2.22,4974.84,2.055
C72H144,1-doheptacontene,C=CCCCCCCCCCCCCCCCCCCCCCCCCCCCCCCCCCCCCCCCCCCCCCCCCCCCCCCCCCCCCCCCCCCCCCC,1009.944,1259.03,2.27,4752.08,2.055
C72H146,n-doheptacontane,CCCCCCCCCCCCCCCCCCCCCCCCCCCCCCCCCCCCCCCCCCCCCCCCCCCCCCCCCCCCCCCCCCCCCCCC,1011.96,1244.9,2.44,4368.92,2.057
C72H146,2-methylhen-heptacontane,CCCCCCCCCCCCCCCCCCCCCCCCCCCCCCCCCCCCCCCCCCCCCCCCCCCCCCCCCCCCCCCCCCCCCC(C)C,1011.96,1244.9,2.44,4368.92,2.057
C72H146S,1-doheptacontanethiol,CCCCCCCCCCCCCCCCCCCCCCCCCCCCCCCCCCCCCCCCCCCCCCCCCCCCCCCCCCCCCCCCCCCCCCCCS,1044.027,1191.98,1.64,6146.71,2.091
C73H140,heptahexacontyl-benzene,CCCCCCCCCCCCCCCCCCCCCCCCCCCCCCCCCCCCCCCCCCCCCCCCCCCCCCCCCCCCCCCCCCCc1ccccc1,1017.923,1332.42,2.22,5134.24,2.063
C73H146,heptahexacontyl-cyclohexane,CCCCCCCCCCCCCCCCCCCCCCCCCCCCCCCCCCCCCCCCCCCCCCCCCCCCCCCCCCCCCCCCCCCC1CCCCC1,1023.971,1294.97,2.18,5054.4,2.07
C73H146,1-triheptacontene,C=CCCCCCCCCCCCCCCCCCCCCCCCCCCCCCCCCCCCCCCCCCCCCCCCCCCCCCCCCCCCCCCCCCCCCCCC,1023.971,1264.97,2.23,4828.08,2.07
C73H148,n-triheptacontane,CCCCCCCCCCCCCCCCCCCCCCCCCCCCCCCCCCCCCCCCCCCCCCCCCCCCCCCCCCCCCCCCCCCCCCCCC,1025.987,1250.83,2.4,4438.64,2.072
C73H148,2-methyldoheptacontane,CCCCCCCCCCCCCCCCCCCCCCCCCCCCCCCCCCCCCCCCCCCCCCCCCCCCCCCCCCCCCCCCCCCCCCC(C)C,1025.987,1250.83,2.4,4438.64,2.072
C73H148S,1-triheptacontanethiol,CCCCCCCCCCCCCCCCCCCCCCCCCCCCCCCCCCCCCCCCCCCCCCCCCCCCCCCCCCCCCCCCCCCCCCCCCS,1058.054,1196.82,1.6,6257.14,2.106
C74H142,octahexacontyl-benzene,CCCCCCCCCCCCCCCCCCCCCCCCCCCCCCCCCCCCCCCCCCCCCCCCCCCCCCCCCCCCCCCCCCCCc1ccccc1,1031.95,1338.33,2.18,5215.7,2.079
C74H148,octahexacontyl-cyclohexane,CCCCCCCCCCCCCCCCCCCCCCCCCCCCCCCCCCCCCCCCCCCCCCCCCCCCCCCCCCCCCCCCCCCCC1CCCCC1,1037.998,1300.86,2.14,5134.11,2.085
C74H148,1-tetraheptacontene,C=CCCCCCCCCCCCCCCCCCCCCCCCCCCCCCCCCCCCCCCCCCCCCCCCCCCCCCCCCCCCCCCCCCCCCCCCC,1037.998,1270.86,2.19,4904.22,2.085
C74H150,n-tetraheptacontane,CCCCCCCCCCCCCCCCCCCCCCCCCCCCCCCCCCCCCCCCCCCCCCCCCCCCCCCCCCCCCCCCCCCCCCCCCC,1040.014,1256.72,2.36,4508.49,2.087
C74H150,2-methyltriheptacontane,CCCCCCCCCCCCCCCCCCCCCCCCCCCCCCCCCCCCCCCCCCCCCCCCCCCCCCCCCCCCCCCCCCCCCCCC(C)C,1040.014,1256.72,2.36,4508.49,2.087
C74H150S,1-tetrahepta-contanethiol,CCCCCCCCCCCCCCCCCCCCCCCCCCCCCCCCCCCCCCCCCCCCCCCCCCCCCCCCCCCCCCCCCCCCCCCCCCS,1072.081,1201.62,1.57,6368.05,2.121
C75H144,nonahexacontyl-benzene,CCCCCCCCCCCCCCCCCCCCCCCCCCCCCCCCCCCCCCCCCCCCCCCCCCCCCCCCCCCCCCCCCCCCCc1ccccc1,1045.977,1344.19,2.14,5297.31,2.093
C75H150,nonahexacontyl-cyclohexane,CCCCCCCCCCCCCCCCCCCCCCCCCCCCCCCCCCCCCCCCCCCCCCCCCCCCCCCCCCCCCCCCCCCCCC1CCCCC1,1052.025,1306.7,2.11,5213.98,2.1
C75H150,1-pentaheptacontene,C=CCCCCCCCCCCCCCCCCCCCCCCCCCCCCCCCCCCCCCCCCCCCCCCCCCCCCCCCCCCCCCCCCCCCCCCCCC,1052.025,1276.7,2.15,4980.51,2.1
C75H152,n-pentaheptacontane,CCCCCCCCCCCCCCCCCCCCCCCCCCCCCCCCCCCCCCCCCCCCCCCCCCCCCCCCCCCCCCCCCCCCCCCCCCC,1054.041,1262.54,2.31,4578.46,2.102
C75H152,2-methyltetra-heptacontane,CCCCCCCCCCCCCCCCCCCCCCCCCCCCCCCCCCCCCCCCCCCCCCCCCCCCCCCCCCCCCCCCCCCCCCCCC(C)C,1054.041,1262.54,2.31,4578.46,2.102
C75H152S,1-pentahepta-contanethiol,CCCCCCCCCCCCCCCCCCCCCCCCCCCCCCCCCCCCCCCCCCCCCCCCCCCCCCCCCCCCCCCCCCCCCCCCCCCS,1086.108,1206.38,1.54,6479.44,2.136
C76H146,heptacontylbenzene,CCCCCCCCCCCCCCCCCCCCCCCCCCCCCCCCCCCCCCCCCCCCCCCCCCCCCCCCCCCCCCCCCCCCCCc1ccccc1,1060.004,1349.99,2.1,5379.08,2.108
C76H152,heptacontyl-cyclohexane,CCCCCCCCCCCCCCCCCCCCCCCCCCCCCCCCCCCCCCCCCCCCCCCCCCCCCCCCCCCCCCCCCCCCCCC1CCCCC1,1066.052,1312.48,2.07,5293.99,2.115
C76H152,1-hexaheptacontene,C=CCCCCCCCCCCCCCCCCCCCCCCCCCCCCCCCCCCCCCCCCCCCCCCCCCCCCCCCCCCCCCCCCCCCCCCCCCC,1066.052,1282.48,2.12,5056.94,2.115
C76H154,n-hexaheptacontane,CCCCCCCCCCCCCCCCCCCCCCCCCCCCCCCCCCCCCCCCCCCCCCCCCCCCCCCCCCCCCCCCCCCCCCCCCCCC,1068.068,1268.31,2.28,4648.57,2.117
C76H154,2-methylpenta-heptacontane,CCCCCCCCCCCCCCCCCCCCCCCCCCCCCCCCCCCCCCCCCCCCCCCCCCCCCCCCCCCCCCCCCCCCCCCCCC(C)C,1068.068,1268.31,2.28,4648.57,2.117
C76H154S,1-hexahepta-contanethiol,CCCCCCCCCCCCCCCCCCCCCCCCCCCCCCCCCCCCCCCCCCCCCCCCCCCCCCCCCCCCCCCCCCCCCCCCCCCCS,1100.135,1211.09,1.51,6591.32,2.15
C77H148,henheptacontyl-benzene,CCCCCCCCCCCCCCCCCCCCCCCCCCCCCCCCCCCCCCCCCCCCCCCCCCCCCCCCCCCCCCCCCCCCCCCc1ccccc1,1074.031,1355.74,2.06,5461,2.123
C77H154,henheptacontyl-cyclohexane,CCCCCCCCCCCCCCCCCCCCCCCCCCCCCCCCCCCCCCCCCCCCCCCCCCCCCCCCCCCCCCCCCCCCCCCC1CCCCC1,1080.079,1318.21,2.03,5374.14,2.129
C77H154,1-heptaheptacontene,C=CCCCCCCCCCCCCCCCCCCCCCCCCCCCCCCCCCCCCCCCCCCCCCCCCCCCCCCCCCCCCCCCCCCCCCCCCCCC,1080.079,1288.21,2.08,5133.5,2.129
C77H156,n-heptaheptacontane,CCCCCCCCCCCCCCCCCCCCCCCCCCCCCCCCCCCCCCCCCCCCCCCCCCCCCCCCCCCCCCCCCCCCCCCCCCCCC,1082.095,1274.03,2.24,4718.81,2.131
C77H156,2-methylhexa-heptacontane,CCCCCCCCCCCCCCCCCCCCCCCCCCCCCCCCCCCCCCCCCCCCCCCCCCCCCCCCCCCCCCCCCCCCCCCCCCC(C)C,1082.095,1274.03,2.24,4718.81,2.131
C77H156S,1-heptahepta-contanethiol,CCCCCCCCCCCCCCCCCCCCCCCCCCCCCCCCCCCCCCCCCCCCCCCCCCCCCCCCCCCCCCCCCCCCCCCCCCCCCS,1114.162,1215.76,1.48,6703.67,2.164
C78H150,doheptacontylbenzene,CCCCCCCCCCCCCCCCCCCCCCCCCCCCCCCCCCCCCCCCCCCCCCCCCCCCCCCCCCCCCCCCCCCCCCCCc1ccccc1,1088.058,1361.44,2.03,5543.06,2.138
C78H156,doheptacontyl-cyclohexane,CCCCCCCCCCCCCCCCCCCCCCCCCCCCCCCCCCCCCCCCCCCCCCCCCCCCCCCCCCCCCCCCCCCCCCCCC1CCCCC1,1094.106,1323.88,2,5454.44,2.144
C78H156,1-octaheptacontene,C=CCCCCCCCCCCCCCCCCCCCCCCCCCCCCCCCCCCCCCCCCCCCCCCCCCCCCCCCCCCCCCCCCCCCCCCCCCCCC,1094.106,1293.88,2.05,5210.21,2.144
C78H158,n-octaheptacontane,CCCCCCCCCCCCCCCCCCCCCCCCCCCCCCCCCCCCCCCCCCCCCCCCCCCCCCCCCCCCCCCCCCCCCCCCCCCCCC,1096.122,1279.7,2.2,4789.17,2.146
C78H158,2-methylhepta-heptacontane,CCCCCCCCCCCCCCCCCCCCCCCCCCCCCCCCCCCCCCCCCCCCCCCCCCCCCCCCCCCCCCCCCCCCCCCCCCCC(C)C,1096.122,1279.7,2.2,4789.17,2.146
C78H158S,1-octaheptacontanethiol,CCCCCCCCCCCCCCCCCCCCCCCCCCCCCCCCCCCCCCCCCCCCCCCCCCCCCCCCCCCCCCCCCCCCCCCCCCCCCCS,1128.189,1220.38,1.45,6816.48,2.179
C79H152,triheptacontylbenzene,CCCCCCCCCCCCCCCCCCCCCCCCCCCCCCCCCCCCCCCCCCCCCCCCCCCCCCCCCCCCCCCCCCCCCCCCCc1ccccc1,1102.085,1367.09,2,5625.27,2.152
C79H158,triheptacontyl-cyclohexane,CCCCCCCCCCCCCCCCCCCCCCCCCCCCCCCCCCCCCCCCCCCCCCCCCCCCCCCCCCCCCCCCCCCCCCCCCC1CCCCC1,1108.133,1329.5,1.97,5534.89,2.158
C79H158,1-nonaheptacontene,C=CCCCCCCCCCCCCCCCCCCCCCCCCCCCCCCCCCCCCCCCCCCCCCCCCCCCCCCCCCCCCCCCCCCCCCCCCCCCCC,1108.133,1299.5,2.01,5287.05,2.158
C79H160,n-nonaheptacontane,CCCCCCCCCCCCCCCCCCCCCCCCCCCCCCCCCCCCCCCCCCCCCCCCCCCCCCCCCCCCCCCCCCCCCCCCCCCCCCC,1110.149,1285.32,2.16,4859.65,2.16
C79H160,2-methylocta-heptacontane,CCCCCCCCCCCCCCCCCCCCCCCCCCCCCCCCCCCCCCCCCCCCCCCCCCCCCCCCCCCCCCCCCCCCCCCCCCCCC(C)C,1110.149,1285.32,2.16,4859.65,2.16
C79H160S,1-nonahepta-contanethiol,CCCCCCCCCCCCCCCCCCCCCCCCCCCCCCCCCCCCCCCCCCCCCCCCCCCCCCCCCCCCCCCCCCCCCCCCCCCCCCCS,1142.216,1224.97,1.42,6929.75,2.193
C80H154,tetraheptacontyl-benzene,CCCCCCCCCCCCCCCCCCCCCCCCCCCCCCCCCCCCCCCCCCCCCCCCCCCCCCCCCCCCCCCCCCCCCCCCCCc1ccccc1,1116.112,1372.68,1.96,5707.63,2.166
C80H160,tetraheptacontyl-cyclohexane,CCCCCCCCCCCCCCCCCCCCCCCCCCCCCCCCCCCCCCCCCCCCCCCCCCCCCCCCCCCCCCCCCCCCCCCCCCC1CCCCC1,1122.16,1335.08,1.93,5615.47,2.172
C80H160,1-octacontene,C=CCCCCCCCCCCCCCCCCCCCCCCCCCCCCCCCCCCCCCCCCCCCCCCCCCCCCCCCCCCCCCCCCCCCCCCCCCCCCCC,1122.16,1305.08,1.98,5364.02,2.172
C80H162,n-octacontane,CCCCCCCCCCCCCCCCCCCCCCCCCCCCCCCCCCCCCCCCCCCCCCCCCCCCCCCCCCCCCCCCCCCCCCCCCCCCCCCC,1124.176,1290.89,2.13,4930.26,2.174
C80H162,2-methylnona-heptacontane,CCCCCCCCCCCCCCCCCCCCCCCCCCCCCCCCCCCCCCCCCCCCCCCCCCCCCCCCCCCCCCCCCCCCCCCCCCCCCC(C)C,1124.176,1290.89,2.13,4930.26,2.174
C80H162S,1-octacontanethiol,CCCCCCCCCCCCCCCCCCCCCCCCCCCCCCCCCCCCCCCCCCCCCCCCCCCCCCCCCCCCCCCCCCCCCCCCCCCCCCCCS,1156.243,1229.52,1.4,7043.49,2.207
C81H156,pentaheptacontyl-benzene,CCCCCCCCCCCCCCCCCCCCCCCCCCCCCCCCCCCCCCCCCCCCCCCCCCCCCCCCCCCCCCCCCCCCCCCCCCCc1ccccc1,1130.139,1378.23,1.93,5790.13,2.18
C81H162,pentaheptacontyl-cyclohexane,CCCCCCCCCCCCCCCCCCCCCCCCCCCCCCCCCCCCCCCCCCCCCCCCCCCCCCCCCCCCCCCCCCCCCCCCCCCC1CCCCC1,1136.187,1340.61,1.9,5696.19,2.187
C81H162,1-henoctacontene,C=CCCCCCCCCCCCCCCCCCCCCCCCCCCCCCCCCCCCCCCCCCCCCCCCCCCCCCCCCCCCCCCCCCCCCCCCCCCCCCCC,1136.187,1310.61,1.95,5441.13,2.187
C81H164,n-henoctacontane,CCCCCCCCCCCCCCCCCCCCCCCCCCCCCCCCCCCCCCCCCCCCCCCCCCCCCCCCCCCCCCCCCCCCCCCCCCCCCCCCC,1138.203,1296.41,2.09,5000.98,2.189
C81H164,2-methyloctacontane,CCCCCCCCCCCCCCCCCCCCCCCCCCCCCCCCCCCCCCCCCCCCCCCCCCCCCCCCCCCCCCCCCCCCCCCCCCCCCCC(C)C,1138.203,1296.41,2.09,5000.98,2.189
C81H164S,1-henoctacontanethiol,CCCCCCCCCCCCCCCCCCCCCCCCCCCCCCCCCCCCCCCCCCCCCCCCCCCCCCCCCCCCCCCCCCCCCCCCCCCCCCCCCS,1170.27,1234.03,1.37,7157.67,2.22
C82H158,hexaheptacontyl-benzene,CCCCCCCCCCCCCCCCCCCCCCCCCCCCCCCCCCCCCCCCCCCCCCCCCCCCCCCCCCCCCCCCCCCCCCCCCCCCc1ccccc1,1144.166,1383.73,1.9,5872.77,2.195
C82H164,hexaheptacontyl-cyclohexane,CCCCCCCCCCCCCCCCCCCCCCCCCCCCCCCCCCCCCCCCCCCCCCCCCCCCCCCCCCCCCCCCCCCCCCCCCCCCC1CCCCC1,1150.214,1346.08,1.87,5777.05,2.201
C82H164,1-dooctacontene,C=CCCCCCCCCCCCCCCCCCCCCCCCCCCCCCCCCCCCCCCCCCCCCCCCCCCCCCCCCCCCCCCCCCCCCCCCCCCCCCCCC,1150.214,1316.08,1.92,5518.37,2.201
C82H166,n-dooctacontane,CCCCCCCCCCCCCCCCCCCCCCCCCCCCCCCCCCCCCCCCCCCCCCCCCCCCCCCCCCCCCCCCCCCCCCCCCCCCCCCCCC,1152.23,1301.88,2.06,5071.83,2.203
C82H166,2-methylhenoctacontane,CCCCCCCCCCCCCCCCCCCCCCCCCCCCCCCCCCCCCCCCCCCCCCCCCCCCCCCCCCCCCCCCCCCCCCCCCCCCCCCC(C)C,1152.23,1301.88,2.06,5071.83,2.203
C82H166S,1-dooctacontanethiol,CCCCCCCCCCCCCCCCCCCCCCCCCCCCCCCCCCCCCCCCCCCCCCCCCCCCCCCCCCCCCCCCCCCCCCCCCCCCCCCCCCS,1184.297,1238.5,1.35,7272.3,2.234
C83H160,heptaheptacontyl-benzene,CCCCCCCCCCCCCCCCCCCCCCCCCCCCCCCCCCCCCCCCCCCCCCCCCCCCCCCCCCCCCCCCCCCCCCCCCCCCCc1ccccc1,1158.193,1389.18,1.87,5955.54,2.208
C83H166,heptaheptacontyl-cyclohexane,CCCCCCCCCCCCCCCCCCCCCCCCCCCCCCCCCCCCCCCCCCCCCCCCCCCCCCCCCCCCCCCCCCCCCCCCCCCCCC1CCCCC1,1164.241,1351.52,1.84,5858.04,2.214
C83H166,1-trioctacontene,C=CCCCCCCCCCCCCCCCCCCCCCCCCCCCCCCCCCCCCCCCCCCCCCCCCCCCCCCCCCCCCCCCCCCCCCCCCCCCCCCCCC,1164.241,1321.52,1.88,5595.73,2.214
C83H168,n-trioctacontane,CCCCCCCCCCCCCCCCCCCCCCCCCCCCCCCCCCCCCCCCCCCCCCCCCCCCCCCCCCCCCCCCCCCCCCCCCCCCCCCCCCC,1166.257,1307.3,2.03,5142.8,2.216
C83H168,2-methyldooctacontane,CCCCCCCCCCCCCCCCCCCCCCCCCCCCCCCCCCCCCCCCCCCCCCCCCCCCCCCCCCCCCCCCCCCCCCCCCCCCCCCCC(C)C,1166.257,1307.3,2.03,5142.8,2.216
C83H168S,1-trioctacontanethiol,CCCCCCCCCCCCCCCCCCCCCCCCCCCCCCCCCCCCCCCCCCCCCCCCCCCCCCCCCCCCCCCCCCCCCCCCCCCCCCCCCCCS,1198.324,1242.94,1.32,7387.36,2.248
C84H162,octaheptacontyl-benzene,CCCCCCCCCCCCCCCCCCCCCCCCCCCCCCCCCCCCCCCCCCCCCCCCCCCCCCCCCCCCCCCCCCCCCCCCCCCCCCc1ccccc1,1172.22,1394.59,1.84,6038.46,2.222
C84H168,octaheptacontyl-cyclohexane,CCCCCCCCCCCCCCCCCCCCCCCCCCCCCCCCCCCCCCCCCCCCCCCCCCCCCCCCCCCCCCCCCCCCCCCCCCCCCCC1CCCCC1,1178.268,1356.9,1.81,5939.17,2.228
C84H168,1-tetraoctacontene,C=CCCCCCCCCCCCCCCCCCCCCCCCCCCCCCCCCCCCCCCCCCCCCCCCCCCCCCCCCCCCCCCCCCCCCCCCCCCCCCCCCCC,1178.268,1326.9,1.85,5673.23,2.228
C84H170,n-tetraoctacontane,CCCCCCCCCCCCCCCCCCCCCCCCCCCCCCCCCCCCCCCCCCCCCCCCCCCCCCCCCCCCCCCCCCCCCCCCCCCCCCCCCCCC,1180.284,1312.68,1.99,5213.88,2.23
C84H170,2-methyltrioctacontane,CCCCCCCCCCCCCCCCCCCCCCCCCCCCCCCCCCCCCCCCCCCCCCCCCCCCCCCCCCCCCCCCCCCCCCCCCCCCCCCCCC(C)C,1180.284,1312.68,1.99,5213.88,2.23
C84H170S,1-tetraoctacontanethiol,CCCCCCCCCCCCCCCCCCCCCCCCCCCCCCCCCCCCCCCCCCCCCCCCCCCCCCCCCCCCCCCCCCCCCCCCCCCCCCCCCCCCS,1212.351,1247.34,1.3,7502.87,2.261
C85H164,nonaheptacontyl-benzene,CCCCCCCCCCCCCCCCCCCCCCCCCCCCCCCCCCCCCCCCCCCCCCCCCCCCCCCCCCCCCCCCCCCCCCCCCCCCCCCc1ccccc1,1186.247,1399.95,1.81,6121.51,2.236
C85H170,nonaheptacontyl-cyclohexane,CCCCCCCCCCCCCCCCCCCCCCCCCCCCCCCCCCCCCCCCCCCCCCCCCCCCCCCCCCCCCCCCCCCCCCCCCCCCCCCC1CCCCC1,1192.295,1362.24,1.78,6020.43,2.242
C85H170,1-pentaoctacontene,C=CCCCCCCCCCCCCCCCCCCCCCCCCCCCCCCCCCCCCCCCCCCCCCCCCCCCCCCCCCCCCCCCCCCCCCCCCCCCCCCCCCCC,1192.295,1332.24,1.82,5750.85,2.242
C85H172,n-pentaoctacontane,CCCCCCCCCCCCCCCCCCCCCCCCCCCCCCCCCCCCCCCCCCCCCCCCCCCCCCCCCCCCCCCCCCCCCCCCCCCCCCCCCCCCC,1194.311,1318.02,1.96,5285.08,2.244
C85H172,2-methyltetraoctacontane,CCCCCCCCCCCCCCCCCCCCCCCCCCCCCCCCCCCCCCCCCCCCCCCCCCCCCCCCCCCCCCCCCCCCCCCCCCCCCCCCCCC(C)C,1194.311,1318.02,1.96,5285.08,2.244
C85H172S,1-pentaoctacontanethiol,CCCCCCCCCCCCCCCCCCCCCCCCCCCCCCCCCCCCCCCCCCCCCCCCCCCCCCCCCCCCCCCCCCCCCCCCCCCCCCCCCCCCCS,1226.378,1251.7,1.27,7618.8,2.275
C86H166,octacontylbenzene,CCCCCCCCCCCCCCCCCCCCCCCCCCCCCCCCCCCCCCCCCCCCCCCCCCCCCCCCCCCCCCCCCCCCCCCCCCCCCCCCc1ccccc1,1200.274,1405.26,1.78,6204.7,2.25
C86H172,octacontyl-cyclohexane,CCCCCCCCCCCCCCCCCCCCCCCCCCCCCCCCCCCCCCCCCCCCCCCCCCCCCCCCCCCCCCCCCCCCCCCCCCCCCCCCC1CCCCC1,1206.322,1367.54,1.75,6101.82,2.255
C86H172,1-hexaoctacontene,C=CCCCCCCCCCCCCCCCCCCCCCCCCCCCCCCCCCCCCCCCCCCCCCCCCCCCCCCCCCCCCCCCCCCCCCCCCCCCCCCCCCCCC,1206.322,1337.54,1.8,5828.59,2.255
C86H174,n-hexaoctacontane,CCCCCCCCCCCCCCCCCCCCCCCCCCCCCCCCCCCCCCCCCCCCCCCCCCCCCCCCCCCCCCCCCCCCCCCCCCCCCCCCCCCCCC,1208.338,1323.31,1.93,5356.39,2.257
C86H174,2-methylpentaoctacontane,CCCCCCCCCCCCCCCCCCCCCCCCCCCCCCCCCCCCCCCCCCCCCCCCCCCCCCCCCCCCCCCCCCCCCCCCCCCCCCCCCCCC(C)C,1208.338,1323.31,1.93,5356.39,2.257
C86H174S,1-hexaoctacontanethiol,CCCCCCCCCCCCCCCCCCCCCCCCCCCCCCCCCCCCCCCCCCCCCCCCCCCCCCCCCCCCCCCCCCCCCCCCCCCCCCCCCCCCCCS,1240.405,1256.03,1.25,7735.17,2.288
C87H168,henoctacontylbenzene,CCCCCCCCCCCCCCCCCCCCCCCCCCCCCCCCCCCCCCCCCCCCCCCCCCCCCCCCCCCCCCCCCCCCCCCCCCCCCCCCCc1ccccc1,1214.301,1410.54,1.75,6288.02,2.263
C87H174,henoctacontyl-cyclohexane,CCCCCCCCCCCCCCCCCCCCCCCCCCCCCCCCCCCCCCCCCCCCCCCCCCCCCCCCCCCCCCCCCCCCCCCCCCCCCCCCCC1CCCCC1,1220.349,1372.8,1.73,6183.34,2.269
C87H174,1-heptaoctacontene,C=CCCCCCCCCCCCCCCCCCCCCCCCCCCCCCCCCCCCCCCCCCCCCCCCCCCCCCCCCCCCCCCCCCCCCCCCCCCCCCCCCCCCCC,1220.349,1342.8,1.77,5906.46,2.269
C87H176,n-heptaoctacontane,CCCCCCCCCCCCCCCCCCCCCCCCCCCCCCCCCCCCCCCCCCCCCCCCCCCCCCCCCCCCCCCCCCCCCCCCCCCCCCCCCCCCCCC,1222.365,1328.56,1.9,5427.81,2.271
C87H176,2-methylhexaoctacontane,CCCCCCCCCCCCCCCCCCCCCCCCCCCCCCCCCCCCCCCCCCCCCCCCCCCCCCCCCCCCCCCCCCCCCCCCCCCCCCCCCCCCC(C)C,1222.365,1328.56,1.9,5427.81,2.271
C87H176S,1-heptaoctacontanethiol,CCCCCCCCCCCCCCCCCCCCCCCCCCCCCCCCCCCCCCCCCCCCCCCCCCCCCCCCCCCCCCCCCCCCCCCCCCCCCCCCCCCCCCCS,1254.432,1260.33,1.23,7851.95,2.301
C88H170,dooctacontylbenzene,CCCCCCCCCCCCCCCCCCCCCCCCCCCCCCCCCCCCCCCCCCCCCCCCCCCCCCCCCCCCCCCCCCCCCCCCCCCCCCCCCCc1ccccc1,1228.328,1415.77,1.72,6371.47,2.276
C88H176,dooctacontyl-cyclohexane,CCCCCCCCCCCCCCCCCCCCCCCCCCCCCCCCCCCCCCCCCCCCCCCCCCCCCCCCCCCCCCCCCCCCCCCCCCCCCCCCCCC1CCCCC1,1234.376,1378.01,1.7,6264.99,2.282
C88H176,1-octaoctacontene,C=CCCCCCCCCCCCCCCCCCCCCCCCCCCCCCCCCCCCCCCCCCCCCCCCCCCCCCCCCCCCCCCCCCCCCCCCCCCCCCCCCCCCCCC,1234.376,1348.01,1.74,5984.45,2.282
C88H178,n-octaoctacontane,CCCCCCCCCCCCCCCCCCCCCCCCCCCCCCCCCCCCCCCCCCCCCCCCCCCCCCCCCCCCCCCCCCCCCCCCCCCCCCCCCCCCCCCC,1236.392,1333.77,1.87,5499.35,2.284
C88H178,2-methylheptaoctacontane,CCCCCCCCCCCCCCCCCCCCCCCCCCCCCCCCCCCCCCCCCCCCCCCCCCCCCCCCCCCCCCCCCCCCCCCCCCCCCCCCCCCCCC(C)C,1236.392,1333.77,1.87,5499.35,2.284
C88H178S,1-octaoctacontanethiol,CCCCCCCCCCCCCCCCCCCCCCCCCCCCCCCCCCCCCCCCCCCCCCCCCCCCCCCCCCCCCCCCCCCCCCCCCCCCCCCCCCCCCCCCS,1268.459,1264.59,1.21,7969.16,2.314
C89H172,trioctacontylbenzene,CCCCCCCCCCCCCCCCCCCCCCCCCCCCCCCCCCCCCCCCCCCCCCCCCCCCCCCCCCCCCCCCCCCCCCCCCCCCCCCCCCCc1ccccc1,1242.355,1420.96,1.69,6455.05,2.29
C89H178,trioctacontyl-cyclohexane,CCCCCCCCCCCCCCCCCCCCCCCCCCCCCCCCCCCCCCCCCCCCCCCCCCCCCCCCCCCCCCCCCCCCCCCCCCCCCCCCCCCC1CCCCC1,1248.403,1383.18,1.67,6346.77,2.295
C89H178,1-nonaoctacontene,C=CCCCCCCCCCCCCCCCCCCCCCCCCCCCCCCCCCCCCCCCCCCCCCCCCCCCCCCCCCCCCCCCCCCCCCCCCCCCCCCCCCCCCCCC,1248.403,1353.18,1.71,6062.57,2.295
C89H180,n-nonaoctacontane,CCCCCCCCCCCCCCCCCCCCCCCCCCCCCCCCCCCCCCCCCCCCCCCCCCCCCCCCCCCCCCCCCCCCCCCCCCCCCCCCCCCCCCCCC,1250.419,1338.93,1.84,5570.99,2.297
C89H180,2-methyloctaoctacontane,CCCCCCCCCCCCCCCCCCCCCCCCCCCCCCCCCCCCCCCCCCCCCCCCCCCCCCCCCCCCCCCCCCCCCCCCCCCCCCCCCCCCCCC(C)C,1250.419,1338.93,1.84,5570.99,2.297
C89H180S,1-nonaoctacontanethiol,CCCCCCCCCCCCCCCCCCCCCCCCCCCCCCCCCCCCCCCCCCCCCCCCCCCCCCCCCCCCCCCCCCCCCCCCCCCCCCCCCCCCCCCCCS,1282.486,1268.82,1.19,8086.77,2.327
C90H174,tetraoctacontyl-benzene,CCCCCCCCCCCCCCCCCCCCCCCCCCCCCCCCCCCCCCCCCCCCCCCCCCCCCCCCCCCCCCCCCCCCCCCCCCCCCCCCCCCCc1ccccc1,1256.382,1426.11,1.67,6538.76,2.303
C90H182,n-nonacontane,CCCCCCCCCCCCCCCCCCCCCCCCCCCCCCCCCCCCCCCCCCCCCCCCCCCCCCCCCCCCCCCCCCCCCCCCCCCCCCCCCCCCCCCCCC,1264.446,1344.06,1.81,5642.75,2.31
C91H184,n-hennonacontane,CCCCCCCCCCCCCCCCCCCCCCCCCCCCCCCCCCCCCCCCCCCCCCCCCCCCCCCCCCCCCCCCCCCCCCCCCCCCCCCCCCCCCCCCCCC,1278.473,1349.14,1.79,5714.61,2.323
C92H186,n-dononacontane,CCCCCCCCCCCCCCCCCCCCCCCCCCCCCCCCCCCCCCCCCCCCCCCCCCCCCCCCCCCCCCCCCCCCCCCCCCCCCCCCCCCCCCCCCCCC,1292.5,1354.19,1.76,5786.58,2.336
C93H188,n-trinonacontane,CCCCCCCCCCCCCCCCCCCCCCCCCCCCCCCCCCCCCCCCCCCCCCCCCCCCCCCCCCCCCCCCCCCCCCCCCCCCCCCCCCCCCCCCCCCCC,1306.527,1359.2,1.73,5858.66,2.349
C94H190,n-tetranonacontane,CCCCCCCCCCCCCCCCCCCCCCCCCCCCCCCCCCCCCCCCCCCCCCCCCCCCCCCCCCCCCCCCCCCCCCCCCCCCCCCCCCCCCCCCCCCCCC,1320.554,1364.17,1.71,5930.84,2.362
C95H192,n-pentanonacontane,CCCCCCCCCCCCCCCCCCCCCCCCCCCCCCCCCCCCCCCCCCCCCCCCCCCCCCCCCCCCCCCCCCCCCCCCCCCCCCCCCCCCCCCCCCCCCCC,1334.581,1369.1,1.68,6003.12,2.374
C96H194,n-hexanonacontane,CCCCCCCCCCCCCCCCCCCCCCCCCCCCCCCCCCCCCCCCCCCCCCCCCCCCCCCCCCCCCCCCCCCCCCCCCCCCCCCCCCCCCCCCCCCCCCCC,1348.608,1374,1.66,6075.5,2.387
C97H196,n-heptanonacontane,CCCCCCCCCCCCCCCCCCCCCCCCCCCCCCCCCCCCCCCCCCCCCCCCCCCCCCCCCCCCCCCCCCCCCCCCCCCCCCCCCCCCCCCCCCCCCCCCC,1362.635,1378.86,1.63,6147.99,2.399
C98H198,n-octanonacontane,CCCCCCCCCCCCCCCCCCCCCCCCCCCCCCCCCCCCCCCCCCCCCCCCCCCCCCCCCCCCCCCCCCCCCCCCCCCCCCCCCCCCCCCCCCCCCCCCCC,1376.662,1383.69,1.61,6220.58,2.412
C99H200,n-nonanonacontane,CCCCCCCCCCCCCCCCCCCCCCCCCCCCCCCCCCCCCCCCCCCCCCCCCCCCCCCCCCCCCCCCCCCCCCCCCCCCCCCCCCCCCCCCCCCCCCCCCCC,1390.689,1388.48,1.59,6293.26,2.424
C100H202,n-hectane,CCCCCCCCCCCCCCCCCCCCCCCCCCCCCCCCCCCCCCCCCCCCCCCCCCCCCCCCCCCCCCCCCCCCCCCCCCCCCCCCCCCCCCCCCCCCCCCCCCCC,1404.716,1393.24,1.56,6366.05,2.436
