SMILES,Tc,Pc,Vc,omega
FC(Cl)(Cl)Br,512.9,45.37,266,0.196
ClC(Cl)(Cl)Br,606,49.19,284,0.209
FC(F)(Br)Br,478,43.63,249,0.217
BrC(Br)(Br)Br,706.76,42.27,326.55,0.524
N#CCl,449,59.9,163,0.32
O=C(F)F,297,57.6,141,0.283
FC(F)Br,,,,0.152
BrC(Br)Br,656.39,50.79,278.45,0.319
IC(I)I,718.24,40.06,309.55,0.491
ClCBr,557,68.58,204,0.15
BrCBr,615.89,72.28,202.49,0.162
FCCl,411.48,80.04,124.13,0.155
NC(=O)Cl,517,61.26,201,0.243
ClCCl,,,174.18,
ICI,697.5,57.63,244.39,0.36
C=O,415.24,71.57,98.34,
O=CO,,,170.47,
CS(=O)(=O)Cl,676,52.3,260,0.3
CI,522.43,68.89,179.06,0.174
NC=O,554.1,108.64,118.33,
C[SiH](Cl)Cl,483,39.5,289,0.25
N=CNO,705,73.64,218,
N#C[S-].[NH4+],854,76.86,248,
CS(=O)(=O)O,903.59,70.89,220,0.51
C[SiH2]Cl,442,41.7,246,0.225
CN,,,112.49,
C[SiH3],,,205,0.139
IC(I)(I)I,866.17,31.59,404.78,0.595
O=[N+]([O-])C([N+](=O)[O-])([N+](=O)[O-])[N+](=O)[O-],540,23.65,439,0.574
FC(F)=C(F)Br,432,43.65,239,0.179
FC(F)=C(Cl)Cl,440.65,42,233.79,0.234
FC(Cl)=C(F)Cl,444.18,44.34,223.23,0.234
FC(F)(F)C(F)(Cl)Cl,410.78,28.17,309.97,0.268
FC(F)(F)C(Cl)(Cl)Cl,469.73,30.68,318.86,0.281
ClC(Cl)=C(Cl)Cl,,,276.26,
FC(Cl)(Cl)C(F)(Cl)Cl,533.65,32.76,332.42,0.293
FC(F)(Cl)C(Cl)(Cl)Cl,531.74,32.73,331.48,0.293
O=C(Cl)C(Cl)(Cl)Cl,590,41,332,0.35
FC(Cl)(Cl)C(Cl)(Cl)Cl,594.54,34.84,341.13,0.305
ClC(Cl)(Cl)C(Cl)(Cl)Cl,695,33.04,412,0.361
FC(F)(F)C(Cl)Br,496,38.67,296,0.208
FC(Cl)C(F)(F)F,393.66,33.96,257.21,0.237
FC(F)C(F)(Cl)Cl,462.04,37.42,268.44,0.252
FC(Cl)C(F)(F)Cl,,,263.08,0.252
ClC=C(Cl)Cl,,,267.06,
FC(F)C(Cl)(Cl)Cl,513.2,38.49,284.01,0.266
FC(Cl)C(F)(Cl)Cl,513.2,38.49,284.01,0.266
FC(F)(Cl)C(Cl)Cl,509.55,38.22,283.94,0.266
O=C(Cl)C(Cl)Cl,579,44.01,288,0.394
O=CC(Cl)(Cl)Cl,565,42.94,288,0.394
O=C(O)C(Cl)(Cl)Cl,688,47.78,309,0.423
FC(Cl)C(Cl)(Cl)Cl,568.81,39.22,302.62,0.279
FC(Cl)(Cl)C(Cl)Cl,569.94,39.3,302.62,0.279
ClC(Cl)C(Cl)(Cl)Cl,665,36.84,369,0.314
FC=C(F)F,345.24,53.63,149.36,0.275
FC(F)OC(F)(F)F,395.88,49.47,173.6,0.357
C#CI,505.95,64.59,182.7,0.193
C=C(Br)Br,633.02,58.01,255.47,0.205
Br/C=C\Br,633.02,60.21,246.15,0.205
Br/C=C/Br,633.02,59.71,248.22,0.205
BrC=CBr,633.02,57.86,256.14,0.205
BrC(Br)C(Br)Br,719.6,33.94,406.99,0.557
BrCC(Br)(Br)Br,719.6,34,406.26,0.557
FCC(F)(F)Cl,437.01,46.68,212.4,0.219
FC(F)C(F)Cl,437.01,46.68,212.4,0.219
FC(F)(F)CCl,426.18,45.53,212.4,0.219
C=C(Cl)Cl,529.95,55.04,224.41,0.249
Cl/C=C\Cl,,,214.44,0.249
Cl/C=C/Cl,,,216.18,
ClC=CCl,529.95,58.62,210.7,0.249
FCC(F)(Cl)Cl,439.07,40.24,242.54,0.236
FC(F)C(Cl)Cl,439.07,40.24,242.54,0.236
FC(F)(Cl)CCl,479.1,43.91,242.54,0.236
FC(Cl)C(F)Cl,487.57,41.2,269.5,0.295
O=C(Cl)CCl,581,54.18,245,0.326
O=CC(Cl)Cl,555,51.75,245,0.326
O=C(O)C(Cl)Cl,686,57.98,265,0.359
FCC(Cl)(Cl)Cl,543.03,48.25,245.13,0.251
FC(Cl)(Cl)CCl,534.99,44.55,261.56,0.251
FC(Cl)C(Cl)Cl,555.57,48.02,251.97,0.251
ClCC(Cl)(Cl)Cl,577.04,38.35,321.05,0.26
ClC(Cl)C(Cl)Cl,577.04,39.92,308.47,0.26
F/C=C\F,296.9,49.2,143.17,0.138
F/C=C/F,296.9,49.2,143.17,0.138
FC(F)C(F)F,,,204.71,0.301
FC(F)OC(F)F,420.25,41.87,222.67,0.338
I/C=C\I,695.63,48.76,283.8,0.374
I/C=C/I,695.63,45.21,306.09,0.374
ICC(I)(I)I,953.47,26.9,514.28,0.606
IC(I)C(I)I,953.47,26.9,514.28,0.606
C=C=O,370,58.47,144,0.112
O=CC=O,495,67.33,164,0.255
O=C(O)C(=O)O,804,101.31,170.13,0.475
C=CBr,521.18,69.66,193.21,0.239
CC(Br)(Br)Br,671.85,43.9,324.05,0.358
BrCC(Br)Br,671.85,43.9,324.05,0.358
C=CCl,472.35,61.96,185.45,0.191
FCC(F)Cl,468.68,48.08,226.18,0.199
FC(F)CCl,468.75,48.09,226.18,0.199
CC(F)(F)Cl,439.35,45.07,226.18,0.199
CC(=O)Cl,508,61.81,196,0.24
O=CCCl,555,65.84,201,0.24
O=C(O)CCl,686,72.56,221,0.283
COC(=O)Cl,525,55.53,221,0.283
FCC(Cl)Cl,489.04,49.67,223.83,0.217
FC(Cl)CCl,523.58,56.55,210.48,0.217
CC(Cl)(Cl)Cl,,,310.15,
ClCC(Cl)Cl,551.31,43.37,283.12,0.198
[SiH3]C(Cl)=C(Cl)Cl,543.15,30.6,408,0.282
FCC(F)F,345.17,40.97,195,0.278
COC(F)(F)F,,,153.95,
C=CI,539.54,56.95,220.38,0.196
CC(I)(I)I,731.03,29.97,413.88,0.504
ICC(I)I,731.03,29.97,413.88,0.504
CC#N,,,146.61,
[C-]#[N+]C,503.62,75.6,155.33,0.21
CN=C=O,505,60.75,190,0.273
N#CCO,664,77.83,195,0.273
C=C[N+](=O)[O-],612.17,71.62,191.52,0.325
CC(Br)Br,635.81,52.96,280.4,0.213
CC(F)Cl,444.91,62.76,168.21,0.176
FCCCl,497.08,70.12,168.21,0.176
ClCOCCl,579,51.14,258,0.33
FCCF,392.76,54.57,170.33,0.292
CC(I)I,755.01,46.2,324.31,0.377
ICCI,722.11,42.59,336.44,0.377
N#CCN,638,63.76,229,0.269
O=[N+]([O-])OCCO[N+](=O)[O-],654,36.69,362,0.503
N#CNC(=N)N,834,56.02,329,0.356
CC=O,,,,0.132
CC(O)=S,577.34,57.37,219.5,0.387
O=C(O)CS,733,65.58,239,0.487
O=C(O)CO,616,75.62,177.7,0.387
CC(=O)OO,552,60.82,198,0.387
C1CS1,547,79.28,155.3,0.173
OCCCl,585,65.64,212,0.246
COCCl,521,57.91,214,0.246
CCS(=O)(=O)Cl,682,47.4,204,0.369
[SiH3]CC(Cl)(Cl)Cl,,,414,
CCF,,,155.11,
CCI,562.2,53.94,241.88,0.2
C1CN1,537,72.19,173,0.218
CC=NO,568,60.8,213,0.28
CC(N)=O,761,91.4,189.83,0.28
CNC=O,601.9,72.33,189.73,0.28
CC[N+](=O)[O-],617.52,57.72,239.11,0.331
C[Al](C)Cl,619,36.2,320,0.183
CS(C)=O,729,69.87,227,0.401
OCCS,629,62.49,219,0.401
OCCO,,,170.63,
COS(=O)(=O)OC,716,50.67,293,0.344
CCOS(=O)(=O)O,857,60.65,293,0.344
SCCS,656.56,60.65,233.57,0.272
CSSC,,,251.18,0.272
C[SiH](C)Cl,472,36.2,299,0.253
CCN,,,169.09,
CNC,,,177.56,0.227
NCCO,,,225,0.287
CC(N)O,678.09,68.54,225,0.287
NCCN,593,51.15,264,0.283
C[SiH2]C,384.14,31.69,289.03,0.104
IC#CI,606.27,44.39,272.4,0.372
IC(I)=C(I)I,806.58,27.16,431.92,0.604
N#CC#N,,,195,
FC(F)(F)C(F)(F)C(F)(F)Cl,400.69,19.85,411.52,0.293
FC(F)(F)C(F)(Cl)C(F)(F)F,399.59,19.8,411.52,0.293
FC(F)(F)C(F)(Cl)C(F)(F)Cl,450.89,24.75,363.85,0.305
FC(F)(Cl)C(F)(F)C(F)(F)Cl,451.9,24.81,363.85,0.305
FC(F)(F)C(F)(F)C(Cl)(Cl)Cl,501.44,24.55,399.74,0.316
FC(F)(F)C(Cl)(Cl)C(F)(F)Cl,501.44,24.73,396.81,0.316
FC(F)(Cl)C(F)(Cl)C(F)(F)Cl,501.21,24.9,393.95,0.316
FC(F)(Cl)C(Cl)(Cl)C(F)(F)Cl,556.56,26.02,410.07,0.326
FC(F)(Cl)C(F)(F)C(Cl)(Cl)Cl,555.26,25.85,411.81,0.326
FC(Cl)(Cl)C(F)(F)C(Cl)(Cl)Cl,612.41,26.54,433.56,0.336
FC(F)(C(Cl)(Cl)Cl)C(Cl)(Cl)Cl,666.88,26.86,456.99,0.346
FC(Cl)(Cl)C(Cl)(Cl)C(Cl)(Cl)Cl,707.49,26.33,484.52,0.355
FC(F)=C(F)C(F)(F)F,399.32,27.85,305.67,0.299
FC(F)=C(F)OC(F)(F)F,363,31.1,289,0.35
FC(F)C(F)(F)C(F)(F)Cl,429.11,22.37,399.87,0.28
FC(F)(F)C(Cl)C(F)(F)F,425.46,22.18,399.87,0.28
FC(C(F)(F)F)C(F)(F)Cl,429.69,22.4,399.87,0.28
FC(F)C(F)(Cl)C(F)(F)F,429.11,22.37,399.87,0.28
FC(Cl)C(F)(F)C(F)(F)F,429.11,22.37,399.87,0.28
FC(F)(F)C(Cl)=CCl,484.67,35.03,296.27,0.263
FC(F)(F)C(F)(F)C(Cl)Cl,475.35,27.34,355.17,0.292
FC(Cl)C(F)(F)C(F)(F)Cl,476.26,27.6,352.44,0.292
FC(F)C(F)(F)C(F)(Cl)Cl,475.35,27.55,352.44,0.292
FC(F)(F)C(Cl)C(F)(F)Cl,475.35,27.55,352.44,0.292
FC(C(F)(F)Cl)C(F)(F)Cl,475.35,27.55,352.44,0.292
FC(C(F)(F)F)C(F)(Cl)Cl,475.35,27.55,352.44,0.292
FC(F)C(Cl)(Cl)C(F)(F)F,475.35,27.55,352.44,0.292
FC(Cl)C(F)(Cl)C(F)(F)F,476.12,27.6,352.44,0.292
FC(F)C(F)(Cl)C(F)(F)Cl,475.35,27.55,352.44,0.292
FC(C(F)(F)F)C(Cl)(Cl)Cl,533.76,26.79,398.72,0.304
FC(F)(Cl)C(F)(F)C(Cl)Cl,533.76,26.79,398.72,0.304
FC(Cl)C(F)(F)C(F)(Cl)Cl,533.76,26.79,398.72,0.304
FC(F)C(F)(F)C(Cl)(Cl)Cl,533.76,26.79,398.72,0.304
FC(F)(F)C(Cl)(Cl)C(Cl)Cl,576.39,28.25,400.16,0.315
FC(Cl)(Cl)C(F)(F)C(Cl)Cl,576.75,28.26,400.16,0.315
FC(Cl)C(F)(F)C(Cl)(Cl)Cl,576.39,28.25,400.16,0.315
FC(F)(C(Cl)Cl)C(Cl)(Cl)Cl,631.64,28.77,421.81,0.325
FC(Cl)C(Cl)(Cl)C(Cl)(Cl)Cl,688.51,30.48,425.16,0.336
FC(F)C(F)(F)C(F)(F)F,,,,0.367
FC(F)C(F)(F)OC(F)(F)F,421.14,30,286.24,0.4
FC(OC(F)(F)F)C(F)(F)F,421.14,30,286.24,0.4
FC(F)(F)C(F)(F)CCl,419.62,23.04,388.28,0.266
FC(F)C(F)(F)C(F)Cl,419.62,23.04,388.28,0.266
FCC(F)(F)C(F)(F)Cl,419.62,23.04,388.28,0.266
FC(F)(F)CC(F)(F)Cl,448.36,24.62,388.28,0.266
FC(F)C(Cl)C(F)(F)F,419.62,23.04,388.28,0.266
FC(Cl)C(F)C(F)(F)F,448.07,24.61,388.28,0.266
FC(F)(F)CC(F)(Cl)Cl,440.1,24.33,377.95,0.279
FCC(F)(F)C(F)(Cl)Cl,440.1,24.33,377.95,0.279
FC(F)C(F)(F)C(Cl)Cl,440.1,24.33,377.95,0.279
FCC(F)(Cl)C(F)(F)Cl,440.1,24.33,377.95,0.279
FC(F)C(F)(Cl)C(F)Cl,440.1,24.33,377.95,0.279
FC(F)(Cl)C(F)(F)CCl,440.1,24.33,377.95,0.279
FC(F)(Cl)CC(F)(F)Cl,440.1,24.33,377.95,0.279
FC(Cl)C(F)(F)C(F)Cl,440.1,24.33,377.95,0.279
FC(F)C(Cl)(Cl)C(F)F,440.1,24.33,377.95,0.279
FCC(Cl)(Cl)C(F)(F)F,440.1,24.33,377.95,0.279
FC(F)(F)C(F)(Cl)CCl,440.1,24.33,377.95,0.279
FC(Cl)C(Cl)C(F)(F)F,440.1,24.33,377.95,0.279
FC(F)(F)CC(Cl)(Cl)Cl,500.63,26.47,387.13,0.291
FCC(F)(F)C(Cl)(Cl)Cl,500.63,26.47,387.13,0.291
FC(Cl)(Cl)C(F)(F)CCl,500.63,26.47,387.13,0.291
FC(Cl)C(F)(F)C(Cl)Cl,500.63,26.47,387.13,0.291
ClC=C(Cl)C(Cl)Cl,634.58,41.05,325.02,0.28
ClCC(Cl)=C(Cl)Cl,634.58,41.46,321.75,0.28
FC(F)(CCl)C(Cl)(Cl)Cl,559.21,28.02,400.16,0.303
FC(F)(C(Cl)Cl)C(Cl)Cl,559.21,28.02,400.16,0.303
FC(Cl)(Cl)C(Cl)(Cl)CCl,616.09,29.51,410.11,0.314
C=C(F)C(F)(F)F,377.19,40.56,207.35,0.314
FC=CC(F)(F)F,394.53,42.42,207.35,0.314
FCC(F)(F)C(F)(F)F,412.57,27.88,314.72,0.351
FC(F)C(F)C(F)(F)F,,,314.72,
FC(F)(F)CC(F)(F)F,,,314.72,
FC(F)C(F)(F)C(F)F,412.57,27.88,314.72,0.351
FC(F)OC(F)C(F)(F)F,441.38,34.55,266.33,0.385
N#CCC#N,715,65.16,248,0.303
C#CCCl,541,61.45,211,0.229
CC(F)(Cl)C(F)(F)F,428.11,28.87,323.28,0.25
FC(F)C(F)(F)CCl,428.11,28.87,323.28,0.25
CC(F)(F)C(F)(F)Cl,428.11,28.87,323.28,0.25
FCC(F)(F)C(F)Cl,428.11,28.87,323.28,0.25
FC(F)C(Cl)C(F)F,428.11,28.87,323.28,0.25
FCC(Cl)C(F)(F)F,428.11,28.87,323.28,0.25
FC(F)C(F)C(F)Cl,428.11,28.87,323.28,0.25
FCC(F)(Cl)C(F)F,428.11,28.87,323.28,0.25
FC(CCl)C(F)(F)F,428.11,28.87,323.28,0.25
FCC(F)C(F)(F)Cl,428.11,28.87,323.28,0.25
FC(Cl)CC(F)(F)F,428.11,28.87,323.28,0.25
FC(F)CC(F)(F)Cl,428.11,28.87,323.28,0.25
FC(F)(F)C(Cl)CCl,516.85,32.96,334.94,0.264
FC(F)(F)CC(Cl)Cl,493.81,31.5,334.94,0.264
CC(F)(F)C(F)(Cl)Cl,493.81,31.5,334.94,0.264
FCC(F)(F)C(Cl)Cl,493.81,31.5,334.94,0.264
FC(Cl)C(F)C(F)Cl,493.81,31.5,334.94,0.264
FC(CCl)C(F)(F)Cl,493.81,31.5,334.94,0.264
FC(Cl)C(F)(F)CCl,493.81,31.5,334.94,0.264
CC(Cl)(Cl)C(F)(F)F,493.81,31.5,334.94,0.264
CC(Cl)=C(Cl)Cl,591.78,40.45,321.01,0.221
ClC=C(Cl)CCl,591.78,41.51,312.84,0.221
C=CC(Cl)(Cl)Cl,591.78,39.92,325.24,0.221
ClCC=C(Cl)Cl,591.78,39.92,325.24,0.221
CC(F)(F)C(Cl)(Cl)Cl,542.71,32.36,351.01,0.278
CC(Cl)(Cl)C(F)(Cl)Cl,596.39,33.02,370.35,0.29
FCC(F)C(F)(F)F,392.44,28.09,303.8,0.335
FCC(F)(F)C(F)F,,,303.8,
FC(F)C(F)C(F)F,392.44,28.09,303.8,0.335
COC(F)(F)C(F)(F)F,444.03,34.68,272.94,0.37
FC(F)OCC(F)(F)F,,,255.72,
FCC(F)(F)OC(F)F,434.09,36.19,255.72,0.37
CC#CI,622.12,58.78,242.57,0.217
C#CCI,622.12,58.37,244.27,0.217
C=CC#N,,,192.93,
c1cocn1,554,52.64,237,0.313
C=C=C,,,165.62,
CC=C(Br)Br,652.06,47.91,313.17,0.254
Br/C=C\CBr,652.06,50.34,298.05,0.254
Br/C=C/CBr,652.06,47.98,312.71,0.254
C=C(Br)CBr,652.06,49.93,300.48,0.254
BrC=CCBr,652.06,49.94,300.4,0.254
CC(Br)C(Br)(Br)Br,732.08,29.22,472.54,0.589
BrCCC(Br)(Br)Br,732.08,29.22,472.54,0.589
CC(Br)(Br)C(Br)Br,732.08,29.22,472.54,0.589
BrCC(Br)C(Br)Br,732.08,29.22,472.54,0.589
BrC(Br)CC(Br)Br,732.08,29.22,472.54,0.589
BrCC(Br)(Br)CBr,732.08,29.22,472.54,0.589
FC(F)(F)CCCl,478.79,40.22,265.46,0.233
FCC(F)(F)CCl,475.09,39.91,265.46,0.233
CC(F)(F)C(F)Cl,475.09,39.91,265.46,0.233
FCC(F)C(F)Cl,475.09,39.91,265.46,0.233
CC(F)C(F)(F)Cl,475.09,39.91,265.46,0.233
FCCC(F)(F)Cl,475.09,39.91,265.46,0.233
FCC(F)(Cl)CF,475.09,39.91,265.46,0.233
CC(F)(Cl)C(F)F,475.09,39.91,265.46,0.233
FC(F)C(F)CCl,475.09,39.91,265.46,0.233
CC(Cl)C(F)(F)F,475.09,39.91,265.46,0.233
C=C(Cl)CCl,559.32,48.2,265.75,0.281
CC=C(Cl)Cl,559.32,47.03,272.38,0.281
C/C(Cl)=C/Cl,559.32,46.48,275.62,0.281
C/C(Cl)=C\Cl,559.32,46.81,273.65,0.281
Cl/C=C\CCl,559.32,48.82,262.37,0.281
Cl/C=C/CCl,559.32,48.49,264.18,0.281
C=CC(Cl)Cl,559.32,46.49,275.55,0.281
ClC=CCCl,559.32,48.82,262.37,0.281
CC(Cl)=CCl,559.32,46.48,275.62,0.281
CC(F)C(F)(Cl)Cl,473.81,42.68,242.54,0.249
CC(F)(F)C(Cl)Cl,473.81,42.68,242.54,0.249
CC(Cl)C(F)(F)Cl,473.81,42.68,242.54,0.249
FC(F)(CCl)CCl,473.81,42.68,242.54,0.249
FCCC(Cl)(Cl)Cl,575.02,38.72,317.83,0.263
CC(Cl)C(Cl)(Cl)Cl,597.44,33.51,373.87,0.283
ClCCC(Cl)(Cl)Cl,597.44,34.49,363.19,0.283
CC(Cl)(Cl)C(Cl)Cl,597.44,34.47,363.43,0.283
ClCC(Cl)C(Cl)Cl,597.44,34.52,362.96,0.283
ClC(Cl)CC(Cl)Cl,597.44,34.47,363.43,0.283
ClCC(Cl)(Cl)CCl,597.44,34.09,367.51,0.283
CC=C(F)F,335.28,44.25,176.68,0.16
CC(F)C(F)(F)F,409.33,39.94,227.95,0.316
FCCC(F)(F)F,409.33,39.94,227.95,0.316
CC(F)(F)C(F)F,409.33,39.94,227.95,0.316
FCC(F)C(F)F,409.33,39.94,227.95,0.316
FC(F)CC(F)F,409.33,39.94,227.95,0.316
FCC(F)(F)CF,409.33,39.94,227.95,0.316
COC(F)(F)C(F)F,465.68,37.41,271.43,0.353
CC(I)C(I)(I)I,965.73,23.48,586.34,0.616
ICCC(I)(I)I,965.73,23.48,586.34,0.616
CC(I)(I)C(I)I,965.73,23.48,586.34,0.616
ICC(I)C(I)I,965.73,23.48,586.34,0.616
IC(I)CC(I)I,965.73,23.48,586.34,0.616
ICC(I)(I)CI,965.73,23.48,586.34,0.616
c1cn[nH]c1,734,70.42,235,0.309
C=CC=O,561.99,67.03,187.51,0.239
C#CCO,580,73.7,176,0.239
C=CC(=O)O,,,207.9,
O=C1CCO1,686,73,206,0.36
C=COC=O,481.26,50.06,210.77,0.36
O=C1OCCO1,806,89.75,193,0.463
CC(=O)C(=O)O,634.52,57.06,239,0.463
O=C(O)CC(=O)O,805,69.71,243.29,0.553
CC=CBr,548.72,58.18,239.37,0.309
C/C=C\Br,548.72,58.51,238.02,0.309
C/C=C/Br,548.72,57.84,240.78,0.309
C=C(C)Br,548.72,56.57,246.19,0.309
C=CCBr,548.72,57.44,242.46,0.309
CCC(Br)(Br)Br,686.75,37.66,379.41,0.396
CC(Br)C(Br)Br,686.75,36.4,392.51,0.396
BrCCC(Br)Br,686.75,36.49,391.53,0.396
CC(Br)(Br)CBr,686.75,35.53,402.1,0.396
BrCC(Br)CBr,686.75,37.39,382.15,0.396
CC=CCl,511.32,52.8,231.52,0.235
C/C=C\Cl,511.32,53.35,229.09,0.235
C/C=C/Cl,511.32,53.35,229.12,0.235
C=C(C)Cl,511.32,51.15,238.99,0.235
C=CCCl,511.32,54.08,226.02,0.235
CC(F)(F)CCl,482.05,45.23,243,0.215
FC(F)CCCl,482.05,45.23,243,0.215
FCCC(F)Cl,482.05,45.23,243,0.215
ClCC1CO1,615,61.85,233,0.278
COC(=O)CCl,600,51.05,270,0.316
CCOC(=O)Cl,,,274,0.316
CC(F)(Cl)CCl,536.49,44.61,268.65,0.232
CCC(F)(Cl)Cl,527.47,43.86,268.65,0.232
CCC(Cl)(Cl)Cl,575.1,34.49,364.95,0.225
CC(Cl)C(Cl)Cl,575.1,37.36,336.88,0.225
ClCCC(Cl)Cl,575.1,36.79,342.14,0.225
CC(Cl)(Cl)CCl,575.1,35.61,353.51,0.225
ClCC(Cl)CCl,575.1,37.76,333.38,0.225
CC=CF,375,44.88,199.22,0.172
C/C=C\F,375,49.45,180.82,0.172
C/C=C/F,375,49.45,180.82,0.172
C=C(C)F,375,49.45,180.82,0.172
C=CCF,375,47.5,188.23,0.172
CC(F)C(F)F,377.41,36.37,236.01,0.296
FCCC(F)F,377.41,36.37,236.01,0.296
CC(F)(F)CF,377.41,36.37,236.01,0.296
FCC(F)CF,377.41,36.37,236.01,0.296
CCC(F)(F)F,377.41,36.37,236.01,0.296
COCC(F)(F)F,461.67,48.1,214,0.334
CC=CI,581.09,45.04,294.98,0.22
C/C=C\I,581.09,45.04,294.98,0.22
C/C=C/I,581.09,45.04,294.98,0.22
C=C(C)I,581.09,45.21,293.87,0.22
C=CCI,603.57,48.04,287.22,0.22
CCC(I)(I)I,746.24,25.95,479.47,0.516
CC(I)C(I)I,746.24,25.95,479.47,0.516
ICCC(I)I,746.24,25.95,479.47,0.516
CC(I)(I)CI,746.24,25.95,479.47,0.516
ICC(I)CI,746.24,25.95,479.47,0.516
CCC#N,,,209.26,0.266
[C-]#[N+]CC,554.2,57.03,222.67,0.266
C=CC(N)=O,776,67.04,260,0.319
N#CCCO,690,63.78,243,0.319
CC(O)C#N,643,59.43,243,0.319
CCN=C=O,526,47.9,246.67,0.319
CC=C[N+](=O)[O-],647.46,51.22,278.31,0.364
C=C(C)[N+](=O)[O-],647.46,50.64,281.54,0.364
C=CC[N+](=O)[O-],647.46,50.35,283.12,0.364
O=[N+]([O-])OCC(CO[N+](=O)[O-])O[N+](=O)[O-],680,30.02,419,0.618
CCC(Br)Br,654.72,47.14,318.75,0.261
CC(Br)CBr,654.72,45.71,328.71,0.261
BrCCCBr,654.72,47.03,319.47,0.261
CC(C)(Br)Br,654.72,42.74,351.6,0.261
FCCCCl,518.14,52.47,230.25,0.194
CCC(F)Cl,518.14,52.47,230.25,0.194
CC(C)(F)Cl,515.35,52.19,230.25,0.194
CC(Cl)CF,518.14,52.47,230.25,0.194
CCC(Cl)Cl,573.33,44.49,294.42,0.286
CC(Cl)CCl,573.33,45.62,287.13,0.286
ClCCCCl,573.33,47.12,277.99,0.286
CC(C)(Cl)Cl,573.33,43.62,300.3,0.286
OCC(Cl)CCl,647,47.04,308,0.359
OC(CCl)CCl,633,46.03,308,0.359
[SiH3]CC=C(Cl)Cl,544.1,29.4,409,0.293
CCC(F)F,430.39,47.07,212.65,0.312
CC(F)CF,430.39,49.54,202.06,0.312
FCCCF,430.39,45.85,218.33,0.312
CC(C)(F)F,430.39,45.79,218.63,0.312
CCC(I)I,775.25,38.6,391.61,0.392
CC(I)CI,775.25,40.29,375.19,0.392
ICCCI,775.25,40.27,375.36,0.392
CC(C)(I)I,775.25,38.6,391.61,0.392
Nc1nc(N)nc(N)n1,1017,47.94,445,0.454
C=CCO,,,182.61,0.256
C=COC,447.34,48.77,204.62,0.256
CCC=O,,,,0.256
C1COC1,497.34,63.08,175.88,0.256
C[C@H]1CO1,497.34,57.28,193.68,0.256
C[C@@H]1CO1,497.34,56.99,194.67,0.256
CC(=O)CO,596,57.16,228,0.374
OCC1CO1,630,63.78,216,0.374
O=C(O)CCS,729,54.51,281,0.564
CC(O)C(=O)O,675,57.65,251,0.475
COCC(=O)O,691,59.02,251,0.475
C1OCOCO1,604,57.8,224,0.475
COC(=O)OC,548,46.8,251,0.475
O=C(O)CCO,600,43.74,294.04,0.475
C1CSC1,602,61.08,218,0.218
CC1CS1,561.1,57.14,217.23,0.218
CCCBr,,,269.17,
CC(C)Br,532.49,48.32,278.96,0.319
CCCCl,,,266.16,
CC(C)Cl,496.5,45.02,262.95,0.241
OCC(O)CCl,648,52.47,283,0.321
CCCF,421.12,53.69,186.54,0.245
CC(C)F,421.12,48.66,205.81,0.245
CCCI,602.26,44.63,307.72,0.224
CC(C)I,583.79,41.95,317.33,0.224
C=CCN,505,51.7,222.75,0.273
CC1CN1,529,58.13,208,0.273
CN(C)C=O,,,,0.325
CNC(C)=O,718,60.81,264.56,0.325
CCNC=O,642.29,55.66,258.55,0.325
CCC[N+](=O)[O-],652.19,46.15,310.39,0.369
CC(C)[N+](=O)[O-],652.19,45.43,315.32,0.369
CSCCO,620,53.93,248.67,0.267
COCCO,564,50.84,242,0.387
CC(O)CO,700.17,64.3,237.52,0.387
OCCCO,,,232.39,0.387
C[C@@H](O)CO,700.17,64.82,235.61,0.387
C[C@H](O)CO,700.17,64.82,235.61,0.387
OCC(O)CO,,,264,
CCOS(=O)(=O)OC,775,45.71,345.5,0.371
CCCS,,,257.89,0.224
CC(C)S,535.32,44.03,268.26,0.224
CCSC,,,259.38,
SCCCS,681.5,49.82,290.04,0.305
CC(S)CS,681.5,49.97,289.14,0.305
CCSSC,626.5,42.89,309.66,0.305
CSCSC,626.5,42.34,313.72,0.305
C[Al](C)C,537.86,47.02,268.68,0.218
C[Ga](C)C,510,44,211,0.208
CCCN,,,219.57,
CC(O)CN,717.63,57.69,278,0.331
NCCCO,717.63,55,278,0.331
CC(N)CO,717.63,54.63,278,0.331
C[C@H](N)CO,717.63,54.63,278,0.331
C[C@@H](O)CN,717.63,54.63,278,0.331
C[C@H](O)CN,717.63,54.63,278,0.331
C[C@@H](N)CO,717.63,54.63,278,0.331
COP(=O)(OC)OC,729,83.7,277,0.489
CC(N)CN,585.03,41.43,316,0.328
NCCCN,608,43.05,316,0.328
CO[SiH](OC)OC,525,28.9,408,0.322
C[SiH](C)C,435.95,29.55,345.67,0.148
FC1(F)C(F)(F)C(F)(Cl)C1(F)F,452.42,28.69,316.71,0.302
FC(F)(F)C(Cl)=C(Cl)C(F)(F)F,494.66,24.55,396.47,0.313
FC1(F)C(F)(F)C(F)(Cl)C1(F)Cl,481.75,24.63,384.91,0.313
FC(F)(F)/C(Cl)=C(\Cl)C(F)(F)F,491.35,24.42,395.98,0.313
FC(F)(F)/C(Cl)=C(/Cl)C(F)(F)F,493.93,24.55,395.98,0.313
FC(=C(F)C(F)(F)Cl)C(F)(F)Cl,493.93,24.55,395.98,0.313
Clc1sc(Cl)c(Cl)c1Cl,753,36.7,428,0.361
ClC(Cl)=C(Cl)C(Cl)=C(Cl)Cl,738,25.51,550,0.391
FC(=C(F)C(F)(F)F)C(F)(F)F,472.27,27.16,348.37,0.38
FC(F)=C(C(F)(F)F)C(F)(F)F,472.27,27.16,348.37,0.38
FC(F)=C(F)C(F)(F)C(F)(F)F,472.27,27.16,348.37,0.38
FC(F)(F)C(F)(C(F)(F)F)C(F)(F)F,409.53,17.25,453.64,0.433
FC(F)C(F)(F)C(F)(F)C(F)(F)F,421.5,21.14,389.7,0.404
C#CC#CI,556.89,37.95,332.12,0.233
C#CC#C,478.02,61.46,181.39,0.167
ClC=C(Cl)C(Cl)=CCl,665.46,35.99,382.92,0.298
C=C(Cl)C(Cl)=C(Cl)Cl,665.46,36.99,372.59,0.298
FC(C(F)C(F)(F)F)C(F)(F)F,450.25,24.14,372.79,0.392
N#C/C=C/C#N,657,50.97,287,0.339
O=C1C=CC(=O)O1,721,69.88,219,0.521
CC(F)(F)C(F)(F)C(F)(F)F,427.25,23.91,365.17,0.378
COC(F)(C(F)(F)F)C(F)(F)F,445.45,27.85,320.45,0.41
COC(F)(F)C(F)(F)C(F)(F)F,,,320.45,
C#CC=C,454,52.82,199.96,0.175
C=CC=C(Cl)Cl,555.31,40.53,309.16,0.307
C=CC(Cl)=CCl,555.31,40.41,310.04,0.307
C=C(Cl)C(=C)Cl,553.92,40.42,309.22,0.307
ClC=CC(Cl)C(Cl)Cl,654.05,36.19,373.38,0.301
C=C(Cl)C(Cl)(Cl)CCl,654.05,35.72,378.23,0.301
FC(F)(F)COCC(F)(F)F,496.24,29.66,342.82,0.397
ICC#CCI,775.12,37.51,398.02,0.404
N#CCCC#N,770,57.01,300,0.345
c1cnccn1,626,50.74,274,0.345
c1ccnnc1,774,62.74,274,0.345
c1cncnc1,638,51.72,274,0.345
C=C1CC(=O)O1,616,56.86,234,0.438
O=C1CCC(=O)O1,811,77,223,0.532
O=C(O)/C=C/C(=O)O,771,53.88,297,0.615
O=C(O)/C=C\C(=O)O,773,54.02,297,0.615
C=CC(=C)Cl,505,43.85,271.19,0.268
C=C=CCCl,512.13,46.68,258.38,0.268
C=CC=CCl,512.13,45.07,267.6,0.268
ClCC=C(Cl)CCl,614.24,37.02,357.8,0.246
C=C(Cl)C(Cl)CCl,614.24,35.7,371.05,0.246
CC(CCl)=C(Cl)Cl,614.24,35.79,370.06,0.246
C=C(C)C(Cl)(Cl)Cl,614.24,34.11,388.33,0.246
CC(F)(F)CC(F)(F)F,,,370.26,
CCOC(F)(F)C(F)(F)F,448.72,29.03,323.84,0.382
C=CC(=C)I,620.73,42.09,332.12,0.24
C=C=CCI,620.73,41.66,335.59,0.24
C/C=C/C#N,585.73,52.18,253.36,0.306
C/C=C\C#N,585.73,53.12,248.92,0.306
C=C(C)C#N,585.73,51.25,257.96,0.306
C=CCC#N,585.73,53.89,245.32,0.306
CC=CC#N,585.73,53.5,247.14,0.306
c1cc[nH]c1,,,214.07,0.306
[C-]#[N+]CC=C,585.73,51.18,258.35,0.306
C=CC(O)C#N,639,50.86,278,0.353
COC(=O)CC#N,687,48.86,305,0.394
O=C1CCC(=O)N1,858,68.68,271,0.394
N#CCNCC#N,731,44.64,357,0.384
C1=CCC1,446.33,52.98,195.5,0.182
CC#CC,435.95,48.85,207.09,0.182
C#CCC,435.95,45.62,221.75,0.182
C=C=CC,435.95,48.59,208.2,0.182
CCC=C(Br)Br,670.19,43.59,347.6,0.3
CCC(Br)=CBr,670.19,43.59,347.6,0.3
CC(Br)=CCBr,670.19,43.59,347.6,0.3
C=CC(Br)CBr,670.19,43.59,347.6,0.3
BrC/C=C/CBr,670.19,43.59,347.6,0.3
CC(=CBr)CBr,670.19,43.59,347.6,0.3
BrCC=CCBr,670.19,43.59,347.6,0.3
BrC(Br)CCC(Br)Br,744.22,25.49,541.19,0.62
CC(Br)C(Br)(Br)CBr,744.22,25.49,541.19,0.62
BrCC(Br)C(Br)CBr,744.22,25.49,541.19,0.62
C/C(Cl)=C\CCl,586.2,40.58,325.15,0.311
ClC/C=C\CCl,586.2,42.06,313.69,0.311
ClC/C=C/CCl,586.2,42.02,314.01,0.311
C=CC(Cl)CCl,586.2,40.37,326.85,0.311
C=C(CCl)CCl,586.2,41.64,316.82,0.311
CC(Cl)C=CCl,586.2,39.78,331.66,0.311
C=C(Cl)C(C)Cl,586.2,39.78,331.7,0.311
CC=CC(Cl)Cl,586.2,39.65,332.75,0.311
CC=C(Cl)CCl,586.2,40.88,322.76,0.311
C/C(Cl)=C/CCl,586.2,40.89,322.63,0.311
C/C(Cl)=C(\C)Cl,586.2,40.95,322.2,0.311
C/C(Cl)=C(/C)Cl,586.2,40.1,329.05,0.311
CC(C)=C(Cl)Cl,586.2,40.23,327.98,0.311
C=C(C)C(Cl)Cl,586.2,39.86,331,0.311
ClCC=CCCl,586.2,39.96,330.13,0.311
CCC=C(Cl)Cl,586.2,40.91,322.46,0.311
CCC(Cl)C(Cl)(Cl)Cl,616.77,29.21,435.08,0.304
CC(Cl)C(Cl)(Cl)CCl,616.77,30.15,421.62,0.304
CC(Cl)(Cl)C(Cl)CCl,616.77,29.96,424.18,0.304
CC(C)(Cl)C(Cl)(Cl)Cl,616.77,29.25,434.6,0.304
CC(Cl)(CCl)C(Cl)Cl,616.77,30.44,417.51,0.304
ClCC(Cl)(CCl)CCl,616.77,32.08,396.17,0.304
ClCC(Cl)C(Cl)CCl,616.77,29.25,434.6,0.304
C/C=C\C=O,596.77,52.35,250.53,0.346
C/C=C/C=O,596.77,55.36,236.92,0.346
C=CCC=O,596.77,50.09,261.84,0.346
C=C(C)C=O,596.77,54.5,240.62,0.346
C1=CCOC1,542,57.82,206,0.346
C1=COCC1,524,56.17,205,0.346
C=COC=C,463,40.7,250,0.346
C=CC(C)=O,556.77,54.53,224.38,0.346
CC(C)=C=O,556.77,55.79,219.34,0.346
C/C=C\C(=O)O,630.92,50.98,266.65,0.451
C/C=C/C(=O)O,630.92,50.19,270.8,0.451
C=CCC(=O)O,630.92,49.9,272.4,0.451
C=C(C)C(=O)O,630.92,50.03,271.66,0.451
O=C(O)C1CC1,656.42,46.6,269.13,0.5
OCC#CCO,695,58.49,256,0.451
O=C1CCCO1,739,60.08,265,0.451
C=CC(=O)OC,510.92,41.92,262.56,0.451
C=COC(C)=O,,,270.4,0.451
C=CCOC=O,510.92,41.76,263.56,0.451
CC(=O)C(C)=O,556.77,55.79,219.34,0.346
CC(=O)OC(C)=O,,,290,
CC1COC(=O)O1,778,66.79,246,0.543
O=C(O)CCC(=O)O,806,55.91,298.47,0.625
CC(=O)OCC(=O)O,764,50.86,311,0.625
CC(C(=O)O)C(=O)O,806,51.42,324.5,0.625
O=C(O)COCC(=O)O,820,50.28,331,0.7
O=C(O)CC(O)C(=O)O,781,47.89,331,0.7
O=C(O)C(O)C(O)C(=O)O,828,54.01,305,0.769
CCC=CBr,574.11,47.97,298.49,0.374
CC/C=C\Br,574.11,47.97,298.49,0.374
CC/C=C/Br,574.11,48.01,298.22,0.374
C=C(Br)CC,574.11,47.72,300.03,0.374
C=CC(C)Br,574.11,48.59,294.69,0.374
C=CCCBr,574.11,48.18,297.19,0.374
CC=CCBr,574.11,49.08,291.75,0.374
C/C=C\CBr,574.11,48.58,294.74,0.374
C/C=C/CBr,574.11,48.58,294.74,0.374
CC=C(C)Br,574.11,48.5,295.22,0.374
C/C=C(/C)Br,574.11,48.18,297.19,0.374
C/C=C(\C)Br,574.11,48.42,295.73,0.374
CC(C)=CBr,574.11,48.02,298.17,0.374
C=C(C)CBr,574.11,47.71,300.11,0.374
CCCC(Br)(Br)Br,701.14,32.79,437.23,0.433
CCC(Br)C(Br)Br,701.14,32.79,437.23,0.433
CC(Br)CC(Br)Br,701.14,32.79,437.23,0.433
BrCCCC(Br)Br,701.14,32.79,437.23,0.433
CCC(Br)(Br)CBr,701.14,32.79,437.23,0.433
CC(Br)C(Br)CBr,701.14,32.79,437.23,0.433
BrCCC(Br)CBr,701.14,32.79,437.23,0.433
CC(Br)(Br)CCBr,701.14,32.79,437.23,0.433
CC(Br)C(C)(Br)Br,701.14,32.79,437.23,0.433
CC(C)C(Br)(Br)Br,701.14,32.79,437.23,0.433
CC(C)(Br)C(Br)Br,701.14,32.79,437.23,0.433
CC(CBr)C(Br)Br,701.14,32.79,437.23,0.433
CC(Br)(CBr)CBr,701.14,32.79,437.23,0.433
BrCC(CBr)CBr,701.14,32.79,437.23,0.433
CCC=CCl,545.57,44.41,288.6,0.273
CC/C=C\Cl,545.57,44.32,289.18,0.273
CC/C=C/Cl,545.57,44.65,287.04,0.273
C=C(Cl)CC,545.57,44.04,291.03,0.273
C=CC(C)Cl,545.57,43.7,293.26,0.273
C=CCCCl,545.57,44.47,288.22,0.273
CC=CCCl,545.57,45.83,279.68,0.273
C/C=C\CCl,545.57,46.28,276.96,0.273
C/C=C/CCl,545.57,45.5,281.68,0.273
CC=C(C)Cl,545.57,45.65,280.77,0.273
C/C=C(\C)Cl,545.57,44.88,285.57,0.273
C/C=C(/C)Cl,545.57,44.51,287.95,0.273
CC(C)=CCl,545.57,44.86,285.72,0.273
C=C(C)CCl,545.57,45.29,282.97,0.273
CCOC(=O)CCl,618,42.67,327,0.346
CCCC(Cl)(Cl)Cl,597.35,30.03,427.92,0.249
CCC(Cl)C(Cl)Cl,597.35,31.07,413.5,0.249
CC(Cl)CC(Cl)Cl,597.35,30.76,417.72,0.249
ClCCCC(Cl)Cl,597.35,31.07,413.5,0.249
CCC(Cl)(Cl)CCl,597.35,31.07,413.5,0.249
CC(Cl)C(Cl)CCl,597.35,32.49,395.47,0.249
ClCCC(Cl)CCl,597.35,32.58,394.43,0.249
CC(Cl)(Cl)CCCl,597.35,31.07,413.5,0.249
CC(Cl)C(C)(Cl)Cl,597.35,30.67,418.92,0.249
CC(C)C(Cl)(Cl)Cl,597.35,31.07,413.5,0.249
CC(C)(Cl)C(Cl)Cl,597.35,31.1,413.09,0.249
CC(CCl)C(Cl)Cl,597.35,31.21,411.73,0.249
CC(Cl)(CCl)CCl,597.35,32.09,400.36,0.249
ClCC(CCl)CCl,597.35,31.07,413.5,0.249
CCC=CF,414.96,42.44,229.12,0.194
CC/C=C\F,414.96,42.44,229.12,0.194
CC/C=C/F,414.96,42.44,229.12,0.194
C=C(F)CC,414.96,41.47,234.47,0.194
C=CC(C)F,414.96,41.47,234.47,0.194
C=CCCF,414.96,41.47,234.47,0.194
CC=CCF,414.96,41.47,234.47,0.194
C/C=C\CF,414.96,41.47,234.47,0.194
C/C=C/CF,414.96,41.47,234.47,0.194
CC=C(C)F,414.96,41.47,234.47,0.194
C/C=C(\C)F,414.96,41.47,234.47,0.194
C/C=C(/C)F,414.96,41.47,234.47,0.194
CC(C)=CF,414.96,41.47,234.47,0.194
C=C(C)CF,414.96,41.47,234.47,0.194
CCCC(F)(F)F,406.56,31.92,284.65,0.312
CCC(F)C(F)F,406.56,32.38,280.67,0.312
CC(F)CC(F)F,406.56,32.38,280.67,0.312
FCCCC(F)F,406.56,32.38,280.67,0.312
CCC(F)(F)CF,406.56,32.38,280.67,0.312
CC(F)C(F)CF,406.56,32.38,280.67,0.312
FCCC(F)CF,406.56,32.38,280.67,0.312
CC(F)(F)CCF,406.56,32.38,280.67,0.312
CC(F)C(C)(F)F,406.56,32.38,280.67,0.312
CC(C)C(F)(F)F,406.56,32.38,280.67,0.312
CC(C)(F)C(F)F,406.56,32.38,280.67,0.312
CC(CF)C(F)F,406.56,32.38,280.67,0.312
FCC(CF)CF,406.56,32.38,280.67,0.312
CCC=CI,610.79,38.73,354.27,0.243
CC/C=C\I,610.79,38.73,354.27,0.243
CC/C=C/I,610.79,38.73,354.27,0.243
C=C(I)CC,610.79,38.73,354.27,0.243
C=CC(C)I,610.79,38.73,354.27,0.243
C=CCCI,610.79,38.73,354.27,0.243
CC=CCI,610.79,38.73,354.27,0.243
C/C=C\CI,610.79,38.73,354.27,0.243
C/C=C/CI,610.79,38.73,354.27,0.243
CC=C(C)I,610.79,38.73,354.27,0.243
C/C=C(\C)I,610.79,38.73,354.27,0.243
C/C=C(/C)I,610.79,38.73,354.27,0.243
CC(C)=CI,610.79,38.73,354.27,0.243
C=C(C)CI,610.79,38.73,354.27,0.243
CCCC(I)(I)I,761.05,22.79,547.15,0.528
CCC(I)C(I)I,761.05,22.79,547.15,0.528
CC(I)CC(I)I,761.05,22.79,547.15,0.528
ICCCC(I)I,761.05,22.79,547.15,0.528
CCC(I)(I)CI,761.05,22.79,547.15,0.528
CC(I)C(I)CI,761.05,22.79,547.15,0.528
ICCC(I)CI,761.05,22.79,547.15,0.528
CC(I)(I)CCI,761.05,22.79,547.15,0.528
CC(I)C(C)(I)I,761.05,22.79,547.15,0.528
CC(C)C(I)(I)I,761.05,22.79,547.15,0.528
CC(C)(I)C(I)I,761.05,22.79,547.15,0.528
CC(CI)C(I)I,761.05,22.79,547.15,0.528
CC(I)(CI)CI,761.05,22.79,547.15,0.528
ICC(CI)CI,761.05,22.79,547.15,0.528
CCCC#N,,,270.97,
CC(C)C#N,596.4,48.05,279.48,0.313
[C-]#[N+]CCC,596.4,47.04,285.46,0.313
[C-]#[N+]C(C)C,596.4,45.97,292.11,0.313
CC(C)(O)C#N,620,46.23,296,0.359
C=C(C)C(N)=O,741,54.89,298,0.359
COCCC#N,638,43.46,324,0.359
O=C1CCCN1,802,67.05,264,0.359
CCCN=C=O,547,39.8,303.33,0.359
C=C(CC)[N+](=O)[O-],678.96,45.15,325.37,0.399
C=CCC[N+](=O)[O-],678.96,45.15,325.37,0.399
CC=C(C)[N+](=O)[O-],678.96,45.15,325.37,0.399
CC1CC1,437.13,50.33,201.05,0.189
C1CCC1,459.93,50.61,210.36,0.189
CC=CC,427.53,40.58,243.85,0.189
CCCC(Br)Br,672.73,38.87,390.36,0.307
CCC(Br)CBr,672.73,38.89,390.1,0.307
CC(Br)CCBr,672.73,38.83,390.78,0.307
BrCCCCBr,672.73,39.78,381.44,0.307
CCC(C)(Br)Br,672.73,37.98,399.48,0.307
CC(Br)C(C)Br,672.73,39.01,388.97,0.307
CC(C)C(Br)Br,672.73,38.5,394.07,0.307
CC(C)(Br)CBr,672.73,38.03,398.99,0.307
CC(CBr)CBr,672.73,39.27,386.36,0.307
FCCCCCl,562.04,47.78,269.54,0.21
CCCC(Cl)Cl,599.89,37.57,358.52,0.315
CCC(Cl)CCl,599.89,38.89,346.32,0.315
CC(Cl)CCCl,599.89,38.75,347.56,0.315
ClCCCCCl,599.89,39.87,337.77,0.315
CCC(C)(Cl)Cl,599.89,36.94,364.58,0.315
C[C@@H](Cl)[C@@H](C)Cl,599.89,38.62,348.76,0.315
C[C@H](Cl)[C@@H](C)Cl,599.89,38.51,349.75,0.315
CC(C)C(Cl)Cl,599.89,38.4,350.71,0.315
CC(C)(Cl)CCl,599.89,37.94,354.96,0.315
CC(CCl)CCl,599.89,38.4,350.71,0.315
CC(Cl)C(C)Cl,599.89,38.69,348.05,0.315
ClCCOCCCl,666,40.27,364,0.386
CCCC(F)F,463.65,40.52,261.51,0.331
CCC(F)CF,463.65,41.5,255.35,0.331
CC(F)CCF,463.65,41.5,255.35,0.331
FCCCCF,463.65,41.5,255.35,0.331
CCC(C)(F)F,463.65,41.5,255.35,0.331
CC(F)C(C)F,463.65,41.5,255.35,0.331
CC(C)C(F)F,463.65,41.5,255.35,0.331
CC(C)(F)CF,463.65,41.5,255.35,0.331
CC(CF)CF,463.65,41.5,255.35,0.331
CCCC(I)I,794.75,33.08,460.45,0.408
CCC(I)CI,794.75,33.32,457.06,0.408
CC(I)CCI,794.75,33.32,457.06,0.408
ICCCCI,806.38,35.06,440.77,0.408
CCC(C)(I)I,794.75,33.32,457.06,0.408
CC(I)C(C)I,794.75,33.32,457.06,0.408
CC(C)C(I)I,794.75,33.32,457.06,0.408
CC(C)(I)CI,794.75,33.32,457.06,0.408
CC(CI)CI,794.75,33.32,457.06,0.408
CCC1CO1,526,44.69,258,0.36
C=COCC,,,263.14,
C=CCOC,481.36,41.45,254.56,0.36
CC(C)C=O,540.36,45.41,260.85,0.36
CC=CCO,571.36,53.15,235.67,0.36
C/C=C\CO,571.36,53.15,235.67,0.36
C/C=C/CO,571.36,53.15,235.67,0.36
C=CCCO,571.36,52.24,239.78,0.36
C=CC(C)O,571.36,52.01,240.81,0.36
C=C(C)CO,571.36,52.91,236.74,0.36
CC1(C)CO1,521,47.19,242,0.36
C1CCOC1,531.36,46.52,250.4,0.36
CSCCC=O,650,43.61,314,0.554
CC(C)OC=O,514.9,37.81,292.69,0.463
OC/C=C\CO,724.9,57.38,271.49,0.463
OC/C=C/CO,724.9,57.38,271.49,0.463
C=CC(O)CO,724.9,55.9,278.66,0.463
OCC=CCO,725,55.84,279,0.463
C1COCOC1,590,53.05,239,0.463
CC(O)CC=O,620,47.93,278,0.463
O=S1(=O)CCCC1,853,58.71,300,0.635
CCC(O)C(=O)O,664,36.83,379.83,0.554
CC(O)CC(=O)O,664,35.79,390.85,0.554
O=C(O)CCCO,664,46.11,303.39,0.554
CC(C)(O)C(=O)O,664,46.11,303.39,0.554
COC(=O)C(C)O,584,40.87,301,0.554
C1CCSC1,,,248.87,0.257
CCC1CS1,594.72,47.29,273.36,0.257
CC1(C)CS1,574.84,45,277.69,0.257
C[C@@H]1S[C@@H]1C,537.89,42.11,277.69,0.257
C[C@@H]1S[C@H]1C,537.89,42.11,277.69,0.257
CCCCBr,557.6,41.89,331.12,0.383
CCC(C)Br,557.6,41.26,336.2,0.383
CC(C)CBr,557.6,41.42,334.88,0.383
CC(C)(C)Br,557.6,39.69,349.48,0.383
CCCCCl,530.18,39.62,313.6,0.278
CCC(C)Cl,,,318.81,0.278
CC(C)CCl,530.18,39.18,317.1,0.278
CC(C)(C)Cl,530.18,37.25,333.51,0.278
CCCCF,460.26,43.61,246.69,0.267
CCC(C)F,460.26,42.48,253.24,0.267
CC(C)CF,460.26,42.07,255.67,0.267
CC(C)(C)F,460.26,41.08,261.86,0.267
CCCCI,638.79,38.48,372.01,0.246
CCC(C)I,623.28,37.04,377.04,0.246
CC(C)CI,624.97,37.31,375.37,0.246
CC(C)(C)I,596.77,34.05,392.8,0.246
CC(=O)N(C)C,658,44.35,326.64,0.364
C1COCCN1,618,49.3,276,0.364
CCCC[N+](=O)[O-],683.23,38.52,382.8,0.404
CCC(C)[N+](=O)[O-],683.23,39,378.1,0.404
CC(C)C[N+](=O)[O-],683.23,38.07,387.36,0.404
CC(C)(C)[N+](=O)[O-],683.23,37.67,391.47,0.404
COC(C)C,,,281.52,
CCSCCO,641,43.81,310.97,0.301
CSCCCO,641,44.51,306.12,0.301
SCCOCCS,720,38.46,378,0.718
CC(C)(C)OO,576,42.58,290,0.475
CCOCCO,588.82,43.12,292.7,0.475
COC(C)CO,588.82,43.85,287.84,0.475
COCC(C)O,588.82,45.2,279.25,0.475
CO[C@@H](C)CO,588.82,43.85,287.84,0.475
CCC(O)OC,588.82,42.79,295,0.475
COC[C@H](C)O,588.82,42.84,294.61,0.475
COC[C@@H](C)O,588.82,42.84,294.61,0.475
COCCCO,588.82,40.89,308.71,0.475
CCC(O)CO,,,,0.475
OCCCCO,728.82,52.44,297.9,0.475
C[C@@H](O)[C@@H](C)O,728.82,50.84,307.3,0.475
C[C@H](O)[C@@H](C)O,728.82,51.26,304.78,0.475
CC(C)(O)CO,728.82,51.02,306.22,0.475
CC(O)CCO,728.82,51.25,304.87,0.475
C[C@H](O)[C@H](C)O,728.82,50.83,307.34,0.475
C[C@H](O)CCO,728.82,51.76,301.83,0.475
CC(O)C(C)O,728.82,51.76,301.83,0.475
C[C@@H](O)CCO,728.82,51.76,301.83,0.475
CC(CO)CO,728.82,52.57,297.19,0.475
OCCSCCO,731,43.9,343,0.645
OCCOCCO,,,312,0.564
CC(O)C(O)CO,719,49.54,305,0.564
OCCC(O)CO,697,47.1,311,0.564
CCOS(=O)OCC,690,37.79,373,0.367
CCOS(=O)(=O)OCC,749,37.68,398,0.397
CCCOS(=O)(=O)OC,792,39.85,398,0.397
CCCCS,,,315.44,0.262
CCC(C)S,563.95,38.1,320.95,0.262
CC(C)CS,563.95,38.38,318.63,0.262
CC(C)(C)S,563.95,36.44,335.54,0.262
CCCSC,563.95,38.76,315.44,0.262
CSC(C)C,563.95,38.1,320.95,0.262
SCCCCS,704.27,40.08,366.12,0.336
CC(S)CCS,704.27,41.08,357.17,0.336
CCC(S)CS,704.27,41.85,350.58,0.336
CC(S)C(C)S,704.27,39.74,369.26,0.336
CCCSSC,649.27,36.61,369.48,0.336
CCSSCC,,,370.15,0.336
CCSCSC,649.27,36.99,365.74,0.336
CSCCSC,649.27,38.81,348.56,0.336
CCCCN,,,271.14,
CC(C)CN,522.4,42.4,276.05,0.325
CCC(C)N,,,280.66,0.325
CC[C@@H](C)N,522.4,41.84,279.72,0.325
CC[C@H](C)N,522.4,42.26,276.96,0.325
CCCNC,482.4,38,284.44,0.325
CNC(C)C,482.4,37.87,285.41,0.325
CCN(C)C,,,,0.325
NCCNCCO,698,38.88,387,0.406
CO[Si](C)(C)OC,524,26.6,441,0.263
C[Si](C)(C)C,,,404.09,
CC[SiH2]CC,499.97,30.81,373.6,0.187
CC[SiH](C)C,482.83,28.91,384.57,0.187
NCCNCCN,676,42.66,342,0.404
IC#CC#CI,769.53,45.4,328.05,0.399
ClC1=C(Cl)C(Cl)(Cl)C(Cl)=C1Cl,746,26.56,526,0.406
FC1=C(F)C(F)(F)C(F)(F)C1(F)F,465.23,26.11,351.73,0.398
FC(F)=C(F)C(F)(F)C(F)(F)C(F)(F)F,533.36,24.99,401.82,0.448
FC(F)(F)C(F)(F)C(F)(F)C(F)(F)C(F)(F)F,464.25,16.19,514.88,0.494
C#CC#CC,503.41,53.92,213.98,0.217
O=Cc1ccco1,,,252,
CC1=CC(=O)OC1=O,721,55.29,272,0.595
CC=CC#CI,588.61,39.15,333.56,0.258
C1=CCC=C1,482.36,48.98,225.17,0.223
C#CC(=C)C,470.1,41.73,257.57,0.223
C=CC#CC,508.73,47.88,242.9,0.223
C#CCC=C,483.77,44.79,246.93,0.223
C#C/C=C\C,487.65,46.24,241.12,0.223
C#C/C=C/C,495.97,47.02,241.12,0.223
N#CCCCC#N,782,48.49,352,0.382
Cc1ccoc1,522.86,45.17,250.6,0.426
OCc1ccco1,632,51,263,0.521
O=C1CCCC(=O)O1,838,63.4,275,0.605
C/C(=C/C(=O)O)C(=O)O,829,49.73,340,0.682
C=C(CC(=O)O)C(=O)O,821,49.25,340,0.682
Cc1cccs1,,,277.41,0.282
Cc1ccsc1,,,276.75,0.282
C=CC(C)=CCl,569.87,41.85,315.16,0.302
C=C(C)C=CCl,558.71,40.18,321.79,0.302
C=C(C)C(=C)Cl,558.71,40.44,319.77,0.302
CCCC#CI,676.17,40.79,366.94,0.261
Cn1cccc1,662.99,50.51,291.15,0.348
Cc1ccc[nH]1,662.99,53.32,275.83,0.348
Cc1cc[nH]c1,662.99,48.13,305.54,0.348
C=CCCC#N,622.99,44.52,310.38,0.348
C/C=C/CC#N,622.99,45.38,304.56,0.348
CC/C=C\C#N,622.99,44.14,313.06,0.348
CC=CCC#N,622.99,47.36,291.79,0.348
CCOC(=O)CC#N,679,40.43,358,0.426
C1CC12CC2,499.74,48.19,236.5,0.23
C1=CCCC1,493.63,46.05,244.44,0.23
C=CC(=C)C,478.63,41.91,260.47,0.23
C=C=C(C)C,478.63,42.35,257.72,0.23
C=C=CCC,478.63,42.88,254.57,0.23
C=CC=CC,478.63,42.5,256.81,0.23
C=C/C=C\C,478.63,42.73,255.46,0.23
C=C/C=C/C,478.63,41.61,262.33,0.23
C=CCC=C,478.63,40.27,271.03,0.23
CC=C=CC,478.63,43.03,253.69,0.23
C#CCCC,478.63,40.11,272.15,0.23
CC#CCC,478.63,41.3,264.3,0.23
C#CC(C)C,478.63,38.16,286.07,0.23
BrCC(CBr)(CBr)CBr,756.05,22.5,612.08,0.65
C=C(CCl)C(C)Cl,611.04,35.46,381.16,0.339
CC(Cl)=C(C)CCl,611.04,35.68,378.73,0.339
CC(=CCCl)CCl,611.04,36.57,369.57,0.339
C=C(C)C(C)(Cl)Cl,611.04,35.62,379.42,0.339
CC(Cl)=CCCCl,611.04,35.26,383.25,0.339
ClCC(CCl)(CCl)CCl,635.15,25.71,500.24,0.325
ClCCCCC(Cl)(Cl)Cl,635.15,26.27,489.61,0.325
ICC(CI)(CI)CI,989.47,18.51,735.98,0.636
O=[N+]([O-])OCC(CO[N+](=O)[O-])(CO[N+](=O)[O-])CO[N+](=O)[O-],676,15.32,731,0.725
O=C1CCCC1,,,258,
C=C(C)C(C)=O,566,40.48,302,0.439
CCC=CC=O,626.97,46.04,294.08,0.439
CC/C=C/C=O,626.97,46.04,294.08,0.439
CC=CCC=O,626.97,43.92,308.28,0.439
C=CCCC=O,626.97,45.53,297.4,0.439
CC=C(C)C=O,626.97,46.75,289.63,0.439
C/C=C(\C)C=O,626.97,46.75,289.63,0.439
CC(C)=CC=O,626.97,46.85,289.03,0.439
C=CC(C)C=O,626.97,43.92,308.28,0.439
C=C(C)CC=O,626.97,43.92,308.28,0.439
C=C(C=O)CC,626.97,45.98,294.49,0.439
C/C=C/C(C)=O,586.97,45.29,279.91,0.439
C=CC(=O)CC,586.97,44.31,286.11,0.439
CC=CC(C)=O,586.97,45.07,281.24,0.439
CCC=CC(=O)O,657.37,41.03,339.24,0.532
CC/C=C\C(=O)O,657.37,40.85,340.72,0.532
CC/C=C/C(=O)O,657.37,41.03,339.24,0.532
CC=CCC(=O)O,657.37,40.85,340.72,0.532
C/C=C\CC(=O)O,657.37,40.85,340.72,0.532
C/C=C/CC(=O)O,657.37,40.85,340.72,0.532
C=CCCC(=O)O,657.37,41.01,339.36,0.532
C/C=C(/C)C(=O)O,657.37,41.14,338.33,0.532
C/C=C(\C)C(=O)O,657.37,40.17,346.47,0.532
CC(C)=CC(=O)O,657.37,42.28,329.15,0.532
C=CC(C)C(=O)O,657.37,40.85,340.72,0.532
C=C(C)CC(=O)O,657.37,40.85,340.72,0.532
C=C(CC)C(=O)O,657.37,41.52,335.21,0.532
CC(=O)CC(C)=O,646.65,,323,0.532
C=CCOC(C)=O,537.37,34.92,325.79,0.532
C=C(C)OC(C)=O,537.37,34.33,331.39,0.532
C=COC(=O)CC,537.37,34.23,332.35,0.532
C/C=C\C(=O)OC,537.37,34.23,332.35,0.532
C/C=C/C(=O)OC,537.37,35.94,316.54,0.532
C=CC(=O)OCC,537.37,34.74,327.49,0.532
C=C(C)C(=O)OC,537.37,35.6,319.54,0.532
C=CCC(=O)OC,537.37,35.7,318.72,0.532
CC1CCC(=O)O1,727,55.17,279,0.532
O=CCCCC=O,660,40.27,347,0.532
CCC(=O)C(C)=O,537.37,34.92,325.79,0.532
C=CC(=O)OCCO,662,38.27,359,0.615
CC(=O)CCC(=O)O,738,44.65,343,0.615
COC(=O)CC(C)=O,642,38.85,343,0.615
O=C(O)CCCC(=O)O,807,43.27,379.41,0.691
CC(C)(C(=O)O)C(=O)O,807,48.2,340.65,0.691
CCC(C(=O)O)C(=O)O,807,48.2,340.65,0.691
CCCC=CBr,597.71,41.55,352.56,0.434
CCC/C=C\Br,597.71,40.38,362.76,0.434
CCC/C=C/Br,597.71,40.38,362.76,0.434
C=C(Br)CCC,597.71,40.03,365.97,0.434
C=CC(Br)CC,597.71,39.95,366.69,0.434
C=CCC(C)Br,597.71,40.58,361.04,0.434
C=CCCCBr,597.71,41.24,355.23,0.434
CCC=CCBr,597.71,41.31,354.62,0.434
CC/C=C\CBr,597.71,41.08,356.6,0.434
CC/C=C/CBr,597.71,41.08,356.6,0.434
CCC=C(C)Br,597.71,42.16,347.46,0.434
CC/C=C(/C)Br,597.71,41.92,349.43,0.434
CC/C=C(\C)Br,597.71,41.92,349.43,0.434
CC=C(Br)CC,597.71,42,348.78,0.434
C/C=C(\Br)CC,597.71,41.77,350.76,0.434
C/C=C(/Br)CC,597.71,41.77,350.76,0.434
CC=CC(C)Br,597.71,40.39,362.69,0.434
C/C=C\C(C)Br,597.71,41.78,350.66,0.434
C/C=C/C(C)Br,597.71,41.78,350.66,0.434
CC=CCCBr,597.71,41.98,348.94,0.434
C/C=C\CCBr,597.71,41.75,350.86,0.434
C/C=C/CCBr,597.71,41.75,350.86,0.434
CC/C(C)=C\Br,597.71,40.6,360.83,0.434
CC/C(C)=C/Br,597.71,40.6,360.83,0.434
C=C(C)C(C)Br,597.71,40.34,363.11,0.434
C=C(C)CCBr,597.71,40.34,363.11,0.434
CC(C)/C=C\Br,597.71,40.3,363.47,0.434
CC(C)/C=C/Br,597.71,40.3,363.47,0.434
C=C(Br)C(C)C,597.71,40.3,363.47,0.434
C=CC(C)(C)Br,597.71,40.34,363.11,0.434
C=CC(C)CBr,597.71,39.95,366.69,0.434
C/C=C(\C)CBr,597.71,41.13,356.15,0.434
C/C=C(/C)CBr,597.71,41.13,356.15,0.434
CC(C)=CCBr,597.71,42.26,346.68,0.434
CC(C)=C(C)Br,597.71,42.4,345.51,0.434
C=C(CC)CBr,597.71,42.32,346.16,0.434
CCCCC(Br)(Br)Br,715.06,28.89,497.39,0.468
CCCC=CCl,576.28,38.58,344.88,0.307
CCC/C=C\Cl,576.28,38.68,343.96,0.307
CCC/C=C/Cl,576.28,38.68,343.96,0.307
C=C(Cl)CCC,576.28,38.63,344.42,0.307
C=CC(Cl)CC,576.28,38.24,347.89,0.307
C=CCC(C)Cl,576.28,37.47,355.07,0.307
C=CCCCCl,576.28,38.89,342.05,0.307
CCC=CCCl,576.28,38.94,341.69,0.307
CC/C=C\CCl,576.28,38.5,345.52,0.307
CC/C=C/CCl,576.28,39.37,337.89,0.307
CCC=C(C)Cl,576.28,38.87,342.28,0.307
CC/C=C(/C)Cl,576.28,38.52,345.34,0.307
CC/C=C(\C)Cl,576.28,38.52,345.34,0.307
CC=C(Cl)CC,576.28,39.17,339.67,0.307
C/C=C(\Cl)CC,576.28,38.19,348.35,0.307
C/C=C(/Cl)CC,576.28,38.19,348.35,0.307
CC=CC(C)Cl,576.28,38.46,345.89,0.307
C/C=C\C(C)Cl,576.28,38.26,347.75,0.307
C/C=C/C(C)Cl,576.28,38.26,347.75,0.307
CC=CCCCl,576.28,38.74,343.37,0.307
C/C=C\CCCl,576.28,38.47,345.8,0.307
C/C=C/CCCl,576.28,38.47,345.8,0.307
CC/C(C)=C\Cl,576.28,38.52,345.34,0.307
CC/C(C)=C/Cl,576.28,38.52,345.34,0.307
CC(C)C=CCl,576.28,39.71,335,0.307
CC(C)/C=C\Cl,576.28,38.52,345.34,0.307
CC(C)/C=C/Cl,576.28,38.52,345.34,0.307
C=C(C)C(C)Cl,576.28,38.7,343.73,0.307
C=C(C)CCCl,576.28,38.52,345.34,0.307
C=C(Cl)C(C)C,576.28,38.52,345.34,0.307
C=CC(C)(C)Cl,576.28,37.43,355.45,0.307
C=CC(C)CCl,576.28,38.52,345.34,0.307
C/C=C(\C)CCl,576.28,39.95,333.04,0.307
CC(C)=CCCl,576.28,39.97,332.87,0.307
CC(C)=C(C)Cl,576.28,38.74,343.37,0.307
C=C(CC)CCl,576.28,38.52,345.34,0.307
CCC(C)=CCl,576.28,39.4,337.67,0.307
CC=C(C)CCl,576.28,40.21,330.86,0.307
CCCCC(Cl)(Cl)Cl,618.29,26.37,495.52,0.273
CC(Cl)C(C)(Cl)CCl,618.29,28.22,463.09,0.273
CC(C)(Cl)C(C)(Cl)Cl,618.29,27.2,480.39,0.273
CC(CCl)(CCl)CCl,618.29,28.72,455.1,0.273
CCCC=CF,449.93,37.74,274.53,0.213
CCC/C=C\F,449.93,37.74,274.53,0.213
CCC/C=C/F,449.93,37.74,274.53,0.213
C=C(F)CCC,449.93,37.74,274.53,0.213
C=CC(F)CC,449.93,37.74,274.53,0.213
C=CCC(C)F,449.93,37.74,274.53,0.213
C=CCCCF,449.93,36.12,286.83,0.213
CC/C=C\CF,449.93,37.74,274.53,0.213
CC/C=C/CF,449.93,37.74,274.53,0.213
CC/C=C(/C)F,449.93,37.74,274.53,0.213
CC/C=C(\C)F,449.93,37.74,274.53,0.213
C/C=C(\F)CC,449.93,37.74,274.53,0.213
C/C=C(/F)CC,449.93,37.74,274.53,0.213
C/C=C\C(C)F,449.93,37.74,274.53,0.213
C/C=C/C(C)F,449.93,37.74,274.53,0.213
C/C=C\CCF,449.93,37.74,274.53,0.213
C/C=C/CCF,449.93,37.74,274.53,0.213
CC/C(C)=C\F,449.93,37.74,274.53,0.213
CC/C(C)=C/F,449.93,37.74,274.53,0.213
C=C(C)C(C)F,449.93,37.74,274.53,0.213
C=C(C)CCF,449.93,37.74,274.53,0.213
CC(C)/C=C\F,449.93,37.74,274.53,0.213
CC(C)/C=C/F,449.93,37.74,274.53,0.213
C=C(F)C(C)C,449.93,37.74,274.53,0.213
C=CC(C)(C)F,449.93,37.74,274.53,0.213
C=CC(C)CF,449.93,37.74,274.53,0.213
C/C=C(\C)CF,449.93,37.74,274.53,0.213
C/C=C(/C)CF,449.93,37.74,274.53,0.213
CC(C)=CCF,449.93,37.74,274.53,0.213
CC(C)=C(C)F,449.93,37.74,274.53,0.213
C=C(CC)CF,449.93,37.74,274.53,0.213
CCCCC(F)(F)F,433.26,28.3,336.29,0.327
CCCC=CI,638.81,33.42,422.04,0.264
CCC/C=C\I,638.81,33.42,422.04,0.264
CCC/C=C/I,638.81,33.42,422.04,0.264
C=C(I)CCC,638.81,33.42,422.04,0.264
C=CC(I)CC,638.81,33.42,422.04,0.264
C=CCC(C)I,638.81,33.42,422.04,0.264
C=CCCCI,638.81,33.42,422.04,0.264
CC/C=C\CI,638.81,33.42,422.04,0.264
CC/C=C/CI,638.81,33.42,422.04,0.264
CC/C=C(/C)I,638.81,33.42,422.04,0.264
CC/C=C(\C)I,638.81,33.42,422.04,0.264
C/C=C(\I)CC,638.81,33.42,422.04,0.264
C/C=C(/I)CC,638.81,33.42,422.04,0.264
C/C=C\C(C)I,638.81,33.42,422.04,0.264
C/C=C/C(C)I,638.81,33.42,422.04,0.264
C/C=C\CCI,638.81,33.42,422.04,0.264
C/C=C/CCI,638.81,33.42,422.04,0.264
CC/C(C)=C\I,638.81,33.42,422.04,0.264
CC/C(C)=C/I,638.81,33.42,422.04,0.264
C=C(C)C(C)I,638.81,33.42,422.04,0.264
C=C(C)CCI,638.81,33.42,422.04,0.264
CC(C)/C=C\I,638.81,33.42,422.04,0.264
CC(C)/C=C/I,638.81,33.42,422.04,0.264
C=C(I)C(C)C,638.81,33.42,422.04,0.264
C=CC(C)(C)I,638.81,33.42,422.04,0.264
C=CC(C)CI,638.81,33.42,422.04,0.264
C/C=C(\C)CI,638.81,33.42,422.04,0.264
C/C=C(/C)CI,638.81,33.42,422.04,0.264
CC(C)=CCI,638.81,33.42,422.04,0.264
CC(C)=C(C)I,638.81,33.42,422.04,0.264
C=C(CC)CI,638.81,33.42,422.04,0.264
IC1CCCC1,688.54,40.37,376.52,0.264
CCCCC(I)(I)I,775.48,20.24,616.81,0.54
CCCCC#N,632.96,41.91,334.15,0.353
CCC(C)C#N,632.96,41.17,340.16,0.353
CC(C)CC#N,632.96,41.42,338.14,0.353
CC(C)(C)C#N,632.96,40.11,349.14,0.353
[C-]#[N+]CCCC,632.96,40.21,348.32,0.353
[C-]#[N+]CC(C)C,632.96,39.81,351.78,0.353
[C-]#[N+]C(C)CC,632.96,40.04,349.8,0.353
[C-]#[N+]C(C)(C)C,632.96,39,359.14,0.353
CC[C@H](C)C#N,632.96,41.41,338.24,0.353
CCCCN=C=O,568,34.22,360,0.394
CC(C)CN=C=O,568,34.22,360,0.394
CC(C)(C)N=C=O,568,34.22,360,0.394
O=CN1CCOCC1,762,48.37,335,0.431
C=CCCC[N+](=O)[O-],707.54,36.11,416.68,0.431
CCC=C(C)[N+](=O)[O-],707.54,38.58,389.92,0.431
CC=C(CC)[N+](=O)[O-],707.54,38.58,389.92,0.431
N[C@@H](CCC(=O)O)C(=O)O,782,38.05,420,0.494
CC1(C)CC1,464.97,37.76,280.1,0.236
C[C@@H]1C[C@@H]1C,485.69,41.88,263.83,0.236
C[C@@H]1C[C@H]1C,471.88,38.98,275.35,0.236
CCC1CC1,480.93,40.75,268.46,0.236
CC1CCC1,477.75,39.49,275.24,0.236
CC=CCC,469.25,35.38,301.73,0.236
CCCCC(Br)Br,689.94,33.17,461,0.351
CCCC(Br)CBr,689.94,33.41,457.64,0.351
CCC(Br)CCBr,689.94,33.27,459.57,0.351
CC(Br)CCCBr,689.94,33.78,452.74,0.351
BrCCCCCBr,689.94,34.15,447.71,0.351
CCCC(C)(Br)Br,689.94,32.83,465.73,0.351
CCC(Br)C(C)Br,689.94,33.64,454.56,0.351
CC(Br)CC(C)Br,689.94,33.29,459.33,0.351
CCC(Br)(Br)CC,689.94,33.31,459,0.351
CCC(C)C(Br)Br,689.94,33.31,459,0.351
CCC(C)(Br)CBr,689.94,33.28,459.53,0.351
CC(Br)C(C)CBr,689.94,37.03,412.95,0.351
CC(CBr)CCBr,689.94,34.4,444.56,0.351
CC(C)CC(Br)Br,689.94,33.31,459,0.351
CC(C)C(Br)CBr,689.94,33.57,455.48,0.351
CC(C)(Br)CCBr,689.94,33.46,457.02,0.351
CC(C)C(C)(Br)Br,689.94,33.8,452.45,0.351
CC(Br)C(C)(C)Br,689.94,34.52,442.98,0.351
CC(C)(C)C(Br)Br,689.94,33.37,458.27,0.351
CC(C)(CBr)CBr,689.94,33.95,450.36,0.351
CCC(CBr)CBr,689.94,34.04,449.24,0.351
FCCCCCCl,602.01,42.1,322.03,0.225
CCCCC(Cl)Cl,624.46,32.69,421.48,0.343
CCCC(Cl)CCl,624.46,33.64,409.49,0.343
CCC(Cl)CCCl,624.46,33.87,406.81,0.343
CC(Cl)CCCCl,624.46,33.51,411.15,0.343
ClCCCCCCl,624.46,34.49,399.43,0.343
CCCC(C)(Cl)Cl,624.46,32.24,427.34,0.343
CCC(Cl)C(C)Cl,624.46,33.7,408.85,0.343
CC(Cl)CC(C)Cl,624.46,33.02,417.18,0.343
CCC(Cl)(Cl)CC,624.46,32.72,421,0.343
CCC(C)C(Cl)Cl,624.46,32.76,420.51,0.343
CC(C)CC(Cl)Cl,624.46,32.51,423.76,0.343
CCC(C)(Cl)CCl,624.46,33.51,411.1,0.343
CC(C)C(Cl)CCl,624.46,33.89,406.54,0.343
CC(Cl)C(C)CCl,624.46,34.27,402.07,0.343
CC(C)(Cl)CCCl,624.46,33.58,410.27,0.343
CC(CCl)CCCl,624.46,34.64,397.68,0.343
CC(C)C(C)(Cl)Cl,624.46,34.27,402.07,0.343
CC(Cl)C(C)(C)Cl,624.46,34.27,402.07,0.343
CCC(CCl)CCl,624.46,34.27,402.07,0.343
CC(C)(C)C(Cl)Cl,624.46,34.27,402.07,0.343
CC(C)(CCl)CCl,624.46,34.04,404.78,0.343
CCCCC(F)F,493.6,36.96,299.92,0.348
CCCC(F)CF,493.6,36.96,299.92,0.348
CCC(F)CCF,493.6,36.96,299.92,0.348
CC(F)CCCF,493.6,36.96,299.92,0.348
FCCCCCF,493.6,36.96,299.92,0.348
CCCC(C)(F)F,493.6,36.96,299.92,0.348
CCC(F)C(C)F,493.6,36.96,299.92,0.348
CC(F)CC(C)F,493.6,36.96,299.92,0.348
CCC(F)(F)CC,493.6,36.96,299.92,0.348
CCC(C)C(F)F,493.6,36.96,299.92,0.348
CC(C)CC(F)F,493.6,36.96,299.92,0.348
CCC(C)(F)CF,493.6,36.96,299.92,0.348
CC(C)C(F)CF,493.6,36.96,299.92,0.348
CC(F)C(C)CF,493.6,36.96,299.92,0.348
CC(C)(F)CCF,493.6,36.96,299.92,0.348
CC(CF)CCF,493.6,36.96,299.92,0.348
CC(C)C(C)(F)F,493.6,36.96,299.92,0.348
CC(F)C(C)(C)F,493.6,36.96,299.92,0.348
CCC(CF)CF,493.6,36.96,299.92,0.348
CC(C)(C)C(F)F,493.6,36.96,299.92,0.348
CC(C)(CF)CF,493.6,36.96,299.92,0.348
CCCCC(I)I,813.58,28.9,530.17,0.423
CCCC(I)CI,813.58,28.96,528.96,0.423
CCC(I)CCI,813.58,29.13,525.97,0.423
CC(I)CCCI,813.58,29.29,523.01,0.423
ICCCCCI,843.62,31.16,509.77,0.423
CCCC(C)(I)I,813.58,29.81,513.99,0.423
CCC(I)C(C)I,813.58,29.81,513.99,0.423
CC(I)CC(C)I,813.58,29.81,513.99,0.423
CCC(I)(I)CC,813.58,29.81,513.99,0.423
CCC(C)C(I)I,813.58,29.81,513.99,0.423
CC(C)CC(I)I,813.58,29.81,513.99,0.423
CCC(C)(I)CI,813.58,29.81,513.99,0.423
CC(I)C(C)CI,813.58,29.81,513.99,0.423
CC(CI)CCI,813.58,29.81,513.99,0.423
CC(C)C(I)CI,813.58,29.81,513.99,0.423
CC(C)(I)CCI,813.58,29.81,513.99,0.423
CC(C)C(C)(I)I,813.58,29.81,513.99,0.423
CC(I)C(C)(C)I,813.58,29.81,513.99,0.423
CCC(CI)CI,813.58,29.81,513.99,0.423
CC(C)(C)C(I)I,813.58,29.81,513.99,0.423
CC(C)(CI)CI,813.58,29.81,513.99,0.423
CCC(C)C=O,570.01,39.2,313.26,0.451
CC(C)CC=O,570.01,38.61,318.05,0.451
CC(C)(C)C=O,570.01,37.97,323.37,0.451
CC1CCOC1,556.01,43.66,274.33,0.451
C=CCOCC,511.01,34.67,317.5,0.451
C=COC(C)C,511.01,34.04,323.43,0.451
C=C(C)COC,511.01,35.33,311.58,0.451
C=COCCC,511.01,34.8,316.36,0.451
OC1CCCC1,,,268.9,
CCC=CCO,601.01,44.37,291.79,0.451
CC/C=C\CO,601.01,44.37,291.79,0.451
CC/C=C/CO,601.01,44.37,291.79,0.451
CC=CCCO,601.01,42.88,301.92,0.451
C=CCCCO,601.01,43.19,299.78,0.451
C/C=C/C(C)O,601.01,43.75,295.95,0.451
CC=CC(C)O,601.01,43.75,295.95,0.451
CC=C(C)CO,601.01,42.88,301.92,0.451
CC(C)=CCO,601.01,44.06,293.86,0.451
C=CCC(C)O,601.01,43.38,298.5,0.451
C=CC(C)CO,601.01,43.25,299.35,0.451
C=C(C)CCO,601.01,44.37,291.79,0.451
C=CC(C)(C)O,601.01,42.32,305.94,0.451
C=C(C)C(C)O,601.01,42.88,301.92,0.451
C=CC(O)CC,601.01,43.5,297.64,0.451
CC=COCC,511.01,35.76,307.87,0.451
CCC(C)C(=O)O,630.95,38.73,344.02,0.543
CC[C@H](C)C(=O)O,630.95,38.16,349.15,0.543
CC(C)(C)C(=O)O,630.95,37.29,357.29,0.543
CCCCOC=O,540.95,33.44,341.58,0.543
CCC(C)OC=O,540.95,33.06,345.5,0.543
CC(C)(C)OC=O,540.95,32.76,348.74,0.543
CC(=O)OC(C)C,,,349.12,
OCC1CCCO1,639,46.53,290,0.543
CC1CCS(=O)(=O)C1,817,46.97,353,0.7
CCOC(=O)OCC,576,33.5,356,0.625
CCOC(=O)C(C)O,588,34.39,354,0.625
CC(C)(O)CC(=O)O,588,28.54,426.56,0.625
CCCC(O)C(=O)O,588,32.11,379.05,0.625
CC(C)[C@H](O)C(=O)O,588,32.11,379.05,0.625
C1CCSCC1,661.07,46.62,302.93,0.291
CC1SC1(C)C,569.72,36.71,331.51,0.291
CC1CCCS1,661.07,44.88,314.66,0.291
CC1CCSC1,661.07,45.34,311.48,0.291
SC1CCCC1,,,310.5,0.291
CCCCCBr,580.97,36.11,393.3,0.442
CCCC(C)Br,580.97,35.73,397.55,0.442
CCC(Br)CC,580.97,35.91,395.58,0.442
CCC(C)CBr,580.97,36.19,392.53,0.442
CC(C)CCBr,580.97,35.71,397.79,0.442
CCC(C)(C)Br,580.97,36.02,394.28,0.442
CC(C)C(C)Br,580.97,36.24,391.91,0.442
CC(C)(C)CBr,580.97,35.45,400.67,0.442
CC[C@H](C)CBr,580.97,36.52,388.91,0.442
CCCCCCl,560.45,34.65,372.47,0.312
CCCC(C)Cl,560.45,34.08,378.72,0.312
CCC[C@H](C)Cl,560.45,34.26,376.69,0.312
CCC(Cl)CC,560.45,35,368.74,0.312
CCC(C)CCl,560.45,34.65,372.42,0.312
CC(C)CCCl,560.45,34.03,379.2,0.312
CCC(C)(C)Cl,560.45,33.8,381.84,0.312
CC(C)C(C)Cl,560.45,33.66,383.45,0.312
CC(C)(C)CCl,560.45,33.84,381.36,0.312
CCCCCF,494.62,38.65,293.96,0.286
CCCC(C)F,494.62,38.69,293.6,0.286
CCC(F)CC,494.62,38.69,293.6,0.286
CCC(C)CF,494.62,38.69,293.6,0.286
CC(C)CCF,494.62,38.69,293.6,0.286
CCC(C)(C)F,494.62,38.69,293.6,0.286
CC(C)C(C)F,494.62,38.69,293.6,0.286
CC(C)(C)CF,494.62,38.69,293.6,0.286
CCCCCI,671.37,33.9,436.14,0.267
CCCC(C)I,670.91,33.54,440.53,0.267
CCC(I)CC,670.91,33.6,439.73,0.267
CCC(C)CI,670.91,33.84,436.56,0.267
CC(C)CCI,659.1,32.77,442.94,0.267
CCC(C)(C)I,670.91,33.12,446.12,0.267
CC(C)C(C)I,670.91,33.21,444.94,0.267
CC(C)(C)CI,670.91,33.13,446.01,0.267
CN1CCCC1,567.85,37.54,333.9,0.359
C1CCNCC1,,,306.22,
NC1CCCC1,612.85,46.96,288.04,0.359
CC1CCCN1,607.85,41.86,320.49,0.359
CC1CCNC1,607.85,41.11,326.32,0.359
CC(C)(C)NC=O,709.05,37.36,410.62,0.399
CCN(C=O)CC,709.05,37.81,405.74,0.399
CCCCC[N+](=O)[O-],711.44,33.04,456.67,0.435
CCCC(C)[N+](=O)[O-],711.44,32.57,463.28,0.435
CCC(CC)[N+](=O)[O-],711.44,32.61,462.68,0.435
CCC(C)C[N+](=O)[O-],711.44,32.69,461.56,0.435
CC(C)CC[N+](=O)[O-],711.44,32.9,458.69,0.435
CCC(C)(C)[N+](=O)[O-],711.44,32.95,458,0.435
CC(C)C(C)[N+](=O)[O-],711.44,32.78,460.33,0.435
CC(C)(C)C[N+](=O)[O-],711.44,32.85,459.34,0.435
CN1CCNCC1,681.95,50.24,294.03,0.397
CC1CNCCN1,681.95,50.24,294.03,0.397
C1CNCCNC1,681.95,50.24,294.03,0.397
C[C@H]1CNCCN1,681.95,50.24,294.03,0.397
C[C@@H]1CNCCN1,681.95,50.24,294.03,0.397
CCC[C@H](C)O,569.99,37.55,326.17,0.463
CCC[C@@H](C)O,569.99,37.72,324.72,0.463
CCC(O)CC,,,,0.463
CCC(C)CO,,,324.72,
CC[C@H](C)CO,569.99,37.55,326.17,0.463
CC(C)C(C)O,569.99,37.94,322.82,0.463
CC(C)CCO,,,325.68,
CC(C)[C@H](C)O,569.99,36.99,331.14,0.463
CC(C)(C)CO,569.99,37.61,325.68,0.463
CCC(C)(C)O,,,329.09,
CCC(C)OC,499.99,32.2,333.66,0.463
COCC(C)C,499.99,31.57,340.3,0.463
COC(C)(C)C,,,334.75,
CCOC(C)C,499.99,31.07,345.79,0.463
CSCCCCO,650,36.58,371.21,0.331
CCOCC(C)O,614.49,36.11,358.49,0.554
CCOC(C)CO,614.49,36.19,357.73,0.554
CC(C)OCCO,614.49,36.12,358.39,0.554
COC(C)CCO,614.49,37.08,349.1,0.554
CCOCCCO,614.49,36.17,357.92,0.554
CCC(O)COC,614.49,36.26,356.97,0.554
CC(C)(CO)CO,754.49,43.72,363.53,0.554
CCCC(O)CO,754.49,42.49,374.09,0.554
CCC(O)CCO,754.49,43.44,365.91,0.554
CC(O)CCCO,754.49,43.54,365.02,0.554
OCCCCCO,754.49,43.84,362.51,0.554
CCC(O)C(C)O,754.49,43.09,368.83,0.554
CC[C@@H](O)[C@H](C)O,754.49,43.72,363.53,0.554
CC(O)CC(C)O,754.49,42.23,376.33,0.554
C[C@@H](O)C[C@@H](C)O,754.49,43.72,363.53,0.554
C[C@H](O)C[C@H](C)O,754.49,43.72,363.53,0.554
C[C@H](O)C[C@@H](C)O,754.49,43.72,363.53,0.554
CCC(C)(O)CO,754.49,43.72,363.53,0.554
CC(O)C(C)CO,754.49,43.69,363.74,0.554
CC(CO)CCO,754.49,43.72,363.53,0.554
CC(O)C(C)(C)O,754.49,42.52,373.76,0.554
CC(C)C(O)CO,754.49,44.09,360.47,0.554
CC(C)(O)CCO,754.49,41.25,385.28,0.554
CCC(CO)CO,754.49,43.72,363.53,0.554
CCOCOCC,524,31.63,349,0.554
COCCOCCO,630,35.45,367,0.635
OCC(CO)(CO)CO,780,41.44,381,0.709
CCCCCS,589.61,33.53,374.65,0.296
CCC(S)CC,589.61,33.46,375.46,0.296
CCC(C)CS,589.61,33.72,372.55,0.296
CC[C@H](C)CS,589.61,33.72,372.52,0.296
CC(C)CCS,589.61,33.22,378.12,0.296
CCC(C)(C)S,589.61,32.72,383.98,0.296
CC(C)C(C)S,589.61,33.44,375.71,0.296
CC(C)(C)CS,589.61,32.92,381.58,0.296
CCCCSC,589.61,33.53,374.65,0.296
CCCSCC,589.61,33.24,377.9,0.296
CCC(C)SC,589.61,33,380.64,0.296
CSCC(C)C,589.61,33.12,379.37,0.296
CCSC(C)C,589.61,32.67,384.6,0.296
CSC(C)(C)C,589.61,32.69,384.26,0.296
SCCCCCS,725.27,36.2,410.26,0.364
CC(S)CCCS,725.27,36.35,408.47,0.364
CCC(S)CCS,725.27,36.35,408.47,0.364
CCCC(S)CS,725.27,36.35,408.47,0.364
CCCCSSC,670.27,32.43,423.18,0.364
CCCSSCC,670.27,32.43,423.18,0.364
CCSCSCC,670.27,32.43,423.18,0.364
CCCSCSC,670.27,32.43,423.18,0.364
CCSSC(C)C,670.27,32.43,423.18,0.364
CSCCCSC,670.27,33.25,412.69,0.364
CCCCCN,557.66,37.28,329.34,0.364
CCCC(C)N,557.66,36.36,337.63,0.364
CCC(C)CN,557.66,37.19,330.13,0.364
CC(C)CCN,557.66,36.93,332.41,0.364
CCC(C)(C)N,557.66,35.89,342.08,0.364
CC(C)C(C)N,557.66,37.4,328.28,0.364
CC(C)(C)CN,557.66,35.92,341.81,0.364
CCC(N)CC,557.66,37.14,330.55,0.364
CC[C@H](C)CN,557.66,36.86,333.06,0.364
CCCCNC,517.66,33.34,341.86,0.364
CNCC(C)C,517.66,32.9,346.43,0.364
CCC(C)NC,517.66,32.9,346.43,0.364
CNC(C)(C)C,517.66,33.45,340.74,0.364
CCCNCC,517.66,33.26,342.66,0.364
CCNC(C)C,517.66,32.9,346.43,0.364
CCN(C)CC,517.66,31.89,357.36,0.364
CCCN(C)C,517.66,31.56,361.12,0.364
CC(C)N(C)C,517.66,32.38,351.93,0.364
CC[SiH](C)CC,529.52,27.84,430.3,0.222
CC(C)[SiH](C)C,529.52,28.75,416.79,0.222
Clc1c(Cl)c(Cl)c(Cl)c(Cl)c1Cl,825,28.94,526,0.42
FC(F)=C(F)C(F)(F)C(F)(F)C(F)(F)C(F)(F)F,586.39,22.39,463.35,0.507
FC(F)(F)C(F)(C(F)(F)F)C(F)(C(F)(F)F)C(F)(F)F,512.68,14.84,582.95,0.547
FC(F)(F)C(F)(F)C(F)(F)C(F)(F)C(F)(F)C(F)(F)F,512.68,14.84,582.95,0.547
FC(F)(F)C(F)(F)C(F)(F)C(F)(C(F)(F)F)C(F)(F)F,512.68,15.44,560.18,0.547
FC(F)(F)C(F)(F)C(F)(C(F)(F)F)C(F)(F)C(F)(F)F,512.68,14.84,582.95,0.547
Clc1cc(Cl)c(Cl)c(Cl)c1Cl,791.17,29.96,508.5,0.479
Ic1cc(I)c(I)c(I)c1I,1160.01,17.8,761.73,0.722
Clc1ccc(Cl)c(Cl)c1Cl,772.88,36.41,426.65,0.433
Clc1cc(Cl)c(Cl)c(Cl)c1,761.15,35.86,426.65,0.433
Clc1cc(Cl)c(Cl)cc1Cl,759.69,44.22,345.33,0.433
Ic1ccc(I)c(I)c1I,1064.89,22.14,657.37,0.64
Ic1cc(I)c(I)c(I)c1,1064.89,22.14,657.37,0.64
Ic1cc(I)c(I)cc1I,1064.89,22.14,657.37,0.64
O=[N+]([O-])c1ccc(Cl)c([N+](=O)[O-])c1,813.77,34.79,478,0.484
O=[N+]([O-])c1ccc(Cl)c(Cl)c1,758,36,436,0.468
Clc1ccc(Cl)c(Cl)c1,707.42,37.52,395.57,0.382
Clc1cccc(Cl)c1Cl,714.47,38.03,394.16,0.382
Clc1cc(Cl)cc(Cl)c1,699.66,37.23,394.34,0.382
Fc1ccc(F)c(F)c1,528.98,43.55,264.81,0.283
Fc1cc(F)cc(F)c1,528.98,44.09,261.58,0.283
Fc1cccc(F)c1F,528.98,44.21,260.84,0.283
Ic1cccc(I)c1I,950.7,27.34,555.7,0.545
Ic1ccc(I)c(I)c1,950.7,27.34,555.7,0.545
Ic1cc(I)cc(I)c1,950.7,27.34,555.7,0.545
O=[N+]([O-])c1cc([N+](=O)[O-])cc([N+](=O)[O-])c1,846,33.25,479,0.599
Brc1cccc(Br)c1,747.03,42.24,389.09,0.519
Brc1ccccc1Br,747.03,43.21,380.33,0.519
Brc1ccc(Br)cc1,747.03,50.54,325.18,0.519
O=[N+]([O-])c1cccc(Cl)c1,742,37.12,432,0.413
O=[N+]([O-])c1ccccc1Cl,757,37.87,432,0.413
O=[N+]([O-])c1ccc(Cl)cc1,751,37.57,432,0.413
Clc1ccccc1Cl,705,45.18,341.71,0.324
Clc1cccc(Cl)c1,,,347.47,0.324
Clc1ccc(Cl)cc1,,,359.37,0.324
Fc1cccc(F)c1,505.51,45.86,245.74,0.264
Fc1ccccc1F,505.51,45.29,248.82,0.264
Fc1ccc(F)cc1,505.51,45.86,245.74,0.264
Ic1ccccc1I,865.23,37.09,436.08,0.429
Ic1cccc(I)c1,834.28,34.84,447.54,0.429
Ic1ccc(I)cc1,834.28,35.44,440.05,0.429
N#Cc1cccnc1,703,44.05,344,0.406
O=[N+]([O-])c1cccc([N+](=O)[O-])c1,797.43,41.38,383.65,0.53
O=[N+]([O-])c1ccccc1[N+](=O)[O-],797.43,33.23,477.78,0.53
O=[N+]([O-])c1ccc([N+](=O)[O-])cc1,797.43,42.96,369.56,0.53
O=C1C=CC(=O)C=C1,683,49.2,291,0.575
Oc1cccc(Cl)c1,729,51.05,320,0.359
Oc1ccccc1Cl,675,46.54,325,0.359
Oc1ccc(Cl)cc1,738,50.88,325,0.359
O=S(=O)(O)c1ccc(Cl)cc1,613.2,29.58,429,
Nc1ccc(Cl)c(Cl)c1,800,42.04,409,0.42
Cl[Si](Cl)(Cl)c1ccccc1,688,29.6,499,0.396
O=[N+]([O-])c1ccccc1,722.71,44.52,341.8,0.447
O=C(O)c1cccnc1,760,45.85,349,0.447
C=CC#CC=C,544.88,46.41,264.46,0.259
C#CC=CC=C,542.48,45.88,266.29,0.259
C#CCC#CC,536.42,46.84,257.95,0.259
C#CCCC#C,543.89,46.11,265.69,0.259
CC#CC#CC,605.23,52.11,261.57,0.259
C#CC#CCC,550.96,47.27,262.51,0.259
Nc1cccc(Cl)c1,751,46.29,364,0.357
Nc1ccccc1Cl,722,44.5,364,0.357
Nc1ccc(Cl)cc1,754,46.47,364,0.357
N#C/C=C\CCC#N,796,43.66,392,0.411
N#C/C=C/CCC#N,766,42.02,392,0.411
N#CC/C=C/CC#N,755,38.11,426,0.411
Nc1cccc([N+](=O)[O-])c1,815,33.4,504.2,0.477
Nc1ccccc1[N+](=O)[O-],784,32.15,503.93,0.477
Nc1ccc([N+](=O)[O-])cc1,851,34.89,504.07,0.477
O=[N+]([O-])Nc1ccccc1,816.67,33.48,504.07,0.477
N#CCN(CC#N)CC#N,823,35.24,485,0.47
Oc1ccccc1O,764,53.25,300,0.585
Oc1cccc(O)c1,810,56.46,300,0.585
Oc1ccc(O)cc1,823,57.36,300,0.585
Oc1cccc(O)c1O,830,53.5,318,0.663
O=S(=O)(O)c1ccccc1,860,43.88,386,0.801
Sc1ccccc1,,,297.72,0.31
Cc1cccnc1,,,322.5,0.379
Cc1ccccn1,631.45,42.63,323.73,0.379
CC1=CC=CC1,528.97,42.4,280.28,0.265
C1=CCCC=C1,536.52,43.64,276.24,0.265
C1=CCC=CC1,528.97,43.65,272.29,0.265
C=C/C=C/C=C,535.53,42.23,284.88,0.265
C=C/C=C\C=C,532.57,40.68,294.15,0.265
C=CC#CCC,542.44,40.82,298.56,0.265
C=CCC#CC,536.02,41.49,290.27,0.265
C#CCCC=C,536.02,41.36,291.18,0.265
CC#CC=CC,544.13,42.38,288.46,0.265
C=C(C)C#CC,536.02,41.69,288.85,0.265
C#CC(C)=CC,519.6,38.46,303.51,0.265
C=CC=CC=C,535.11,42.21,284.83,0.265
N#CCCCCC#N,781,41.26,406,0.415
CC(C#N)CCC#N,742,39.39,404,0.415
Nc1cccc(N)c1,824,46.88,377,0.415
Nc1ccccc1N,781,53.18,315,0.415
Nc1ccc(N)cc1,796,53.86,317,0.415
NNc1ccccc1,761,39.05,418,0.415
N#CCCOCCC#N,783,43.67,377,0.45
CCc1ccco1,550.13,37.59,311.38,0.51
CCc1ccoc1,550.13,37.41,312.91,0.51
Cc1ccoc1C,550.13,37.41,312.91,0.51
Cc1coc(C)c1,550.13,37.47,312.42,0.51
Cc1ccc(C)o1,550.13,36.92,317.07,0.51
Cc1cocc1C,550.13,40.3,,0.51
COC(=O)/C=C\C(=O)OC,675,33.57,403,0.744
O=C1O[C@H]([C@@H](O)CO)C(O)=C1O,783,44.49,339,0.87
O=C(O)CC(O)(CC(=O)O)C(=O)O,822,36.98,419.68,0.928
CCc1cccs1,628.14,39.45,335.94,0.314
CCc1ccsc1,628.14,39.69,333.87,0.314
Cc1ccsc1C,628.14,39.88,332.3,0.314
Cc1csc(C)c1,628.14,39.57,334.92,0.314
Cc1ccc(C)s1,628.14,39.06,339.28,0.314
Cc1cscc1C,628.14,40.17,329.92,0.314
C=CC(Cl)=CCC,600.81,35.71,382.64,0.334
CCC(C)=C=CCl,600.81,36.5,374.4,0.334
CCCCC(Cl)=C(Cl)Cl,655.31,27.11,503.3,0.291
Cc1c[nH]c(C)c1,695.97,44.21,343.15,0.384
Cc1ccc(C)[nH]1,695.97,44.89,338,0.384
CCn1cccc1,695.97,42.91,353.55,0.384
CCc1ccc[nH]1,695.97,43.1,352,0.384
C=CCCCC#N,655.97,38.33,373.07,0.384
CC1=CCCC1,530.53,39.4,301.76,0.271
CC1C=CCC1,530.53,38.37,309.89,0.271
CC1CC=CC1,530.53,38.61,307.94,0.271
C1=CCCCC1,,,296.41,0.271
C=CC=CCC,515.53,38.11,303.18,0.271
C=C=CCCC,515.53,37.66,306.79,0.271
C=C/C=C\CC,515.53,37.01,312.16,0.271
C=C/C=C/CC,515.53,37.01,312.16,0.271
C=CCC=CC,515.53,37.01,312.16,0.271
C=CC/C=C\C,515.53,36.69,314.86,0.271
C=CC/C=C/C,515.53,36.69,314.86,0.271
C=CCCC=C,,,318.71,0.271
CC=C=CCC,515.53,35.43,326.09,0.271
CC=CC=CC,515.53,38.26,301.99,0.271
C/C=C\C=C\C,515.53,38.22,302.29,0.271
C/C=C\C=C/C,515.53,37.96,304.32,0.271
C/C=C/C=C/C,515.53,37.65,306.9,0.271
C=C=C(C)CC,515.53,37.65,306.9,0.271
C=C=CC(C)C,515.53,37.2,310.57,0.271
C=C(C)C=CC,515.53,38.28,301.79,0.271
C=CC(C)=CC,515.53,38.92,296.83,0.271
C=C(C)/C=C\C,515.53,37.9,304.83,0.271
C=C(C)/C=C/C,515.53,37.9,304.83,0.271
C=C/C(C)=C\C,515.53,38.92,296.83,0.271
C=C/C(C)=C/C,515.53,38.92,296.83,0.271
C=CC=C(C)C,515.53,37.9,304.83,0.271
C=CCC(=C)C,515.53,36.31,318.15,0.271
C=CC(C)C=C,515.53,36.38,317.6,0.271
CC=C=C(C)C,515.53,37.39,308.98,0.271
C=CC(=C)CC,515.53,37.77,305.86,0.271
C=C(C)C(=C)C,515.53,38.47,300.29,0.271
C#CCCCC,515.53,35.33,326.98,0.271
CC#CCCC,515.53,36.23,318.9,0.271
CCC#CCC,515.53,35.69,323.71,0.271
C#CC(C)CC,515.53,34.86,331.45,0.271
C#CCC(C)C,515.53,34.5,334.87,0.271
CC#CC(C)C,515.53,35.27,327.53,0.271
C#CC(C)(C)C,515.53,32.67,353.63,0.271
CCCC/C(Cl)=C/Cl,634.18,30.78,447.83,0.365
CCCC/C(Cl)=C\Cl,634.18,32,430.8,0.365
CC(=O)C=C(C)C,600,35.87,355,0.521
CCC(=C=O)CC,613.82,36.99,352.14,0.521
CCC=CC(C)=O,613.82,38.84,335.37,0.521
CC=CCC(C)=O,613.82,38.12,341.75,0.521
CC=CC(=O)CC,613.82,38.33,339.89,0.521
C=CCCC(C)=O,613.82,37.1,351.13,0.521
CC/C=C/C(C)=O,613.82,38.9,334.9,0.521
C=C(C)C(=O)CC,613.82,38.17,341.27,0.521
C=C(C)CC(C)=O,613.82,37.53,347.08,0.521
CC=C(C)C(C)=O,613.82,39.7,328.11,0.521
CCCC=CC=O,653.82,38.37,361.68,0.521
CCC/C=C/C=O,653.82,38.56,359.89,0.521
CCC=CCC=O,653.82,38.57,359.74,0.521
CC/C=C\CC=O,653.82,37.47,370.34,0.521
CC/C=C/CC=O,653.82,37.47,370.34,0.521
CC=CCCC=O,653.82,38.57,359.74,0.521
CCC=C(C)C=O,653.82,39.21,353.87,0.521
CC/C=C(\C)C=O,653.82,39.21,353.87,0.521
CCC(C)=CC=O,653.82,38.57,359.74,0.521
CC(C)C=CC=O,653.82,39.32,352.88,0.521
CC(C)=CCC=O,653.82,38.57,359.74,0.521
C/C=C(/C=O)CC,653.82,38.57,359.74,0.521
O=C1CCCCC1,,,300.73,
CCCC=CC(=O)O,681.34,35.87,395.2,0.605
CCC/C=C/C(=O)O,681.34,35.87,395.2,0.605
CCC=CCC(=O)O,681.34,34.95,405.56,0.605
CC/C=C/CC(=O)O,681.34,34.95,405.56,0.605
C=CCCCC(=O)O,681.34,34.82,407.08,0.605
CCC=C(C)C(=O)O,681.34,35.36,400.83,0.605
CC/C=C(\C)C(=O)O,681.34,35.44,400.02,0.605
CC/C(C)=C\C(=O)O,681.34,35.78,396.17,0.605
CC(C)C=CC(=O)O,681.34,34.47,411.23,0.605
CC=CC(C)C(=O)O,681.34,35.04,404.55,0.605
C=C(CCC)C(=O)O,681.34,35.58,398.45,0.605
C=CCC(C)C(=O)O,681.34,34.34,412.74,0.605
C=CC(C)(C)C(=O)O,681.34,34.64,409.27,0.605
C/C=C(\CC)C(=O)O,681.34,34.68,408.71,0.605
O=C1CCCCCO1,771,45.57,352,0.605
C=C(C)C(=O)OCC,561.34,30.07,388.37,0.605
C=CC(=O)OCCC,561.34,29.75,392.51,0.605
CC=CCOC(C)=O,561.34,30.52,382.69,0.605
C=CCOC(=O)CC,561.34,30.31,385.31,0.605
C=CCC(=O)OCC,561.34,30.24,386.22,0.605
C/C=C\C(=O)OCC,561.34,30.48,383.2,0.605
CC=CC(=O)OCC,561.34,30.45,383.55,0.605
C/C=C/C(=O)OCC,561.34,30.45,383.55,0.605
C=COC(=O)CCC,561.34,29.78,392.2,0.605
C=COC(=O)C(C)C,561.34,29.48,396.1,0.605
CC=C(C)C(=O)OC,561.34,31.14,375,0.605
COC(=O)C=C(C)C,561.34,31.1,375.57,0.605
C=CC(=O)OC(C)C,561.34,29.18,400.16,0.605
CC/C=C/C(=O)OC,561.34,30.2,386.69,0.605
C/C=C/CC(=O)OC,561.34,30.95,377.37,0.605
C=CCOCC1CO1,629,35.76,366,0.605
CCC(=O)CC(C)=O,629,35.76,366,0.605
CCC(=O)C(=O)CC,629,35.76,366,0.605
CC(=O)CCC(C)=O,629,35.76,366,0.605
CCCC(=O)C(C)=O,629,35.76,366,0.605
CC(=O)C(C)C(C)=O,629,35.76,366,0.605
COC1CCC=CO1,599,37.65,331,0.605
CCOC(=O)CC(C)=O,643,33.54,391,0.682
CCC(=O)OC(=O)CC,623,32.09,396,0.682
C=C(C)C(=O)OCCO,677,35.04,394,0.682
O=C(O)CCCCC(=O)O,809,35.59,454.45,0.752
CCOC(=O)C(=O)OCC,,,,0.752
CC(=O)OCCOC(C)=O,653,31.38,416,0.752
CC(=O)OC(C)OC(C)=O,635,31.27,406,0.752
CC(C(=O)O)C(C)C(=O)O,809,38.53,419.84,0.752
COC(=O)CCC(=O)OC,657,30.98,424,0.752
CC(CC(=O)O)CC(=O)O,809,38.53,419.84,0.752
CC(C)(CC(=O)O)C(=O)O,809,38.53,419.84,0.752
CC(CCC(=O)O)C(=O)O,809,38.53,419.84,0.752
CCCC(C(=O)O)C(=O)O,809,38.53,419.84,0.752
CCCCC=CBr,619.8,35.26,423.43,0.491
CCCC/C=C\Br,619.8,35.26,423.43,0.491
CCCC/C=C/Br,619.8,35.26,423.43,0.491
C=C(Br)CCCC,619.8,36.29,411.37,0.491
C=CCCC(C)Br,619.8,36.29,411.37,0.491
C=CCCCCBr,619.8,36.51,408.89,0.491
CCCC=CCBr,619.8,36.29,411.37,0.491
CC=CC(Br)CC,619.8,36.29,411.37,0.491
CC=CCCCBr,619.8,36.29,411.37,0.491
CC(C)=CCCBr,619.8,36.51,408.89,0.491
CCCCC=CCl,604.23,35.23,389.12,0.338
CCCC/C=C\Cl,604.23,35.23,389.12,0.338
CCCC/C=C/Cl,604.23,35.23,389.12,0.338
C=C(Cl)CCCC,604.23,35.23,389.12,0.338
C=CCCC(C)Cl,604.23,35.23,389.12,0.338
CC=C(Cl)CCC,604.23,35.23,389.12,0.338
CC=CC(Cl)CC,604.23,35.23,389.12,0.338
CC(C)=C(C)CCl,604.23,35.23,389.12,0.338
CCC=CCCCl,604.23,35.23,389.12,0.338
CC/C=C(\Cl)CC,604.23,35.23,389.12,0.338
C=C(C)C(Cl)CC,604.23,35.23,389.12,0.338
CC(C)=CCCCl,604.23,35.23,389.12,0.338
CCCCCC(Cl)(Cl)Cl,638.09,23.5,563.94,0.295
CCCC/C=C\F,481.18,34.18,318.56,0.231
CCCC/C=C/F,481.18,34.18,318.56,0.231
CCCCCC(F)(F)F,457.96,26.06,379.23,0.341
CCCC/C=C\I,665.35,29.3,492.67,0.285
CCCC/C=C/I,665.35,29.3,492.67,0.285
IC1CCCCC1,705.33,35.56,430.31,0.285
CCCCCC#N,,,398.68,0.389
CCCC(C)C#N,665.43,35.64,405.97,0.389
CCC(C#N)CC,665.43,36.08,401.03,0.389
CCC(C)CC#N,665.43,36.35,398.03,0.389
CC(C)CCC#N,665.43,36.2,399.7,0.389
CCC(C)(C)C#N,665.43,34.85,415.24,0.389
CC(C)C(C)C#N,665.43,35.87,403.33,0.389
CC(C)(C)CC#N,665.43,36.96,391.51,0.389
[C-]#[N+]CCCCC,665.43,36.56,395.72,0.389
O=C1CCCCCN1,806,48.26,356,0.426
ON=C1CCCCC1,715,41.3,369,0.426
C=CCCCC[N+](=O)[O-],733.77,30.65,500.29,0.46
CCCC=C(C)[N+](=O)[O-],733.77,33.16,462.34,0.46
CCC=C(CC)[N+](=O)[O-],733.77,33.16,462.34,0.46
CCC1(C)CC1,507.94,35.06,323.9,0.276
CC[C@H]1C[C@H]1C,518.53,36.58,316.9,0.276
CC[C@@H]1C[C@H]1C,505.8,34.41,328.59,0.276
CC1CC1(C)C,504.34,34.38,327.9,0.276
C[C@H]1[C@@H](C)[C@H]1C,520.06,36.9,315.08,0.276
C[C@H]1[C@H](C)[C@H]1C,510.4,34.99,326.08,0.276
CCCC1CC1,520.15,36.48,318.73,0.276
CC(C)C1CC1,506.65,34,,0.276
CC1(C)CCC1,514.04,34.69,331.2,0.276
C[C@@H]1CC[C@@H]1C,525.83,36.88,318.74,0.276
C[C@@H]1CC[C@H]1C,513.5,34.66,331.2,0.276
C[C@H]1C[C@H](C)C1,509.64,33.76,337.49,0.276
CCC1CCC1,528.1,36.56,322.87,0.276
CC=CCCC,505.47,31.65,356.99,0.276
C/C=C\CCC,505.47,31.93,353.86,0.276
C/C=C/CCC,505.47,31.37,360.18,0.276
CCC=CCC,505.47,32,353.14,0.276
CC/C=C\CC,505.47,31.48,358.9,0.276
CC/C=C/CC,505.47,31.37,360.18,0.276
C=C(C)CCC,505.47,31.48,358.9,0.276
C=CC(C)CC,505.47,30.81,366.71,0.276
C=CCC(C)C,505.47,30.59,369.38,0.276
CC=CC(C)C,505.47,31.26,361.47,0.276
C/C=C\C(C)C,505.47,30.92,365.38,0.276
C/C=C/C(C)C,505.47,30.87,366.04,0.276
CCC=C(C)C,505.47,31.82,355.11,0.276
CC=C(C)CC,505.47,32.78,344.75,0.276
C/C=C(/C)CC,505.47,32.27,350.16,0.276
C/C=C(\C)CC,505.47,32.49,347.74,0.276
C=C(C)C(C)C,505.47,31.37,360.18,0.276
CC(C)=C(C)C,505.47,33.06,341.81,0.276
C=CC(C)(C)C,505.47,29.98,376.92,0.276
C=C(CC)CC,505.47,32.04,352.62,0.276
CCCCCC(Br)Br,706.43,28.98,530.95,0.393
CCCCC(Br)CBr,706.43,29.37,523.93,0.393
CCC(Br)CCCBr,706.43,29.92,514.29,0.393
CC(Br)CCCCBr,706.43,29.09,528.91,0.393
BrCCCCCCBr,706.43,30.1,511.22,0.393
CCCCC(C)(Br)Br,706.43,30.97,496.85,0.393
CCCC(Br)C(C)Br,706.43,29.45,522.42,0.393
CC(Br)CCC(C)Br,706.43,30.97,496.85,0.393
C[C@@H](Br)CC[C@@H](C)Br,706.43,29.4,523.37,0.393
CCC(Br)C(Br)CC,706.43,29.74,517.39,0.393
CC(C)C(C)(Br)CBr,706.43,29.95,513.79,0.393
CC(C)(C)C(Br)CBr,706.43,30.1,511.22,0.393
CC(CBr)C(C)CBr,706.43,30.32,507.44,0.393
CC(CCBr)CCBr,706.43,29.43,522.89,0.393
CC(C)(Br)C(C)(C)Br,706.43,30.97,496.85,0.393
FCCCCCCCl,638.77,37.84,373.6,0.239
CCCCCC(Cl)Cl,647.39,28.91,485.58,0.368
CCCCC(Cl)CCl,647.39,30.98,453.01,0.368
CCCC(Cl)CCCl,647.39,30.83,455.27,0.368
CCC(Cl)CCCCl,647.39,30.83,455.27,0.368
ClCCCCCCCl,647.39,30.39,461.88,0.368
CCCCC(C)(Cl)Cl,647.39,28.6,490.75,0.368
CCCC(Cl)C(C)Cl,647.39,29.88,469.74,0.368
C[C@@H](Cl)CC[C@@H](C)Cl,647.39,29.7,472.59,0.368
C[C@H](Cl)CC[C@@H](C)Cl,647.39,30.83,455.27,0.368
CC(C)(C)CC(Cl)Cl,647.39,29.01,483.88,0.368
CC(C)(C)C(C)(Cl)Cl,647.39,30.83,455.27,0.368
CCCCCC(F)F,520.94,33.06,347.76,0.363
CCCCCC(I)I,831.78,26.65,577.63,0.437
ICCCCCCI,831.78,26.65,577.63,0.437
C1CN2CCN1CC2,655,36.59,382,0.424
N#CCCCCCN,697,33.73,441,0.424
C1N2CN3CN1CN(C2)C3,837,42.91,402,0.481
C=COCCCC,537.45,30.32,375.27,0.532
C=COC(C)CC,537.45,30.2,376.73,0.532
C=COC(C)(C)C,537.45,30.09,378.14,0.532
C=COCC(C)C,537.45,29.87,380.88,0.532
C=CCOC(C)C,537.45,30.43,373.88,0.532
C=CCOCCC,537.45,30.43,373.88,0.532
CC1(O)CCCC1,647.45,40.15,341.35,0.532
C[C@H]1CCC[C@H]1O,647.45,41.94,326.78,0.532
C[C@@H]1CCC[C@H]1O,647.45,41.24,332.34,0.532
CC1CCC(O)C1,647.45,40.76,336.26,0.532
OC1CCCCC1,,,317.77,
CCCCCC=O,,,372.1,
CCCC(C)C=O,596.45,33.83,373.2,0.532
CCC(C)CC=O,596.45,33.83,373.28,0.532
CC(C)CCC=O,596.45,33.83,373.28,0.532
CCC(C=O)CC,596.45,34.14,369.9,0.532
CCC(C)(C)C=O,596.45,33.48,377.12,0.532
CC(C)C(C)C=O,596.45,33.83,373.28,0.532
CC(C)(C)CC=O,596.45,33.83,373.28,0.532
CCC(C)C(C)=O,587.45,33.27,373.76,0.532
CC(=O)CC(C)C,,,379.96,
CCC1CCCO1,582.45,37.13,332.09,0.532
CCC1CCOC1,582.45,36.01,342.37,0.532
CC1(C)CCCO1,582.45,36.01,342.37,0.532
CC1COC(C)C1,582.45,36.01,342.37,0.532
CC1CCC(C)O1,582.45,36.01,342.37,0.532
CC1(C)CCOC1,582.45,36.01,342.37,0.532
CC1COCC1C,582.45,36.01,342.37,0.532
CC(=O)C(C)(C)C,587.45,32.98,377.06,0.532
CCC(=O)C(C)C,587.45,33.22,374.31,0.532
CCCC=CCO,627.45,37.5,354.18,0.532
CCC/C=C\CO,627.45,37.82,351.18,0.532
CCC/C=C/CO,627.45,37.5,354.18,0.532
CCC=CCCO,627.45,37.72,352.18,0.532
CC/C=C\CCO,627.45,37.72,352.18,0.532
CC/C=C/CCO,627.45,37.34,355.7,0.532
CC=CCCCO,627.45,37.89,350.54,0.532
C/C=C/CCCO,627.45,37.89,350.54,0.532
C=CCCCCO,627.45,39.03,340.34,0.532
CCC=CC(C)O,627.45,37.77,351.71,0.532
CCC=C(C)CO,627.45,37.77,351.71,0.532
CC(C)C=CCO,627.45,37.77,351.71,0.532
CC=CCC(C)O,627.45,37.77,351.71,0.532
CC=CC(C)CO,627.45,37.77,351.71,0.532
CC=C(C)CCO,627.45,37.77,351.71,0.532
CC(C)=CCCO,627.45,38.25,347.26,0.532
C=CCCC(C)O,627.45,37.77,351.71,0.532
C=CC(O)C(C)C,627.45,37.77,351.71,0.532
C=C(C)CC(C)O,627.45,37.77,351.71,0.532
C=CC(C)(O)CC,627.45,37.18,357.23,0.532
C=CC(O)CCC,627.45,36.97,359.28,0.532
CC=CC(O)CC,627.45,37.77,351.71,0.532
CCCC(C)C(=O)O,654.61,33.71,403.02,0.615
CCC(C)CC(=O)O,654.61,33.5,405.53,0.615
CC(C)CCC(=O)O,654.61,33.34,407.48,0.615
CCC(C)(C)C(=O)O,654.61,33.56,404.8,0.615
CC(C)C(C)C(=O)O,654.61,33.56,404.85,0.615
CC(C)(C)CC(=O)O,654.61,32.9,412.9,0.615
CCC(CC)C(=O)O,654.61,33.19,409.35,0.615
CCCCCOC=O,,,401.88,
CCCC(C)OC=O,564.61,29.21,401.16,0.615
CCC(C)COC=O,564.61,29.21,401.16,0.615
CCC(C)(C)OC=O,564.61,29.26,400.41,0.615
CC(C)C(C)OC=O,564.61,29.21,401.16,0.615
CC(C)(C)COC=O,564.61,29.21,401.16,0.615
CC(C)CCOC=O,564.61,28.89,405.52,0.615
CCC(CC)OC=O,564.61,28.89,405.52,0.615
CCCCOC(C)=O,,,404.63,
CCC(C)OC(C)=O,564.61,28.64,409.11,0.615
CC(=O)OCC(C)C,,,408.55,
CC(=O)OC(C)(C)C,564.61,28.36,413.11,0.615
CCCOC(=O)CC,,,404.08,
CCC(=O)OC(C)C,,,407.42,0.615
CCCC(=O)OCC,,,405.75,0.615
CCOC(=O)C(C)C,,,411.96,
CCCCC(=O)OC,564.61,29.32,399.7,0.615
COC(=O)CC(C)C,564.61,29.12,402.43,0.615
CCC(C)C(=O)OC,564.61,28.84,406.3,0.615
OOC1CCCCC1,685,41.57,342,0.615
CC(=O)CC(C)(C)O,606,32.5,387,0.615
CCCCC(O)C(=O)O,730,34.14,435,0.691
CC1OC(C)OC(C)O1,579,32.27,365,0.691
CCC(O)(CC)C(=O)O,579,26.55,443.67,0.691
CC(C)C[C@H](O)C(=O)O,683,31.32,443.67,0.691
COCC(C)OC(C)=O,,,421,
O=C[C@H](O)[C@@H](O)[C@H](O)[C@H](O)CO,755,34.95,414,0.885
O[C@H]1[C@H](O)[C@@H](O)[C@H](O)[C@@H](O)[C@H]1O,850,39.54,412,0.885
C1CCCSCC1,640.07,34.32,391.5,0.323
CCC1CCCS1,684.72,38.58,372.54,0.323
CCC1CCSC1,684.72,38.88,369.7,0.323
CC1(C)CCCS1,684.72,37.53,382.94,0.323
C[C@@H]1CCS[C@@H]1C,684.72,37.53,382.94,0.323
C[C@@H]1CCS[C@H]1C,684.72,37.53,382.94,0.323
C[C@@H]1CS[C@H](C)C1,684.72,37.53,382.94,0.323
C[C@@H]1CS[C@@H](C)C1,684.72,37.53,382.94,0.323
C[C@@H]1CC[C@H](C)S1,684.72,37.53,382.94,0.323
C[C@@H]1CC[C@@H](C)S1,684.72,37.36,384.7,0.323
CC1(C)CCSC1,684.72,37.36,384.7,0.323
C[C@@H]1CSC[C@@H]1C,684.72,37.36,384.7,0.323
C[C@@H]1CSC[C@H]1C,684.72,37.36,384.7,0.323
CC1CCCCS1,684.72,38.54,372.97,0.323
CC1CCCSC1,684.72,38.78,370.64,0.323
CC1CCSCC1,684.72,38.76,370.78,0.323
SC1CCCCC1,664,39.26,355,0.323
CCCCCCBr,602.87,31.69,457.05,0.498
CCCCC(C)Br,602.87,31.4,461.27,0.498
CCCC(Br)CC,602.87,31.64,457.76,0.498
CCCC(C)CBr,602.87,31.8,455.51,0.498
CCC(C)CCBr,602.87,31.96,453.19,0.498
CC(C)CCCBr,602.87,31.49,460.03,0.498
CCCC(C)(C)Br,602.87,31.88,454.3,0.498
CCC(C)C(C)Br,602.87,31.73,456.45,0.498
CC(C)CC(C)Br,602.87,31.11,465.55,0.498
CCC(Br)C(C)C,602.87,31.73,456.45,0.498
CCC(C)(Br)CC,602.87,31.96,453.14,0.498
CCC(C)(C)CBr,602.87,31.63,457.9,0.498
CC(C)C(C)CBr,602.87,32.38,447.26,0.498
CC(C)(C)CCBr,602.87,31.07,466.13,0.498
CC(C)C(C)(C)Br,602.87,32.07,451.62,0.498
CC(Br)C(C)(C)C,602.87,31.73,456.45,0.498
CCC(CC)CBr,602.87,32.05,451.99,0.498
CCCCCCCl,588.05,30.63,434.47,0.342
CCCCC(C)Cl,588.05,30.27,439.59,0.342
CCCC(Cl)CC,588.05,30.21,440.45,0.342
CCCC(C)CCl,588.05,30.47,436.8,0.342
CCC(C)CCCl,588.05,30.78,432.33,0.342
CC(C)CCCCl,588.05,30.47,436.8,0.342
CCCC(C)(C)Cl,588.05,29.97,444.02,0.342
CCC(C)C(C)Cl,588.05,30.47,436.8,0.342
CC(C)CC(C)Cl,588.05,29.88,445.39,0.342
CCC(Cl)C(C)C,588.05,30.47,436.8,0.342
CCC(C)(Cl)CC,588.05,30.55,435.6,0.342
CCC(CC)CCl,588.05,31.16,427.12,0.342
CCC(C)(C)CCl,588.05,30.66,434.05,0.342
CC(C)C(C)CCl,588.05,27.96,475.91,0.342
CC(C)(C)CCCl,588.05,30.17,441.06,0.342
CC(C)C(C)(C)Cl,588.05,28.09,473.81,0.342
CC(Cl)C(C)(C)C,588.05,30.54,435.78,0.342
CCCCCCF,525.42,34.37,345.06,0.303
CCCCC(C)F,525.42,35.04,338.47,0.303
CCCC(F)CC,525.42,35.04,338.47,0.303
CCCC(C)CF,525.42,35.04,338.47,0.303
CCC(C)CCF,525.42,35.04,338.47,0.303
CC(C)CCCF,525.42,35.04,338.47,0.303
CCCC(C)(C)F,525.42,35.04,338.47,0.303
CCC(C)C(C)F,525.42,35.04,338.47,0.303
CC(C)CC(C)F,525.42,35.04,338.47,0.303
CCC(F)C(C)C,525.42,35.04,338.47,0.303
CCC(C)(F)CC,525.42,35.04,338.47,0.303
CCC(C)(C)CF,525.42,35.04,338.47,0.303
CC(C)C(C)CF,525.42,35.04,338.47,0.303
CC(C)(C)CCF,525.42,35.04,338.47,0.303
CC(C)C(C)(C)F,525.42,35.04,338.47,0.303
CC(F)C(C)(C)C,525.42,35.04,338.47,0.303
CCCCCCI,704.38,30.22,504.47,0.288
CCCCC(C)I,697.25,29.29,515.16,0.288
CCCC(I)CC,697.25,29.49,511.73,0.288
CCCC(C)CI,697.25,29.49,511.73,0.288
CCC(C)CCI,697.25,28.82,523.65,0.288
CC(C)CCCI,697.25,29.53,510.99,0.288
CCCC(C)(C)I,697.25,29.49,511.73,0.288
CCC(C)C(C)I,697.25,29.49,511.73,0.288
CC(C)CC(C)I,697.25,29.49,511.73,0.288
CCC(I)C(C)C,697.25,29.49,511.73,0.288
CCC(C)(I)CC,697.25,29.49,511.73,0.288
CCC(C)(C)CI,697.25,29.49,511.73,0.288
CC(C)C(C)CI,697.25,29.49,511.73,0.288
CC(C)(C)CCI,697.25,29.49,511.73,0.288
CC(C)C(C)(C)I,697.25,30.01,502.79,0.288
CC(I)C(C)(C)C,697.25,29.49,511.73,0.288
NC1CCCCC1,644.82,40.11,348.72,0.394
CC1(N)CCCC1,644.82,36.76,380.5,0.394
CC1CCCC1N,644.82,36.67,381.36,0.394
C1CCCNCC1,624,37.49,361,0.394
CC1CCCN1C,599.82,33.16,392.3,0.394
CC1(C)CCCN1,639.82,35.39,392.12,0.394
CC1CNC(C)C1,639.82,35.84,387.24,0.394
C[C@@H]1CC[C@H](C)N1,639.82,35.36,392.46,0.394
CCN1CCCC1,599.82,32.91,395.29,0.394
CN1CCCCC1,624.82,34.7,390.59,0.394
CC1CCCCN1,624.82,36.11,375.25,0.394
CC1CCCNC1,624.82,36.17,374.72,0.394
CC1CCNCC1,624.82,37.34,362.93,0.394
CC1CCC(C)N1,639.82,34.82,398.57,0.394
C[C@H]1CCCCN1,624.82,35.06,386.55,0.394
CCCCNC(C)=O,700,30.89,481.8,0.431
CCN(CC)C(C)=O,700,31.6,471.05,0.431
CCCCCC[N+](=O)[O-],737.37,29.02,529.53,0.464
CCCCC(C)[N+](=O)[O-],737.37,28.3,543.1,0.464
CCCC(CC)[N+](=O)[O-],737.37,28.74,534.71,0.464
CCC(C)C(C)[N+](=O)[O-],737.37,29.06,528.82,0.464
CCC(C)(C)C[N+](=O)[O-],737.37,29.06,528.82,0.464
CC(C)C(C)C[N+](=O)[O-],737.37,29.63,518.65,0.464
CC(C)C(C)(C)[N+](=O)[O-],737.37,27.8,552.94,0.464
CC([N+](=O)[O-])C(C)(C)C,737.37,29.06,528.82,0.464
CN1CCN(C)CC1,710.7,40,378.23,0.429
C[C@H]1CN[C@@H](C)CN1,710.7,43.03,351.57,0.429
C[C@@H]1CN[C@@H](C)CN1,710.7,43.03,351.57,0.429
C[C@@H]1CNC[C@H](C)N1,710.7,43.03,351.57,0.429
CC1CNC(C)CN1,710.7,43.03,351.57,0.429
CC1CNCC(C)N1,710.7,43.03,351.57,0.429
CCN1CCNCC1,710.7,42.07,359.59,0.429
OCCN1CCNCC1,711,38.44,386,0.462
NCCCC[C@H](N)C(=O)O,821,33.46,502,0.492
CCCC[C@@H](C)O,,,,0.543
CCCC[C@H](C)O,596.03,33.35,,0.543
CCCCC(C)O,,,,0.543
CCCC(O)CC,596.03,32.78,,0.543
CCC[C@H](O)CC,596.03,33.35,,0.543
CCCC(C)CO,,,380.38,
CCC(C)CCO,596.03,32.75,384.27,0.543
CC(C)CC(C)O,,,392.89,0.543
CCC(C)C(C)O,596.03,33.74,,0.543
CCC(O)C(C)C,596.03,33.3,,0.543
CCC(C)(O)CC,,,382.15,
CCC(CC)CO,596.03,33.19,379.28,0.543
CCC(C)(C)CO,596.03,33.47,,0.543
CC(C)C(C)CO,596.03,33.74,,0.543
CC(C)(C)CCO,596.03,33.47,,0.543
CC(C)C(C)(C)O,596.03,33.65,,0.543
CC(O)C(C)(C)C,596.03,33.65,,0.543
CCCC(C)(C)O,596.03,33.35,,0.543
CCCC(C)OC,526.03,28.48,390.07,0.543
CCC(CC)OC,526.03,28.43,390.7,0.543
CCC(C)COC,526.03,28.3,392.59,0.543
COCCC(C)C,526.03,28.34,391.96,0.543
CCC(C)(C)OC,526.03,29.21,380.32,0.543
COC(C)C(C)C,526.03,28.66,387.53,0.543
CCCCOCC,526.03,28.25,393.22,0.543
CCOC(C)CC,526.03,27.92,397.89,0.543
CCOCC(C)C,526.03,27.67,401.42,0.543
CCOC(C)(C)C,526.03,27.79,399.78,0.543
CCCOCCC,,,395.77,
CCCOC(C)C,526.03,27.66,401.61,0.543
COCC(C)(C)C,526.03,28.66,387.59,0.543
CCOC(C)OCC,,,402,
CC(O)COC(C)C,637.84,30.65,430.77,0.625
CC(C)COCCO,637.84,31.11,424.39,0.625
CCCOCC(C)O,637.84,31.05,425.19,0.625
CCOCCOCC,637.84,29.38,449.48,0.625
COC(C)(C)CCO,637.84,32.29,408.91,0.625
CCC(C)OCCO,637.84,31,425.9,0.625
OCCCCCCO,777.84,34.69,464.11,0.625
CCCCC(O)CO,777.84,37.72,426.86,0.625
CCCC(O)CCO,777.84,36.52,440.96,0.625
CCC(O)CCCO,777.84,37.32,431.43,0.625
CC(O)CCCCO,777.84,36.79,437.67,0.625
CCCC(O)C(C)O,777.84,37.99,423.91,0.625
CCC(O)CC(C)O,777.84,36.22,444.52,0.625
CC(O)CCC(C)O,777.84,36.65,439.31,0.625
C[C@@H](O)CC[C@@H](C)O,777.84,37.72,426.86,0.625
C[C@H](O)CC[C@H](C)O,777.84,37.72,426.86,0.625
CCC(O)C(O)CC,777.84,37.72,426.86,0.625
C[C@@H](O)CC(C)(C)O,777.84,35.6,452.26,0.625
CCCC(C)(O)CO,777.84,37.72,426.86,0.625
CCC(O)C(C)CO,777.84,37.72,426.86,0.625
CC(CO)CCCO,777.84,37.72,426.86,0.625
CCC(O)C(C)(C)O,777.84,37.72,426.86,0.625
CCC(C)(O)CCO,777.84,37.72,426.86,0.625
CC(CCO)CCO,777.84,37.72,426.86,0.625
CCC(C)(O)C(C)O,777.84,37.72,426.86,0.625
CC(O)C(C)C(C)O,777.84,36.79,437.67,0.625
CC(C)(O)CCCO,777.84,37.72,426.86,0.625
CC(C)[C@H](O)[C@@H](C)O,777.84,37.72,426.86,0.625
CC(C)[C@H](O)[C@H](C)O,777.84,37.72,426.86,0.625
CCC(O)(CC)CO,777.84,37.72,426.86,0.625
CCC(CO)C(C)O,777.84,36.97,435.5,0.625
CCC(CO)CCO,777.84,37.72,426.86,0.625
CC(O)C(C)(C)CO,777.84,37.72,426.86,0.625
CC(C)(CO)CCO,777.84,37.72,426.86,0.625
CC(C)C(C)(O)CO,777.84,37.72,426.86,0.625
CC(CO)C(C)(C)O,777.84,36.79,437.67,0.625
CC(C)(O)C(C)(C)O,777.84,37.72,426.86,0.625
CC(C)(C)C(O)CO,777.84,37.72,426.86,0.625
CCCC(CO)CO,777.84,37.72,426.86,0.625
CC(C)C(CO)CO,777.84,37.72,426.86,0.625
CCC(C)(CO)CO,777.84,37.72,426.86,0.625
CCCS(=O)(=O)CCC,763,33.16,463,0.39
COCCOCCOC,608,29.24,422,0.7
CC(O)COC(C)CO,654,31.98,415,0.7
CCOCCOCCO,656,30.53,436,0.7
CCC(CO)(CO)CO,709,34.59,416,0.7
OCCOCCOCCO,,,443,0.769
OC[C@@H](O)[C@@H](O)[C@H](O)[C@@H](O)CO,868,34.36,483,0.892
CCCCCCS,612.95,29.4,436.58,0.327
CCCCC(C)S,612.95,29.11,440.87,0.327
CCCC(S)CC,612.95,29.56,434.2,0.327
CCCC(C)CS,612.95,29.56,434.2,0.327
CCC(C)CCS,612.95,29.56,434.2,0.327
CC(C)CCCS,612.95,29.56,434.2,0.327
CCCC(C)(C)S,612.95,29.56,434.2,0.327
CCC(C)C(C)S,612.95,29.56,434.2,0.327
CC(C)CC(C)S,612.95,29.56,434.2,0.327
CC(C)C(C)(C)S,612.95,29.56,434.2,0.327
CCCCCSC,612.95,29.48,435.33,0.327
CCCCSCC,612.95,29.23,439.09,0.327
CCCSCCC,612.95,29.23,439.09,0.327
CC(C)SC(C)C,612.95,28.77,446.15,0.327
CCCC(C)SC,612.95,29.44,435.95,0.327
CCC(C)CSC,612.95,29.44,435.95,0.327
CSCCC(C)C,612.95,29.44,435.95,0.327
CCCSC(C)C,612.95,28.79,445.83,0.327
CCSC(C)CC,612.95,29.13,440.55,0.327
CCSCC(C)C,612.95,28.94,443.5,0.327
CCC(CC)SC,612.95,28.94,443.5,0.327
CCC(C)(C)SC,612.95,28.52,450.03,0.327
CSC(C)C(C)C,612.95,28.52,450.03,0.327
CSCC(C)(C)C,612.95,28.52,450.03,0.327
CCSC(C)(C)C,612.95,28.52,450.03,0.327
SCCCCCCS,744.82,31.43,476.82,0.39
CC(S)CCCCS,744.82,31.98,468.61,0.39
CCC(S)CCCS,744.82,31.98,468.61,0.39
CCCC(S)CCS,744.82,31.98,468.61,0.39
CCCCC(S)CS,744.82,31.98,468.61,0.39
CCCCCSSC,689.82,27.68,501.43,0.39
CCCCSSCC,689.82,28.1,493.92,0.39
CCCSSCCC,689.82,27.93,497.03,0.39
CCCCSCSC,689.82,28.7,483.66,0.39
CCCSCSCC,689.82,28.7,483.66,0.39
CCSCCSCC,689.82,28.7,483.66,0.39
CC(C)SSC(C)C,689.82,27.52,504.3,0.39
CCSSC(C)(C)C,689.82,28.7,483.66,0.39
CCCSSC(C)C,689.82,28.7,483.66,0.39
CC[Al](CC)CC,,,230,0.842
CC[Al](Cl)CC.CC[Al](Cl)Cl,791,70,337.53,
CCCCCCN,589.15,32.88,387.72,0.399
CCCCC(C)N,589.15,32.98,386.5,0.399
CCCC(N)CC,589.15,33.34,382.28,0.399
CCCC(C)CN,589.15,32.98,386.5,0.399
CCC(C)CCN,589.15,33.19,384.08,0.399
CC(C)CCCN,589.15,33.34,382.28,0.399
CCCC(C)(C)N,589.15,31.94,399.02,0.399
CCC(C)C(C)N,589.15,32.31,394.55,0.399
CC(C)CC(C)N,589.15,32.08,397.35,0.399
CCC(N)C(C)C,589.15,32.31,394.55,0.399
CCC(C)(N)CC,589.15,32.82,388.33,0.399
CCC(C)(C)CN,589.15,32.82,388.33,0.399
CC(C)C(C)CN,589.15,32.45,392.85,0.399
CC(C)(C)CCN,589.15,32.82,388.33,0.399
CC(C)C(C)(C)N,589.15,32.82,388.33,0.399
CC(N)C(C)(C)C,589.15,32.82,388.33,0.399
CCC(CC)CN,589.15,32.82,388.33,0.399
CCCCCNC,549.15,29.77,399.08,0.399
CCCC(C)NC,549.15,29.63,400.96,0.399
CCC(C)CNC,549.15,29.63,400.96,0.399
CNCCC(C)C,549.15,29.63,400.96,0.399
CNC(C)C(C)C,549.15,29.63,400.96,0.399
CNCC(C)(C)C,549.15,29.63,400.96,0.399
CCCCNCC,549.15,29.41,403.97,0.399
CCNC(C)CC,549.15,29.15,407.62,0.399
CCNCC(C)C,549.15,29.15,407.56,0.399
CCNC(C)(C)C,549.15,29.15,407.56,0.399
CCCNCCC,,,402.92,
CC(C)NC(C)C,,,419.25,
CCCNC(C)C,549.15,28.83,412.16,0.399
CCCN(C)CC,549.15,28.58,415.74,0.399
CCN(C)C(C)C,549.15,28.74,413.39,0.399
CCCCN(C)C,549.15,28.49,417.07,0.399
CCC(C)N(C)C,549.15,29.34,404.89,0.399
CC(C)CN(C)C,549.15,28.67,414.36,0.399
CN(C)C(C)(C)C,549.15,29.52,402.46,0.399
CC(O)CNCC(C)O,,,454,0.468
OCCN(CCO)CCO,,,472,0.498
NCCN1CCNCC1,708,36.35,407,0.46
CCOP(=O)(OCC)OCC,757,68.4,586,0.414
CC[SiH](CC)CC,568.1,26.24,481.36,0.253
CCC[Si](C)(C)C,550.57,24.99,489.88,0.253
C[SiH](C)C(C)(C)C,571.72,25.15,505.52,0.253
NCCNCCNCCN,718,30.47,482,0.492
C[Si](C)(C)O[Si](C)(C)C,,,601,
C[Si]1(C)O[Si](C)(C)O[Si](C)(C)O1,554.2,16.63,634,0.474
C[Si](C)(C)N[Si](C)(C)C,544,19.2,613,0.51
FC(F)=C(F)C(F)(F)C(F)(F)C(F)(F)C(F)(F)C(F)(F)F,633.55,19.82,531.39,0.56
FC(F)(F)C(F)(F)C(F)(F)C(F)(F)C(F)(F)C(F)(F)C(F)(F)F,556.32,13.35,660.73,0.596
O=[N+]([O-])c1cc(C(F)(F)F)ccc1Cl,686,27.4,490,0.607
FC(F)(F)c1ccc(Cl)cc1Cl,646,28.1,443,0.434
O=C=Nc1ccc(Cl)c(Cl)c1,733,33.45,456,0.462
FC(F)(F)c1ccc(Cl)cc1,601,30.1,399,0.372
O=C(Cl)c1cccc(Cl)c1,724,37.72,406,0.442
Clc1ccccc1C(Cl)(Cl)Cl,768.04,31.98,474.38,0.452
Clc1cccc(C(Cl)(Cl)Cl)c1,756.65,30.92,483.41,0.452
Clc1ccc(C(Cl)(Cl)Cl)cc1,744.07,29.22,503.01,0.452
Clc1ccc(C(Cl)Cl)cc1Cl,756.65,31.42,475.77,0.452
Cc1c(Cl)cc(Cl)c(Cl)c1Cl,756.65,31.15,479.79,0.452
Cc1c(Cl)c(Cl)cc(Cl)c1Cl,756.65,31.15,479.79,0.452
ClCc1cc(Cl)c(Cl)cc1Cl,756.65,32.21,463.98,0.452
O=[N+]([O-])c1cccc(C(F)(F)F)c1,667,28,441,0.536
O=C(Cl)c1ccccc1,697,41.92,367,0.382
O=C(O)c1ccccc1Cl,792,44.75,383,0.411
ClC(Cl)(Cl)c1ccccc1,728.93,32.46,463.04,0.404
ClCc1ccc(Cl)c(Cl)c1,743.95,33.88,452.71,0.404
ClCc1cc(Cl)cc(Cl)c1,728.93,33.2,452.71,0.404
Cc1ccc(Cl)c(Cl)c1Cl,728.93,33.2,452.71,0.404
Cc1cc(Cl)c(Cl)c(Cl)c1,728.93,33.2,452.71,0.404
Cc1cc(Cl)c(Cl)cc1Cl,730.97,33.29,452.71,0.404
Cc1cc(Cl)cc(Cl)c1Cl,728.93,33.2,452.71,0.404
Clc1cccc(C(Cl)Cl)c1,728.93,33.2,452.71,0.404
ClCc1c(Cl)cccc1Cl,728.93,33.2,452.71,0.404
ClCc1ccc(Cl)cc1Cl,753.82,34.66,448.46,0.404
Cc1c(Cl)ccc(Cl)c1Cl,728.93,33.2,452.71,0.404
Clc1ccc(C(Cl)Cl)cc1,728.93,33.2,452.71,0.404
FC(F)(F)c1ccccc1,,,325.27,0.296
Cc1c(I)cc(I)cc1I,964.62,24.25,624.8,0.557
O=C=Nc1ccccc1,653,37.34,370,0.439
S=c1[nH]c2ccccc2s1,749,36.77,406,0.529
Cc1c([N+](=O)[O-])cc([N+](=O)[O-])cc1[N+](=O)[O-],828,26.78,572,0.618
CN(c1c([N+](=O)[O-])cc([N+](=O)[O-])cc1[N+](=O)[O-])[N+](=O)[O-],828,21.38,665,0.693
BrCc1ccccc1Br,763.23,36.6,450.81,0.56
BrCc1ccc(Br)cc1,763.23,36.6,450.81,0.56
BrC(Br)c1ccccc1,763.23,36.89,447.3,0.56
Cc1cccc(Br)c1Br,763.23,36.57,451.16,0.56
Cc1ccc(Br)c(Br)c1,763.23,36.49,452.26,0.56
Cc1c(Br)cccc1Br,763.23,36.3,454.57,0.56
Cc1cc(Br)ccc1Br,763.23,36.32,454.36,0.56
Cc1ccc(Br)cc1Br,763.23,36.43,452.89,0.56
BrCc1cccc(Br)c1,763.23,36.6,450.81,0.56
Cc1cc(Br)cc(Br)c1,763.23,36.6,450.81,0.56
ClC(Cl)c1ccccc1,659.36,35.38,401.09,0.349
Cc1ccc(Cl)cc1Cl,691.65,37.11,401.09,0.349
ClCc1ccccc1Cl,710.68,38.97,392.43,0.349
ClCc1cccc(Cl)c1,713.5,39.11,392.58,0.349
ClCc1ccc(Cl)cc1,699.19,37.67,399.44,0.349
Cc1cccc(Cl)c1Cl,702.22,37.63,401.56,0.349
Cc1cc(Cl)ccc1Cl,689.53,37.23,398.6,0.349
Cc1c(Cl)cccc1Cl,690.94,37.84,392.91,0.349
Cc1ccc(Cl)c(Cl)c1,704.2,38.13,397.5,0.349
Cc1cc(Cl)cc(Cl)c1,693.76,37.38,399.44,0.349
FC(F)c1ccccc1,531.9,40.2,289.89,0.279
Cc1ccc(F)c(F)c1,531.9,39.48,295.18,0.279
Cc1c(F)cccc1F,531.9,39.69,293.61,0.279
Cc1cc(F)ccc1F,531.9,39.69,293.61,0.279
Cc1ccc(F)cc1F,531.9,39.48,295.18,0.279
Cc1ccc([N+](=O)[O-])cc1[N+](=O)[O-],817.81,30.66,521.76,0.553
Cc1cc([N+](=O)[O-])ccc1[N+](=O)[O-],817.81,29.59,540.77,0.553
Cc1c([N+](=O)[O-])cccc1[N+](=O)[O-],817.81,29.62,540.11,0.553
Cc1ccc([N+](=O)[O-])c([N+](=O)[O-])c1,817.81,28.96,552.43,0.553
Cc1cc([N+](=O)[O-])cc([N+](=O)[O-])c1,817.81,29.45,543.21,0.553
O=[N+]([O-])C(c1ccccc1)[N+](=O)[O-],817.81,30.67,521.67,0.553
O=Cc1ccccc1,,,324,0.564
O=C(O)c1ccccc1,751,44.97,344,0.644
O=Cc1ccc(O)cc1,844,48.16,361,0.644
O=Cc1ccccc1O,680,40.96,342,0.644
O=C(O)c1ccccc1O,739,41,364,0.718
Cc1ccc(Br)cc1,661.78,40.95,385.37,0.301
BrCc1ccccc1,661.78,42.44,371.87,0.301
Cc1ccccc1Br,661.78,41.92,376.52,0.301
Cc1cccc(Br)c1,661.78,41.45,380.79,0.301
ClCc1ccccc1,649.11,41.61,350.44,0.285
Cc1ccccc1Cl,649.11,40.92,356.28,0.285
Cc1ccc(Cl)cc1,649.11,40.06,363.93,0.285
Cc1cccc(Cl)c1,649.11,40.3,361.77,0.285
Cc1ccc(F)cc1,577.64,45.39,285.1,0.26
FCc1ccccc1,577.64,47.15,274.5,0.26
Cc1ccccc1F,577.64,46.11,280.65,0.26
Cc1cccc(F)c1,577.64,45.75,282.91,0.26
Cc1ccccc1I,748.54,38.07,422.4,0.296
Cc1cccc(I)c1,750.66,37.96,424.78,0.296
ICc1ccccc1,750.35,38.71,416.42,0.296
Cc1ccc(I)cc1,748.54,37.14,433,0.296
O=CNc1ccccc1,787,43.48,382,0.443
NC(=O)c1ccccc1,824,50.26,346,0.443
Cc1cccc([N+](=O)[O-])c1,747.81,37.91,408.18,0.475
Cc1ccccc1[N+](=O)[O-],747.81,38.14,405.64,0.475
Cc1ccc([N+](=O)[O-])cc1,747.81,36.01,429.66,0.475
O=[N+]([O-])Cc1ccccc1,747.81,36.01,429.66,0.475
COc1ccccc1[N+](=O)[O-],782,37.58,422,0.505
C1=CC=CCC=C1,,,306.75,0.297
C=CC#CCC=C,584.92,40.27,321.49,0.297
C#CCCC#CC,591.97,40.76,321.48,0.297
C#CCCCC#C,578.59,40.21,318.46,0.297
C=CC#CC=CC,584.92,44.01,294.19,0.297
ClC(Cl)[SiH2]c1ccccc1,689,28.7,508,0.402
COc1ccccc1,,,337,
OCc1ccccc1,,,335,0.575
COc1ccccc1O,697,40.57,353,0.654
COc1ccc(O)cc1,761,45.72,342,0.654
Cc1cccc(O)c1O,776.37,85.08,187.5,0.654
Cc1ccc(O)c(O)c1,791.27,86.72,187.5,0.654
Cc1c(O)cccc1O,801.7,87.86,187.5,0.654
Cc1ccc(O)cc1O,809.15,88.67,187.5,0.654
Cc1cc(O)cc(O)c1,834.47,91.45,187.5,0.654
Cc1cc(O)ccc1O,828.51,90.8,187.5,0.654
Cc1ccccc1S(=O)(=O)O,828.51,36.61,438,0.856
Cc1ccccc1S,707.29,41.05,358.13,0.34
Cc1cccc(S)c1,707.29,41.19,356.89,0.34
Cc1ccc(S)cc1,707.29,40.34,364.45,0.34
CSc1ccccc1,707.29,40.88,359.59,0.34
SCc1ccccc1,707.29,42.05,349.62,0.34
NCc1ccccc1,684,44.77,328.11,0.413
CNc1ccccc1,,,351.14,
Cc1cccc(N)c1,,,349.86,
Cc1ccc(N)cc1,,,359.97,0.413
Cc1cccnc1C,,,386.42,0.413
Cc1ccnc(C)c1,,,393.78,0.413
Cc1ccc(C)nc1,,,395.17,0.413
Cc1cccc(C)n1,,,398.66,0.413
Cc1ccncc1C,,,380.68,0.413
Cc1cncc(C)c1,,,388.58,0.413
CCc1ccccn1,661.61,36.11,393.46,0.413
CCc1cccnc1,661.61,36.53,388.98,0.413
CCc1ccncc1,661.61,36.52,389.08,0.413
C1=CC2CCC1C2,554.93,36.36,337,0.302
C=CC#CCCC,573.61,35.58,355.99,0.302
C#CC(=CC)CC,576.33,37.35,340.72,0.302
C=CC=CC=CC,569.28,37.97,331.06,0.302
CC1=CCCC=C1,569.28,36.9,340.6,0.302
CC1C=CC=CC1,569.28,37.41,336.01,0.302
C=C(C)C#CCC,567.55,35.07,357.29,0.302
CC1=CC=CCC1,573.76,35.79,353.9,0.302
Cc1ccc(N)cc1N,804,45.07,376,0.446
Cc1c(N)cccc1N,804,39.41,430,0.446
O=CC1CC=CCC1,655,39.7,345,0.585
CCc1ccc(C)o1,574.74,32.19,373.37,0.585
CCCc1ccco1,574.74,32.16,373.72,0.585
C=CCOC(=O)C(=C)C,600,29.63,415,0.663
CCCc1cccs1,650.37,33.83,398.59,0.344
CCCc1ccsc1,650.37,33.96,397.11,0.344
CC(C)c1cccs1,650.37,33.8,398.89,0.344
CC(C)c1ccsc1,650.37,34.04,396.17,0.344
CCc1ccsc1C,650.37,34.07,395.78,0.344
CCc1csc(C)c1,650.37,34.07,395.78,0.344
CCc1ccc(C)s1,650.37,33.74,399.63,0.344
CCc1sccc1C,650.37,34.38,392.23,0.344
CCc1cscc1C,650.37,34.38,392.23,0.344
CCc1cc(C)cs1,650.37,34.38,392.23,0.344
Cc1csc(C)c1C,650.37,34.97,385.55,0.344
Cc1cc(C)c(C)s1,650.37,34.11,395.29,0.344
CCCCCC#CI,400.26,16.49,518.76,0.302
CCc1c[nH]cc1C,725.71,37.53,414.22,0.417
CC(C)c1ccc[nH]1,725.71,37.59,413.62,0.417
CCCn1cccc1,725.71,36.41,426.97,0.417
CCCc1cc[nH]c1,725.71,35.77,434.6,0.417
Cc1ccc(C)n1C,725.71,32.67,475.86,0.417
C=CCCCCC#N,685.71,33.96,432.49,0.417
O=C=NC1CCCCC1,633,32.58,408,0.452
CCC1=CCCC1,563.25,34.95,354.93,0.307
CCC1C=CCC1,563.25,34.15,363.26,0.307
CCC1CC=CC1,563.25,34.13,363.43,0.307
CC1=C(C)CCC1,563.25,34.91,355.36,0.307
CC1=CC(C)CC1,563.25,33.23,373.25,0.307
CC1=CCC(C)C1,563.25,33.52,370.09,0.307
CC1=CCCC1C,563.25,33.97,365.17,0.307
CC1(C)C=CCC1,563.25,33.5,370.33,0.307
C[C@@H]1CC=C[C@@H]1C,563.25,33.81,366.88,0.307
C[C@@H]1C=CC[C@H]1C,563.25,33.81,366.88,0.307
C[C@@H]1C=C[C@H](C)C1,563.25,33.81,366.88,0.307
C[C@@H]1C=C[C@@H](C)C1,563.25,33.81,366.88,0.307
CC1(C)CC=CC1,563.25,33.5,370.33,0.307
CC1=CCCCC1,578.25,35.59,357.82,0.307
CC1C=CCCC1,578.25,35.06,363.22,0.307
CC1CC=CCC1,578.25,34.96,364.26,0.307
C#CCCCCC,548.25,31.39,384.68,0.307
CC#CCCCC,548.25,32.27,374.17,0.307
CCC#CCCC,548.25,31.68,381.16,0.307
C#CC(C)CCC,548.25,30.66,393.75,0.307
C#CCC(C)CC,548.25,31.4,384.56,0.307
C#CCCC(C)C,548.25,31.12,387.94,0.307
CC#CC(C)CC,548.25,31.7,380.85,0.307
CC#CCC(C)C,548.25,31.66,381.35,0.307
CCC#CC(C)C,548.25,30.99,389.56,0.307
C#CC(C)(C)CC,548.25,30.11,401.02,0.307
C#CC(C)C(C)C,548.25,30.93,390.4,0.307
C#CCC(C)(C)C,548.25,30.44,396.62,0.307
CC#CC(C)(C)C,548.25,30.62,394.35,0.307
C#CC(CC)CC,548.25,31.11,388.13,0.307
C1=CCCCCC1,598,39.2,336,0.307
C=C=CCCCC,548.25,33.7,358.3,0.307
C=CCC=CCC,548.25,32.98,366.1,0.307
C=CCCC=CC,548.25,33.04,365.49,0.307
C=CCCCC=C,548.25,32.78,368.32,0.307
CC=CC=CCC,548.25,34.13,353.76,0.307
C=CCCC(=C)C,548.25,32.85,367.51,0.307
CC=CC=C(C)C,548.25,34.28,352.21,0.307
C=C(C)C=C(C)C,548.25,33.9,356.13,0.307
CC(C)=C=C(C)C,548.25,32.07,376.53,0.307
CCCCC=CC=O,678.1,33.9,417.14,0.595
CCCC=CCC=O,678.1,33.62,420.67,0.595
CCC=CCCC=O,678.1,34.04,415.47,0.595
CC/C=C/CCC=O,678.1,34.04,415.47,0.595
CC(C=O)=CC(C)C,678.1,32.39,436.63,0.595
C=CC(=O)CCCC,638.1,32.77,406.09,0.595
CCC=CCC(C)=O,638.1,33.63,395.71,0.595
C=CCCCC(C)=O,638.1,33.89,392.7,0.595
C=CCCC(=O)CC,638.1,33.02,403.05,0.595
CCC/C=C\C(C)=O,638.1,32.8,405.74,0.595
CCC/C=C/C(C)=O,638.1,33.06,402.53,0.595
C/C=C/CCC(C)=O,638.1,32.82,405.45,0.595
CC=CC(=O)C(C)C,638.1,33.08,402.31,0.595
C=CCC(C)C(C)=O,638.1,32.85,405.16,0.595
C=CC(C)CC(C)=O,638.1,32.02,415.59,0.595
C=CC(=O)CC(C)C,638.1,32.61,408.06,0.595
CC(=O)C=CC(C)C,638.1,33.31,399.54,0.595
CC(=O)CC=C(C)C,638.1,33.73,394.5,0.595
C=C(C)CCC(C)=O,638.1,32.89,404.59,0.595
CC1CCCCC1=O,683.1,39.14,363.96,0.595
CC1CCCC(=O)C1,650,35.9,377.59,0.595
C/C=C\CCC(C)=O,638.1,34.45,386.27,0.595
C[C@H]1CCCC(=O)C1,683.1,38.64,368.74,0.595
CCCC/C=C/C(=O)O,703.32,30.92,465.05,0.673
CC=CCCCC(=O)O,703.32,30.3,474.57,0.673
C=CCCCCC(=O)O,703.32,30.37,473.43,0.673
CCC=CCCC(=O)O,703.32,30.28,474.93,0.673
CCC/C=C(\C)C(=O)O,703.32,30.8,466.83,0.673
CCC(C)C=CC(=O)O,703.32,30.09,477.89,0.673
CC(C)CC=CC(=O)O,703.32,30.01,479.17,0.673
CCC=CC(C)C(=O)O,703.32,29.75,483.29,0.673
CCC=C(C)CC(=O)O,703.32,30.5,471.41,0.673
CCC(C)=CCC(=O)O,703.32,30.87,465.84,0.673
CC=C(C)CCC(=O)O,703.32,30.92,465.05,0.673
CC(C)=CCCC(=O)O,703.32,31.71,453.51,0.673
C=CCC(C)(C)C(=O)O,703.32,29.67,484.72,0.673
C=CC(=O)OCCCC,583.32,26.23,454.72,0.673
C=CC(=O)OC(C)CC,583.32,25.98,459.03,0.673
C=CC(=O)OCC(C)C,583.32,25.91,460.27,0.673
C=C(C)C(=O)OCCC,583.32,26.33,452.89,0.673
C=C(C)C(=O)OC(C)C,583.32,25.9,460.46,0.673
C=CCOC(=O)CCC,583.32,26.5,450.06,0.673
CCOC(=O)C=C(C)C,583.32,27.14,439.4,0.673
C/C=C(\C)C(=O)OCC,583.32,27.15,439.34,0.673
CCC=CCC(=O)OC,583.32,26.91,443.27,0.673
CCC=C(C)C(=O)OC,583.32,27.15,439.34,0.673
CC=C(C)CC(=O)OC,583.32,29.82,399.96,0.673
CC/C(C)=C\C(=O)OC,583.32,27.43,434.86,0.673
CC/C(C)=C/C(=O)OC,583.32,27.51,433.57,0.673
C=CC(=O)OC(C)(C)C,583.32,25.56,466.59,0.673
CC/C=C(\C)C(=O)OC,583.32,27.15,439.34,0.673
C=CCCCOC(C)=O,583.32,26.83,444.56,0.673
CC(=O)OCC=C(C)C,583.32,26.82,444.64,0.673
CC/C=C\CCOC=O,583.32,26.82,444.64,0.673
O=COC1CCCCC1,645,34.34,384,0.673
O=C(O)CC1CCCC1,708,35.31,410,0.673
CCCCC(=O)C(C)=O,645,34.34,384,0.673
CC(=O)CCCC(C)=O,645,34.34,384,0.673
CC(=O)CC(C)C(C)=O,645,34.34,384,0.673
CC(=O)C(=O)CC(C)C,645,34.34,384,0.673
CC(=O)C(C)(C)C(C)=O,645,34.34,384,0.673
CCC(C(C)=O)C(C)=O,645,34.34,384,0.673
CCC(=O)CC(=O)CC,645,34.34,384,0.673
C=COC(=O)C(C)(C)C,556,26.87,423,0.673
C=C(C)C(=O)OCC(C)O,663,29.79,446,0.744
CCOC(=O)CC(=O)OCC,653,27.36,469,0.809
CCCCC(C(=O)O)C(=O)O,809,31.56,503.67,0.809
CCC(CC)(C(=O)O)C(=O)O,809,31.56,503.67,0.809
CC(C)(CC(=O)O)CC(=O)O,809,33.22,478.52,0.809
O=C(O)CCCCCC(=O)O,805,30.33,521.52,0.809
CC(C)CC(C(=O)O)C(=O)O,805,31.4,503.67,0.809
CC(CCCC(=O)O)C(=O)O,805,31.4,503.67,0.809
CC(CCC(=O)O)CC(=O)O,805,31.4,503.67,0.809
CC(C)(CCC(=O)O)C(=O)O,805,31.4,503.67,0.809
CC(CC(C)C(=O)O)C(=O)O,805,31.4,503.67,0.809
C[C@H](CCC(=O)O)CC(=O)O,805,31.4,503.67,0.809
CCCCCC=CBr,640.6,31.98,474.12,0.544
CCCCC/C=C\Br,640.6,31.98,474.12,0.544
CCCCC/C=C/Br,640.6,31.98,474.12,0.544
C=C(Br)CCCCC,640.6,31.98,474.12,0.544
CCCCCC=CCl,629.95,31.44,446.64,0.367
CCCCC/C=C\Cl,629.95,31.44,446.64,0.367
CCCCC/C=C/Cl,629.95,31.44,446.64,0.367
C=C(Cl)CCCCC,629.95,31.44,446.64,0.367
CCC=C(Cl)CCC,629.95,31.44,446.64,0.367
CCCCCCC(Cl)(Cl)Cl,656.88,21.23,631.51,0.315
CCCCC/C=C\F,509.57,30.96,365.99,0.246
CCCCC/C=C/F,509.57,30.96,365.99,0.246
CCCCCCC(F)(F)F,480.98,23.59,432.5,0.353
CCCCC/C=C\I,690.57,26.02,565.93,0.304
CCCCC/C=C/I,690.57,26.02,565.93,0.304
CCCCCCC#N,694.76,31.9,465.43,0.422
CCCCC=C(C)[N+](=O)[O-],758.07,29.41,529.38,0.487
CC=C(CCCC)[N+](=O)[O-],758.07,29.41,529.38,0.487
CC1CCCC1C,562.67,32.22,383.62,0.312
CC1CCC(C)C1,562.67,31.76,389.17,0.312
C[C@H]1CC[C@H](C)C1,562.67,32.17,384.22,0.312
CC=CCCCC,537.67,29.55,399.77,0.312
C/C=C\CCCC,537.67,28.72,411.27,0.312
C/C=C/CCCC,537.67,28.43,415.52,0.312
CCC=CCCC,537.67,29.37,402.13,0.312
CC/C=C\CCC,537.67,28.47,414.81,0.312
CC/C=C/CCC,537.67,28.28,417.68,0.312
C=C(C)CCCC,537.67,28.47,414.81,0.312
C=CC(C)CCC,537.67,27.94,422.79,0.312
C=CCC(C)CC,537.67,28.28,417.68,0.312
C=CCCC(C)C,537.67,27.97,422.27,0.312
CCCC=C(C)C,537.67,28.76,410.71,0.312
C/C=C(/C)CCC,537.67,29.13,405.45,0.312
C/C=C(\C)CCC,537.67,29.06,406.41,0.312
C/C=C\C(C)CC,537.67,28.34,416.81,0.312
C/C=C/C(C)CC,537.67,28.21,418.76,0.312
C/C=C\CC(C)C,537.67,28.43,415.52,0.312
C/C=C/CC(C)C,537.67,28,421.83,0.312
CC/C=C\C(C)C,537.67,28.08,420.58,0.312
CC/C=C/C(C)C,537.67,27.85,424.05,0.312
CC/C=C(/C)CC,537.67,28.96,407.82,0.312
CC/C=C(\C)CC,537.67,28.82,409.83,0.312
C=C(CC)CCC,537.67,28.77,410.57,0.312
C=CC(CC)CC,537.67,28.18,419.13,0.312
C=C(C)C(C)CC,537.67,28.62,412.75,0.312
C=C(C)CC(C)C,537.67,28.07,420.83,0.312
C=CC(C)(C)CC,537.67,28.24,418.33,0.312
C=CC(C)C(C)C,537.67,28.25,418.11,0.312
C=CCC(C)(C)C,537.67,27.5,429.5,0.312
CC=C(CC)CC,537.67,29.36,402.26,0.312
CCC(C)=C(C)C,537.67,29.72,397.39,0.312
CC(C)=CC(C)C,537.67,28.11,420.2,0.312
C/C=C(/C)C(C)C,537.67,29.02,406.96,0.312
C/C=C(\C)C(C)C,537.67,29.18,404.76,0.312
C/C=C\C(C)(C)C,537.67,28.33,416.88,0.312
C/C=C/C(C)(C)C,537.67,27.81,424.79,0.312
C=C(CC)C(C)C,537.67,28.78,410.36,0.312
C=C(C)C(C)(C)C,537.67,28.62,412.68,0.312
CC=C(C)C(C)C,537.67,28.7,411.56,0.312
CC1(C)CC1(C)C,530,30.52,381.48,0.312
CCC1(CC)CC1,530,30.52,381.48,0.312
CCCCCCC(Br)Br,722.26,27.95,553.13,0.434
CCCCCC(Br)CBr,722.26,27.95,553.13,0.434
CCC(Br)CCCCBr,722.26,27.95,553.13,0.434
BrCCCCCCCBr,722.26,27.95,553.13,0.434
CCCCC(Br)C(C)Br,722.26,27.95,553.13,0.434
CCCC(Br)CC(C)Br,722.26,27.95,553.13,0.434
CCCC(Br)C(Br)CC,722.26,27.95,553.13,0.434
FCCCCCCCCl,672.85,33.98,430.59,0.252
CCCCCCC(Cl)Cl,668.9,27.26,522.79,0.392
CCCCCC(Cl)CCl,668.9,27.7,514.54,0.392
ClCCCCCCCCl,668.9,26.97,528.34,0.392
CCCCCC(C)(Cl)Cl,668.9,26.08,546.43,0.392
CCCC(Cl)(Cl)CCC,668.9,28.2,505.41,0.392
CC(C)(C)CC(Cl)CCl,668.9,26.51,537.56,0.392
CC(C)(CCCl)CCCl,668.9,27.46,519.05,0.392
CC(C)(Cl)CC(C)(C)Cl,668.9,26.61,535.49,0.392
CCCCCCC(F)F,546.16,29.73,398.47,0.377
CCCCCCC(I)I,849.39,24.01,643.3,0.451
CCCCC(C)C=O,620.41,30.19,427.56,0.606
CCCC(C)CC=O,620.41,30.19,427.56,0.606
CCC(C)CCC=O,620.41,30.19,427.56,0.606
CC(C)CCCC=O,620.41,30.19,427.56,0.606
CCCC(C)(C)C=O,620.41,30.19,427.56,0.606
CCC(C)C(C)C=O,620.41,30.19,427.56,0.606
CC(C)CC(C)C=O,620.41,30.19,427.56,0.606
CCCCC(=O)CC,,,,0.606
CCCC(=O)CCC,,,,0.606
CCCC(C)C(C)=O,611.41,29.73,427.85,0.606
CCC(C)CC(C)=O,611.41,29.14,436.44,0.606
CC(=O)CCC(C)C,611.41,29.12,436.77,0.606
CCCC(=O)C(C)C,611.41,29.34,433.54,0.606
CCC(=O)C(C)CC,611.41,29.29,434.31,0.606
CCC(=O)CC(C)C,611.41,29.12,436.77,0.606
CCC(C)(C)C(C)=O,611.41,29.29,434.25,0.606
CC(=O)C(C)C(C)C,611.41,29.43,432.27,0.606
CC(=O)CC(C)(C)C,611.41,28.78,442.01,0.606
CCC(=O)C(C)(C)C,611.41,29.1,437.09,0.606
CC(C)C(=O)C(C)C,611.41,28.91,440.03,0.606
CCC(CC)C(C)=O,611.41,29.4,432.65,0.606
CCC1(O)CCCC1,671.41,35.44,394.1,0.606
CCC1CCCC1O,671.41,35.44,394.1,0.606
CC1(O)CCCCC1,671.41,35.88,389.35,0.606
CC1CCCCC1O,671.41,36.16,386.33,0.606
C[C@H]1CCCC[C@H]1O,671.41,36.25,385.34,0.606
C[C@@H]1CCCC[C@H]1O,671.41,35.74,390.87,0.606
CC1CCCC(O)C1,671.41,35.41,394.46,0.606
C[C@@H]1CCC[C@H](O)C1,671.41,35.27,396.02,0.606
C[C@H]1CCC[C@H](O)C1,671.41,35.6,392.4,0.606
CC1CCC(O)CC1,671.41,35.41,394.46,0.606
C[C@H]1CC[C@@H](O)CC1,671.41,35.36,394.98,0.606
C[C@H]1CC[C@H](O)CC1,671.41,35.13,397.59,0.606
CCCC/C=C\CO,651.41,33.42,405.48,0.606
CCCC/C=C/CO,651.41,32.69,414.51,0.606
CC/C=C\CCCO,651.41,32.97,411,0.606
CCC=CCC(C)O,651.41,33.42,405.48,0.606
CCC=CC(C)(C)O,651.41,33.42,405.48,0.606
C=CCCC(C)(C)O,651.41,33.42,405.48,0.606
CCC=C(C)C(C)O,651.41,33.42,405.48,0.606
CC(C)CC=CCO,651.41,33.42,405.48,0.606
CC=CC(O)C(C)C,651.41,33.42,405.48,0.606
CC=CC(C)(O)CC,651.41,33.42,405.48,0.606
C=CCC(C)(O)CC,651.41,33.42,405.48,0.606
C=CC(C)C(O)CC,651.41,33.42,405.48,0.606
C=CC(O)CC(C)C,651.41,33.42,405.48,0.606
C=CCCC(O)CC,651.41,33.42,405.48,0.606
C=CC(O)CCCC,651.41,32.32,419.27,0.606
C=CCC(O)CCC,651.41,33.42,405.48,0.606
CC=CC(O)CCC,651.41,33.42,405.48,0.606
C=COCCC(C)C,561.41,26.95,433.41,0.606
CCCC1CCCO1,606.41,32.36,389.91,0.606
C=COC(C)(C)CC,561.41,26.96,433.14,0.606
C=CCOCCCC,561.41,26.96,433.14,0.606
CCCCC(C)C(=O)O,676.34,29.31,470.58,0.682
CCCC(C)CC(=O)O,676.34,29.38,469.54,0.682
CCC(C)CCC(=O)O,676.34,29.48,467.83,0.682
CC(C)CCCC(=O)O,676.34,29.19,472.56,0.682
CCCC(C)(C)C(=O)O,676.34,29.43,468.74,0.682
CC(C)(C)CCC(=O)O,676.34,29.51,467.48,0.682
CCCC(CC)C(=O)O,676.34,29.51,467.48,0.682
CCC(CC)CC(=O)O,676.34,29.51,467.48,0.682
CCC(C)(CC)C(=O)O,676.34,29.51,467.48,0.682
CCCCCCOC=O,586.34,25.74,464.59,0.682
CC(C)CC(C)OC=O,586.34,26.07,458.62,0.682
CCCCCOC(C)=O,,,466.51,
CCCC(C)OC(C)=O,586.34,25.31,472.49,0.682
CCC(C)COC(C)=O,586.34,25.63,466.57,0.682
CC(=O)OCCC(C)C,,,469.74,
CCC(C)(C)OC(C)=O,586.34,26.07,458.62,0.682
CC(=O)OC(C)C(C)C,586.34,25.21,474.33,0.682
CC(=O)OCC(C)(C)C,586.34,25,478.4,0.682
CCC[C@@H](C)OC(C)=O,586.34,26.07,458.62,0.682
CCC(CC)OC(C)=O,586.34,25.6,467.02,0.682
CCCCOC(=O)CC,,,466.51,0.682
CCC(=O)OC(C)CC,586.34,25.26,473.47,0.682
CCC(=O)OCC(C)C,,,471.7,0.682
CCC(=O)OC(C)(C)C,586.34,26.07,458.62,0.682
CCCOC(=O)CCC,,,469.09,
CCCC(=O)OC(C)C,586.34,25.39,471.04,0.682
CCCOC(=O)C(C)C,,,458.73,0.682
CC(C)OC(=O)C(C)C,586.34,24.76,483.01,0.682
CCCCC(=O)OCC,586.34,25.67,465.87,0.682
CCOC(=O)CC(C)C,,,471.04,0.682
CCOC(=O)[C@@H](C)CC,586.34,25.52,468.51,0.682
CCOC(=O)C(C)CC,586.34,25.07,476.99,0.682
CCCCCC(=O)OC,586.34,26.08,458.55,0.682
CCC(CC)C(=O)OC,586.34,25.9,461.74,0.682
C1CCCSCCC1,726.84,38.3,391.5,0.352
CCC1CCCCS1,706.44,33.54,434.5,0.352
CCC1CCCSC1,706.44,33.54,434.5,0.352
CCC1CCSCC1,706.44,33.54,434.5,0.352
CCCCCCCBr,623.5,28.2,522.06,0.551
CCCCCC(C)Br,623.5,27.98,526.12,0.551
CCCC(Br)CCC,623.5,28.2,522,0.551
CCCCCCCCl,613.49,27.44,497.21,0.371
CCCCCC(C)Cl,613.49,27.27,500.38,0.371
CCCCC(Cl)CC,613.49,27.33,499.14,0.371
CCCC(Cl)CCC,613.49,27.41,497.76,0.371
CCCC(C)CCCl,613.49,27.62,493.95,0.371
CCCCC(C)(C)Cl,613.49,27.13,502.95,0.371
CC(C)CCC(C)Cl,613.49,27.11,503.3,0.371
CCCC(C)(Cl)CC,613.49,27.7,492.53,0.371
CCC(C)C(C)(C)Cl,613.49,27.65,493.45,0.371
CC(C)CC(C)(C)Cl,613.49,27.03,504.71,0.371
CCC(C)(Cl)C(C)C,613.49,27.33,499.2,0.371
CC(Cl)CC(C)(C)C,613.49,27.01,505.2,0.371
CCC(Cl)(CC)CC,613.49,27.96,487.93,0.371
CC(C)(C)C(C)(C)Cl,613.49,27.33,499.2,0.371
CCCCCCCF,553.45,31.75,386.66,0.319
CCCCCCCI,736.68,27.23,575.38,0.307
CCCCCC(C)I,722.29,26.16,587.17,0.307
CCCCC(I)CC,722.29,26.57,578.11,0.307
CCCC(I)CCC,722.29,26.72,574.87,0.307
CNC1CCCCC1,673.76,35.23,407.58,0.426
NCC1CCCCC1,673.76,35.48,404.77,0.426
C[C@H]1CCCC[C@H]1N,673.76,35.86,400.46,0.426
C[C@@H]1CCCC[C@H]1N,673.76,35.41,405.61,0.426
C[C@@H]1CCC[C@H](N)C1,673.76,34.76,413.19,0.426
C[C@H]1CCC[C@H](N)C1,673.76,34.85,412.03,0.426
C[C@H]1CC[C@@H](N)CC1,673.76,34.83,412.32,0.426
C[C@H]1CC[C@H](N)CC1,673.76,34.71,413.71,0.426
CC1CCCC(C)N1,653.76,30.43,457.86,0.426
CC1(C)CCCNC1,653.76,31.99,435.55,0.426
CC1CCCCN1C,653.76,30.8,452.39,0.426
CC1CCC(C)NC1,653.76,31.15,447.37,0.426
CC1CNCC(C)C1,653.76,32.11,434,0.426
CCN1CCCCC1,653.76,30.79,452.59,0.426
CCC1CCCCN1,653.76,32.65,426.85,0.426
CCC1CCCNC1,653.76,32.27,431.87,0.426
CCC1CCNCC1,653.76,33.14,420.42,0.426
CCCN1CCCC1,628.76,28.99,462.27,0.426
CCCC1CCNC1,668.76,32.1,444.02,0.426
CC1CNC(C)(C)C1,668.76,30.35,469.71,0.426
CC1CCC(C)(C)N1,668.76,29.97,475.58,0.426
CC1CCCC(N)C1,673.76,34.75,413.3,0.426
CC1CCCCC1N,673.76,34.65,414.47,0.426
CC1CCC(N)CC1,673.76,34.65,414.47,0.426
CC(C)N(C=O)C(C)C,763.84,28.63,557.52,0.46
CCCCCCC[N+](=O)[O-],761.43,26.34,592.13,0.49
CCC(CC)CC,527.03,29.64,389.66,0.317
CC1CN(C)CCN1C,737.07,36.32,424.56,0.458
CC(C)N1CCNCC1,737.07,36.32,424.56,0.458
CCCCCC(C)O,619.68,28.54,450.6,0.616
CCCCC[C@H](C)O,619.68,28.38,453.06,0.616
CCCCC[C@@H](C)O,619.68,28.59,449.74,0.616
CCCCC(O)CC,619.68,28.55,450.4,0.616
CCCC[C@@H](O)CC,619.68,28.79,446.66,0.616
CCCC(O)CCC,619.68,28.43,452.39,0.616
CCCCC(C)CO,619.68,28.8,446.46,0.616
CCCC(C)CCO,619.68,28.85,445.81,0.616
CCC(C)CCCO,619.68,28.68,448.42,0.616
CC(C)CCCCO,619.68,28.34,453.73,0.616
CCCCC(C)(C)O,619.68,28.26,455.07,0.616
CCCC(C)C(C)O,619.68,28.76,447.11,0.616
CCC(C)CC(C)O,619.68,28.55,450.4,0.616
CC(C)CCC(C)O,619.68,28.26,455.07,0.616
CCCC(O)C(C)C,619.68,28.68,448.42,0.616
CCCC(C)(O)CC,619.68,28.72,447.77,0.616
CCC(C)C(O)CC,619.68,28.68,448.42,0.616
CCC(O)CC(C)C,619.68,29.06,442.59,0.616
CCCC(CC)CO,619.68,29.06,442.59,0.616
CCC(CC)CCO,619.68,29.1,441.95,0.616
CCCC(C)(C)CO,619.68,29.1,441.95,0.616
CCC(C)C(C)CO,619.68,29.27,439.4,0.616
CC(C)CC(C)CO,619.68,28.47,451.72,0.616
CCC(C)(C)CCO,619.68,29.01,443.23,0.616
CC(C)C(C)CCO,619.68,28.97,443.87,0.616
CC(C)(C)CCCO,619.68,28.3,454.4,0.616
CCC(CC)C(C)O,619.68,29.27,439.4,0.616
CCC(C)C(C)(C)O,619.68,29.01,443.23,0.616
CC(C)CC(C)(C)O,619.68,28.17,456.42,0.616
CCC(C)(C)C(C)O,619.68,28.85,445.81,0.616
CC(C)C(C)C(C)O,619.68,29.27,439.4,0.616
CC(O)CC(C)(C)C,619.68,28.13,457.1,0.616
CCC(O)(CC)CC,619.68,29.52,435.64,0.616
CCC(O)C(C)(C)C,619.68,28.76,447.11,0.616
CCC(C)(O)C(C)C,619.68,29.35,438.14,0.616
CC(C)C(O)C(C)C,619.68,28.89,445.16,0.616
CCC(C)(CC)CO,619.68,28.85,445.81,0.616
CCC(CO)C(C)C,619.68,29.22,440.04,0.616
CC(C)C(C)(C)CO,619.68,29.65,433.78,0.616
CC(CO)C(C)(C)C,619.68,28.85,445.81,0.616
CC(C)(C)C(C)(C)O,619.68,29.43,436.89,0.616
CCCCCCCO,619.68,29.29,439.02,0.616
CCCCCCOC,549.68,25.8,442.15,0.616
CCCCCOCC,549.68,25.8,442.15,0.616
CCCCOCCC,549.68,25.8,442.15,0.616
CCCCOC(C)C,549.68,25.8,442.15,0.616
CCC(C)OC(C)C,549.68,25.8,442.15,0.616
CC(C)OC(C)(C)C,549.68,25.06,455.19,0.616
CC(C)COC(C)C,549.68,24.46,466.37,0.616
CCOC(C)(C)CC,,,,0.616
CCOCCC(C)C,549.68,25.82,441.86,0.616
CCCOCC(C)C,549.68,25.26,451.64,0.616
CCCOC(C)(C)C,549.68,24.95,457.23,0.616
CCCC(CCO)SC,780,31.76,495.35,0.386
CCCCCC(O)CO,799.33,32.9,494.3,0.691
CCCCC(O)CCO,799.33,32.9,494.3,0.691
CCCC(O)CCCO,799.33,31.95,508.95,0.691
CCC(O)CCCCO,799.33,32.74,496.7,0.691
CC(O)CCCCCO,799.33,32.39,501.97,0.691
OCCCCCCCO,799.33,32.15,505.75,0.691
CCCCC(O)C(C)O,799.33,32.9,494.3,0.691
CCCC(O)CC(C)O,799.33,31.22,520.89,0.691
CC(O)CCCC(C)O,799.33,32.9,494.3,0.691
CCCCC(C)(O)CO,799.33,32.9,494.3,0.691
CCC(O)CC(C)(C)O,799.33,31.19,521.36,0.691
CC(O)CCC(C)(C)O,799.33,32.9,494.3,0.691
CC(CCO)CCCO,799.33,32.9,494.3,0.691
CCC(O)C(C)(O)CC,799.33,32.9,494.3,0.691
CC(O)C(C)CCCO,799.33,32.9,494.3,0.691
CCC(C)(O)CC(C)O,799.33,32.9,494.3,0.691
CC(C)(O)CCCCO,799.33,32.9,494.3,0.691
CC(O)CC(O)C(C)C,799.33,32.9,494.3,0.691
CCC(O)C(CC)CO,799.33,32.9,494.3,0.691
CCC(CO)CCCO,799.33,32.9,494.3,0.691
CCC(O)(CC)C(C)O,799.33,32.35,502.6,0.691
CCC(C(C)O)C(C)O,799.33,32.9,494.3,0.691
CCC(O)C(C)(C)CO,799.33,32.9,494.3,0.691
CC(C)(CO)CCCO,799.33,32.9,494.3,0.691
CCC(C)(O)C(C)CO,799.33,32.9,494.3,0.691
CCC(C)(O)C(C)(C)O,799.33,32.9,494.3,0.691
C[C@H](CO)C[C@H](C)CO,799.33,32.9,494.3,0.691
CC(CO)CC(C)CO,799.33,32.9,494.3,0.691
CC(C)C(O)C(C)(C)O,799.33,32.9,494.3,0.691
CC(C)(O)CC(C)(C)O,799.33,32.9,494.3,0.691
CC(C)(CCO)CCO,799.33,32.9,494.3,0.691
CC(CCO)C(C)(C)O,799.33,32.9,494.3,0.691
CC(C)(C)CC(O)CO,799.33,32.9,494.3,0.691
C[C@@H](O)[C@@H](O)C(C)(C)C,799.33,32.9,494.3,0.691
C[C@H](O)[C@@H](O)C(C)(C)C,799.33,32.9,494.3,0.691
CCCC(CO)CCO,799.33,32.9,494.3,0.691
CC(C)C(CO)CCO,799.33,32.9,494.3,0.691
CCC(C)C(CO)CO,799.33,32.9,494.3,0.691
CCCC(C)(CO)CO,799.33,32.9,494.3,0.691
CCC(CC)(CO)CO,799.33,31.91,509.59,0.691
CCCCOCC(C)O,659.33,27.33,490.82,0.691
CCCCCOCCO,659.33,27.69,484.36,0.691
CC(O)COC(C)(C)C,659.33,26.96,497.59,0.691
CC(C)COCC(C)O,659.33,27.38,489.87,0.691
CC(CO)OC(C)(C)C,659.33,27.38,489.87,0.691
CCCCOCCOC,659.33,27.38,489.87,0.691
CCCCOCCCO,659.33,27.38,489.87,0.691
COC(C)COC(C)CO,612,26.16,466.6,0.761
COCCOCCOCCO,677,26.68,496,0.825
CCCCCCCS,634.43,26.21,498.01,0.356
CCCCCC(C)S,634.43,25.92,503.7,0.356
CCCCC(S)CC,634.43,26.5,492.67,0.356
CCCC(S)CCC,634.43,26.5,492.67,0.356
CCCCC(C)CS,634.43,26.5,492.67,0.356
CCCC(C)CCS,634.43,26.5,492.67,0.356
CCC(C)CCCS,634.43,26.5,492.67,0.356
CC(C)CCCCS,634.43,26.5,492.67,0.356
CCCCC(C)(C)S,634.43,26.5,492.67,0.356
CCCC(C)C(C)S,634.43,26.5,492.67,0.356
CCC(C)CC(C)S,634.43,26.5,492.67,0.356
CC(C)CCC(C)S,634.43,26.5,492.67,0.356
CCCCCCSC,634.43,26.21,498.01,0.356
CCCCCSCC,634.43,26.21,498.01,0.356
CCCCSCCC,634.43,26.21,498.01,0.356
CCCCC(C)SC,634.43,26.5,492.67,0.356
CCCC(C)CSC,634.43,26.5,492.67,0.356
CCC(C)CCSC,634.43,26.5,492.67,0.356
CCCCSC(C)C,634.43,26.5,492.67,0.356
CCCC(C)SCC,634.43,26.5,492.67,0.356
CCSCC(C)CC,634.43,26.5,492.67,0.356
SCCCCCCCS,763.12,28.39,531.52,0.414
CC(S)CCCCCS,763.12,28.39,531.52,0.414
CCC(S)CCCCS,763.12,28.39,531.52,0.414
CCCC(S)CCCS,763.12,28.39,531.52,0.414
CCCCC(S)CCS,763.12,28.39,531.52,0.414
CCCCCC(S)CS,763.12,28.39,531.52,0.414
CCCCCCSSC,708.12,25.6,546.88,0.414
CCCCCSSCC,708.12,25.6,546.88,0.414
CCCCSSCCC,708.12,25.6,546.88,0.414
CCCCCSCSC,708.12,25.6,546.88,0.414
CCCCSCSCC,708.12,25.6,546.88,0.414
CCCSCSCCC,708.12,25.6,546.88,0.414
CCCCCCCN,617.7,29.49,445.34,0.431
CC(C)CC(C)(C)N,617.7,29.49,445.41,0.431
CCCCCC(C)N,617.7,29.24,449.17,0.431
CCCC(N)CCC,617.7,29.26,448.82,0.431
CCCC(C)CCN,617.7,29.49,445.34,0.431
CCC(C)CC(C)N,617.7,29.19,449.88,0.431
CCC(C)CCCN,617.7,29.87,439.73,0.431
CCCCC[C@H](C)N,617.7,29.22,449.53,0.431
CCCCC[C@@H](C)N,617.7,29.22,449.53,0.431
CCCCC(N)CC,617.7,29.9,439.22,0.431
CC(C)CCC(C)N,617.7,30.21,434.66,0.431
CCCCCCNC,577.7,26.85,457.4,0.431
CCCCCNCC,577.7,26.54,462.76,0.431
CC(C)NC(C)(C)C,577.7,25.66,478.62,0.431
CCCCNCCC,577.7,26.43,464.77,0.431
CCCCCN(C)C,577.7,25.87,474.85,0.431
CCCC(C)N(C)C,577.7,25.24,486.55,0.431
CCC(CC)N(C)C,577.7,26.67,460.53,0.431
CCC(C)CN(C)C,577.7,26.73,459.51,0.431
CC(C)CCN(C)C,577.7,26.73,459.51,0.431
CCC(C)(C)N(C)C,577.7,25.88,474.62,0.431
CC(C)C(C)N(C)C,577.7,25.88,474.62,0.431
CN(C)CC(C)(C)C,577.7,25.88,474.62,0.431
CCCCN(C)CC,577.7,25.88,474.69,0.431
CCC(C)N(C)CC,577.7,25.16,488.1,0.431
CCN(C)CC(C)C,577.7,25.76,476.8,0.431
CCN(C)C(C)(C)C,577.7,26.4,465.22,0.431
CCCN(C)CCC,577.7,26.64,460.98,0.431
CCCN(C)C(C)C,577.7,26.64,460.98,0.431
CC(C)N(C)C(C)C,577.7,26.62,461.42,0.431
CCCN(CC)CC,577.7,26.13,470.07,0.431
CCN(CC)C(C)C,577.7,26.17,469.31,0.431
CCCC[Si](C)(C)C,589.15,23.52,547.26,0.282
CC(C)C[Si](C)(C)C,589.15,23.43,549.32,0.282
CC[SiH](CC)C(C)C,610.3,24.67,540.46,0.282
FC(F)(F)C(F)(F)C(F)(F)C(F)(F)C(F)(F)C(F)(F)C(F)(F)C(F)(F)F,596.18,11.6,765.92,0.64
O=C(Cl)c1cccc(C(=O)Cl)c1,768,33.31,471,0.485
O=C1OC(=O)c2ccccc21,791,37.47,421,0.76
IC#Cc1ccccc1,655.15,33.76,411.7,0.31
C#Cc1ccccc1,650,42.8,332,0.321
C=Cc1cc(Cl)ccc1Cl,732.57,35.49,437.68,0.369
C=Cc1c(Cl)cccc1Cl,732.57,35.49,437.68,0.369
ClC(Cl)=Cc1ccccc1,732.57,35.73,434.71,0.369
C=Cc1cccc(Cl)c1Cl,732.57,36.1,430.21,0.369
C=Cc1ccc(Cl)c(Cl)c1,732.57,35.83,433.5,0.369
C=Cc1cc(Cl)cc(Cl)c1,732.57,34.77,446.7,0.369
C=Cc1ccc(Cl)cc1Cl,732.57,35.38,438.95,0.369
ClC(Cl)c1ccc(C(Cl)Cl)cc1,780.24,31.8,476.27,0.47
Cc1c(C)c(Cl)c(Cl)c(Cl)c1Cl,780.24,32.96,459.57,0.47
Cc1c(Cl)c(C)c(Cl)c(Cl)c1Cl,780.24,34.12,443.91,0.47
ClC(Cl)c1ccccc1C(Cl)Cl,781.73,33.02,459.57,0.47
Cc1c(Cl)c(Cl)c(C)c(Cl)c1Cl,780.24,32.96,459.57,0.47
CCc1c(Cl)cc(Cl)c(Cl)c1Cl,780.24,32.96,459.57,0.47
O=Cc1ccc(C=O)cc1,739,39.16,383,0.7
O=Cc1ccccc1C(=O)O,772,41.29,372,0.769
O=Cc1ccc(C(=O)O)cc1,966,48.9,393,0.769
O=C(O)c1cccc(C(=O)O)c1,1007,46.32,424,0.833
O=C(O)c1ccccc1C(=O)O,800,36.8,424,0.833
O=C(O)c1ccc(C(=O)O)cc1,1113,51.19,424,0.833
c1ccc2sccc2c1,754,44.35,349,0.36
Cc1ccc(C(F)(F)F)cc1,575.32,42.17,287.25,0.309
Cc1cccc(C(F)(F)F)c1,575.32,32.34,374.51,0.309
c1ccc2[nH]ccc2c1,790,38.88,431,0.435
N#CCc1ccccc1,732,39.71,391,0.435
Cc1ccccc1C#N,721.44,41.68,367.15,0.435
Cc1cccc(C#N)c1,721.44,43.5,351.79,0.435
Cc1ccc(C#N)cc1,721.44,40.71,375.88,0.435
C=Cc1ccccc1,636,40.36,343.64,0.326
C1=CC=CC=CC=C1,642.55,40.55,345.5,0.326
BrCc1ccccc1CBr,778.81,37.46,441.71,0.6
BrCc1cccc(CBr)c1,778.81,37.44,441.98,0.6
BrCc1ccc(CBr)cc1,778.81,38.66,428.05,0.6
Cc1ccc(Br)c(Br)c1C,778.81,32.66,506.56,0.6
Cc1cc(C)c(Br)cc1Br,778.81,32.66,506.56,0.6
BrCC(Br)c1ccccc1,778.81,32.66,506.56,0.6
Cc1cc(Br)c(C)cc1Br,778.81,32.66,506.56,0.6
Cc1cc(Br)c(Br)cc1C,778.81,32.66,506.56,0.6
CCc1cccc(Br)c1Br,778.81,32.66,506.56,0.6
ClCc1ccccc1CCl,745.1,40.59,388.22,0.372
ClCc1cccc(CCl)c1,763.43,38.35,421,0.372
ClCc1ccc(CCl)cc1,729.8,40.58,380.34,0.372
Cc1ccc(Cl)c(Cl)c1C,737.06,34.38,453.39,0.372
Cc1cc(Cl)c(C)c(Cl)c1,729.8,33.76,457.16,0.372
Cc1cc(Cl)c(C)cc1Cl,720.42,34.53,441.25,0.372
Cc1cc(C)c(Cl)cc1Cl,729.8,34.98,441.25,0.372
Cc1ccc(C)c(Cl)c1Cl,729.8,34.28,450.3,0.372
ClCC(Cl)c1ccccc1,729.8,34.58,446.38,0.372
CCc1cc(Cl)ccc1Cl,712.39,33.72,446.82,0.372
Cc1ccc(C(Cl)Cl)cc1,729.8,34.98,441.25,0.372
CCc1cccc(Cl)c1Cl,729.8,34.98,441.25,0.372
Cc1ccc(C=O)cc1,698,34.65,416,0.635
Cc1ccccc1C=O,694,37.13,386,0.635
Cc1cccc(C=O)c1,691,37.95,376,0.635
C=Cc1ccc(O)cc1,736,40.64,374,0.635
COC(=O)c1ccccc1,693,32.18,436,0.709
Cc1ccccc1C(=O)O,751,38.29,397,0.709
Cc1ccc(C(=O)O)cc1,773,39.42,397,0.709
O=COCc1ccccc1,698,35.59,397,0.709
CC(=O)c1ccccc1O,707,36.33,394,0.709
CC(=O)c1ccc(O)cc1,860,44.19,394,0.709
COc1cc(C=O)ccc1O,777,37.16,415,0.777
COC(=O)c1ccccc1O,,,410,0.777
Cc1cccc(Br)c1C,681.92,36.73,435.14,0.353
Cc1ccc(Br)c(C)c1,681.92,35.98,444.14,0.353
Cc1cc(C)cc(Br)c1,681.92,36.63,436.29,0.353
Cc1cccc(C)c1Br,681.92,36.45,438.42,0.353
Cc1ccc(C)c(Br)c1,681.92,36.51,437.75,0.353
Cc1ccc(Br)cc1C,681.92,36.91,432.93,0.353
CC(Br)c1ccccc1,681.92,36.58,436.86,0.353
C[C@@H](Br)c1ccccc1,681.92,34.98,456.82,0.353
BrCCc1ccccc1,681.92,36.7,435.4,0.353
CCc1ccccc1Br,681.92,36.4,439.07,0.353
CCc1cccc(Br)c1,681.92,36.22,441.22,0.353
CCc1ccc(Br)cc1,681.92,36,443.98,0.353
Cc1ccccc1CBr,681.92,37.25,429.06,0.353
Cc1cccc(CBr)c1,681.92,36.92,432.81,0.353
Cc1ccc(CBr)cc1,681.92,35.41,451.36,0.353
Cc1cccc(Cl)c1C,673.74,35.62,417.55,0.312
Cc1ccc(Cl)c(C)c1,673.74,35.82,415.23,0.312
Cc1cccc(C)c1Cl,673.74,35.62,417.55,0.312
Cc1ccc(C)c(Cl)c1,673.74,35.86,414.76,0.312
Cc1ccc(Cl)cc1C,673.74,36.24,410.43,0.312
CC(Cl)c1ccccc1,673.74,35.98,413.31,0.312
ClCCc1ccccc1,673.74,36.27,410.07,0.312
CCc1ccccc1Cl,673.74,35.09,423.83,0.312
CCc1cccc(Cl)c1,673.74,35.64,417.25,0.312
CCc1ccc(Cl)cc1,673.74,35.64,417.25,0.312
Cc1ccccc1CCl,673.74,35.64,417.25,0.312
Cc1cccc(CCl)c1,673.74,35.64,417.25,0.312
Cc1ccc(CCl)cc1,673.74,35.64,417.25,0.312
Cc1cc(C)cc(Cl)c1,673.74,35.64,417.25,0.312
Cc1cccc(F)c1C,604.65,40.39,329.62,0.275
Cc1cccc(C)c1F,604.65,40.29,330.42,0.275
Cc1ccc(F)cc1C,604.65,40.55,328.28,0.275
CCc1ccccc1I,759.62,32.9,487.48,0.315
CCc1ccc(I)cc1,774.88,33.34,490.57,0.315
Cc1cccc(I)c1C,770.97,33.92,479.82,0.315
Cc1ccc(I)c(C)c1,774.88,33.81,483.82,0.315
Cc1cc(C)cc(I)c1,774.88,33.32,490.93,0.315
Cc1cccc(C)c1I,771.68,33.36,488.27,0.315
Cc1ccc(C)c(I)c1,774.88,33.53,487.91,0.315
Cc1ccc(I)cc1C,774.5,33.92,481.97,0.315
ICCc1ccccc1,774.88,33.16,493.33,0.315
CC(=O)Nc1ccccc1,825,39.79,430,0.472
C1=CC=CCCC=C1,623.58,37.72,359.57,0.331
C1=CCC=CCC=C1,621.54,37.44,361.06,0.331
C=C(C)C#CC(=C)C,621.54,35.44,381.49,0.331
CC#CCCC#CC,628.59,36.84,371.15,0.331
CCC#CC#CCC,649.38,37.95,372.23,0.331
C#CCCCCC#C,609.2,35.13,377.21,0.331
Cn1c(=O)c2c(ncn2C)n(C)c1=O,850,32.12,510,0.572
CCOc1ccccc1,,,390,
OCCc1ccccc1,684,36.41,387,0.645
Cc1ccccc1CO,691,36.78,387,0.645
Cc1cccc(CO)c1,681,36.25,387,0.645
Cc1ccc(CO)cc1,681,36.25,387,0.645
CC(O)c1ccccc1,668,35.56,387,0.645
CCc1ccccc1O,,,344.2,0.645
CCc1cccc(O)c1,,,347.08,0.645
CCc1ccc(O)cc1,,,356.08,0.645
Cc1cccc(O)c1C,,,356.08,0.645
Cc1ccc(O)c(C)c1,,,344.02,0.645
Cc1ccc(C)c(O)c1,,,356.08,0.645
Cc1cccc(C)c1O,,,356.08,0.645
Cc1ccc(O)cc1C,,,357.5,0.645
Cc1cc(C)cc(O)c1,,,364.16,0.645
C=CC(=O)OCCOC(=O)C=C,689,25.81,518,0.848
CCc1ccccc1S,728.07,36.26,410.09,0.367
CCc1cccc(S)c1,728.07,36.39,408.61,0.367
CCc1ccc(S)cc1,728.07,36.39,408.61,0.367
Cc1cccc(S)c1C,728.07,36.39,408.61,0.367
Cc1ccc(S)c(C)c1,728.07,36.39,408.61,0.367
Cc1ccc(C)c(S)c1,728.07,36.39,408.61,0.367
Cc1cccc(C)c1S,728.07,36.39,408.61,0.367
Cc1ccc(S)cc1C,728.07,36.39,408.61,0.367
Cc1cc(C)cc(S)c1,728.07,36.39,408.61,0.367
CCSc1ccccc1,728.07,34.85,426.73,0.367
CSc1cccc(C)c1,728.07,35.24,422.04,0.367
CSc1ccc(C)cc1,728.07,35.11,423.53,0.367
CSCc1ccccc1,728.07,35.29,421.35,0.367
C[C@H](S)c1ccccc1,728.07,35.89,414.38,0.367
SCCc1ccccc1,728.07,36.31,409.56,0.367
CN(C)c1ccccc1,,,424.04,
CCc1ccccc1N,741.11,38.19,409.5,0.443
CNc1ccccc1C,714.11,36.53,412.59,0.443
CNc1cccc(C)c1,714.11,36.31,415.1,0.443
CNc1ccc(C)cc1,714.11,34.9,431.78,0.443
Cc1cccc(N)c1C,741.11,38.95,401.55,0.443
Cc1ccc(N)c(C)c1,741.11,37.97,411.88,0.443
Cc1ccc(C)c(N)c1,741.11,38.29,408.5,0.443
Cc1cccc(C)c1N,741.11,38.53,405.91,0.443
Cc1ccc(N)cc1C,741.11,42.88,364.71,0.443
Cc1cc(C)cc(N)c1,741.11,37.89,412.74,0.443
CCc1cccc(N)c1,741.11,38.79,403.25,0.443
CCc1ccc(N)cc1,741.11,37.77,414.12,0.443
CCNc1ccccc1,,,416.91,0.443
Cc1cc(C)nc(C)c1,689.11,31.27,465.12,0.443
CCc1cc(C)ccn1,689.11,31.71,458.6,0.443
CCc1cccc(C)n1,689.11,31.58,460.45,0.443
CCc1cnccc1C,689.11,31.91,455.76,0.443
CCc1ccnc(C)c1,689.11,31.27,465.12,0.443
CC(C)c1ccccn1,689.11,32.14,452.48,0.443
CC(C)c1cccnc1,689.11,31.63,459.85,0.443
CC(C)c1ccncc1,689.11,32.31,450.17,0.443
CCCc1ccncc1,689.11,32.3,450.22,0.443
CCCc1ccccn1,689.11,31.22,465.79,0.443
Cc1ccnc(C)c1C,689.11,31.26,465.3,0.443
Cc1cnc(C)c(C)c1,689.11,32.18,451.9,0.443
Cc1ccc(C)c(C)n1,689.11,31.64,459.67,0.443
Cc1cc(C)c(C)cn1,689.11,32.09,453.18,0.443
NCCc1ccccc1,714.11,38.52,391.28,0.443
Cc1ccccc1CN,714.11,39.42,382.36,0.443
Cc1cccc(CN)c1,714.11,38.9,387.4,0.443
Cc1ccc(CN)cc1,714.11,38.23,394.24,0.443
CNCc1ccccc1,714.11,37.85,398.15,0.443
CC(N)c1ccccc1,714.11,37.63,400.54,0.443
CCc1ccc(C)nc1,689.11,31.56,460.75,0.443
C[C@H](N)c1ccccc1,714.11,37.65,400.29,0.443
C[C@@H](N)c1ccccc1,714.11,37.65,400.29,0.443
CCOc1ccc(N)cc1,754,34.98,446,0.475
C1=CCCC=CCC1,645,37.42,373.94,0.335
C1=CCCCC=CC1,645,37.29,375.27,0.335
C1=C\CC/C=C\CC/1,645,37.62,372,0.335
C=CC1=CCCCC1,599,34.29,379,0.335
CC1=CCCC(C)=C1,603.7,33.09,395.85,0.335
CC1=CC=C(C)CC1,603.7,32.74,400.04,0.335
CC1=CC=CC(C)C1,603.7,32.32,405.3,0.335
CC1=CCC(C)C=C1,603.7,32.48,403.24,0.335
CC1=CC(C)CC=C1,603.7,32.39,404.42,0.335
C=C(C)C=CC(=C)C,594.07,33.9,380.2,0.335
C/C=C/C=C/C=C/C,605.35,35.28,372.25,0.335
C=CC#CCCCC,606.76,32.03,411.05,0.335
C1=CCCCCC=C1,645,35.19,397.66,0.335
C1=C\CCCC\C=C/1,645,36.96,378.59,0.335
C1=C\CCCC/C=C/1,645,35.19,397.66,0.335
O=C=NCCCCCCN=C=O,,,,0.531
CC(C)(C)c1ccco1,597.25,27.72,442.64,0.654
O=C(O)C1CCC(C(=O)O)CC1,889,37.09,464,0.856
CCOC(=O)/C=C\C(=O)OCC,680,25.91,508,0.856
CCCCc1cccs1,670.94,29.84,458.13,0.371
CCCCc1ccsc1,670.94,29.96,456.23,0.371
CC(C)Cc1cccs1,670.94,31.46,434.51,0.371
CC(C)Cc1ccsc1,670.94,31.46,434.51,0.371
CCC(C)c1cccs1,670.94,31.46,434.51,0.371
CCC(C)c1ccsc1,670.94,31.46,434.51,0.371
CC(C)(C)c1cccs1,670.94,31.46,434.51,0.371
CC(C)(C)c1ccsc1,670.94,31.46,434.51,0.371
CCCc1ccsc1C,670.94,31.46,434.51,0.371
CCCc1csc(C)c1,670.94,31.46,434.51,0.371
CCCc1ccc(C)s1,670.94,31.46,434.51,0.371
CCCc1sccc1C,670.94,31.46,434.51,0.371
CCCc1cscc1C,670.94,31.46,434.51,0.371
CCCc1cc(C)cs1,670.94,31.46,434.51,0.371
CCc1cc(C)sc1C,670.94,31.46,434.51,0.371
CCCCn1cccc1,752.88,31.73,499.45,0.448
CCc1c(C)c[nH]c1C,752.88,33.41,474.42,0.448
CCc1c[nH]c(C)c1C,752.88,33.5,473.17,0.448
Cc1[nH]c(C)c(C)c1C,752.88,33.27,476.43,0.448
CCc1ccc(CC)[nH]1,752.88,33.27,476.43,0.448
CCCC1=CCCC1,592.78,30.89,415.28,0.34
CC1=C(C)C(C)CC1,592.78,31.18,411.5,0.34
CC1=CCCC1(C)C,592.78,30.16,425.37,0.34
CCC1=CCCCC1,607.78,31.73,414.5,0.34
CCC1C=CCCC1,607.78,31.19,421.76,0.34
CCC1CC=CCC1,607.78,31.19,421.71,0.34
CC1=C(C)CCCC1,607.78,31.94,411.87,0.34
CC1=CC(C)CCC1,607.78,30.87,426.08,0.34
CC1=CCC(C)CC1,607.78,30.94,425.19,0.34
CC1=CCCC(C)C1,607.78,30.95,424.93,0.34
CC1=CCCCC1C,607.78,31.42,418.59,0.34
CC1(C)C=CCCC1,607.78,30.91,425.51,0.34
C[C@@H]1CC=C[C@@H](C)C1,607.78,31.38,419.21,0.34
C[C@@H]1CC=CC[C@@H]1C,607.78,31.38,419.21,0.34
CC1(C)CC=CCC1,607.78,30.76,427.56,0.34
C#CCCCCCC,577.78,28.27,442.29,0.34
CC#CCCCCC,577.78,28.85,433.45,0.34
CCC#CCCCC,577.78,28.51,438.53,0.34
CCCC#CCCC,577.78,28.65,436.43,0.34
CCC#CC(C)(C)C,577.78,29,431.18,0.34
C=CCCCCC=C,577.78,29.8,419.55,0.34
CC=CCCC=CC,577.78,30.13,415.06,0.34
C=CC(C)CC=CC,577.78,29.37,425.8,0.34
C=C(C)CCC(=C)C,577.78,30.24,413.45,0.34
CC(C)=CC=C(C)C,577.78,30.96,403.85,0.34
C1=CCCCCCC1,632,35.9,381,0.34
CCCC1C=CCC1,592.78,30.16,425.37,0.34
CC1(C)CCCCC1=O,705.34,34.06,424.47,0.664
C[C@@H]1C(=O)CCC[C@@H]1C,705.34,34.12,423.69,0.664
C[C@@H]1CCCC(=O)[C@H]1C,705.34,33.77,428.12,0.664
C[C@H]1CCC(=O)[C@@H](C)C1,705.34,33.86,426.99,0.664
C[C@@H]1CCC(=O)[C@@H](C)C1,705.34,33.43,432.46,0.664
C[C@H]1CC[C@H](C)C(=O)C1,705.34,33.52,431.25,0.664
CC1CCCC(C)C1=O,705.34,34.53,418.69,0.664
CC1(C)CCCC(=O)C1,705.34,33.81,427.55,0.664
CC1CCC(=O)CC1C,705.34,33.68,429.25,0.664
CC1CC(=O)CC(C)C1,705.34,33.23,435.01,0.664
CC1(C)CCC(=O)CC1,705.34,34.84,414.92,0.664
CCC(C)=C(C)C(C)=O,660.34,30.02,450.9,0.664
CC=C(C)C(C)C(C)=O,660.34,29.36,460.93,0.664
CC=CCC(C)C(C)=O,660.34,29.05,465.84,0.664
CC=C(C)CCC(C)=O,660.34,29.81,453.97,0.664
CC(=O)C=CCC(C)C,660.34,28.97,467.16,0.664
CC(=O)CC=CC(C)C,660.34,28.57,473.75,0.664
CC(=O)CCC=C(C)C,660.34,29.4,460.42,0.664
CC=CCC(=O)C(C)C,660.34,28.88,468.7,0.664
C=CC(=O)CC(C)CC,660.34,29.12,464.78,0.664
CCC(=O)C=C(C)CC,660.34,29.58,457.52,0.664
CC=C(C)CC(=O)CC,660.34,29.3,461.84,0.664
CC=CC(=O)C(C)CC,660.34,29.9,452.71,0.664
CC=CC(=O)CC(C)C,660.34,28.83,469.36,0.664
CCC1CCC(=O)CC1,705.34,33.19,435.59,0.664
CCCCCC=CC=O,700.34,28.83,497.87,0.664
CCCCC/C=C/C=O,700.34,29.41,488,0.664
C=CCCCCCC=O,700.34,30.22,474.92,0.664
CCCC=C(C=O)CC,700.34,29.5,486.62,0.664
CCCC=CC(=O)CC,660.34,30.61,442.13,0.664
CCCCC=CC(C)=O,660.34,30.03,450.65,0.664
CCCCCC=CC(=O)O,723.68,27.28,532.93,0.735
CCCCC/C=C/C(=O)O,723.68,26.79,542.76,0.735
CC(C)CCC=CC(=O)O,723.68,26.65,545.54,0.735
CCCC=C(CC)C(=O)O,723.68,27.06,537.28,0.735
C=C(C)C(=O)OCCCC,603.68,23.45,517.15,0.735
C=C(C)C(=O)OCC(C)C,603.68,23.29,520.8,0.735
CC(=O)OC1CCCCC1,648,29.86,436,0.735
CCCCC(=O)CC(C)=O,648,29.86,436,0.735
CC(=O)CCCCC(C)=O,648,29.86,436,0.735
CCC(=O)CCC(=O)CC,648,29.86,436,0.735
CCCC(=O)C(=O)CCC,648,29.86,436,0.735
CC(C)C(=O)C(=O)C(C)C,648,29.86,436,0.735
C=CCOC(=O)CC(C)C,648,29.86,494.35,0.735
CCOC(=O)C(C)=C(C)C,603.68,23.97,506.09,0.735
CCCC=CC(=O)OCC,603.68,23.69,511.91,0.735
CCC=CCC(=O)OCC,603.68,23.6,513.9,0.735
CC=C(C)CC(=O)OCC,603.68,24.32,498.76,0.735
CCOC(=O)C=CC(C)C,603.68,23.65,512.94,0.735
CCOC(=O)CC=C(C)C,603.68,24.16,501.97,0.735
C=CC(=O)OCC(C)CC,603.68,23.54,515.35,0.735
C=C(C)C(=O)OC(C)(C)C,603.68,22.95,528.52,0.735
C=C(C)CCC(=O)OCC,603.68,23.45,517.15,0.735
C=CCC(C)C(=O)OCC,603.68,22.89,529.97,0.735
CCC/C=C/COC(C)=O,603.68,23.68,512.32,0.735
C=CC(=O)OCCC(C)C,603.68,23.8,509.59,0.735
CCCC(C(C)=O)C(C)=O,648,29.86,436,0.735
CC(=O)CC(=O)C(C)(C)C,648,29.86,436,0.735
CCCC(=O)OC(=O)CCC,644,25.32,501,0.801
CCOC(=O)CCC(=O)OCC,,,567.4,0.863
CCC(C)(CC(=O)O)CC(=O)O,809,26.4,591.71,0.863
O=C(O)CCCCCCC(=O)O,809,26.4,591.71,0.863
CC(C)(C(=O)O)C(C)(C)C(=O)O,809,26.37,592.26,0.863
CC(=O)OC1CC(C)OC(C)O1,669,27.08,477,0.863
CCCCCCC=CBr,660.28,28.47,539.39,0.594
CCCCCC/C=C\Br,660.28,28.47,539.39,0.594
CCCCCC/C=C/Br,660.28,28.47,539.39,0.594
C=C(Br)CCCCCC,660.28,28.47,539.39,0.594
C=CCCCCCCBr,660.28,28.47,539.39,0.594
CCCCCC=CCBr,660.28,28.47,539.39,0.594
CCCCCC/C=C\Cl,653.83,28.24,507.21,0.393
CCCCCC/C=C/Cl,653.83,28.24,507.21,0.393
C=C(Cl)CCCCCC,653.83,28.24,507.21,0.393
CCCCCC=C(C)Cl,653.83,28.24,507.21,0.393
CC=CC(Cl)CCCC,653.83,28.24,507.21,0.393
CCC/C=C(\Cl)CCC,653.83,28.24,507.21,0.393
CCC(=CCCCl)CC,653.83,28.24,507.21,0.393
CC(C)=CCCC(C)Cl,653.83,28.24,507.21,0.393
CCCCCCCC(Cl)(Cl)Cl,674.79,19.28,702.07,0.335
CCCCCC/C=C\F,535.64,28.11,416.4,0.261
CCCCCC/C=C/F,535.64,28.11,416.4,0.261
CCCCCCCC(F)(F)F,502.57,21.46,488.11,0.365
CCCCCC/C=C\I,714.61,23.34,641.62,0.323
CCCCCC/C=C/I,714.61,23.34,641.62,0.323
CCCCCCCC#N,721.6,28.4,533.57,0.452
CCCCCC=C(C)[N+](=O)[O-],780.77,25.02,629.67,0.512
CC=C(CCCCC)[N+](=O)[O-],780.77,25.02,629.67,0.512
CCCCC=C(CC)[N+](=O)[O-],780.77,25.02,629.67,0.512
CCCC1CCCC1,591.8,29.66,430.77,0.344
CC(C)C1CCCC1,591.8,29.64,431.04,0.344
CCC1(C)CCCC1,591.8,29.84,428.11,0.344
CC[C@H]1CCC[C@H]1C,591.8,30.03,425.4,0.344
CC[C@@H]1CCC[C@H]1C,591.8,29.29,436.25,0.344
CC[C@@H]1CC[C@H](C)C1,591.8,29.2,437.55,0.344
CC[C@H]1CC[C@H](C)C1,591.8,29.2,437.55,0.344
CC1CCCC1(C)C,591.8,29.44,434.02,0.344
CC1CCC(C)(C)C1,591.8,28.32,451.06,0.344
C[C@@H]1[C@H](C)CC[C@@H]1C,591.8,29.75,429.37,0.344
CC1[C@@H](C)CC[C@@H]1C,591.8,29.34,435.43,0.344
C[C@H]1[C@H](C)CC[C@@H]1C,591.8,28.57,447.24,0.344
C[C@H]1C[C@@H](C)[C@@H](C)C1,591.8,29.43,434.14,0.344
C[C@@H]1C[C@@H](C)[C@@H](C)C1,591.8,29.02,440.18,0.344
CC1C[C@@H](C)[C@H](C)C1,591.8,28.28,451.71,0.344
CCC1CCC(C)C1,591.8,29.16,438.1,0.344
CCC1CCCCC1,596.8,29.05,443.49,0.344
CC1CCCCC1C,596.8,28.78,447.6,0.344
CC1CCCC(C)C1,596.8,28.3,455.31,0.344
CC1CCC(C)CC1,596.8,28.52,451.77,0.344
C[C@H]1CC[C@@H](C)CC1,596.8,,,0.344
CC=CCCCCC,566.8,27.06,452.19,0.344
C/C=C\CCCCC,566.8,26.09,469.02,0.344
C/C=C/CCCCC,566.8,25.91,472.24,0.344
CC/C=C\CCCC,566.8,25.95,471.45,0.344
CC/C=C/CCCC,566.8,25.69,476.23,0.344
CCCC=CCCC,566.8,26.91,454.76,0.344
CCC/C=C\CCC,566.8,25.95,471.45,0.344
CCC/C=C/CCC,566.8,25.65,477.04,0.344
C=C(C)CCCCC,566.8,25.93,471.93,0.344
C=CC(C)CCCC,566.8,28.14,434.82,0.344
C=CCC(C)CCC,566.8,25.78,474.63,0.344
C=CCCC(C)CC,566.8,25.75,475.27,0.344
C=CCCCC(C)C,566.8,25.56,478.73,0.344
CCCCC=C(C)C,566.8,26.08,469.1,0.344
C/C=C(/C)CCCC,566.8,26.3,465.22,0.344
C/C=C(\C)CCCC,566.8,26.3,465.22,0.344
C/C=C\C(C)CCC,566.8,25.74,475.43,0.344
C/C=C/C(C)CCC,566.8,25.74,475.43,0.344
C/C=C\CC(C)CC,566.8,26.04,469.88,0.344
C/C=C/CC(C)CC,566.8,26.04,469.88,0.344
CC=CCCC(C)C,566.8,25.82,473.83,0.344
C/C=C\CCC(C)C,566.8,25.82,473.83,0.344
C/C=C/CCC(C)C,566.8,25.82,473.83,0.344
CCC=CCC(C)C,566.8,25.61,477.84,0.344
CCCC=CC(C)C,566.8,25.3,483.57,0.344
CCC/C=C\C(C)C,566.8,25.3,483.57,0.344
CCC/C=C/C(C)C,566.8,25.3,483.57,0.344
CCCC=C(C)CC,566.8,26.26,465.99,0.344
CCC/C=C(/C)CC,566.8,26.26,465.99,0.344
CCC/C=C(\C)CC,566.8,26.26,465.99,0.344
CCC=C(C)CCC,566.8,26.13,468.32,0.344
CC/C=C(/C)CCC,566.8,26.13,468.32,0.344
CC/C=C(\C)CCC,566.8,26.13,468.32,0.344
CCC=CC(C)CC,566.8,25.61,477.84,0.344
CC/C=C\C(C)CC,566.8,25.61,477.84,0.344
CC/C=C/C(C)CC,566.8,25.61,477.84,0.344
CC/C=C\CC(C)C,566.8,25.61,477.84,0.344
CC/C=C/CC(C)C,566.8,25.61,477.84,0.344
C=C(CC)CCCC,566.8,26.21,466.76,0.344
C=CC(CC)CCC,566.8,25.69,476.23,0.344
C=CCC(CC)CC,566.8,26.17,467.54,0.344
C=C(C)C(C)CCC,566.8,25.96,471.3,0.344
C=C(C)CC(C)CC,566.8,25.91,472.24,0.344
C=C(C)CCC(C)C,566.8,25.78,474.71,0.344
C=CC(C)(C)CCC,566.8,25.65,477.12,0.344
C=CC(C)C(C)CC,566.8,26.08,469.1,0.344
C=CC(C)CC(C)C,566.8,25.39,481.92,0.344
C=CCC(C)(C)CC,566.8,25.9,472.48,0.344
C=CCC(C)C(C)C,566.8,26.26,465.99,0.344
C=CCCC(C)(C)C,566.8,25.43,481.1,0.344
C/C=C(/CC)CCC,566.8,26.65,459.13,0.344
C/C=C(\CC)CCC,566.8,26.65,459.13,0.344
C/C=C\C(CC)CC,566.8,26.13,468.32,0.344
C/C=C/C(CC)CC,566.8,26.13,468.32,0.344
CCCC(C)=C(C)C,566.8,26.57,460.52,0.344
CCC(C)C=C(C)C,566.8,25.96,471.37,0.344
CC(C)=CCC(C)C,566.8,25.91,472.24,0.344
C/C=C(/C)C(C)CC,566.8,26.65,459.13,0.344
C/C=C(\C)C(C)CC,566.8,26.65,459.13,0.344
C/C=C(/C)CC(C)C,566.8,26.13,468.32,0.344
C/C=C(\C)CC(C)C,566.8,26.13,468.32,0.344
C/C=C\C(C)(C)CC,566.8,26,470.67,0.344
CC=CC(C)C(C)C,566.8,26.13,468.32,0.344
C/C=C\C(C)C(C)C,566.8,26.13,468.32,0.344
C/C=C/C(C)C(C)C,566.8,26.13,468.32,0.344
C/C=C\CC(C)(C)C,566.8,25.76,475.03,0.344
C/C=C/CC(C)(C)C,566.8,25.32,483.32,0.344
CCC=C(CC)CC,566.8,26.3,465.22,0.344
CC/C=C\C(C)(C)C,566.8,25.59,478.17,0.344
CC/C=C/C(C)(C)C,566.8,25.2,485.64,0.344
CC/C=C(/C)C(C)C,566.8,26.26,465.99,0.344
CC/C=C(\C)C(C)C,566.8,26.26,465.99,0.344
CC/C(C)=C\C(C)C,566.8,25.8,474.23,0.344
CC/C(C)=C/C(C)C,566.8,25.65,476.96,0.344
CC(C)/C=C\C(C)C,566.8,25.48,480.28,0.344
CC(C)/C=C/C(C)C,566.8,25.48,480.28,0.344
CC/C(C)=C(/C)CC,566.8,27.09,451.73,0.344
CC/C(C)=C(\C)CC,566.8,27.09,451.73,0.344
C=C(CCC)CCC,566.8,26.08,469.25,0.344
C=C(CCC)C(C)C,566.8,26.13,468.32,0.344
C=C(CC)C(C)CC,566.8,26.3,465.22,0.344
C=C(CC)CC(C)C,566.8,25.88,472.88,0.344
C=C(C)C(CC)CC,566.8,26.35,464.45,0.344
C=CC(C)(CC)CC,566.8,26.36,464.14,0.344
C=CC(CC)C(C)C,566.8,25.9,472.4,0.344
C=C(C)C(C)(C)CC,566.8,26.55,460.79,0.344
C=C(C)C(C)C(C)C,566.8,26.3,465.22,0.344
C=C(C)CC(C)(C)C,566.8,25.69,476.23,0.344
C=CC(C)(C)C(C)C,566.8,26.3,465.22,0.344
C=CC(C)C(C)(C)C,566.8,25.87,473.04,0.344
CCC(CC)=C(C)C,566.8,26.74,457.63,0.344
C/C=C(/CC)C(C)C,566.8,26.74,457.63,0.344
C/C=C(\CC)C(C)C,566.8,26.55,460.79,0.344
CC(C)=C(C)C(C)C,566.8,26.92,454.59,0.344
CC(C)=CC(C)(C)C,566.8,25.95,471.45,0.344
C/C=C(/C)C(C)(C)C,566.8,26.74,457.63,0.344
C/C=C(\C)C(C)(C)C,566.8,26.74,457.63,0.344
CC=C(C)C(C)(C)C,566.8,26.74,457.63,0.344
C=C(C(C)C)C(C)C,566.8,26,470.67,0.344
C=C(CC)C(C)(C)C,566.8,26.26,465.99,0.344
CCCCCCCC(Br)Br,737.51,25.36,611.69,0.473
CCCCCCC(Br)CBr,737.51,25.36,611.69,0.473
CCCCC(Br)CCCBr,737.51,25.36,611.69,0.473
CCCC(Br)CCCCBr,737.51,25.36,611.69,0.473
BrCCCCCCCCBr,737.51,25.36,611.69,0.473
CCCC(Br)C(Br)CCC,737.51,25.36,611.69,0.473
CCCCCCCC(Cl)Cl,689.2,24.61,586.46,0.415
ClCCCCCCCCCl,689.2,24.61,586.46,0.415
CCCCCC(Cl)C(C)Cl,689.2,24.61,586.46,0.415
CC(C)(Cl)CCC(C)(C)Cl,689.2,24.61,586.46,0.415
CCCCCCCC(F)F,569.63,26.88,451.78,0.39
CCCCCCCC(I)I,866.46,21.78,710.91,0.465
ICCCCCCCCI,866.46,21.78,710.91,0.465
CCCCCC(C)C=O,642.39,27.06,485.31,0.673
CCCCC(C)CC=O,642.39,27.06,485.31,0.673
CCC(C)CCCC=O,642.39,27.06,485.31,0.673
CC(C)CCCCC=O,642.39,27.06,485.31,0.673
CCCCC(C=O)CC,642.39,26.59,493.84,0.673
CCCC(C=O)CCC,642.39,27.21,482.71,0.673
CCCCCCC(C)=O,,,,0.673
CCCCCC(=O)CC,633.39,26.34,491.68,0.673
CCCCC(=O)CCC,633.39,26.05,497.04,0.673
CCCCC(C)C(C)=O,633.39,26.33,491.82,0.673
CCCC(C)CC(C)=O,633.39,26.27,492.87,0.673
CCC(C)CCC(C)=O,633.39,26.27,492.87,0.673
CC(=O)CCCC(C)C,633.39,26.07,496.67,0.673
CCCCC(=O)C(C)C,633.39,26.12,495.8,0.673
CCCC(C)C(=O)CC,633.39,26.27,492.87,0.673
CCC(=O)CC(C)CC,633.39,26.26,493.11,0.673
CCC(=O)CCC(C)C,633.39,26.27,492.87,0.673
CCCC(=O)CC(C)C,633.39,25.99,498.21,0.673
CCCC(=O)C(C)CC,633.39,26.27,492.87,0.673
CCCC(C)(C)C(C)=O,633.39,26.27,492.87,0.673
CCC(C)C(C)C(C)=O,633.39,26.63,486.35,0.673
CC(C)CC(=O)C(C)C,633.39,26.53,488.18,0.673
CCCC(=O)C(C)(C)C,633.39,25.9,500.06,0.673
CCC(=O)C(C)(C)CC,633.39,26.59,487.05,0.673
CCC(C(C)=O)C(C)C,633.39,25.95,498.95,0.673
CCC(C)(CC)C(C)=O,633.39,26.27,492.87,0.673
CC(C)C(=O)C(C)(C)C,633.39,25.74,503.04,0.673
CCCC1(O)CCCC1,693.39,30.86,459.33,0.673
CCC[C@H]1CCC[C@H]1O,693.39,31.37,451.94,0.673
CCC[C@@H]1CCC[C@H]1O,693.39,30.76,460.79,0.673
CC1(C)CCCC1(C)O,693.39,31.11,455.64,0.673
CC1CC(C)C(C)(O)C1,693.39,30.09,471.19,0.673
CC1CCC(C)C1(C)O,693.39,31.19,454.44,0.673
CCC1(O)CCCCC1,693.39,31.63,448.18,0.673
CCC1CCCCC1O,693.39,30.94,458.11,0.673
CC[C@H]1CCCC[C@H]1O,693.39,31.82,445.45,0.673
CC[C@@H]1CCCC[C@H]1O,693.39,31.49,450.17,0.673
C[C@@H]1CCCC[C@]1(C)O,693.39,31.72,446.84,0.673
C[C@@H]1CCCC[C@@]1(C)O,693.39,31.47,450.52,0.673
C[C@H]1CCC[C@@](C)(O)C1,693.39,30.79,460.43,0.673
C[C@H]1CCC[C@](C)(O)C1,693.39,30.27,468.39,0.673
C[C@H]1CC[C@@](C)(O)CC1,693.39,30.74,461.1,0.673
CCC1CCC(O)CC1,693.39,30.25,468.64,0.673
CC1(C)CCCCC1O,693.39,31.62,448.3,0.673
CC1CCC(O)C(C)C1,693.39,30.7,461.78,0.673
CC1CCCC(C)C1O,693.39,32.51,436.07,0.673
CC1(C)CCCC(O)C1,693.39,31.22,454.02,0.673
CC1CCC(O)CC1C,693.39,31,457.32,0.673
CC1CC(C)CC(O)C1,693.39,30.62,463.01,0.673
CC1(C)CCC(O)CC1,693.39,31.72,446.84,0.673
CCC1(CC)CCCO1,628.39,29.3,438.45,0.673
CCCCCC=CCO,673.39,29.11,472.97,0.673
CCCCC/C=C/CO,673.39,29.15,472.3,0.673
CCCC=CCCCO,673.39,29.75,462.75,0.673
CCC=CCCCCO,673.39,29.75,462.75,0.673
C=CCCCCCCO,673.39,29.75,462.75,0.673
CC(C)C/C=C\CCO,673.39,29.75,462.75,0.673
CC(C)C/C=C/CCO,673.39,29.75,462.75,0.673
CC/C=C\CCC(C)O,673.39,29.75,462.75,0.673
C=CCCC(C)CCO,673.39,29.75,462.75,0.673
CCCC=CC(C)(C)O,673.39,29.75,462.75,0.673
CCC=CCC(C)(C)O,673.39,29.75,462.75,0.673
C=CCCCC(C)(C)O,673.39,29.75,462.75,0.673
CCC=CC(C)(O)CC,673.39,29.75,462.75,0.673
C=CCC(C)(O)CCC,673.39,28.33,485.99,0.673
CCC=C(C)C(O)CC,673.39,29.75,462.75,0.673
CC=CC(O)C(C)CC,673.39,29.75,462.75,0.673
CC=CC(O)CC(C)C,673.39,29.75,462.75,0.673
CC(C)=CCCC(C)O,673.39,28.74,479.06,0.673
C=CCC(O)CCCC,673.39,29.75,462.75,0.673
CC=CC(O)CCCC,673.39,29.75,462.75,0.673
CC=CC(O)C(C)(C)C,673.39,29.75,462.75,0.673
CC(C)=CC(O)C(C)C,673.39,29.75,462.75,0.673
C=CC(C)(O)CC(C)C,673.39,29.75,462.75,0.673
CCC(C)(O)C=C(C)C,673.39,29.75,462.75,0.673
C=C(C)CCCC(C)O,673.39,29.75,462.75,0.673
C=CC(O)CCCCC,673.39,28.74,479.06,0.673
C=COCCCCCC,583.39,24.46,487.57,0.673
CCCCCC(C)C(=O)O,696.49,26.25,531.83,0.744
CCCC(C)CCC(=O)O,696.49,26.25,531.83,0.744
CC(C)CCCCC(=O)O,696.49,26.25,531.83,0.744
CCCCC(C)(C)C(=O)O,696.49,26.1,534.86,0.744
CCC(C)CC(C)C(=O)O,696.49,26.25,531.83,0.744
CCCCC(CC)C(=O)O,,,,0.744
CCCC(CC)CC(=O)O,696.49,26.25,531.83,0.744
CCC(CC)CCC(=O)O,696.49,26.25,531.83,0.744
CCCC(CCC)C(=O)O,696.49,25.82,540.54,0.744
CCCCCCCOC=O,606.49,23.39,519.58,0.744
CCCCCCOC(C)=O,606.49,22.92,530.38,0.744
CCCCC(C)OC(C)=O,606.49,23.31,521.35,0.744
CCCC(C)COC(C)=O,606.49,22.98,528.91,0.744
CCC(C)CCOC(C)=O,606.49,23.41,519.15,0.744
CCCC(C)(C)OC(C)=O,606.49,23.41,519.15,0.744
CC(=O)OC(C)CC(C)C,606.49,22.66,536.3,0.744
CCC(CC)COC(C)=O,606.49,23.27,522.42,0.744
CCC(OC(C)=O)C(C)C,606.49,22.94,529.79,0.744
CCC(C)(CC)OC(C)=O,606.49,23.36,520.43,0.744
CCCCCOC(=O)CC,606.49,22.92,530.38,0.744
CCCC(C)OC(=O)CC,606.49,23.41,519.15,0.744
CCC(=O)OCC(C)CC,606.49,23.41,519.15,0.744
CCC(=O)OCCC(C)C,606.49,22.92,530.38,0.744
CCC(=O)OC(C)(C)CC,606.49,23.41,519.15,0.744
CCC(=O)OC(C)C(C)C,606.49,23.41,519.15,0.744
CCC(=O)OCC(C)(C)C,606.49,23.41,519.15,0.744
CCCCOC(=O)CCC,606.49,22.95,529.64,0.744
CCCC(=O)OC(C)CC,606.49,23.41,519.15,0.744
CCCC(=O)OCC(C)C,,,535.85,0.744
CCCC(=O)O[C@@H](C)CC,606.49,23.1,526.23,0.744
CCCC(=O)OC(C)(C)C,606.49,23.41,519.15,0.744
CCCCOC(=O)C(C)C,606.49,22.73,534.81,0.744
CCC(C)OC(=O)C(C)C,606.49,23.41,519.15,0.744
CC(C)COC(=O)C(C)C,,,542.35,0.744
CCCCC(=O)OCCC,606.49,22.98,528.99,0.744
CCCCC(=O)OC(C)C,606.49,23.41,519.15,0.744
CCCOC(=O)CC(C)C,606.49,22.76,534.07,0.744
CC(C)CC(=O)OC(C)C,606.49,22.47,540.98,0.744
OCC1CCC(CO)CC1,724,32.61,445,0.744
CCCCCC(=O)OCC,606.49,23.08,526.73,0.744
CCOC(=O)CCC(C)C,606.49,23,528.55,0.744
CCCCCCC(=O)OC,606.49,23.35,520.64,0.744
CCCCOCCOC(C)=O,,,,0.809
CCOCCOCCOC(C)=O,660,22.5,565,0.871
C1CCCCSCCC1,751.38,34.66,439.5,0.379
CCCCCCCCBr,643.02,25.34,588.76,0.601
CCCCCCC(C)Br,643.02,24.81,601.39,0.601
CCCCC(CC)CBr,643.02,24.68,604.59,0.601
CCCCCCCCCl,637.13,24.77,562.01,0.397
CCCCCCC(C)Cl,637.13,24.66,564.66,0.397
CCCCCC[C@H](C)Cl,637.13,25.02,556.43,0.397
CCCCCC(C)(C)Cl,637.13,24.35,571.78,0.397
CC(C)CCCC(C)Cl,637.13,25.02,556.43,0.397
CCCCC(C)(Cl)CC,637.13,25.02,556.47,0.397
CC(C)CCC(C)(C)Cl,637.13,25.02,556.43,0.397
CCCC(C)(Cl)C(C)C,637.13,24.76,562.24,0.397
CCCC(C)(Cl)CCC,637.13,24.77,562.16,0.397
CCCCC(CC)CCl,637.13,25.04,556.09,0.397
CC(C)(C)CC(C)(C)Cl,637.13,24.96,557.85,0.397
CCC(C)CCCCCl,637.13,25.02,556.43,0.397
CCCCCCCCF,579.23,28.84,437.76,0.333
CCCCCCCCI,764.75,24.74,645.99,0.326
CCCCCCC(C)I,746.18,24.12,646.56,0.326
CCCCC(CC)CI,746.18,24.42,638.52,0.326
CN(C)C1CCCCC1,700.28,30.44,481.91,0.456
NCCC1CCCCC1,700.28,31.41,466.96,0.456
CNC1CCC(C)CC1,700.28,29.29,500.83,0.456
CCC1CCCCC1N,700.28,31.69,462.87,0.456
CC(C)N1CCCCC1,680.28,27.97,509.4,0.456
CCCN1CCCCC1,680.28,27.34,521.15,0.456
CCC[C@H]1CCCCN1,680.28,28.18,505.7,0.456
CCCC1CCNCC1,680.28,28.98,491.69,0.456
CC1CCNC(C)(C)C1,680.28,27.7,514.47,0.456
CC1CCC(C)C(C)N1,680.28,27.63,515.81,0.456
CC1CC(C)NC(C)C1,680.28,27.68,514.84,0.456
C[C@H](N)C1CCCCC1,700.28,30.89,474.83,0.456
CC1CCCC(N)C1C,700.28,29.98,489.2,0.456
C[C@@H](N)C1CCCCC1,700.28,30.89,474.83,0.456
CC(C)C1CCNCC1,680.28,28.24,504.62,0.456
CCC1CCC(C)NC1,680.28,28.24,504.62,0.456
CNCC1CCCCC1,700.28,30.44,481.91,0.456
CC1(C)CCC(C)(C)N1,695.28,28.53,510.47,0.456
CCCN(CCC)C(C)=O,700,23.06,623.18,0.487
CC(=O)N(C(C)C)C(C)C,700,22.81,630.06,0.487
CCCCCCCC[N+](=O)[O-],783.91,23.46,672.47,0.515
CCCCCCC(C)[N+](=O)[O-],783.91,22.92,688.35,0.515
CCCC(C)C(C)C,555.77,27.45,435.95,0.349
CC(C)(C)C(C)(C)C,555.77,26.11,458.37,0.349
CCN1CCN(CC)CC1,761.5,33.58,466.18,0.485
CCCCCCC(C)O,641.41,25.42,514.66,0.682
CCCCCC[C@@H](C)O,641.41,26.11,500.91,0.682
CCCCCC[C@H](C)O,641.41,25.52,512.64,0.682
CCCCCC(O)CC,641.41,25.35,515.95,0.682
CCCCC(O)CCC,641.41,25.27,517.62,0.682
CCCCCC(C)CO,641.41,24.65,530.71,0.682
CCCCC(C)CCO,641.41,24.12,542.26,0.682
CCCC(C)CCCO,641.41,24.94,524.48,0.682
CCC(C)CCCCO,641.41,25.27,517.69,0.682
CC(C)CCCCCO,641.41,25.35,516.02,0.682
CCCCCC(C)(C)O,641.41,24.97,523.93,0.682
CCCCC(C)C(C)O,641.41,25.36,515.87,0.682
CCCC(C)CC(C)O,641.41,24.66,530.47,0.682
CCC(C)CCC(C)O,641.41,25.06,521.92,0.682
CC(C)CCCC(C)O,641.41,24.82,526.99,0.682
CCCCC(O)C(C)C,641.41,25.46,513.76,0.682
CCCCC(C)(O)CC,641.41,25.63,510.32,0.682
CCCC(C)C(O)CC,641.41,24.48,534.4,0.682
CCC(C)CC(O)CC,641.41,25.23,518.46,0.682
CCC(O)CCC(C)C,641.41,26.24,498.45,0.682
CCCC(O)CC(C)C,641.41,25.06,521.92,0.682
CCCC(O)C(C)CC,641.41,25.92,504.6,0.682
CCC[C@H](O)[C@H](C)CC,641.41,25.94,504.16,0.682
CCCC(C)(O)CCC,641.41,25.42,514.59,0.682
CCCCC(CC)CO,,,506.71,
CCCC(CC)CCO,641.41,25.85,505.98,0.682
CCCCC(C)(C)CO,641.41,25.52,512.64,0.682
CCC(C)CC(C)CO,641.41,26.24,498.45,0.682
CC(C)CCC(C)CO,641.41,25.63,510.4,0.682
CCCC(C)(C)CCO,641.41,26,503.07,0.682
CC(C)CC(C)CCO,641.41,25.59,511.14,0.682
CCC(C)(C)CCCO,641.41,26.24,498.45,0.682
CC(C)(C)CCCCO,641.41,26.24,498.45,0.682
CCCC(CC)C(C)O,641.41,26.24,498.45,0.682
CCCC(C)C(C)(C)O,641.41,25.89,505.25,0.682
CCC(C)CC(C)(C)O,641.41,24.92,524.87,0.682
CC(C)CCC(C)(C)O,641.41,25.14,520.22,0.682
CCCC(C)(C)C(C)O,641.41,26.26,498.06,0.682
CCC(C)C(C)C(C)O,641.41,26.19,499.48,0.682
CC(C)CC(C)C(C)O,641.41,26.24,498.45,0.682
CC(O)CCC(C)(C)C,641.41,26.24,498.45,0.682
CCCC(O)(CC)CC,641.41,25.94,504.3,0.682
CCC(O)C(CC)CC,641.41,26.24,498.45,0.682
CCCC(O)C(C)(C)C,641.41,25.81,506.71,0.682
CCCC(C)(O)C(C)C,641.41,25.93,504.52,0.682
CCC(C)C(O)C(C)C,641.41,26.24,498.45,0.682
CC(C)CC(O)C(C)C,641.41,25.24,518.23,0.682
CCC(C)C(C)(O)CC,641.41,25.96,503.8,0.682
CCC(C)(O)CC(C)C,641.41,25.55,511.89,0.682
CCC(O)C(C)(C)CC,641.41,25.81,506.71,0.682
CCC(O)CC(C)(C)C,641.41,26.24,498.45,0.682
CCCC(CO)CCC,641.41,26.24,498.45,0.682
CCCC(C)(CC)CO,641.41,26.24,498.45,0.682
CCC(CO)CC(C)C,641.41,25.66,509.66,0.682
CCC(C)C(C)(C)CO,641.41,26.24,498.45,0.682
CC(C)CC(C)(C)CO,641.41,25.96,503.8,0.682
CCC(C)(C)C(C)CO,641.41,26.24,498.45,0.682
CC(C)C(C)C(C)CO,641.41,26.41,495.23,0.682
CC(CO)CC(C)(C)C,641.41,25.78,507.45,0.682
CC(CCO)C(C)(C)C,641.41,26.24,498.45,0.682
CCC(CC)C(C)(C)O,641.41,26,503.07,0.682
CCC(C)(CC)C(C)O,641.41,26.71,489.67,0.682
CCC(C(C)C)C(C)O,641.41,26.24,498.45,0.682
CCC(C)(C)C(C)(C)O,641.41,25.26,517.92,0.682
CC(C)C(C)C(C)(C)O,641.41,24.85,526.44,0.682
CC(C)(C)CC(C)(C)O,641.41,25.4,514.89,0.682
CC(C)C(C)(C)C(C)O,641.41,26.64,491.05,0.682
CC(O)C(C)C(C)(C)C,641.41,26.24,498.45,0.682
CCC(O)(CC)C(C)C,641.41,25.66,509.66,0.682
CCC(C)(O)C(C)(C)C,641.41,26.26,498.06,0.682
CC(C)C(O)C(C)(C)C,641.41,25.74,508.18,0.682
CC(C)C(C)(O)C(C)C,641.41,26.37,495.94,0.682
CC(C)C(CO)C(C)C,641.41,26.26,498.06,0.682
CCC(CC)(CC)CO,641.41,26.24,498.45,0.682
CCC(CO)C(C)(C)C,641.41,26.3,497.35,0.682
CC(C)(C)C(C)(C)CO,641.41,26.24,498.45,0.682
CCCCCCCOC,571.41,23.63,493.19,0.682
CCCCCCOCC,571.41,23.12,503.94,0.682
CCCCCOCCC,571.41,23.44,497.21,0.682
CCCCCOC(C)C,571.41,23.44,497.21,0.682
CCCCOCCCC,,,510.44,0.682
CCC(C)OC(C)CC,571.41,22.65,514.48,0.682
CC(C)(C)OC(C)(C)C,,,513.66,0.682
CCCCOCC(C)C,571.41,22.79,511.24,0.682
CC(C)COC(C)(C)C,571.41,22.26,523.57,0.682
CCCCOC(C)(C)C,571.41,22.62,515.21,0.682
CC(C)COCC(C)C,571.41,23.44,497.21,0.682
CCCCCCC(O)CO,819.27,28.97,565.43,0.752
CCCCCC(O)CCO,819.27,28.97,565.43,0.752
CCCCC(O)CCCO,819.27,28.97,565.43,0.752
OCCCCCCCCO,819.27,28.97,565.43,0.752
CCCCC(O)CC(C)O,819.27,27.33,599.28,0.752
CCCC(O)C(O)CCC,819.27,28.97,565.43,0.752
CCCC(O)C(C)C(C)O,819.27,27.69,591.54,0.752
CCCC(O)C(CC)CO,819.27,27.85,588.12,0.752
CC(C)(O)CCC(C)(C)O,819.27,26.62,615.33,0.752
CC(C)(O)CC(C)(C)CO,819.27,28.97,565.43,0.752
CC(C)C(O)C(C)(C)CO,819.27,27.97,585.48,0.752
CCCCC(C)(CO)CO,819.27,27.65,592.31,0.752
CC[C@@H](O)CC[C@H](O)CC,819.27,28.97,565.43,0.752
CC[C@H](O)CC[C@@H](O)CC,819.27,28.97,565.43,0.752
CC(C)(C)OOC(C)(C)C,547,21.53,508,0.752
CCCCCCOCCO,679.27,24.71,549.62,0.752
CCC(CC)COCCO,679.27,24.38,556.91,0.752
CCCC(C)COCCO,679.27,24.38,556.91,0.752
CC(C)CS(=O)(=O)CC(C)C,767,26.19,569,0.437
CCCCS(=O)(=O)CCCC,767,26.19,569,0.437
CC(C)(C)S(=O)(=O)C(C)(C)C,767,26.19,569,0.437
CCOCCOCCOCC,624,21.92,558,0.817
CCCCOCCOCCO,,,537,
COCCOCCOCCOC,651,22.82,548,0.878
CCOCCOCCOCCO,679,23.01,567,0.878
OCCOCCOCCOCCO,795,26.55,564,0.935
CCCCCCCCS,654.36,23.58,561.24,0.382
CCCCCCC(C)S,654.36,23.33,567.15,0.382
CCCCCC(S)CC,654.36,23.88,554.15,0.382
CCCCC(S)CCC,654.36,23.88,554.15,0.382
CCCCCC(C)CS,654.36,23.88,554.15,0.382
CCCCC(C)CCS,654.36,23.88,554.15,0.382
CCCC(C)CCCS,654.36,23.88,554.15,0.382
CCC(C)CCCCS,654.36,23.88,554.15,0.382
CC(C)CCCCCS,654.36,23.88,554.15,0.382
CCCCCC(C)(C)S,654.36,23.88,554.15,0.382
CCCCC(C)C(C)S,654.36,23.88,554.15,0.382
CCCC(C)CC(C)S,654.36,23.88,554.15,0.382
CCC(C)CCC(C)S,654.36,23.88,554.15,0.382
CC(C)CCCC(C)S,654.36,23.88,554.15,0.382
CC(C)(C)CC(C)(C)S,654.36,23.61,560.44,0.382
CCCCCCCSC,654.36,23.58,561.24,0.382
CCCCCCSCC,654.36,23.58,561.24,0.382
CCCCCSCCC,654.36,23.58,561.24,0.382
CCCCSCCCC,654.36,23.58,561.24,0.382
CCCCCC(C)SC,654.36,23.88,554.15,0.382
CCCCC(C)CSC,654.36,23.88,554.15,0.382
CCCC(C)CCSC,654.36,23.88,554.15,0.382
CCC(C)CCCSC,654.36,23.88,554.15,0.382
CCCCCSC(C)C,654.36,23.88,554.15,0.382
CCCCC(C)SCC,654.36,23.88,554.15,0.382
CCCC(C)CSCC,654.36,23.88,554.15,0.382
CCSCCC(C)CC,654.36,23.88,554.15,0.382
CCC(C)SC(C)CC,654.36,23.4,565.44,0.382
CC(C)(C)SC(C)(C)C,654.36,22.74,581.96,0.382
CC(C)CSCC(C)C,654.36,23.45,564.22,0.382
SCCCCCCCCS,780.37,25.03,605.76,0.437
CC(S)CCCCCCS,780.37,25.4,596.97,0.437
CCC(S)CCCCCS,780.37,25.4,596.97,0.437
CCCC(S)CCCCS,780.37,25.4,596.97,0.437
CCCCC(S)CCCS,780.37,25.4,596.97,0.437
CCCCCC(S)CCS,780.37,25.4,596.97,0.437
CCCCCCC(S)CS,780.37,25.4,596.97,0.437
CCCCCCCSSC,725.37,23.01,612.63,0.437
CCCCCCSSCC,725.37,23.01,612.63,0.437
CCCCCSSCCC,725.37,23.01,612.63,0.437
CCCCSSCCCC,725.37,22.49,626.83,0.437
CCCCCCSCSC,725.37,23.01,612.63,0.437
CCCCCSCSCC,725.37,23.01,612.63,0.437
CCCCSCSCCC,725.37,23.01,612.63,0.437
CC(C)CSSCC(C)C,725.37,23.01,612.63,0.437
CCC(C)SSC(C)CC,725.37,23.15,608.8,0.437
CC(C)(C)SSC(C)(C)C,725.37,22.16,636.14,0.437
CCCCCCCCN,643.92,26.61,505.66,0.46
CCCCC(CC)CN,643.92,27.4,490.96,0.46
CC(C)CCCC(C)N,643.92,26.12,515.16,0.46
CCCCCCC(C)N,643.92,26.42,509.26,0.46
CC(C)CCC[C@H](C)N,643.92,26.12,515.16,0.46
CC(C)CCC[C@@H](C)N,643.92,26.12,515.16,0.46
CCCCCC[C@H](C)N,643.92,26.24,512.76,0.46
CCCCCC[C@@H](C)N,643.92,26.24,512.76,0.46
CC(C)(C)CC(C)(C)N,643.92,27.68,486.12,0.46
CCCCCCCNC,603.92,24.41,516.94,0.46
CCCCCCNCC,603.92,24.17,522.1,0.46
CCCCNCCCC,,,523.34,
CC(C)CNCC(C)C,603.92,23.58,535.2,0.46
CCC(C)NC(C)CC,603.92,23.97,526.34,0.46
CCCCCC(C)NC,603.92,25.19,500.85,0.46
CCCCCCN(C)C,603.92,23.61,534.33,0.46
CCCCN(CC)CC,603.92,23.81,530.06,0.46
CCN(C(C)C)C(C)C,603.92,23.54,536.06,0.46
CCCN(CC)CCC,603.92,26.03,484.68,0.46
CC(C)N(C)C(C)(C)C,603.92,24.49,515.16,0.46
CC[Pb](CC)(CC)CC,640.99,21.25,636.1,0.478
CC[Si](CC)(CC)CC,,,,0.309
NCCNCCNCCNCCN,774,23.6,636,0.564
FC(F)(F)C(F)(F)C(F)(F)C(F)(F)C(F)(F)C(F)(F)C(F)(F)C(F)(F)C(F)(F)F,632.97,10.65,832.03,0.681
O=C(O)c1ccc2c(c1)C(=O)OC2=O,890,36.38,462,0.928
Cc1ccc(N=C=O)cc1N=C=O,725,27.29,525,0.54
Cc1c(N=C=O)cccc1N=C=O,749,28.19,525,0.54
O=C(O)c1ccc(C(=O)O)c(C(=O)O)c1,860,31.82,499,0.988
c1ccc2cnccc2c1,,,382.8,0.46
c1ccc2ncccc2c1,,,383.22,0.46
Oc1cccc2cccnc12,788,38.99,414,0.49
C1=Cc2ccccc2C1,687,36.97,399.22,0.353
ClC(Cl)=CCc1ccccc1,761.64,31.65,501.38,0.391
Cc1cc2ccccc2o1,697,34.84,407,0.691
O=C(O)/C=C/c1ccccc1,797,35.64,446,0.761
CC(=O)Oc1ccccc1C(=O)O,765,31.26,469,0.885
Cc1cccc(C#N)c1C,747.37,37.74,412.72,0.464
Cc1cccc(C)c1C#N,747.37,37.74,412.72,0.464
CCc1ccc(C#N)cc1,747.37,35.29,441.45,0.464
CCc1ccccc1C#N,747.37,36.09,431.68,0.464
c1ccc2c(c1)CCC2,,,381,
C/C=C\c1ccccc1,671,36.15,397.78,0.357
C/C=C/c1ccccc1,670,36,398.84,0.357
CC=Cc1ccccc1,636.18,33.73,404.21,0.357
C=C(C)c1ccccc1,658.41,35.52,397.25,0.357
C=Cc1cccc(C)c1,658.41,35.66,395.68,0.357
C=Cc1ccccc1C,658.41,35.66,395.68,0.357
C=Cc1ccc(C)cc1,658.41,36.03,391.54,0.357
Cc1cc(C)c(Br)c(C)c1Br,793.82,29.36,564.59,0.639
Cc1cc(C)c(Cl)c(C)c1Cl,758.63,32.44,486.05,0.394
CC(C=O)c1ccccc1,682,32.64,424,0.7
CCOC(=O)c1ccccc1,698,28.4,489,0.769
CC(=O)OCc1ccccc1,699,30.97,449,0.769
c1ccc(OCC2CO2)cc1,720,30.87,464,0.769
CCOc1cc(C=O)ccc1O,748,31.24,467,0.833
COc1cc(C(C)=O)ccc1O,786,32.82,467,0.833
COc1ccc(CC(=O)O)cc1,768,31.87,470,0.833
CC(C)c1ccc(Br)cc1,701.02,32.49,496.99,0.402
Cc1cc(C)cc(CBr)c1,701.02,31.9,506.03,0.402
CC(CBr)c1ccccc1,701.02,32.11,502.72,0.402
CCC(Br)c1ccccc1,701.02,32.35,499.13,0.402
CC(Br)Cc1ccccc1,701.02,32.14,502.26,0.402
BrCCCc1ccccc1,701.02,32.37,498.77,0.402
Cc1cc(C)c(C)c(Br)c1,701.02,31.9,506.03,0.402
Cc1cc(C)c(Br)cc1C,701.02,31.9,506.03,0.402
Cc1cc(C)c(Br)c(C)c1,701.02,32.62,494.91,0.402
CC(C)c1ccccc1Br,701.02,31.9,506.03,0.402
CCCc1ccc(Br)cc1,701.02,31.55,511.67,0.402
CC(C)c1cccc(Br)c1,701.02,31.9,506.03,0.402
CC(C)c1ccccc1Cl,696.71,31.54,479.25,0.337
CC(C)c1ccc(Cl)cc1,696.71,31.54,479.25,0.337
Cc1ccc(CCl)c(C)c1,696.71,31.54,479.25,0.337
CC(C)(Cl)c1ccccc1,696.71,31.54,479.25,0.337
CC(CCl)c1ccccc1,696.71,31.54,479.25,0.337
CCc1ccc(CCl)cc1,696.71,31.54,479.25,0.337
C[C@@H](Cl)Cc1ccccc1,696.71,31.54,479.25,0.337
ClCCCc1ccccc1,696.71,31.54,479.25,0.337
Cc1cc(C)c(Cl)c(C)c1,696.71,31.54,479.25,0.337
Cc1ccc(CCl)cc1C,696.71,31.54,479.25,0.337
Cc1ccc(C)c(CCl)c1,696.71,31.54,479.25,0.337
Cc1cc(C)c(F)c(C)c1,629.61,35.67,381.96,0.289
CN(C)c1ccc(C=O)cc1,832,36,471,0.498
CCc1cccc(C)c1,652.25,31.61,441.02,0.361
CCc1ccccc1C,652.25,32.36,430.79,0.361
CCc1ccc(C)cc1,,,442.88,
Cc1cccc(C)c1C,,,422.68,
CC=C1CC2C=CC1C2,629,32.94,408.1,0.361
C#CCC#CCCCC,661.77,32.04,441.48,0.361
C#CCCCCCC#C,644.6,31.42,438.49,0.361
CC#CCCCC#CC,669.91,33.49,427.52,0.361
C=CC1CC2C=CC1C2,640.62,32.07,427,0.361
C1=C\C=C/CCC\C=C/1,654.72,31.84,439.46,0.361
CCOCc1ccccc1,662,30.32,442,0.709
CC(C)(O)c1ccccc1,660,30.36,440,0.709
OCCCc1ccccc1,694,31.93,440,0.709
CCC(O)c1ccccc1,677,31.15,440,0.709
CC(CO)c1ccccc1,685,31.51,440,0.709
CC(O)Cc1ccccc1,678,31.19,440,0.709
CCCc1ccccc1O,745.15,38.48,391.95,0.709
CCCc1cccc(O)c1,745.15,37.21,405.33,0.709
CCCc1ccc(O)cc1,745.15,38.21,394.75,0.709
CC(C)c1ccccc1O,745.15,37.49,402.39,0.709
CC(C)c1cccc(O)c1,745.15,36.94,408.36,0.709
CC(C)c1ccc(O)cc1,745.15,37.35,403.86,0.709
CCc1cccc(O)c1C,745.15,36.94,408.36,0.709
CCc1ccc(O)c(C)c1,745.15,36.94,408.36,0.709
CCc1ccc(C)c(O)c1,745.15,36.94,408.36,0.709
CCc1cccc(C)c1O,745.15,36.94,408.36,0.709
CCc1ccc(O)cc1C,745.15,36.94,408.36,0.709
CCc1cc(C)cc(O)c1,745.15,36.94,408.36,0.709
CCc1ccc(C)cc1O,745.15,36.94,408.36,0.709
CCc1cc(C)ccc1O,745.15,36.94,408.36,0.709
CCc1cc(O)ccc1C,745.15,36.94,408.36,0.709
Cc1ccc(O)c(C)c1C,745.15,36.94,408.36,0.709
Cc1cc(C)c(C)c(O)c1,745.15,36.94,408.36,0.709
Cc1ccc(C)c(O)c1C,745.15,36.94,408.36,0.709
Cc1cc(C)c(O)cc1C,745.15,36.94,408.36,0.709
Cc1cc(C)c(O)c(C)c1,745.15,36.94,408.36,0.709
Cc1cc(O)cc(C)c1C,745.15,36.94,408.36,0.709
CC(C)(OO)c1ccccc1,605,28.65,419,0.777
CCCSc1ccccc1,747.43,30.52,491.6,0.393
CC(C)Sc1ccccc1,747.43,30,500.15,0.393
CCSc1cccc(C)c1,747.43,30.5,491.9,0.393
CCSc1ccc(C)cc1,747.43,30.53,491.36,0.393
CCc1ccccc1SC,747.43,31.47,476.73,0.393
SCCCc1ccccc1,747.43,31.79,471.97,0.393
CC(C)c1ccccc1S,747.43,31.6,474.79,0.393
CCSCc1ccccc1,747.43,31.86,470.85,0.393
CCNCc1ccccc1,739.47,33.35,459.92,0.472
CC(C)(N)c1ccccc1,739.47,33.69,455.18,0.472
CN(C)Cc1ccccc1,739.47,32.52,471.52,0.472
CCC(N)c1ccccc1,739.47,33.36,459.68,0.472
Cc1ccc(CCN)cc1,739.47,33.17,462.41,0.472
CC(CN)c1ccccc1,739.47,33.74,454.6,0.472
CNCCc1ccccc1,739.47,33.17,462.41,0.472
CCCCc1ccccn1,714.47,27.95,530.1,0.472
CC(C)(C)c1ccccn1,714.47,28.76,515.23,0.472
CC(C)(C)c1cccnc1,714.47,28.76,515.23,0.472
CCCCc1ccncc1,714.47,28.03,528.57,0.472
CC(C)(C)c1ccncc1,714.47,28.01,529.06,0.472
CCc1ccnc(CC)c1,714.47,28.7,516.3,0.472
CCc1ncc(C)cc1C,714.47,28.7,516.3,0.472
CCc1ccc(C)nc1C,714.47,27.9,531.15,0.472
CCc1cc(C)nc(C)c1,714.47,27.78,533.32,0.472
Cc1cc(C)c(C)c(C)n1,714.47,28.64,517.36,0.472
CCc1cccc(C)c1N,766.47,33.66,472.23,0.472
CCNc1ccccc1C,739.47,31.67,484.21,0.472
CCNc1cccc(C)c1,739.47,30.8,497.86,0.472
CCNc1ccc(C)cc1,739.47,31.32,489.73,0.472
CCN(C)c1ccccc1,739.47,30.55,501.95,0.472
CC(C)c1ccccc1N,766.47,34,467.59,0.472
CC(C)c1ccc(N)cc1,766.47,33.04,481.17,0.472
CC(C)Nc1ccccc1,739.47,31.86,481.41,0.472
Cc1ccccc1N(C)C,714.47,29.85,496.38,0.472
Cc1cccc(N(C)C)c1,714.47,30.33,488.54,0.472
Cc1ccc(N(C)C)cc1,714.47,30.16,491.3,0.472
CCCc1ccccc1N,766.47,33.34,476.84,0.472
CCCNc1ccccc1,739.47,31.52,486.49,0.472
Cc1cc(C)c(N)cc1C,766.47,33.2,478.75,0.472
Cc1cc(C)c(N)c(C)c1,766.47,33.47,475,0.472
CCCCc1cccnc1,714.47,27.86,531.85,0.472
C[C@H](N)Cc1ccccc1,739.47,33.4,459.2,0.472
CN[C@@H](C)c1ccccc1,739.47,33.17,462.41,0.472
Cc1ccc([C@H](C)N)cc1,739.47,32.7,469.06,0.472
Cc1ccc([C@@H](C)N)cc1,739.47,32.7,469.06,0.472
CN[C@H](C)c1ccccc1,739.47,33.17,462.41,0.472
C[C@H](CN)c1ccccc1,739.47,33.81,453.62,0.472
C[C@@H](CN)c1ccccc1,739.47,33.81,453.62,0.472
Cc1ccccc1CCN,739.47,33.4,459.2,0.472
Cc1cccc(CCN)c1,739.47,33.4,459.2,0.472
NCCCc1ccccc1,739.47,34.02,450.75,0.472
CCCc1ccc(N)cc1,766.47,32.04,496.12,0.472
CCc1cccc(CC)n1,714.47,28.76,515.23,0.472
Cc1ccc(CN)c(C)c1,739.47,33.4,459.2,0.472
Cc1cc(C)c(C)nc1C,714.47,28.76,515.23,0.472
C=CC#CCCCCC,645.14,29.06,473.39,0.366
C=CCC#CCCCC,645.14,29.5,466.33,0.366
CC=CC#CCCCC,645.14,29.28,469.77,0.366
C=CCC#CC(C)(C)C,645.14,28.15,488.57,0.366
C#CC(=CCC)CCC,645.14,29.13,472.15,0.366
CC1=C(C)C(C)=C(C)C1,616.04,28.37,463.06,0.366
CC1=CC(=O)CC(C)(C)C1,715,31.66,456,0.718
C=CCC1CCCCC1=O,690,29.12,478.46,0.718
CCCCCc1ccco1,618.04,25.47,489.95,0.718
CC(=O)OCC(COC(C)=O)OC(C)=O,704,20.59,625,1.014
CCCCCc1cccs1,690.11,26.57,519.99,0.397
CCCCCc1ccsc1,690.11,26.78,516.05,0.397
CC(C)CCc1cccs1,690.11,26.71,517.29,0.397
CC(C)CCc1ccsc1,690.11,27.88,495.66,0.397
CCCC(C)c1cccs1,690.11,27.88,495.66,0.397
CCCC(C)c1ccsc1,690.11,27.88,495.66,0.397
CCC(C)(C)c1cccs1,690.11,27.88,495.66,0.397
CCC(C)(C)c1ccsc1,690.11,27.88,495.66,0.397
CCCCc1ccsc1C,690.11,27.88,495.66,0.397
CCCCc1csc(C)c1,690.11,27.88,495.66,0.397
CCCCc1ccc(C)s1,690.11,27.88,495.66,0.397
CCCCc1sccc1C,690.11,27.88,495.66,0.397
CCCCc1cscc1C,690.11,27.88,495.66,0.397
CCCCc1cc(C)cs1,690.11,27.88,495.66,0.397
C=CCN(CC=C)CC=C,592,23.51,521,0.476
C#CCCCCCCC,604.78,25.57,503.03,0.37
CC#CCCCCCC,604.78,26.08,493.18,0.37
CCC#CCCCCC,604.78,25.72,500.16,0.37
CCCC#CCCCC,604.78,25.77,499.05,0.37
CCC#CCCC(C)C,604.78,25.89,496.76,0.37
CC(C)C#CCC(C)C,604.78,26.45,486.36,0.37
CCC#CC(C)(C)CC,604.78,26.45,486.36,0.37
CC(C)C#CC(C)(C)C,604.78,26.45,486.36,0.37
C=CCCCCCC=C,604.78,27.3,471.21,0.37
CC=CCCCC=CC,604.78,27.24,472.12,0.37
CCC=CC(C)=CCC,604.78,27.86,461.68,0.37
CC=CC=CCC(C)C,604.78,27.34,470.46,0.37
CCC=C(C)C=C(C)C,604.78,28.34,453.83,0.37
C=C(C)C=CCC(C)C,604.78,27.9,461.1,0.37
C=C(C)CCC=C(C)C,604.78,27.9,461.1,0.37
CC=C(C)C=C(C)CC,604.78,27.95,460.24,0.37
C=CCC(CC)C(=C)C,604.78,27.66,465.04,0.37
C=CCCCC=C(C)C,604.78,27.38,469.79,0.37
CCCCC1=CCCC1,619.78,27.73,475.41,0.37
CC1=CCC(C(C)C)C1,619.78,27.35,481.88,0.37
CC1C=C(C(C)C)CC1,619.78,27.21,484.44,0.37
CCCCC1C=CCC1,619.78,27.21,484.44,0.37
CC1=C(C)C(C)CCC1,634.78,28.92,466.89,0.37
CC1=CC(C)CC(C)C1,634.78,27.58,489.46,0.37
CC1=CCC(C)(C)CC1,634.78,27.61,488.95,0.37
CC1=CCC(C)C(C)C1,634.78,27.69,487.64,0.37
CC1=CCCC(C)(C)C1,634.78,27.4,492.7,0.37
CC1=CCCC(C)C1C,634.78,28.68,470.75,0.37
CC1=CCCCC1(C)C,634.78,28.43,474.87,0.37
CCC1=CCC(C)CC1,634.78,28.18,479.13,0.37
CC(C)C1=CCCCC1,634.78,28.47,474.18,0.37
CC1C=CCC(C)(C)C1,634.78,27.21,496.23,0.37
CCC1(C)CCCCC1=O,725.91,29.92,488.61,0.727
CC(C)C1CCCCC1=O,725.91,30.65,477,0.727
CC(C)C1CCC(=O)CC1,725.91,30.17,484.62,0.727
CCCC1CCCCC1=O,725.91,30.85,473.91,0.727
CCCC1CCC(=O)CC1,725.91,30.06,486.35,0.727
CC1CCCC(=O)C1(C)C,725.91,30.71,476.13,0.727
CC1CCC(=O)C(C)(C)C1,725.91,29.38,497.65,0.727
CC1CCC(C)(C)C(=O)C1,725.91,29.26,499.6,0.727
CC1CCCC(C)(C)C1=O,725.91,29.95,488.22,0.727
CC1CCC(C)C(C)C1=O,725.91,30.29,482.71,0.727
CC1CC(C)(C)CCC1=O,725.91,29.86,489.72,0.727
CC1CC(C)C(C)CC1=O,725.91,29.66,492.99,0.727
CC1CC(C)C(=O)C(C)C1,725.91,29.74,491.55,0.727
CC1CC(=O)CC(C)(C)C1,725.91,29.45,496.38,0.727
CC1CC(=O)CCC1(C)C,725.91,30.21,483.92,0.727
CCC=CC(=O)CC(C)C,680.91,25.67,534.17,0.727
C=CCCC(=O)CC(C)C,680.91,25.57,536.39,0.727
C=CC(=O)CC(C)CCC,680.91,25.89,529.62,0.727
CCCC(=O)C=CC(C)C,680.91,27.97,490.3,0.727
CCCCCCC=CC=O,720.91,26.74,542.99,0.727
CCCCCC/C=C/C=O,720.91,26.22,553.79,0.727
CCCCCC=CCC=O,720.91,27,537.68,0.727
CCCCC=CCCC=O,720.91,27,537.68,0.727
CCC=CCCCCC=O,720.91,27,537.68,0.727
CC/C=C/CCCCC=O,720.91,27,537.68,0.727
CCCCCC=C(C)C=O,720.91,27.19,534.04,0.727
CC(C)=CCCC(C)C=O,720.91,26.93,539.23,0.727
CCCCC/C=C/C(C)=O,680.91,26.01,527.37,0.727
CCCCCCC=CC(=O)O,742.68,24.27,604.12,0.794
CCCCCC=CCC(=O)O,742.68,23.62,620.73,0.794
C=CCCCCCCC(=O)O,742.68,23.29,629.54,0.794
CCC1(C)OC(=O)C1C(C)C,756,27.34,545.93,0.794
C=CCOC(=O)CCCCC,622.68,21.12,582.17,0.794
CCCC=C(C)C(=O)OCC,622.68,21.58,569.66,0.794
CCC=CC(C)C(=O)OCC,622.68,20.86,589.42,0.794
CCC=C(C)CC(=O)OCC,622.68,21.38,575.01,0.794
C=CC(=O)OCCCCCC,622.68,20.86,589.26,0.794
C=CC(=O)OCC(CC)CC,622.68,21.38,575.08,0.794
CC/C=C\CCOC(=O)CC,622.68,21.57,569.89,0.794
CCC/C=C/COC(=O)CC,622.68,21.57,569.89,0.794
CCCCCC(=O)CC(C)=O,680.91,26.01,527.37,0.727
CC(=O)CCCCCC(C)=O,680.91,26.01,527.37,0.727
O=C(O)CCCCCCCC(=O)O,811,22.05,697.98,0.914
CC(CCC(=O)O)C(C)(C)C(=O)O,913.74,25.36,683.6,0.914
CCCCCCC/C=C\Br,678.97,25.57,607,0.642
CCCCCCC/C=C/Br,678.97,25.57,607,0.642
CCCCCCC/C=C\Cl,676.16,25.51,570.56,0.418
CCCCCCC/C=C/Cl,676.16,25.51,570.56,0.418
ClCCCC1CCCCC1,676.16,25.51,570.56,0.418
CCCCCCCCC(Cl)(Cl)Cl,691.91,17.65,772.75,0.354
CCCCCCC/C=C\F,559.82,25.61,469.48,0.274
CCCCCCC/C=C/F,559.82,25.61,469.48,0.274
CCCCCCCCC(F)(F)F,522.94,19.62,545.88,0.377
CCCCCCCCC#N,746.41,25.55,602.95,0.479
[C-]#[N+]C(C)(C)CC(C)(C)C,746.41,24.82,620.49,0.479
CCCCCCC=C(C)[N+](=O)[O-],802.08,22.51,706.67,0.536
CCCCCC=C(CC)[N+](=O)[O-],802.08,22.51,706.67,0.536
CCCC=C(CCCC)[N+](=O)[O-],802.08,22.51,706.67,0.536
CCCCC1CCCC1,618.48,26.77,490.08,0.374
CC(C)CC1CCCC1,618.48,26.6,493.18,0.374
CCC(C)C1CCCC1,618.48,27.16,483.02,0.374
CC(C)(C)C1CCCC1,618.48,27.02,485.6,0.374
CCCC1(C)CCCC1,618.48,27.35,479.74,0.374
CCC[C@H]1CCC[C@H]1C,618.48,27.07,484.78,0.374
CCC[C@@H]1CCC[C@H]1C,618.48,26.47,495.78,0.374
CCC[C@@H]1CC[C@H](C)C1,618.48,26.57,493.87,0.374
CCC[C@H]1CC[C@H](C)C1,618.48,26.57,493.87,0.374
CC(C)C1(C)CCCC1,618.48,27.35,479.74,0.374
CC(C)[C@H]1CCC[C@H]1C,618.48,27.06,484.86,0.374
CC(C)[C@@H]1CCC[C@H]1C,618.48,26.57,493.87,0.374
CC(C)[C@@H]1CC[C@H](C)C1,618.48,26.61,493.1,0.374
CC(C)[C@H]1CC[C@H](C)C1,618.48,26.61,493.1,0.374
CCC1(CC)CCCC1,618.48,27.51,477,0.374
CC[C@@H]1CCC[C@@H]1CC,618.48,27.23,481.92,0.374
CC[C@@H]1CCC[C@H]1CC,618.48,26.7,491.43,0.374
CCC1CCC(CC)C1,618.48,26.86,488.57,0.374
CC[C@@H]1CC[C@H](CC)C1,618.48,26.86,488.57,0.374
CC[C@@H]1CC[C@@H](CC)C1,618.48,26.9,487.83,0.374
CCC1CCCC1(C)C,618.48,26.9,487.83,0.374
CCC1CCC(C)(C)C1,618.48,26.16,501.61,0.374
CC[C@]1(C)CCC[C@@H]1C,618.48,27.35,479.74,0.374
CC[C@]1(C)CCC[C@H]1C,618.48,27.23,481.92,0.374
CC[C@H]1C[C@@H](C)[C@@H](C)C1,618.48,27.23,481.92,0.374
CC[C@@H]1C[C@@H](C)[C@@H](C)C1,618.48,26.61,493.1,0.374
CCC1C[C@@H](C)[C@H](C)C1,618.48,26.12,502.4,0.374
CC[C@]1(C)CC[C@H](C)C1,618.48,26.32,498.49,0.374
CC[C@]1(C)CC[C@@H](C)C1,618.48,26.49,495.4,0.374
CC[C@@H]1[C@H](C)CC[C@@H]1C,618.48,26.94,487.08,0.374
CC[C@H]1[C@H](C)CC[C@@H]1C,618.48,25.99,504.78,0.374
CCC1[C@@H](C)CC[C@@H]1C,618.48,26.73,490.83,0.374
CC1(C)CCCC1(C)C,618.48,27.14,483.38,0.374
C[C@@H]1[C@@H](C)CCC1(C)C,618.48,26.53,494.63,0.374
C[C@@H]1C[C@@H](C)C(C)(C)C1,618.48,26.32,498.49,0.374
CC1(C)CCC(C)(C)C1,618.48,25.38,517.05,0.374
C[C@H]1CC(C)(C)C[C@@H]1C,618.48,26.03,503.98,0.374
C[C@@H]1CC[C@@H](C)C1(C)C,618.48,26.61,493.1,0.374
C[C@@H]1[C@H](C)[C@H](C)C[C@@H]1C,618.48,26.77,490.08,0.374
C[C@@H]1[C@H](C)[C@H](C)C[C@H]1C,618.48,26.24,500.05,0.374
C[C@H]1[C@H](C)[C@@H](C)C[C@H]1C,618.48,26.24,500.05,0.374
C[C@H]1[C@H](C)[C@H](C)C[C@H]1C,618.48,26.36,497.71,0.374
C[C@H]1[C@H](C)[C@@H](C)C[C@@H]1C,618.48,25.26,519.47,0.374
C[C@@H]1[C@H](C)[C@@H](C)C[C@H]1C,618.48,25.99,504.78,0.374
CC(C)C1CCCC1C,618.48,26.86,488.42,0.374
CCCC1CCCCC1,623.48,26.13,506.16,0.374
CC(C)C1CCCCC1,623.48,26.45,500.08,0.374
CCC1(C)CCCCC1,623.48,26.63,496.72,0.374
CC[C@H]1CCCC[C@H]1C,623.48,26.77,494.13,0.374
CC[C@@H]1CCCC[C@H]1C,623.48,26.13,506.16,0.374
CC[C@@H]1CCC[C@H](C)C1,623.48,25.78,513.17,0.374
CC[C@H]1CCC[C@H](C)C1,623.48,26.17,505.4,0.374
CC[C@H]1CC[C@@H](C)CC1,623.48,26.29,503.11,0.374
CC[C@H]1CC[C@H](C)CC1,623.48,25.74,513.96,0.374
CC1CCCCC1(C)C,623.48,26.38,501.36,0.374
CC1CCCC(C)(C)C1,623.48,25.54,517.97,0.374
CC1CCC(C)(C)CC1,623.48,25.28,523.2,0.374
CC1CCCC(C)C1C,623.48,26.12,506.32,0.374
C[C@@H]1[C@H](C)CCC[C@@H]1C,623.48,26.29,503.11,0.374
CC1[C@@H](C)CCC[C@@H]1C,623.48,26.65,496.35,0.374
C[C@H]1[C@H](C)CCC[C@@H]1C,623.48,25.62,516.34,0.374
CC1CCC(C)C(C)C1,623.48,25.97,509.26,0.374
C[C@@H]1CC[C@H](C)[C@H](C)C1,623.48,25.85,511.6,0.374
C[C@H]1CC[C@H](C)[C@H](C)C1,623.48,25.85,511.6,0.374
C[C@H]1CC[C@@H](C)[C@H](C)C1,623.48,25.89,510.82,0.374
C[C@@H]1CC[C@@H](C)[C@H](C)C1,623.48,25.27,523.37,0.374
CC1CC(C)CC(C)C1,623.48,25.57,517.28,0.374
C[C@H]1C[C@@H](C)C[C@@H](C)C1,623.48,25.22,524.43,0.374
C[C@H]1C[C@H](C)C[C@@H](C)C1,,,567.67,0.374
CCC1CCCCC1C,623.48,26.3,503,0.374
C=CCCCCCCC,593.48,,,0.374
CC=CCCCCCC,593.48,23.69,531.44,0.374
C/C=C/CCCCCC,593.48,23.85,527.97,0.374
CCC=CCCCCC,593.48,24.71,509.6,0.374
CC/C=C/CCCCC,593.48,23.77,529.7,0.374
CCCC=CCCCC,593.48,23.77,529.7,0.374
C=C(C)CCCCCC,593.48,23.69,531.53,0.374
CC=C(C)CCCCC,593.48,24.12,522.07,0.374
CCC=CCCC(C)C,593.48,23.77,529.7,0.374
CCCC=CCC(C)C,593.48,23.77,529.7,0.374
CCCCC(C)=C(C)C,593.48,23.73,530.57,0.374
CC(C)C=CCC(C)C,593.48,23.38,538.52,0.374
C[C@@H]1CC[C@H](C)C1(C)C,618.48,26.81,489.49,0.374
CCCCCCCCC(Br)Br,752.21,23.12,672.4,0.51
CCCCCCCC(Br)CBr,752.21,23.12,672.4,0.51
BrCCCCCCCCCBr,752.21,21.43,725.55,0.51
FCCCCCCCCCCl,734.54,28.31,544.95,0.275
CCCCCCCCC(Cl)Cl,708.43,22.23,655.74,0.436
ClCCCCCCCCCCl,708.43,22.23,655.74,0.436
CC(C)(Cl)CCCC(C)(C)Cl,708.43,22.23,655.74,0.436
CCCCCCCCC(F)F,591.6,24.42,507.46,0.402
CCCCCCCCC=O,662.74,24.01,554.48,0.735
CCCCCCC(C)C=O,662.74,24.57,541.85,0.735
CCCCCC(C)CC=O,662.74,24.38,546.15,0.735
CC(C)CCCCCC=O,662.74,24.38,546.15,0.735
CC(CC=O)CC(C)(C)C,662.74,23.73,561,0.735
CCCCCCCC(C)=O,,,,0.735
CCCCCCC(=O)CC,653.74,23.66,555.21,0.735
CCCCCC(=O)CCC,653.74,23.48,559.36,0.735
CCCCCC(C)C(C)=O,653.74,23.55,557.72,0.735
CCCCC(C)CC(C)=O,653.74,23.71,553.86,0.735
CCCC(C)CCC(C)=O,653.74,23.71,553.86,0.735
CCC(C)CCCC(C)=O,653.74,23.71,553.86,0.735
CCCCCC(=O)C(C)C,653.74,23.71,553.86,0.735
CCCCC(C)C(=O)CC,653.74,23.52,558.54,0.735
CCC(=O)CCCC(C)C,653.74,23.71,553.86,0.735
CCCCC(=O)CC(C)C,653.74,23.71,553.86,0.735
CCCCC(=O)C(C)CC,653.74,23.83,551.27,0.735
CCCC(=O)CCC(C)C,653.74,23.65,555.37,0.735
CC(C)CCC(=O)C(C)C,653.74,23.71,553.86,0.735
CCC(C)C(=O)C(C)CC,653.74,23.72,553.67,0.735
CC(C)CC(=O)CC(C)C,653.74,22.9,573.62,0.735
CC(C)(C)C(=O)C(C)(C)C,653.74,23.65,555.29,0.735
CCCC1(O)CCCCC1,713.74,28.66,500.28,0.735
CCC[C@H]1CCCC[C@H]1O,713.74,28.32,506.33,0.735
CCC[C@@H]1CCCC[C@H]1O,713.74,28.01,511.97,0.735
CCC[C@H]1CC[C@@H](O)CC1,713.74,27.79,516.02,0.735
CCC[C@H]1CC[C@H](O)CC1,713.74,27.41,523.19,0.735
CC(C)C1(O)CCCCC1,713.74,28.23,507.91,0.735
CC(C)[C@H]1CCCC[C@H]1O,713.74,28.23,507.91,0.735
CC(C)[C@H]1CC[C@@H](O)CC1,713.74,28.15,509.43,0.735
CC(C)[C@H]1CC[C@H](O)CC1,713.74,27.97,512.77,0.735
CCC1(O)CCCCC1C,713.74,28.28,507.12,0.735
CCC1(O)CCCC(C)C1,713.74,27.46,522.14,0.735
CC1(C)CCCCC1(C)O,713.74,28.26,507.44,0.735
CC1CCCC(C)C1(C)O,713.74,27.88,514.39,0.735
CC1CC(C)CC(C)(O)C1,713.74,26.96,531.83,0.735
CC1CCC(C)(C)C(O)C1,713.74,27.25,526.2,0.735
CC1CCCC(C)(C)C1O,713.74,27.88,514.26,0.735
CC1C(O)CCCC1(C)C,713.74,27.42,522.91,0.735
CC1CCC(C)C(O)C1C,713.74,27.84,515,0.735
C[C@@H]1C[C@H](O)CC(C)(C)C1,713.74,27.44,522.63,0.735
C[C@H]1C[C@H](O)CC(C)(C)C1,713.74,26.07,549.99,0.735
CC1CC(O)CC(C)(C)C1,713.74,26.61,538.81,0.735
CC(C)C1CCC(O)CC1,713.74,27.79,515.93,0.735
CCCCCCC=CCO,693.74,26.64,523.14,0.735
CCCCCC/C=C\CO,693.74,26.64,523.14,0.735
CCCCC/C=C\CCO,693.74,25.94,537.24,0.735
C=CCCCCCCCO,693.74,26.64,523.14,0.735
CCCC/C=C\C(C)(C)O,693.74,26.64,523.14,0.735
C=CC(C)(O)CCCCC,693.74,26.64,523.14,0.735
CCCC=CC(C)(O)CC,693.74,26.64,523.14,0.735
C=CCC(C)(O)CCCC,693.74,26.64,523.14,0.735
CCC=C(C)C(O)CCC,693.74,26.64,523.14,0.735
CC=CC(O)CCC(C)C,693.74,26.64,523.14,0.735
C=CC(O)CCCCCC,693.74,25.69,542.62,0.735
CCCCCCCCC(=O)O,,,602.63,
CCCCCCC(C)C(=O)O,715.31,23.51,599.2,0.802
CCCCCC(C)CC(=O)O,715.31,23.51,599.2,0.802
CCCCC(C)CCC(=O)O,715.31,23.47,600.25,0.802
CCC(C)CCCCC(=O)O,715.31,23.51,599.2,0.802
CC(C)CCCCCC(=O)O,715.31,23.51,599.2,0.802
CC(C)CCCC(C)C(=O)O,715.31,23.51,599.2,0.802
CCCCCC(CC)C(=O)O,715.31,23.51,599.2,0.802
CCCCC(CC)CC(=O)O,715.31,23.51,599.2,0.802
CCCC(C)C(CC)C(=O)O,715.31,23.51,599.2,0.802
CCCC(C)(CC)CC(=O)O,715.31,23.8,592.04,0.802
CC(CC(=O)O)CC(C)(C)C,715.31,23.47,600.25,0.802
CCCCC(CCC)C(=O)O,715.31,23.51,599.2,0.802
CCCCCCCCOC=O,625.31,20.89,589.61,0.802
CCCCCCC(C)OC=O,625.31,21.14,582.48,0.802
CCCCCCCOC(C)=O,625.31,20.7,594.84,0.802
CCCCCC(C)OC(C)=O,625.31,21.14,582.48,0.802
CCCCC(C)COC(C)=O,625.31,21.14,582.48,0.802
CCCC(C)CCOC(C)=O,625.31,21.14,582.48,0.802
CC(=O)OCCCCC(C)C,625.31,21.14,582.48,0.802
CCCCC(C)(C)OC(C)=O,625.31,21.14,582.48,0.802
CCCCC(CC)OC(C)=O,625.31,20.62,597.41,0.802
CCCC(CCC)OC(C)=O,625.31,20.95,587.91,0.802
CCCCCCOC(=O)CC,625.31,20.79,592.46,0.802
CCC(=O)OCCC(C)CC,625.31,21.14,582.48,0.802
CCCCCOC(=O)CCC,625.31,20.69,595.34,0.802
CCCC(=O)OC(C)CCC,625.31,21.14,582.48,0.802
CCCC(=O)OCC(C)CC,,,582.48,0.802
CCCC(=O)OCCC(C)C,625.31,21.14,582.48,0.802
CCCC(=O)OC(C)(C)CC,625.31,21.14,582.48,0.802
CCCC(=O)OC(C)C(C)C,625.31,21.14,582.48,0.802
CCCC(=O)OCC(C)(C)C,625.31,21.14,582.48,0.802
CCCCCOC(=O)C(C)C,625.31,21.14,582.48,0.802
CCC(C)COC(=O)C(C)C,625.31,21.14,582.48,0.802
CC(C)CCOC(=O)C(C)C,625.31,20.62,597.24,0.802
CCCCOC(=O)CCCC,625.31,20.72,594.51,0.802
CCCCC(=O)OC(C)CC,625.31,20.56,599.07,0.802
CCCCC(=O)OCC(C)C,625.31,20.62,597.41,0.802
CCCCOC(=O)CC(C)C,625.31,20.46,602.01,0.802
CC(C)COC(=O)CC(C)C,625.31,20.34,605.4,0.802
CCCCCC(=O)OCCC,625.31,20.75,593.52,0.802
CCCCCCC(=O)OCC,625.31,21.17,581.83,0.802
CCCC(C)CC(=O)OCC,625.31,20.77,592.95,0.802
CCOC(=O)CCC(C)CC,625.31,20.85,590.58,0.802
CCCCCCCC(=O)OC,625.31,21.05,585.17,0.802
C1CCCCSCCCC1,771.03,31.51,487.5,0.404
CCCCCCCCCBr,661.58,22.97,656.56,0.648
CCCCCCCCCCl,659.26,22.63,625.53,0.421
CCCCCCC(Cl)CC,659.26,22.21,637.56,0.421
CCCCC(Cl)CCCC,659.26,22.44,630.84,0.421
CCCCCC(C)(Cl)CC,659.26,22.57,627.26,0.421
CCC(Cl)(CC)C(C)(C)C,659.26,22.76,622.18,0.421
CCCCC(Cl)(CC)CC,659.26,23.12,612.33,0.421
CCCCC(C)(Cl)CCC,659.26,22.71,623.55,0.421
CCCC(C)(Cl)C(C)(C)C,659.26,23.54,601.4,0.421
CCCCCCCCCF,603.16,26.29,491.47,0.346
CC(C)(C)N1CCCCC1,704.83,25.4,571.29,0.483
CCCCC1CCCNC1,704.83,25.95,558.99,0.483
CCCCC1CCNCC1,704.83,26.57,546.04,0.483
CCCCN1CCCCC1,704.83,24.61,589.63,0.483
CCC1CCC(CC)NC1,704.83,26.32,551.15,0.483
CC(C)CN1CCCCC1,704.83,24.31,596.92,0.483
CCC[C@H]1CCCCN1C,704.83,24.9,582.76,0.483
CC1CC(C)NC(C)(C)C1,704.83,24.3,597.01,0.483
CC1(C)CCCC(C)(C)N1,704.83,25.04,579.33,0.483
CC(C)NC1CCCCC1,724.83,27.83,536.07,0.483
CC1CC(N)CC(C)(C)C1,724.83,27.14,549.68,0.483
CCCCN(C=O)CCCC,810.83,22.92,713.88,0.512
CCCCCCCCC[N+](=O)[O-],805.04,20.91,761.53,0.539
CCCCCCCCC,,,506.45,
CCCCCCC(C)C,,,510.73,
CCCCCC(C)CC,582.14,24.41,504.75,0.378
CCCCC(C)CCC,582.14,24.37,505.6,0.378
CCCCCC(C)(C)C,,,513.33,
CCCCC(C)C(C)C,582.14,23.92,,0.378
CCCC(C)CC(C)C,582.14,23.83,,0.378
CCC(C)CCC(C)C,582.14,23.6,,0.378
CC(C)CCCC(C)C,582.14,23.96,514.2,0.378
CCCCC(C)(C)CC,582.14,24.75,497.75,0.378
CCCC(C)C(C)CC,582.14,24.49,,0.378
CCC(C)CC(C)CC,582.14,24.16,,0.378
CCCC(C)(C)CCC,582.14,24.59,,0.378
CCCC(C)C(C)(C)C,582.14,24.69,,0.378
CCC(C)CC(C)(C)C,582.14,24.32,,0.378
CC(C)CCC(C)(C)C,,,513.33,0.378
CCCC(C)(C)C(C)C,582.14,25.09,,0.378
CCC(C)C(C)C(C)C,582.14,24.94,,0.378
CC(C)CC(C)C(C)C,582.14,24.2,,0.378
CCC(C)(C)CC(C)C,582.14,24.53,502.23,0.378
CCC(C)C(C)(C)CC,582.14,25.45,,0.378
CCCCC(CC)CC,582.14,24.65,499.73,0.378
CCCC(CC)CCC,582.14,24.69,498.9,0.378
CCCC(CC)C(C)C,582.14,24.79,,0.378
CCC(CC)CC(C)C,582.14,24.44,,0.378
CCCC(C)(CC)CC,582.14,25.3,,0.378
CCC(C)C(CC)CC,582.14,25.14,,0.378
CCC(CC)(CC)CC,582.14,25.76,478.22,0.378
CCC(CC)C(C)(C)C,582.14,24.98,493.17,0.378
CCC(C)(CC)C(C)C,582.14,25.83,,0.378
CCC(C(C)C)C(C)C,582.14,25.1,490.76,0.378
CCCCCCCC(C)O,661.55,23.72,559.04,0.744
CCCCCCC(O)CC,661.55,22.85,580.09,0.744
CCCCCC(O)CCC,661.55,22.87,579.59,0.744
CCCCC[C@@H](O)CCC,661.55,23.08,574.38,0.744
CCCCC(O)CCCC,661.55,22.75,582.73,0.744
CCCCCCC(C)CO,661.55,23.63,561,0.744
CCCCCC(C)CCO,661.55,23.01,576.22,0.744
CCCCC(C)CCCO,661.55,22.87,579.59,0.744
CCCC(C)CCCCO,661.55,23.04,575.38,0.744
CCC(C)CCCCCO,661.55,23.11,573.72,0.744
CC(C)CCCCCCO,661.55,23.01,576.22,0.744
CCCCCCC(C)(C)O,661.55,22.67,584.87,0.744
CCCCCC(C)C(C)O,661.55,23.24,570.42,0.744
CCCC(C)CCC(C)O,661.55,22.84,580.43,0.744
CC(C)CCCCC(C)O,661.55,23.63,561,0.744
CCCCCC(O)C(C)C,661.55,22.97,577.13,0.744
CCCCCC(C)(O)CC,661.55,23.07,574.63,0.744
CCCCC(C)C(O)CC,661.55,23.61,561.51,0.744
CCC(C)CCC(O)CC,661.55,23.21,571.16,0.744
CCC(O)CCCC(C)C,661.55,23.14,572.89,0.744
CCCCC(O)CC(C)C,661.55,22.64,585.57,0.744
CCCCC(O)C(C)CC,661.55,23.08,574.55,0.744
CCCCC(C)(O)CCC,661.55,22.93,578.14,0.744
CCCC(C)C(O)CCC,661.55,22.67,584.7,0.744
CCCC(O)CC(C)CC,661.55,22.81,581.28,0.744
CCCC(O)CCC(C)C,661.55,22.47,589.91,0.744
CCCCCC(CC)CO,661.55,23.63,561,0.744
CCCCC(CC)CCO,661.55,23.21,571.24,0.744
CCC(CC)CCCCO,661.55,23.75,558.33,0.744
CCCCCC(C)(C)CO,661.55,23.63,561,0.744
CC(C)CC(C)CCCO,661.55,23.63,561,0.744
CC(C)(C)CCCCCO,661.55,23.48,564.72,0.744
CCCCC(CC)C(C)O,661.55,23.63,561,0.744
CCCCC(C)C(C)(C)O,661.55,23.63,561,0.744
CCCC(C)CC(C)(C)O,661.55,23.08,574.55,0.744
CC(C)CCCC(C)(C)O,661.55,22.64,585.57,0.744
CC(C)CC(C)CC(C)O,661.55,24.12,549.76,0.744
CC(O)CCC(C)C(C)C,661.55,23.11,573.72,0.744
CCCCC(O)(CC)CC,661.55,23.38,567.15,0.744
CCCCC(O)C(C)(C)C,661.55,22.94,577.9,0.744
CCCCC(C)(O)C(C)C,661.55,23.24,570.42,0.744
CC(C)CCC(O)C(C)C,661.55,22.71,583.85,0.744
CCC(C)CC(C)(O)CC,661.55,22.81,581.28,0.744
CCC(C)(O)CCC(C)C,661.55,22.84,580.43,0.744
CCCC(O)(CC)CCC,661.55,23.18,572.06,0.744
CCCC(O)CC(C)(C)C,661.55,23.63,561,0.744
CCCC(C)(O)CC(C)C,661.55,22.84,580.43,0.744
CC(C)CC(O)CC(C)C,661.55,22.37,592.54,0.744
CCCC(O)C(C)(C)CC,661.55,23.63,561,0.744
CCC(C)C(O)C(C)CC,661.55,23.98,552.85,0.744
CCCCC(CO)CCC,661.55,23.63,561,0.744
CCCC(CCC)CCO,661.55,23.63,561,0.744
CCCC(C)C(CC)CO,661.55,23.34,567.96,0.744
CCC(C)CC(CC)CO,661.55,22.97,577.06,0.744
CCC(CO)CCC(C)C,661.55,22.84,580.43,0.744
CC(C)CC(C)(C)CCO,661.55,23.63,561,0.744
CCC(C)(C)C(C)CCO,661.55,23.63,561,0.744
CC(CCO)CC(C)(C)C,661.55,22.94,577.9,0.744
CC(CCCO)C(C)(C)C,661.55,23.63,561,0.744
CCCC(CC)C(C)(C)O,661.55,23.26,570.09,0.744
CCC(C)C(C)C(C)(C)O,661.55,23.04,575.38,0.744
CCC(C)(C)CC(C)(C)O,661.55,23.61,561.51,0.744
CC(C)C(C)CC(C)(C)O,661.55,23.08,574.55,0.744
CC(C)(C)CCC(C)(C)O,661.55,23.63,561,0.744
CCCC(O)(CC)C(C)C,661.55,23.63,561.11,0.744
CCC(CC)C(O)C(C)C,661.55,22.94,577.9,0.744
CCC(CC)C(C)(O)CC,661.55,25.48,520.26,0.744
CCC(C)C(O)(CC)CC,661.55,23.91,554.4,0.744
CCC(O)(CC)CC(C)C,661.55,23.38,567.15,0.744
CCCC(C)(O)C(C)(C)C,661.55,23.54,563.11,0.744
CCC(C)C(O)C(C)(C)C,661.55,23.63,561,0.744
CC(C)CC(O)C(C)(C)C,661.55,21.64,612.52,0.744
CCC(C)C(C)(O)C(C)C,661.55,23.63,561,0.744
CC(C)CC(C)(O)C(C)C,661.55,22.94,577.9,0.744
CCC(C)(C)C(O)C(C)C,661.55,23.64,560.71,0.744
CC(C)C(O)CC(C)(C)C,661.55,22.84,580.43,0.744
CCC(C)(C)C(C)(O)CC,661.55,23.11,573.72,0.744
CCC(C)(O)CC(C)(C)C,661.55,23.18,572.06,0.744
CCCC(CO)CC(C)C,661.55,22.87,579.59,0.744
CC(C)CC(CO)C(C)C,661.55,23.63,561,0.744
CCC(CC)C(C)(C)CO,661.55,23.63,561,0.744
CCC(C)(CO)CC(C)C,661.55,23.38,567.15,0.744
CCC(CC)(CC)C(C)O,661.55,23.63,561,0.744
CCC(C)(CC)C(C)(C)O,661.55,23.63,561,0.744
CCC(C(C)O)C(C)(C)C,661.55,23.63,561,0.744
CC(C)C(C)(C)C(C)(C)O,661.55,23.63,561,0.744
CC(C(C)(C)C)C(C)(C)O,661.55,23.63,561,0.744
CC(O)C(C)(C)C(C)(C)C,661.55,23.63,561,0.744
CCC(O)(CC)C(C)(C)C,661.55,23.9,554.72,0.744
CCC(O)(C(C)C)C(C)C,661.55,23.96,553.39,0.744
CC(C)C(C)(O)C(C)(C)C,661.55,23.89,554.95,0.744
CC(C)(C)C(O)C(C)(C)C,661.55,23.63,561,0.744
CCCCCCCCOC,591.55,21.36,555.07,0.744
CCCCCCCOCC,591.55,21.38,554.39,0.744
CCCCCCCC(O)CO,837.92,25.73,639.9,0.81
CCCCCCC(O)CCO,837.92,25.73,639.9,0.81
CCCCCC(O)CCCO,837.92,25.73,639.9,0.81
OCCCCCCCCCO,837.92,25.73,639.9,0.81
CCCCC(CC)(CO)CO,837.92,25,658.57,0.81
CCCCCCCOC(C)O,697.92,21.88,626.74,0.81
CCCCC(CC)OCCO,697.92,21.88,626.74,0.81
CCCOCC(C)OCC(C)O,629,20.96,578,0.871
CC(O)COC(C)COC(C)CO,677,21.45,596,0.928
CCCCCCCCCS,673,21.38,625.52,0.407
CCCCCCCC(C)S,673,21.16,632.01,0.407
CCCCCCC(S)CC,673,21.63,618.35,0.407
CCCCCC(S)CCC,673,21.63,618.35,0.407
CCCCC(S)CCCC,673,21.63,618.35,0.407
CCCCCCC(C)CS,673,21.63,618.35,0.407
CCCCCC(C)CCS,673,21.63,618.35,0.407
CCCCC(C)CCCS,673,21.63,618.35,0.407
CCCC(C)CCCCS,673,21.63,618.35,0.407
CCC(C)CCCCCS,673,21.63,618.35,0.407
CC(C)CCCCCCS,673,21.63,618.35,0.407
CCCCCCC(C)(C)S,673,21.63,618.35,0.407
CCCCCC(C)C(C)S,673,21.63,618.35,0.407
CCCCC(C)CC(C)S,673,21.63,618.35,0.407
CCCC(C)CCC(C)S,673,21.63,618.35,0.407
CCC(C)CCCC(C)S,673,21.63,618.35,0.407
CC(C)CCCCC(C)S,673,21.63,618.35,0.407
CCCCCCCCSC,673,21.35,626.42,0.407
CCCCCCCSCC,673,21.35,626.42,0.407
CCCCCCSCCC,673,21.35,626.42,0.407
CCCCCSCCCC,673,21.35,626.42,0.407
CCCCCCC(C)SC,673,21.63,618.35,0.407
CCCCCC(C)CSC,673,21.63,618.35,0.407
CCCCC(C)CCSC,673,21.63,618.35,0.407
CCCC(C)CCCSC,673,21.63,618.35,0.407
CCCCCCSC(C)C,673,21.63,618.35,0.407
CCCCCC(C)SCC,673,21.63,618.35,0.407
CCCCC(C)CSCC,673,21.63,618.35,0.407
CCCC(C)CCSCC,673,21.63,618.35,0.407
SCCCCCCCCCS,796.68,22.88,664.76,0.459
CC(S)CCCCCCCS,796.68,22.88,664.76,0.459
CCC(S)CCCCCCS,796.68,22.88,664.76,0.459
CCCC(S)CCCCCS,796.68,22.88,664.76,0.459
CCCCC(S)CCCCS,796.68,22.88,664.76,0.459
CCCCCC(S)CCCS,796.68,22.88,664.76,0.459
CCCCCCC(S)CCS,796.68,22.88,664.76,0.459
CCCCCCCC(S)CS,796.68,22.88,664.76,0.459
CCCCCCCCSSC,741.68,20.81,680.71,0.459
CCCCCCCSSCC,741.68,20.81,680.71,0.459
CCCCCCSSCCC,741.68,20.81,680.71,0.459
CCCCCSSCCCC,741.68,20.81,680.71,0.459
CCCCCCCSCSC,741.68,20.81,680.71,0.459
CCCCCCSCSCC,741.68,20.81,680.71,0.459
CCCCCSCSCCC,741.68,20.81,680.71,0.459
CCC[Al](CCC)CCC,687.8,24.48,594.42,
CCCCCCCCCN,668.22,24.2,566.96,0.487
CCCCCCCCNC,628.22,22.33,577.72,0.487
CCCCCCCNCC,628.22,22.14,582.6,0.487
CCC(C)(C)NC(C)(C)C,628.22,22.23,580.24,0.487
CCCCCCCN(C)C,628.22,21.68,594.95,0.487
CCCCCN(CC)CC,628.22,21.97,587.1,0.487
CCCN(CCC)CCC,,,595.05,0.487
CCCCN(C)CCCC,628.22,21.64,595.99,0.487
CCC[SiH](CCC)CCC,653.72,21.16,651.97,0.334
CC(C)[SiH](C(C)C)C(C)C,679.03,22,651.26,0.334
FC(F)(F)C(F)(F)C(F)(F)C(F)(F)C(F)(F)C(F)(F)C(F)(F)C(F)(F)C(F)(F)C(F)(F)F,667.21,8.86,991.29,0.719
FC(F)(F)C(F)(C(F)(F)F)C(F)(F)C(F)(F)C(F)(F)C(F)(F)C(F)(C(F)(F)F)C(F)(F)F,667.21,9.7,905.06,0.719
Clc1ccc2ccccc2c1Cl,830.71,35.64,479.66,0.406
Clc1cc(Cl)c2ccccc2c1,830.71,35.64,479.66,0.406
Clc1ccc(Cl)c2ccccc12,830.71,35.15,486.31,0.406
Clc1cccc2c(Cl)cccc12,830.71,41.41,412.76,0.406
Clc1ccc2cccc(Cl)c2c1,830.71,33.9,504.23,0.406
Clc1cccc2cccc(Cl)c12,830.71,34.91,489.61,0.406
Clc1ccc2cc(Cl)ccc2c1,830.71,34.91,489.61,0.406
O=C(O)c1cc(C(=O)O)c(C(=O)O)cc1C(=O)O,883,26.43,584,1.123
Brc1cccc2ccccc12,824,41.48,453,0.215
Clc1cccc2ccccc12,774.87,36.32,458.28,0.351
Clc1ccc2ccccc2c1,787.35,35.64,474.43,0.351
c1ccc2cccc-2cc1,773.48,39.98,409.5,0.363
Cc1ccc2ccccc2n1,818.08,37.25,451.01,0.48
Cc1cnc2ccccc2c1,818.08,37.77,444.78,0.48
Cc1ccnc2ccccc12,818.08,38.18,439.98,0.48
Cc1cccc2ncccc12,818.08,38.45,436.96,0.48
Cc1ccc2ncccc2c1,818.08,37.69,445.73,0.48
Cc1ccc2cccnc2c1,818.08,37.5,448,0.48
Cc1cccc2cccnc12,818.08,37.96,442.49,0.48
Cc1nccc2ccccc12,818.08,38.21,439.63,0.48
Cc1cc2ccccc2cn1,818.08,37.39,449.28,0.48
Cc1cncc2ccccc12,818.08,37.39,449.28,0.48
Cc1ccc2cnccc2c1,818.08,37.39,449.28,0.48
Cc1cccc2ccncc12,818.08,37.39,449.28,0.48
C=Cc1cccc(C=C)c1,692,33.2,440,0.372
CC1C=Cc2ccccc21,697.77,31.25,471.37,0.372
CC1=Cc2ccccc2C1,697.77,31.41,469.05,0.372
CC1=CCc2ccccc21,697.77,31.33,470.21,0.372
Cc1cccc2c1C=CC2,697.77,31.99,460.53,0.372
Cc1ccc2c(c1)CC=C2,697.77,31.52,467.32,0.372
Cc1cccc2c1CC=C2,697.77,31.99,460.53,0.372
COC(=O)c1ccccc1C(=O)OC,766,27.22,530,0.935
COC(=O)c1ccc(C(=O)OC)cc1,772,27.49,529,0.935
COC(=O)c1cccc(C(=O)OC)c1,719,25.12,539,0.935
Cc1cc(C)c(C#N)c(C)c1,771.43,36.03,438.54,0.488
CC(C)c1ccc(C#N)cc1,771.43,36.03,438.54,0.488
CC(=O)CC(=O)Nc1ccccc1,879,30.68,564,0.614
C1=CC2C3C=CC(C3)C2C1,666.79,31.55,445,0.381
CC/C=C\c1ccccc1,680.68,31.6,453.64,0.381
CC/C=C/c1ccccc1,694.43,31.87,458.86,0.381
C/C=C(/C)c1ccccc1,658.12,29.96,462.57,0.381
C/C=C(\C)c1ccccc1,688.93,32.29,449.24,0.381
CC(C)=Cc1ccccc1,676.24,30.96,460.03,0.381
C/C=C\c1ccccc1C,666.79,30.61,458.74,0.381
C/C=C\c1cccc(C)c1,666.79,30.32,463.07,0.381
C/C=C\c1ccc(C)cc1,666.79,30.1,466.46,0.381
C/C=C/c1ccc(C)cc1,666.79,30.77,456.36,0.381
C=C(C)c1ccccc1C,684.2,30.88,466.65,0.381
C=C(C)c1cccc(C)c1,684.2,31.53,456.91,0.381
C=C(C)c1ccc(C)cc1,684.2,31.32,460.03,0.381
C=Cc1ccccc1CC,684.2,31.56,456.48,0.381
C=Cc1cccc(CC)c1,684.2,31.09,463.44,0.381
C=Cc1ccc(CC)cc1,684.2,31.01,464.7,0.381
C=Cc1ccc(C)cc1C,684.2,31.53,456.91,0.381
C=Cc1cc(C)cc(C)c1,684.2,31.24,461.2,0.381
C=Cc1c(C)cccc1C,684.2,31.53,456.91,0.381
C=Cc1cc(C)ccc1C,684.2,31.58,456.3,0.381
C=Cc1ccc(C)c(C)c1,684.2,31.74,453.88,0.381
C=Cc1cccc(C)c1C,684.2,31.74,453.95,0.381
CCC=Cc1ccccc1,662.42,29.8,468.04,0.381
C=CCc1ccccc1C,660.73,30.43,457.21,0.381
C=C(CC)c1ccccc1,670.88,30.34,465.58,0.381
CC1CCc2ccccc21,702.04,29.57,499.87,0.381
CC1Cc2ccccc2C1,702.04,29.65,498.59,0.381
Cc1cccc2c1CCC2,702.04,30.32,487.55,0.381
Cc1ccc2c(c1)CCC2,702.04,29.8,496.06,0.381
CC=Cc1ccc(OC)cc1,723,29.91,482,0.761
CCCOC(=O)c1ccccc1,710,27.65,502,0.825
C=CCOC(=O)/C=C\C(=O)OCC=C,693,21.48,606,0.942
CC(C)(C)c1ccc(Br)cc1,719.2,27.83,584.86,0.448
Cc1ccc(C(C)C)cc1Br,719.2,28.93,562.64,0.448
CCCCc1ccc(Br)cc1,719.2,27.27,596.85,0.448
Cc1cc(C)c(C)c(Br)c1C,719.2,28.25,576.13,0.448
CC(C)(C)c1ccc(Cl)cc1,718.26,28.14,544.03,0.361
CC(C)(CCl)c1ccccc1,718.26,28.14,544.03,0.361
Cc1ccc(C(C)C)cc1Cl,718.26,28.14,544.03,0.361
Cc1ccc(C(C)C)c(Cl)c1,718.26,28.14,544.03,0.361
Cc1cc(C)c(CCl)c(C)c1,718.26,28.14,544.03,0.361
ClCCCCc1ccccc1,718.26,28.14,544.03,0.361
CCC(C)c1ccccc1,,,504.89,
CC(C)(C)c1ccccc1,677.74,28.39,501.39,0.39
Cc1ccc(C(C)C)cc1,677.74,28.75,495.25,0.39
Cc1cccc(C(C)C)c1,677.74,28.16,505.6,0.39
Cc1ccccc1C(C)C,677.74,28.79,494.5,0.39
CCCc1ccccc1C,677.74,28.66,496.75,0.39
CCCc1cccc(C)c1,677.74,28.15,505.67,0.39
CCCc1ccc(C)cc1,677.74,28.05,507.45,0.39
CC[C@H](C)c1ccccc1,677.74,29.13,488.75,0.39
CCc1ccccc1CC,677.74,28.63,497.23,0.39
CCc1cccc(CC)c1,677.74,28.28,503.49,0.39
CCc1ccc(CC)cc1,,,504.89,
CCc1cccc(C)c1C,677.74,29.38,484.5,0.39
CCc1ccc(C)c(C)c1,677.74,28.71,495.86,0.39
CCc1c(C)cccc1C,677.74,29.3,485.81,0.39
CCc1ccc(C)cc1C,677.74,28.75,495.18,0.39
CCc1cc(C)cc(C)c1,677.74,28.31,502.78,0.39
CCc1cc(C)ccc1C,677.74,28.79,494.5,0.39
Cc1ccc(C)c(C)c1C,677.74,29.9,476.12,0.39
Cc1cc(C)c(C)c(C)c1,677.74,29.34,485.15,0.39
Cc1cc(C)c(C)cc1C,,,519.39,
CC=C(C)C#CC(C)=CC,685.1,29.38,489.86,0.39
CC(C)C#CC#CC(C)C,692.15,28.75,505.65,0.39
C#CCCCCCCC#C,692.15,29.31,496.07,0.39
CCCC#CC#CCCC,692.15,31.19,466.21,0.39
CCCCc1cccc(O)c1,764.7,32.84,463.24,0.769
CCCCc1ccc(O)cc1,764.7,32.84,463.24,0.769
CC(C)Cc1ccccc1O,764.7,32.63,466.24,0.769
CC(C)Cc1cccc(O)c1,764.7,32.63,466.24,0.769
CC(C)Cc1ccc(O)cc1,764.7,32.99,461.08,0.769
CCC(C)c1ccccc1O,764.7,33.1,459.61,0.769
CCC(C)c1cccc(O)c1,764.7,32.63,466.24,0.769
CCC(C)c1ccc(O)cc1,764.7,33.32,456.48,0.769
CC(C)(C)c1ccccc1O,764.7,33.01,460.8,0.769
CC(C)(C)c1cccc(O)c1,764.7,32.63,466.24,0.769
CC(C)(C)c1ccc(O)cc1,764.7,30.19,503.93,0.769
CCCc1cccc(O)c1C,764.7,32.63,466.24,0.769
CCCc1ccc(O)c(C)c1,764.7,32.63,466.24,0.769
CCCc1ccc(C)c(O)c1,764.7,32.63,466.24,0.769
CCCc1c(C)cccc1O,764.7,32.63,466.24,0.769
CCCc1ccc(O)cc1C,764.7,32.63,466.24,0.769
CCCc1cc(C)cc(O)c1,764.7,32.63,466.24,0.769
CCCc1cc(C)ccc1O,764.7,32.63,466.24,0.769
CCCc1ccc(C)cc1O,764.7,32.63,466.24,0.769
Cc1c(O)cccc1C(C)C,764.7,32.63,466.24,0.769
Cc1cc(C(C)C)ccc1O,764.7,33.05,460.23,0.769
Cc1ccc(C(C)C)cc1O,764.7,32.88,462.67,0.769
Cc1cccc(C(C)C)c1O,764.7,33.01,460.85,0.769
Cc1cccc(O)c1C(C)C,764.7,32.63,466.24,0.769
Cc1cc(O)ccc1C(C)C,764.7,32.63,466.24,0.769
Cc1cc(O)cc(C(C)C)c1,764.7,32.63,466.24,0.769
Cc1ccc(O)c(C(C)C)c1,764.7,33.53,453.72,0.769
Cc1ccc(C(C)C)c(O)c1,764.7,32.68,465.53,0.769
CCc1ccc(O)c(CC)c1,764.7,32.63,466.24,0.769
CCc1ccc(CC)c(O)c1,764.7,32.63,466.24,0.769
CCc1cccc(CC)c1O,764.7,32.63,466.24,0.769
CCc1ccc(O)cc1CC,764.7,32.63,466.24,0.769
CCc1cc(O)cc(CC)c1,764.7,32.63,466.24,0.769
CCc1c(C)ccc(O)c1C,764.7,32.63,466.24,0.769
CCc1cc(O)c(C)cc1C,764.7,32.63,466.24,0.769
CCc1cc(C)cc(C)c1O,764.7,32.63,466.24,0.769
CCc1cc(C)c(O)cc1C,764.7,32.63,466.24,0.769
CCc1cc(C)c(O)c(C)c1,764.7,32.63,466.24,0.769
CCc1cc(O)cc(C)c1C,764.7,32.63,466.24,0.769
CCc1cc(C)c(C)cc1O,764.7,32.63,466.24,0.769
CCc1c(C)cc(C)cc1O,764.7,32.63,466.24,0.769
CCc1c(C)cc(O)cc1C,764.7,32.63,466.24,0.769
Cc1cc(O)c(C)c(C)c1C,764.7,32.63,466.24,0.769
Cc1cc(C)c(O)c(C)c1C,764.7,32.63,466.24,0.769
Cc1cc(C)c(C)c(O)c1C,764.7,32.63,466.24,0.769
CCCCc1ccccc1O,764.7,32.88,462.67,0.769
Cc1cccc(OC(C)C)c1,670,26.93,495,0.769
CC(C)(C)c1ccc(O)c(O)c1,776,29.61,511,0.833
C=C(C)C(=O)OCCOC(=O)CC(C)=O,761,22.51,621,1.002
CC(C)(C)c1ccc(S)cc1,765.58,28.28,533.99,0.523
Cc1cc(C)c(CS)c(C)c1,765.58,28.28,533.99,0.523
CCN(CC)c1ccccc1,738.04,27,557.07,0.505
CCc1cccc(CC)c1N,790.04,27.83,578.63,0.505
CCC(C)c1ccccc1N,790.04,29.89,538.69,0.505
CC(C)(C)c1ccccc1N,790.04,30.63,525.75,0.505
CCCCc1ccc(N)cc1,790.04,29.43,547.18,0.505
CCC(C)c1ccc(N)cc1,790.04,29.58,544.41,0.505
CC(C)(C)c1ccc(N)cc1,790.04,29.71,542.01,0.505
CCC(C)Nc1ccccc1,763.04,28.71,541.71,0.505
CC(C)(C)Nc1ccccc1,763.04,28.71,541.71,0.505
CCCCNc1ccccc1,763.04,27.96,556.14,0.505
CC(C)Cc1ccc(N)cc1,790.04,29.58,544.41,0.505
CC(C)CNc1ccccc1,763.04,28.24,550.67,0.505
Cc1ccc(NC(C)C)cc1,763.04,27.61,563.16,0.505
Cc1ccc(C(C)C)cc1N,790.04,31.27,514.85,0.505
CCCNc1ccc(C)cc1,763.04,27.68,561.92,0.505
Cc1cc(N)c(C)c(C)c1C,790.04,28.81,558.87,0.505
Cc1cc(C)c(N)c(C)c1C,790.04,30.66,525.1,0.505
Cc1cccc(C)c1N(C)C,738.04,26.44,569,0.505
CC(C)NCc1ccccc1,763.04,28.42,547.28,0.505
CC(C)(N)Cc1ccccc1,763.04,29.82,521.56,0.505
CNCC(C)c1ccccc1,763.04,29.3,530.82,0.505
CC(C)c1ccc(CN)cc1,763.04,29.82,521.56,0.505
CN[C@@H](C)Cc1ccccc1,763.04,29.82,521.56,0.505
CC(N)CCc1ccccc1,763.04,29.83,521.3,0.505
CCCC(N)c1ccccc1,763.04,30.13,516.16,0.505
CCC(CC)c1ccccn1,738.04,24.7,609.06,0.505
CCC(CC)c1ccncc1,738.04,25.04,600.7,0.505
CN(C)CCc1ccccc1,763.04,28.34,548.76,0.505
C[C@@H](c1ccccc1)N(C)C,763.04,28.68,542.17,0.505
C[C@H](c1ccccc1)N(C)C,763.04,29.03,535.73,0.505
Cc1cccc(C(C)C)c1N,790.04,29.54,545.1,0.505
C[C@H](N)CCc1ccccc1,763.04,29.82,521.56,0.505
C[C@@H](N)CCc1ccccc1,763.04,29.82,521.56,0.505
NCCCCc1ccccc1,763.04,30.42,511.31,0.505
Cc1cc(C)cc(N(C)C)c1,738.04,26.31,571.78,0.505
CNc1ccc(C(C)C)cc1,763.04,28.71,541.71,0.505
CC(c1ccccc1)N(C)C,763.04,29.82,521.56,0.505
CCNC(C)c1ccccc1,763.04,29.82,521.56,0.505
C=C1C2CCC(C2)C1(C)C,638,26.76,499.58,0.399
C=C(C)[C@H]1CC=C(C)CC1,660,26.39,524,0.399
C=C(C)C1CC=C(C)CC1,660,26.39,524,0.399
C=C(C)[C@@H]1CC=C(C)CC1,660,26.39,524,0.399
CC1=CCC(C(C)C)C=C1,649,27.2,500,0.399
C=C1C=CC(C(C)C)CC1,648,27.88,487,0.399
CC1=CCC2CC1C2(C)C,,,,0.399
CC1=CC[C@H]2C[C@@H]1C2(C)C,641.25,29.71,452.23,0.399
C=C1CCC2CC1C2(C)C,641.25,30.04,447.23,0.399
C=C1CC[C@@H]2C[C@H]1C2(C)C,641.25,29.98,448.22,0.399
CC1=CC=C(C(C)C)CC1,649,27.24,499.18,0.399
CC1=CCC(C(C)C)=CC1,661,28.35,488.57,0.399
CC1=CCC(=C(C)C)CC1,667,28.35,493,0.399
C[C@H]1C=C[C@@H]2[C@H](C1)C2(C)C,654.02,28.06,488.41,0.399
CC1=CC[C@@H]2[C@H](C1)C2(C)C,654.02,27.8,493.01,0.399
C=CC#CCCCCCC,675.17,26.6,531.85,0.399
C=CCC#CCCCCC,675.17,26.63,531.28,0.399
CC=CC#CCCCCC,675.17,26.51,533.72,0.399
C=CC(C)=CCC=C(C)C,668.12,28.68,488.03,0.399
C=CC(C)=CCCC(=C)C,668.12,28.68,488.03,0.399
C/C=C(C)\C=C\C=C(C)C,668.12,28.94,483.67,0.399
C/C=C(C)/C=C/C=C(C)C,668.12,29.19,479.53,0.399
C/C=C(C)\C=C/C=C(C)C,668.12,30.65,456.68,0.399
C1C2CC3CC1CC(C2)C3,703,30.37,485,0.399
CC1=CCC2C(C1)C2(C)C,657.97,28.05,491.56,0.399
CC1=CC2C(CC1)C2(C)C,654.02,28.07,488.14,0.399
C=CCCC=CCCC=C,668.12,27.19,514.94,0.399
CC=C(C)C=CC=C(C)C,668.12,29.16,480.1,0.399
CC1=C(C)C(C)C(C)=C1C,641.25,27.83,482.76,0.399
C=C1CC[C@H]2C[C@@H]1C2(C)C,641.25,29.88,449.72,0.399
CC1=CC[C@@H]2C[C@H]1C2(C)C,641.25,29.63,453.5,0.399
CC1=CCCC(C)=CCC1,689.27,27.99,515.95,0.399
O=C(O)CN(CCN(CC(=O)O)CC(=O)O)CC(=O)O,809,17.3,798,0.966
CC12CCC(CC1=O)C2(C)C,709,27.86,505,0.777
CCCOC(=O)/C=C\C(=O)OCCC,691,21.04,614,0.955
COC(=O)C1CCC(C(=O)OC)CC1,736,24.18,569,0.955
CCCCCCc1cccs1,708.1,23.86,583.9,0.531
CCCCCCc1ccsc1,708.1,23.89,583.15,0.531
CC(C)CCCc1cccs1,708.1,24.9,559.51,0.531
CC(C)CCCc1ccsc1,708.1,24.9,559.51,0.531
CCCCC(C)c1cccs1,708.1,24.9,559.51,0.531
CCCCC(C)c1ccsc1,708.1,24.9,559.51,0.531
CCCC(C)(C)c1cccs1,708.1,24.9,559.51,0.531
CCCC(C)(C)c1ccsc1,708.1,24.9,559.51,0.531
CCCCCc1ccsc1C,708.1,24.9,559.51,0.531
CCCCCc1csc(C)c1,708.1,24.9,559.51,0.531
CCCCCc1ccc(C)s1,708.1,24.9,559.51,0.531
CCCCCc1sccc1C,708.1,24.9,559.51,0.531
CCCCCc1cscc1C,708.1,24.9,559.51,0.531
CCCCCc1cc(C)cs1,708.1,24.9,559.51,0.531
CCCCCCC(C)=CC#N,761.3,25.66,603.1,0.513
C#CCCCCCCCC,629.72,23.38,562.94,0.408
CC#CCCCCCCC,629.72,24.68,533.27,0.408
CCC#CCCCCCC,629.72,23.38,563.03,0.408
CCCC#CCCCCC,629.72,23.75,554.2,0.408
CCCCC#CCCCC,629.72,23.64,556.8,0.408
CCCC#CCCC(C)C,629.72,24.17,544.55,0.408
CCCCC#CC(C)(C)C,629.72,24.17,544.55,0.408
CCC#CC(C)(CC)CC,629.72,23.73,554.72,0.408
CC(C)(C)C#CC(C)(C)C,629.72,24.17,544.55,0.408
C1CC[C@H]2CCCC[C@H]2C1,,,521.44,
C1CC[C@H]2CCCC[C@@H]2C1,,,540.24,0.408
CCCCCC1=CCCC1,644.72,25.12,536.53,0.408
CC1=CCC(C(C)C)C1C,644.72,25.12,536.53,0.408
C=CC=CCCCCCC,629.72,24.6,534.99,0.408
C=CCCCCCCC=C,629.72,24.52,536.71,0.408
CCC(C)=CCC=C(C)C,629.72,25.43,517.6,0.408
CC(C)=CCCC=C(C)C,629.72,25.9,508.2,0.408
CC=C(C)CCC(C)=CC,629.72,25.57,514.64,0.408
CC=C(C)C=CCC(C)C,629.72,26.23,501.75,0.408
CC=CC(C)C(C)C=CC,629.72,24.96,527.33,0.408
C/C=C(/C)CCC=C(C)C,629.72,25.51,516,0.408
CC1=CCC(C(C)C)CC1,659.72,26.39,522.58,0.408
CC1=CC[C@H](C(C)C)CC1,659.72,25.6,538.66,0.408
CC(C)C1=CC[C@H](C)CC1,659.72,24.97,552.13,0.408
CC(C)[C@H]1C=C[C@H](C)CC1,659.72,25.06,550.17,0.408
CC(C)(C)C1=CCCCC1,659.72,25.8,534.46,0.408
C1CCC2CCCCC2C1,694.72,27.32,531.41,0.408
C=CC(C)CCC=C(C)C,629.72,24.8,530.76,0.408
CC1CC=C(C(C)C)CC1,659.72,25.06,550.21,0.408
CCCCC1CCCCC1=O,745.08,27,546.17,0.786
CC(C)CC1CCC(=O)CC1,745.08,26.48,556.92,0.786
CC(C)[C@H]1CC[C@@H](C)CC1=O,745.08,26.6,554.45,0.786
CC(C)[C@H]1CC[C@H](C)C(=O)C1,745.08,26.93,547.62,0.786
CC(C)[C@@H]1CC[C@@H](C)CC1=O,745.08,26.62,553.93,0.786
CCCCCCCC=CC=O,740.08,23.56,621.8,0.786
CCCCCCC/C=C\C=O,740.08,23.39,626.24,0.786
CCCCCCC/C=C/C=O,740.08,24.28,603.43,0.786
CCCCCCC=CCC=O,740.08,23.73,617.41,0.786
CCCCCC=CCCC=O,740.08,23.63,620.04,0.786
CCCCC/C=C\CCC=O,740.08,23.63,620.04,0.786
CCCC=CCCCCC=O,740.08,24.28,603.43,0.786
C=CCCCCCCCC=O,740.08,24.28,603.43,0.786
CC(C)=CCCC(C)CC=O,740.08,23.96,611.37,0.786
CCCCCCC=CC(C)=O,700.08,23.41,591.88,0.786
CCCC(C)=C(CC)C(C)=O,700.08,23.7,584.75,0.786
CCC=C(C)C(CC)C(C)=O,700.08,23.34,593.81,0.786
CCC(C=C(C)C)CC(C)=O,700.08,23.27,595.5,0.786
CCC(=O)C(C)=C(CC)CC,700.08,23.91,579.63,0.786
CC=C(CC)C(C)C(=O)CC,700.08,23.71,584.34,0.786
CCCC(=O)C=C(C)CCC,700.08,23.86,580.76,0.786
CCC=C(C)CC(=O)CCC,700.08,23.21,596.95,0.786
CC(C)(C)C1CCCCC1=O,745.08,26.54,555.72,0.786
CC(C)(C)C1CCC(=O)CC1,745.08,26.85,549.19,0.786
CC(C)=CCC[C@@H](C)CC=O,740.08,23.76,616.54,0.786
CC(C)=CCC[C@H](C)CC=O,740.08,23.76,616.54,0.786
CC1CCC(C(C)C)C(=O)C1,745.08,26.43,557.97,0.786
CC1=CCC(C(C)(C)O)CC1,675,26.35,507,0.786
CC1(C)CCCC(C)(C)C1=O,745.08,26.85,549.19,0.786
CC1(C)CC(=O)CC(C)(C)C1,745.08,26.11,564.82,0.786
CCC(C)C1CCCCC1=O,745.08,26.85,549.19,0.786
CCCCCCCC=CC(=O)O,760.52,21.51,685.89,0.848
CCCCCCC/C=C/C(=O)O,760.52,21.43,688.56,0.848
CCCCCCC=CCC(=O)O,760.52,21.13,698.51,0.848
CCCCCC=CCCC(=O)O,760.52,21.28,693.32,0.848
CCCCC/C=C/CCC(=O)O,760.52,21.75,678.33,0.848
CCCCC/C=C\CCC(=O)O,760.52,21.75,678.33,0.848
C=CCCCCCCCC(=O)O,760.52,21.4,689.63,0.848
C=COC(=O)C(CC)CCCC,640.52,18.95,655.99,0.848
C=CC(=O)OCCCCCCC,640.52,19.52,636.63,0.848
CCC=CCCOC(=O)C(C)C,640.52,19.52,636.63,0.848
CC/C=C\CCOC(=O)C(C)C,640.52,19.52,636.63,0.848
CC=CC(=O)OCCCCCC,640.52,19.52,636.63,0.848
CCCCCCC=CC(=O)OC,640.52,19.52,636.63,0.848
C=CC(CCCCC)OC(C)=O,640.52,19.52,636.63,0.848
O=C(O)CCCCCCCCC(=O)O,815,20.87,728.28,0.962
CC(CCCCCC(=O)O)CC(=O)O,932.2,22.31,779.04,0.962
CC(C)(C)C(CCC(=O)O)CC(=O)O,932.2,22.31,779.04,0.962
CCCCCCCC/C=C\Br,696.78,22.7,689.38,0.687
CCCCCCCC/C=C/Br,696.78,22.7,689.38,0.687
CCCCCCCC=CCBr,696.78,22.7,689.38,0.687
C=C(Br)CCCCCCCC,696.78,22.7,689.38,0.687
CCCCCCCC/C=C\Cl,697.17,23.18,636.43,0.441
CCCCCCCC/C=C/Cl,697.17,23.18,636.43,0.441
CC(C)C1CC[C@@H](C)CC1Cl,697.17,23.18,636.43,0.441
CCCCCCCCCC(Cl)(Cl)Cl,708.32,16.23,845.21,0.373
CCCCCCCC/C=C\F,582.4,23.41,524.96,0.287
CCCCCCCC/C=C/F,582.4,23.41,524.96,0.287
CCCCCCCCCC(F)(F)F,542.24,18.02,605.64,0.387
CCCCCCCCCC#N,769.53,23.16,673.77,0.522
CCCCCC1CCCC1,643.16,24.33,551.04,0.417
CCCCC1CCCCC1,648.16,24.53,550.87,0.417
CC(C)(C)C1CCCCC1,648.16,24.34,555.18,0.417
CCC(C)C1CCCCC1,648.16,24.35,554.86,0.417
CC(C)CC1CCCCC1,648.16,23.71,569.88,0.417
CCCC1(C)CCCCC1,648.16,24.25,557.32,0.417
CCCC1CCCCC1C,648.16,24.35,554.94,0.417
CCCC1CCCC(C)C1,648.16,23.51,574.82,0.417
CCCC1CCC(C)CC1,648.16,23.78,568.33,0.417
CC(C)C1CCCCC1C,648.16,24.36,554.61,0.417
CC1CCCC(C(C)C)C1,648.16,23.75,568.93,0.417
CC1CCC(C(C)C)CC1,648.16,23.78,568.33,0.417
CC(C)[C@H]1CC[C@@H](C)CC1,648.16,24.02,562.48,0.417
CC(C)[C@H]1CC[C@H](C)CC1,648.16,23.63,571.95,0.417
CC1CCC(C)(C)CC1C,648.16,23.8,567.82,0.417
C[C@H]1C[C@H](C)CC(C)(C)C1,648.16,23.18,582.88,0.417
C[C@@H]1C[C@H](C)CC(C)(C)C1,648.16,23.22,582.07,0.417
C=CCCCCCCCC,618.16,,,0.417
C/C=C\CCCCCCC,618.16,22.54,571.79,0.417
C/C=C/CCCCCCC,618.16,22.54,571.79,0.417
CCCC=CCCCCC,618.16,21.74,592.92,0.417
CCCC/C=C\CCCC,618.16,21.88,589,0.417
CCCC/C=C/CCCC,618.16,21.73,593.21,0.417
C=C(C)CCCCCCC,618.16,21.76,592.15,0.417
C=CCCCCCC(C)C,618.16,22.54,571.79,0.417
CCCCCC=CC(C)C,618.16,21.51,599.13,0.417
CCCC=C(C)CCCC,618.16,22.54,571.79,0.417
CCCC=CCCC(C)C,618.16,22.54,571.79,0.417
C=CC(C)CCCC(C)C,618.16,21.71,593.69,0.417
CCC(C)CCC=C(C)C,618.16,21.93,587.58,0.417
CCCCC=CC(C)(C)C,618.16,22.54,571.79,0.417
C/C(=C\C(C)C)CC(C)C,618.16,22.54,571.79,0.417
CC(C)(C)C=CC(C)(C)C,618.16,22.54,571.79,0.417
CC(C)(C)/C=C/C(C)(C)C,618.16,22.54,571.79,0.417
CCC=CC(C)(CC)CC,618.16,22.83,564.44,0.417
CC(C)(C)/C=C\C(C)(C)C,618.16,22.54,571.79,0.417
CCC=C(CCC)CCC,618.16,22.14,582.14,0.417
CCC1(CC)CCCCC1,648.16,24.59,549.57,0.417
CC1CCC(C)C(C)C1C,648.16,24.02,562.56,0.417
CCCCCCCCCC(Br)Br,766.42,21.18,735.17,0.546
CCCCCCCCC(Br)CBr,766.42,21.18,735.17,0.546
BrCCCCCCCCCCBr,766.42,21.18,735.17,0.546
CCCCC(Br)C(Br)CCCC,766.42,21.18,735.17,0.546
FCCCCCCCCCCCl,762.7,26.11,602.83,0.286
CCCCCCCCCC(Cl)Cl,726.74,20.21,727.26,0.456
ClCCCCCCCCCCCl,726.74,20.21,727.26,0.456
CCCCCCCCCC(F)F,612.3,22.3,565.29,0.414
CCCCC1CCCCC1O,732.74,24.88,581.48,0.794
CCCC[C@@H]1CCCC[C@H]1O,732.74,24.77,583.98,0.794
CC(C)(C)C1CCCCC1O,732.74,24.77,583.98,0.794
CC(C)(C)C1CCC(O)CC1,732.74,24.88,581.48,0.794
CC(C)C1CCC(C)(O)CC1,732.74,24.71,585.54,0.794
CC(C)[C@H]1CC[C@H](C)[C@H](O)C1,732.74,24.75,584.6,0.794
CCCC1(O)CCCCC1C,732.74,25.13,575.7,0.794
CCCC1(O)CCCC(C)C1,732.74,24.39,593.2,0.794
CC(C)(C)[C@H]1CC[C@H](O)CC1,732.74,24.88,581.48,0.794
CC(C)(C)[C@H]1CC[C@@H](O)CC1,732.74,24.88,581.48,0.794
CC(C)[C@H]1CC[C@H](C)C[C@H]1O,732.74,24.88,581.48,0.794
CCCCCCCCCC=O,,,618.03,
CCCCCCC(C)CC=O,681.74,22.07,609.78,0.794
CCCCCC(C)CCC=O,681.74,22.07,609.78,0.794
CC(C)CCCCCCC=O,681.74,22.07,609.78,0.794
CCC(C)CCCC(C)C=O,681.74,22.07,609.78,0.794
CCCCCCCCC(C)=O,672.74,21.24,625.47,0.794
CCCCCCCC(=O)CC,672.74,21.4,620.64,0.794
CCCCCCC(=O)CCC,672.74,21.37,621.63,0.794
CCCCCC(=O)CCCC,672.74,21.51,617.63,0.794
CCCCCCC(=O)C(C)C,672.74,21.51,617.63,0.794
CCCCC(=O)CCC(C)C,672.74,21.28,624.08,0.794
CCCCCCCC=CCO,712.74,23.26,604.86,0.794
CCCCCCC=CCCO,712.74,24,586.33,0.794
CCCCC/C=C\CCCO,712.74,23.5,598.88,0.794
CCCC/C=C/CCCCO,712.74,24,586.33,0.794
C=CCCCCCCCCO,712.74,23.4,601.43,0.794
C=C(C)CCCC(C)CCO,712.74,24.16,582.4,0.794
CC(C)=CCC[C@@H](C)CCO,712.74,23.66,594.68,0.794
CC(C)=CCCC(C)CCO,712.74,23.66,594.68,0.794
CCC(C)(O)CCC=C(C)C,712.74,23.66,594.68,0.794
CC(C)CC=C(CO)C(C)C,712.74,24,586.33,0.794
C=COCC(CC)CCCC,622.74,20.31,605.27,0.794
C=COCCCCCCCC,622.74,20.05,613.25,0.794
CC(C)[C@@H]1CC[C@@H](C)C[C@H]1O,658,24.37,533,0.794
CC(C)CCCC(C)CC=O,656.59,21.55,601.5,0.794
CCCCCCCCCC(=O)O,,,660.3,
CCCCCCCC(C)C(=O)O,733,21.2,669.33,0.856
CCCCCCC(C)CC(=O)O,733,21.2,669.33,0.856
CCCCCC(C)CCC(=O)O,733,21.2,669.33,0.856
CC(C)CCCCCCC(=O)O,733,21.2,669.33,0.856
CCCCCCC(C)(C)C(=O)O,733,21.2,669.33,0.856
CCCCCCC(CC)C(=O)O,733,21.2,669.33,0.856
CCCCC(CC)CCC(=O)O,733,21.43,662.03,0.856
CCCCCC(CCC)C(=O)O,733,21.2,669.33,0.856
CCC(C)(CCC(C)C)C(=O)O,733,21.2,669.33,0.856
CC(C)(C)CCCCCC(=O)O,733,21.2,669.33,0.856
CCCCCCCCCOC=O,643,19.19,648.35,0.856
CC(C)CCCCCCOC=O,643,19.19,648.35,0.856
CCCCCC(CC)COC=O,643,19.19,648.35,0.856
CCCCCCCCOC(C)=O,643,18.83,661.05,0.856
CCCCCCC(C)OC(C)=O,643,19.19,648.35,0.856
CCCCCC(C)COC(C)=O,643,18.82,661.41,0.856
CCCCC(C)CCOC(C)=O,643,19.19,648.35,0.856
CC(=O)OCCCCCC(C)C,643,19.19,648.35,0.856
CCC(CCC(C)C)OC(C)=O,643,18.63,668.1,0.856
CC(=O)OC(C)CCCC(C)C,643,18.42,675.68,0.856
CCC(C)C(C)CCOC(C)=O,643,19.19,648.35,0.856
CCCCCC(CC)OC(C)=O,643,18.7,665.67,0.856
CCCCC(CC)COC(C)=O,,,654.67,0.856
CCCCCCCOC(=O)CC,643,18.84,660.49,0.856
CCCCCCOC(=O)CCC,643,18.81,661.51,0.856
CCCCC(C)OC(=O)CCC,643,19.19,648.35,0.856
CCCC[C@H](C)OC(=O)CCC,643,19.12,650.72,0.856
CCCC(=O)OCCC(C)CC,643,19.19,648.35,0.856
CCCC(=O)OCC(CC)CC,643,19.19,648.35,0.856
CCCCCCOC(=O)C(C)C,643,19.19,648.35,0.856
CCC(C)CCOC(=O)C(C)C,643,19.19,648.35,0.856
CC(C)CCCOC(=O)C(C)C,643,19.19,648.35,0.856
CCCCCOC(=O)CCCC,643,18.85,660.31,0.856
CCCCC(=O)OCC(C)CC,643,19.19,648.35,0.856
CCCCC(=O)OCCC(C)C,643,19.19,648.35,0.856
CCC(C)COC(=O)CC(C)C,643,19.19,648.35,0.856
CC(C)CCOC(=O)CC(C)C,643,18.59,669.41,0.856
CCC(C)(C)OC(=O)CC(C)C,643,19.09,652.06,0.856
CCCCCC(=O)OCCCC,643,18.89,658.94,0.856
CCCCCC(=O)OCC(C)C,643,19.19,648.35,0.856
CC(C)CCC(=O)OCC(C)C,643,18.58,669.79,0.856
CCCCCCC(=O)OCCC,643,18.85,660.04,0.856
CCCCC(CC)C(=O)OCC,643,18.71,665.11,0.856
CCCCCCCC(=O)OCC,643,18.9,658.3,0.856
CCCCCCCCC(=O)OC,643,19.27,645.84,0.856
CC1CCC(C(C)(C)OO)CC1,711,24.88,553,0.856
CCCCOCCOCCOC(C)=O,679,18.52,682,0.969
C1CCCCCSCCCC1,784.51,28.68,535.5,0.546
CCCCCCCCCCBr,679.28,20.98,725.41,0.694
CCCCCCCCC(C)Br,679.28,20.64,737.52,0.694
CCCCCCCCCCCl,680.09,20.65,694.91,0.445
CCCCCCCCCCF,625.53,24.05,547.54,0.359
CCCCNC1CCCCC1,747.73,24.62,614.34,0.53
CCN(CC)C1CCCCC1,747.73,24.67,613.13,0.53
CNC(C)CC1CCCCC1,747.73,24.87,608.12,0.53
CN1C(C)(C)CCCC1(C)C,727.73,23.38,629.75,0.53
CCCCCN1CCCCC1,727.73,22.4,657.04,0.53
CC(C)(C)NC1CCCCC1,747.73,24.31,622.23,0.53
CCCCN(CCCC)C(C)=O,800,20.44,776.21,0.592
CCCCCCCCCC[N+](=O)[O-],825.01,18.97,845.25,0.651
CCCCCCCCCC,,,561.35,
CCCCCCCC(C)C,606.56,22.29,566.01,0.426
CCCCCCC(C)CC,606.56,22.51,560.42,0.426
CCCCCC(C)CCC,606.56,22.47,561.35,0.426
CCCCC(C)CCCC,606.56,22.51,560.42,0.426
CCCCCCC(C)(C)C,606.56,22.21,567.89,0.426
CCCCCC(C)C(C)C,606.56,22.69,555.85,0.426
CCCCC(C)CC(C)C,606.56,22.29,566.01,0.426
CCCC(C)CCC(C)C,606.56,22.4,563.2,0.426
CCC(C)CCCC(C)C,606.56,22.29,566.01,0.426
CC(C)CCCCC(C)C,606.56,22.17,568.84,0.426
CCCCCC(C)(C)CC,606.56,22.73,554.94,0.426
CCCCC(C)C(C)CC,606.56,22.95,549.55,0.426
CCCC(C)CC(C)CC,606.56,22.66,556.76,0.426
CCC(C)CCC(C)CC,606.56,22.62,557.67,0.426
CCCCC(C)(C)CCC,606.56,22.58,558.58,0.426
CCCC(C)C(C)CCC,606.56,23.03,547.78,0.426
CCCCC(C)C(C)(C)C,606.56,22.84,552.23,0.426
CCCC(C)CC(C)(C)C,606.56,22.32,565.07,0.426
CCC(C)CCC(C)(C)C,606.56,22.32,565.07,0.426
CC(C)CCCC(C)(C)C,606.56,22.17,568.84,0.426
CCCCC(C)(C)C(C)C,606.56,23.1,546.01,0.426
CCCC(C)C(C)C(C)C,606.56,23.1,546.01,0.426
CCC(C)CC(C)C(C)C,606.56,22.95,549.55,0.426
CC(C)CCC(C)C(C)C,606.56,22.58,558.58,0.426
CCCC(C)(C)CC(C)C,606.56,22.58,558.58,0.426
CCC(C)C(C)CC(C)C,606.56,22.8,553.13,0.426
CC(C)CC(C)CC(C)C,606.56,22.14,569.79,0.426
CCC(C)(C)CCC(C)C,606.56,22.77,554.03,0.426
CCCC(C)C(C)(C)CC,606.56,23.36,539.92,0.426
CCC(C)CC(C)(C)CC,,,551.34,
CCCC(C)(C)C(C)CC,606.56,23.4,539.06,0.426
CCC(C)C(C)C(C)CC,606.56,23.36,539.92,0.426
CCCC(C)(C)C(C)(C)C,,,532.27,
CCC(C)C(C)C(C)(C)C,606.56,23.33,540.78,0.426
CC(C)CC(C)C(C)(C)C,606.56,22.66,556.76,0.426
CCC(C)(C)CC(C)(C)C,606.56,22.99,548.66,0.426
CC(C)C(C)CC(C)(C)C,606.56,22.58,558.58,0.426
CC(C)(C)CCC(C)(C)C,,,573.62,
CCC(C)C(C)(C)C(C)C,606.56,23.85,528.93,0.426
CC(C)CC(C)(C)C(C)C,606.56,23.1,546.01,0.426
CCC(C)(C)C(C)C(C)C,606.56,24.37,517.54,0.426
CC(C)C(C)C(C)C(C)C,606.56,23.14,545.13,0.426
CCC(C)(C)C(C)(C)CC,606.56,24.37,517.54,0.426
CC(C)C(C)(C)C(C)(C)C,606.56,24.3,519.14,0.426
CC(C(C)(C)C)C(C)(C)C,606.56,23.81,529.76,0.426
CCCCCC(CC)CC,606.56,22.77,554.03,0.426
CCCCC(CC)CCC,606.56,22.69,555.85,0.426
CCCC(CCC)CCC,606.56,22.62,557.67,0.426
CCCC(CCC)C(C)C,606.56,22.73,554.94,0.426
CCCCC(CC)C(C)C,606.56,22.92,550.44,0.426
CCCC(CC)CC(C)C,606.56,22.62,557.67,0.426
CCC(CC)CCC(C)C,606.56,22.62,557.67,0.426
CCCCC(C)(CC)CC,606.56,23.14,545.13,0.426
CCCC(CC)C(C)CC,606.56,23.14,545.13,0.426
CCC(C)CC(CC)CC,606.56,22.8,553.13,0.426
CCCC(C)C(CC)CC,606.56,23.18,544.26,0.426
CCCC(C)(CC)CCC,606.56,23.18,544.26,0.426
CCCC(C(C)C)C(C)C,606.56,23.06,546.89,0.426
CCCC(CC)(CC)CC,606.56,23.55,535.64,0.426
CCC(CC)C(CC)CC,606.56,23.18,544.26,0.426
CCCC(CC)C(C)(C)C,606.56,23.1,546.01,0.426
CCC(CC)CC(C)(C)C,606.56,22.54,559.5,0.426
CCCC(C)(CC)C(C)C,606.56,23.66,533.11,0.426
CCC(CC)C(C)C(C)C,606.56,23.36,539.92,0.426
CCC(C)C(CC)C(C)C,606.56,23.33,540.78,0.426
CCC(C)(CC)CC(C)C,606.56,23.36,539.92,0.426
CCC(CC(C)C)C(C)C,606.56,22.8,553.13,0.426
CCC(CC)C(C)(C)CC,606.56,23.66,533.11,0.426
CCC(C)C(C)(CC)CC,606.56,23.66,533.11,0.426
CC(C)C(C(C)C)C(C)C,606.56,23.44,538.2,0.426
CCC(CC)(CC)C(C)C,606.56,24.22,520.75,0.426
CCC(C)(CC)C(C)(C)C,606.56,24.34,518.34,0.426
CCC(C(C)C)C(C)(C)C,606.56,23.4,539.06,0.426
CCC(C)(C(C)C)C(C)C,606.56,24.15,522.37,0.426
CCCCCCCCCCO,680.37,20.77,645.03,0.802
CCCCCCCCC(C)O,680.37,20.66,648.42,0.802
CCCCCCCC[C@H](C)O,680.37,20.83,643.16,0.802
CCCCCCCC(O)CC,680.37,20.71,646.91,0.802
CCCCCCC(O)CCC,680.37,20.62,649.75,0.802
CCCCCC(O)CCCC,680.37,20.62,649.75,0.802
CC(C)CCCCCCCO,680.37,21.14,633.95,0.802
CCCCCCCC(C)CO,680.37,21.39,626.36,0.802
CCCCCC(C)CCCO,680.37,20.86,642.23,0.802
CCCCC(C)CCCCO,680.37,20.92,640.37,0.802
CCC(C)CCCCCCO,680.37,20.86,642.23,0.802
CCCCCCC(C)CCO,680.37,20.92,640.37,0.802
CCCCCCCC(C)(C)O,680.37,21.39,626.36,0.802
CCCCCCC(C)C(C)O,680.37,20.95,639.45,0.802
CCCCC(C)CCC(C)O,680.37,21.39,626.36,0.802
CCCC(C)CCCC(C)O,680.37,20.89,641.3,0.802
CCC(C)CCCCC(C)O,680.37,21.39,626.36,0.802
CC(C)CCCCCC(C)O,680.37,20.65,648.8,0.802
CCCCCCC(O)C(C)C,680.37,20.76,645.5,0.802
CCCCCCC(C)(O)CC,680.37,20.83,643.16,0.802
CCCCC(C)CC(O)CC,680.37,21.39,626.36,0.802
CCCCCC(O)CC(C)C,680.37,20.62,649.75,0.802
CCCCCC(C)(O)CCC,680.37,20.8,644.09,0.802
CCCCC(C)C(O)CCC,680.37,20.86,642.23,0.802
CCCC(O)CCC(C)CC,680.37,21.39,626.36,0.802
CCCCC(O)CCC(C)C,680.37,20.53,652.62,0.802
CCCCC(O)CC(C)CC,680.37,20.65,648.8,0.802
CCCCC(C)(O)CCCC,680.37,20.77,645.03,0.802
CCCCCCC(CC)CO,680.37,21.39,626.36,0.802
CCCCCC(CC)CCO,680.37,20.65,648.8,0.802
CCCCCCC(C)(C)CO,680.37,20.8,644.09,0.802
CCC(C)CCCC(C)CO,680.37,20.74,645.97,0.802
CC(C)CCCC(C)CCO,680.37,20.98,638.52,0.802
CC(C)CCC[C@@H](C)CCO,680.37,21.39,626.36,0.802
CC(C)CCC[C@H](C)CCO,680.37,21.39,626.36,0.802
CCCC(C)C(C)CCCO,680.37,21.39,626.36,0.802
CCC(C)CC(C)CCCO,680.37,21.39,626.36,0.802
CC(C)CCC(C)CCCO,680.37,21.39,626.36,0.802
CC(C)(C)CCCCCCO,680.37,21.39,626.36,0.802
CCCCC(C)CC(C)(C)O,680.37,20.68,647.86,0.802
CCC(C)CCCC(C)(C)O,680.37,20.74,645.97,0.802
CC(C)CCCCC(C)(C)O,680.37,21.39,626.36,0.802
CC(C)CCCC(C)C(C)O,680.37,20.77,645.03,0.802
CCCCCC(O)(CC)CC,680.37,21.11,634.86,0.802
CCC(O)CCC(CC)CC,680.37,21.39,626.36,0.802
CCCCCC(O)C(C)(C)C,680.37,21.39,626.36,0.802
CCCCCC(C)(O)C(C)C,680.37,20.77,645.12,0.802
CC(C)CCCC(O)C(C)C,680.37,20.35,658.41,0.802
CCCC(C)CC(C)(O)CC,680.37,21.14,633.95,0.802
CCC(C)CCC(C)(O)CC,680.37,20.89,641.3,0.802
CCC(C)(O)CCCC(C)C,680.37,20.8,644.09,0.802
CCCCC(O)C(CC)CC,680.37,21.39,626.36,0.802
CCCCC(O)(CC)CCC,680.37,21.05,636.69,0.802
CCCCC(O)CC(C)(C)C,680.37,20.53,652.62,0.802
CCCCC(C)(O)CC(C)C,680.37,20.59,650.7,0.802
CCCC(C)C(O)CC(C)C,680.37,20.38,657.44,0.802
CCC(C)CC(O)CC(C)C,680.37,20.36,658.03,0.802
CC(C)CCC(O)CC(C)C,680.37,20.38,657.44,0.802
CCCCC(C)(O)C(C)CC,680.37,21.39,626.36,0.802
CCC(C)CC(O)C(C)CC,680.37,21.01,637.6,0.802
CCCC(C)(O)CC(C)CC,680.37,20.86,642.23,0.802
CCCC(C)(O)CCC(C)C,680.37,20.68,647.86,0.802
CCCCCC(CO)CCC,680.37,20.86,642.23,0.802
CCCCC(CCO)C(C)C,680.37,21.17,633.04,0.802
CC(C)CC(C)CC(C)(C)O,680.37,21.39,626.36,0.802
CC(C)C(C)CCC(C)(C)O,680.37,20.83,643.16,0.802
CC(O)CC(C)CC(C)(C)C,680.37,21.39,626.36,0.802
CCCCC(O)(CC)C(C)C,680.37,21.29,629.43,0.802
CCC(O)C(C)C(CC)CC,680.37,21.8,614.52,0.802
CCCCC(C)(O)C(C)(C)C,680.37,21.26,630.33,0.802
CC(C)CCC(O)C(C)(C)C,680.37,20.62,649.75,0.802
CC(C)CCC(C)(O)C(C)C,680.37,21.11,634.86,0.802
CCC(C)(C)CC(C)(O)CC,680.37,21.59,620.58,0.802
CCCC(O)(CCC)CCC,680.37,20.83,643.16,0.802
CCCC(O)(CCC)C(C)C,680.37,21.26,630.33,0.802
CCCC(C)(O)CC(C)(C)C,680.37,20.89,641.3,0.802
CCC(C)C(O)CC(C)(C)C,680.37,20.98,638.52,0.802
CC(C)CC(O)CC(C)(C)C,680.37,21.39,626.36,0.802
CCC(C)C(C)(O)CC(C)C,680.37,21.39,626.36,0.802
CC(C)CC(C)(O)CC(C)C,680.37,20.47,654.54,0.802
CCCC(CO)CC(C)CC,680.37,20.77,645.03,0.802
CCC(C)CC(CO)C(C)C,680.37,21.39,626.36,0.802
CC(C)CCC(CO)C(C)C,680.37,20.89,641.3,0.802
CCC(C)(C)C(C)C(C)(C)O,680.37,21.39,626.36,0.802
CC(O)C(C)(C)CC(C)(C)C,680.37,21.39,626.36,0.802
CCCC(O)(C(C)C)C(C)C,680.37,21.41,625.86,0.802
CCC(CC)C(O)C(C)(C)C,680.37,20.92,640.37,0.802
CCC(C)(CC)C(O)C(C)C,680.37,21.74,616.24,0.802
CCC(O)(CC)CC(C)(C)C,680.37,21.11,634.86,0.802
CCC(C)C(C)(O)C(C)(C)C,680.37,21.65,618.84,0.802
CC(C)CC(C)(O)C(C)(C)C,680.37,21.08,635.77,0.802
CCC(C)(C)C(O)C(C)(C)C,680.37,21.56,621.45,0.802
CC(C)(C)CC(O)C(C)(C)C,680.37,21.39,626.36,0.802
CCC(C)(C)C(C)(O)C(C)C,680.37,22.14,605.2,0.802
CC(C)C(C)(O)CC(C)(C)C,680.37,21.05,636.69,0.802
CC(C)C(O)C(C)(C)C(C)C,680.37,21.39,626.36,0.802
CCC(C)(O)C(C)(C)C(C)C,680.37,22.14,605.2,0.802
CCC(C)(O)C(C)C(C)(C)C,680.37,21.77,615.38,0.802
CC(C)CC(CO)CC(C)C,680.37,20.92,640.37,0.802
CC(C)C(CCO)C(C)(C)C,680.37,21.39,626.36,0.802
CC(C)C(C)(C(C)C)C(C)O,680.37,21.39,626.36,0.802
CC(C)C(O)(C(C)C)C(C)C,680.37,21.81,614.43,0.802
CCC(O)(C(C)C)C(C)(C)C,680.37,21.77,615.38,0.802
CC(C)(C)C(C)(O)C(C)(C)C,680.37,21.39,626.36,0.802
CC(C)C(C)(CO)C(C)(C)C,680.37,21.39,626.36,0.802
CCC(O)(CC)CCC(C)C,680.37,21.35,627.64,0.802
CCCCCCCCOCC,610.37,19.24,624.71,0.802
CCCCCCCOCCC,610.37,19.53,615.46,0.802
CCCCCOCCCCC,610.37,19.1,629.23,0.802
CC(C)CCOCCC(C)C,610.37,19.04,631.47,0.802
CCCCCCCCSCCO,750,20.6,697.08,0.611
CCCCCCCCC(O)CO,855.45,23.02,717.43,0.863
CCCCCCCC[C@H](O)CO,855.45,23.02,717.43,0.863
CCCCCCCC[C@@H](O)CO,855.45,23.02,717.43,0.863
CCCCCCCC(O)CCO,855.45,23.02,717.43,0.863
CCCCCCC(O)CCCO,855.45,23.02,717.43,0.863
OCCCCCCCCCCO,855.45,23.02,717.43,0.863
CC(O)CCCCCCC(C)O,855.45,23.02,717.43,0.863
CC(CCO)CCCC(C)(C)O,855.45,22.33,739.77,0.863
CCC(O)(CC)C(O)(CC)CC,855.45,23.56,700.93,0.863
CCCCOCCOCCCC,715.45,18.83,733.54,0.863
CC(C)COCCOCC(C)C,715.45,18.51,746.33,0.863
CCCCC(CC)COCCO,715.45,20.2,683.83,0.863
CCCCCCCCOCCO,715.45,20.14,685.69,0.863
CCCCCCOCCOCCO,684,20.52,631,0.921
CCCCOCCOCCOCCO,695,18.85,684,0.976
CCC(O)OCCCOCCCOC,657,18.7,652,0.976
COCCOCCOCCOCCOC,705,19.02,674,1.027
CCCCCCCCCCS,690.53,19.49,691.76,0.554
CCCCCCCCC(C)S,690.53,19.32,697.93,0.554
CCCCCCCC(S)CC,690.53,19.68,685.04,0.554
CCCCCCC(S)CCC,690.53,19.68,685.04,0.554
CCCCCC(S)CCCC,690.53,19.68,685.04,0.554
CCCCCCCC(C)CS,690.53,19.68,685.04,0.554
CCCCCCC(C)CCS,690.53,19.68,685.04,0.554
CCCCCC(C)CCCS,690.53,19.68,685.04,0.554
CCCCC(C)CCCCS,690.53,19.68,685.04,0.554
CCCC(C)CCCCCS,690.53,19.68,685.04,0.554
CCC(C)CCCCCCS,690.53,19.68,685.04,0.554
CC(C)CCCCCCCS,690.53,19.68,685.04,0.554
CCCCCCCC(C)(C)S,690.53,19.68,685.04,0.554
CCCCCCC(C)C(C)S,690.53,19.68,685.04,0.554
CCCCCC(C)CC(C)S,690.53,19.68,685.04,0.554
CCCCC(C)CCC(C)S,690.53,19.68,685.04,0.554
CCCC(C)CCCC(C)S,690.53,19.68,685.04,0.554
CCC(C)CCCCC(C)S,690.53,19.68,685.04,0.554
CC(C)CCCCCC(C)S,690.53,19.68,685.04,0.554
CCCCCCCCCSC,690.53,19.49,691.76,0.554
CCCCCCCCSCC,,,691.76,
CCCCCCCSCCC,690.53,19.49,691.76,0.554
CCCCCCSCCCC,690.53,19.49,691.76,0.554
CCCCCSCCCCC,690.53,19.49,691.76,0.554
CCCCCCCC(C)SC,690.53,19.68,685.04,0.554
CCCCCCC(C)CSC,690.53,19.68,685.04,0.554
CCCCCC(C)CCSC,690.53,19.68,685.04,0.554
CCCCC(C)CCCSC,690.53,19.68,685.04,0.554
CCCC(C)CCCCSC,690.53,19.68,685.04,0.554
CCCCCCCSC(C)C,690.53,19.68,685.04,0.554
CCCCCCC(C)SCC,690.53,19.68,685.04,0.554
CCCCCC(C)CSCC,690.53,19.68,685.04,0.554
CCCCC(C)CCSCC,690.53,19.68,685.04,0.554
CCCC(C)CCCSCC,690.53,19.68,685.04,0.554
CCC(C)CSCC(C)CC,690.53,19.32,697.93,0.554
CC(C)CCSCCC(C)C,690.53,19.25,700.44,0.554
SCCCCCCCCCCS,812.19,20.74,734.74,0.666
CC(S)CCCCCCCCS,812.19,20.74,734.74,0.666
CCC(S)CCCCCCCS,812.19,20.74,734.74,0.666
CCCC(S)CCCCCCS,812.19,20.74,734.74,0.666
CCCCC(S)CCCCCS,812.19,20.74,734.74,0.666
CCCCCC(S)CCCCS,812.19,20.74,734.74,0.666
CCCCCCC(S)CCCS,812.19,20.74,734.74,0.666
CCCCCCCC(S)CCS,812.19,20.74,734.74,0.666
CCCCCCCCC(S)CS,812.19,20.74,734.74,0.666
CCCCCCCCCSSC,757.19,18.92,750.95,0.666
CCCCCCCCSSCC,757.19,18.92,750.95,0.666
CCCCCCCSSCCC,757.19,18.92,750.95,0.666
CCCCCCSSCCCC,757.19,18.92,750.95,0.666
CCCCCSSCCCCC,757.19,18.63,762.57,0.666
CCCCCCCCSCSC,757.19,18.92,750.95,0.666
CCCCCCCSCSCC,757.19,18.92,750.95,0.666
CCCCCCSCSCCC,757.19,18.92,750.95,0.666
CCCCCSCSCCCC,757.19,18.92,750.95,0.666
CC(C)CCSSCCC(C)C,757.19,18.66,761.38,0.666
CCCCCCCCCCN,690.9,22.18,628.44,0.538
CCCCCCCCCNC,650.9,20.52,640.07,0.538
CCCCCCCCNCC,650.9,20.37,644.64,0.538
CCCCCNCCCCC,650.9,20.36,644.94,0.538
CC(C)CCNCCC(C)C,650.9,20.15,651.9,0.538
CCCCCCCCN(C)C,650.9,19.99,656.93,0.538
CCCCCCN(CC)CC,650.9,20.11,653.13,0.538
CC(C)CN(C(C)C)C(C)C,650.9,20.14,652.11,0.538
CC(C)(C)NCCNC(C)(C)C,625,18.04,686,0.596
NCCNCCNCCNCCNCCN,820,16.53,912,0.798
ClCc1cccc2ccccc12,818.16,34.48,500.83,0.374
Cc1ccc2ccccc2c1Cl,817.75,32.87,525.11,0.374
ClCc1ccc2ccccc2c1,817.75,32.87,525.11,0.374
Cc1cccc2ccccc12,,,489.44,
Cc1ccc2ccccc2c1,,,495.98,
CCCCc1ccc(C#N)cc1,793.91,27.54,580.27,0.546
CC(C)(C)c1ccc(C#N)cc1,793.91,28.11,568.43,0.546
CC1CCCc2ccccc21,738.13,32.72,466.82,0.442
CC1CCc2ccccc2C1,738.13,32.09,475.97,0.442
Cc1cccc2c1CCCC2,738.13,33.43,456.93,0.442
Cc1ccc2c(c1)CCCC2,738.13,32.68,467.47,0.442
CC1Cc2ccccc2C1C,730.42,26.42,572.21,0.442
Cc1ccc(C)c2c1CCC2,730.42,27.17,556.33,0.442
Cc1cc2c(cc1C)CCC2,730.42,27.03,559.23,0.442
CCC1CCc2ccccc21,730.42,26.68,566.49,0.442
C=CC(CC)c1ccccc1,695.17,25.86,556.33,0.442
CC=C(CC)c1ccccc1,679.63,27.51,511.25,0.442
C=Cc1ccc(C(C)C)cc1,709.27,27.86,526.89,0.442
CCC=C(C)c1ccccc1,695.17,27.67,519.83,0.442
CCCC=Cc1ccccc1,661.3,25.73,531.79,0.442
C=Cc1c(C)cc(C)cc1C,706.7,28.54,512.47,0.442
Cc1cc(C)c2c(c1)CCC2,730.42,26.07,579.73,0.442
Cc1cc(C)c(CCl)c(C)c1CCl,811.73,27.91,583.78,0.435
Cc1cc(Cl)c(C(C)(C)C)cc1Cl,811.73,27.91,583.78,0.435
CCCCOC(=O)c1ccccc1,724,25.06,555,0.878
CC(C)(C)c1ccc(CBr)cc1,736.56,26.14,626.82,0.492
CC(C)(C)c1ccc(CCl)cc1,738.6,25.31,611.38,0.384
CCCCCc1ccccc1,701.43,25.35,571.25,0.451
CCCC(C)c1ccccc1,701.43,25.33,571.57,0.451
CCC(CC)c1ccccc1,701.43,25.17,575.29,0.451
CCC(C)Cc1ccccc1,701.43,25.35,571.25,0.451
CC(C)CCc1ccccc1,701.43,25.24,573.67,0.451
CCC(C)(C)c1ccccc1,701.43,25.91,558.76,0.451
CC(C)C(C)c1ccccc1,701.43,25.74,562.56,0.451
CC(C)(C)Cc1ccccc1,701.43,25.2,574.48,0.451
CCCCc1ccccc1C,701.43,25.77,561.78,0.451
CCCCc1cccc(C)c1,701.43,25.35,571.25,0.451
CCCCc1ccc(C)cc1,701.43,25.49,568.06,0.451
CCC(C)c1ccccc1C,701.43,25.85,560.23,0.451
CCC(C)c1cccc(C)c1,701.43,25.31,572.05,0.451
CCC(C)c1ccc(C)cc1,701.43,25.6,565.69,0.451
Cc1ccccc1CC(C)C,701.43,25.56,566.48,0.451
Cc1cccc(CC(C)C)c1,701.43,25.16,575.53,0.451
Cc1ccc(CC(C)C)cc1,701.43,25.09,577.08,0.451
Cc1ccccc1C(C)(C)C,701.43,26.45,547.5,0.451
Cc1cccc(C(C)(C)C)c1,701.43,25.59,565.85,0.451
Cc1ccc(C(C)(C)C)cc1,701.43,25.43,569.41,0.451
CCCc1ccccc1CC,701.43,25.9,559.07,0.451
CCCc1cccc(CC)c1,701.43,25.41,569.81,0.451
CCCc1ccc(CC)cc1,701.43,25.36,570.85,0.451
CCc1ccccc1C(C)C,701.43,26.38,548.84,0.451
CCc1cccc(C(C)C)c1,701.43,25.35,571.25,0.451
CCc1ccc(C(C)C)cc1,701.43,25.33,571.57,0.451
CCCc1cccc(C)c1C,701.43,26.33,549.96,0.451
CCCc1ccc(C)c(C)c1,701.43,25.8,561.31,0.451
CCCc1c(C)cccc1C,701.43,26.3,550.56,0.451
CCCc1ccc(C)cc1C,701.43,25.82,560.69,0.451
CCCc1cc(C)cc(C)c1,701.43,25.41,569.81,0.451
CCCc1cc(C)ccc1C,701.43,25.8,561.16,0.451
Cc1cccc(C(C)C)c1C,701.43,26.38,548.84,0.451
Cc1ccc(C(C)C)cc1C,701.43,25.74,562.56,0.451
Cc1cccc(C)c1C(C)C,701.43,26.45,547.35,0.451
Cc1ccc(C(C)C)c(C)c1,701.43,25.85,560.23,0.451
Cc1cc(C)cc(C(C)C)c1,701.43,25.45,568.86,0.451
Cc1ccc(C)c(C(C)C)c1,701.43,25.88,559.53,0.451
CCc1cccc(C)c1CC,701.43,26.49,546.54,0.451
CCc1ccc(C)c(CC)c1,701.43,25.91,558.76,0.451
CCc1ccc(CC)c(C)c1,701.43,25.95,557.99,0.451
CCc1cccc(CC)c1C,701.43,26.48,546.76,0.451
CCc1ccc(C)cc1CC,701.43,25.96,557.68,0.451
CCc1cc(C)cc(CC)c1,701.43,25.49,567.98,0.451
CCc1ccc(C)c(C)c1C,701.43,26.88,538.59,0.451
CCc1cc(C)c(C)c(C)c1,701.43,26.32,550.03,0.451
CCc1c(C)ccc(C)c1C,701.43,26.63,543.67,0.451
CCc1cc(C)c(C)cc1C,701.43,26.2,552.59,0.451
CCc1c(C)cc(C)cc1C,701.43,26.2,552.59,0.451
Cc1cc(C)c(C)c(C)c1C,,,525.22,0.451
CCc1cc(C)cc(C)c1C,701.43,26.59,544.62,0.451
C=CC#CC(=CCC)CCC,713.18,26.58,553.89,0.451
C#CCCCCCCCC#C,720.23,26.45,562.02,0.451
CCC(C)(C)c1ccc(O)cc1,783.01,29.14,525.3,0.825
CCCCc1cc(C)ccc1O,783.01,29.47,519.45,0.825
Cc1ccc(O)c(C(C)(C)C)c1,783.01,27.89,548.78,0.825
Cc1ccc(C(C)(C)C)c(O)c1,783.01,27.79,550.71,0.825
Cc1cccc(C(C)(C)C)c1O,783.01,27.87,549.28,0.825
Cc1cc(C(C)(C)C)ccc1O,783.01,29.36,521.39,0.825
CC(C)CCc1ccc(O)cc1,783.01,29.04,527.16,0.825
CCC(C)c1ccc(C)cc1O,783.01,28.33,540.21,0.825
Cc1c(C)c(C)c(O)c(C)c1C,783.01,29.14,525.3,0.825
CCCCCc1ccc(O)cc1,783.01,29.18,524.65,0.825
CCCC(C)c1ccccc1O,783.01,29.14,525.3,0.825
CCCCCc1ccccc1O,783.01,29.14,525.3,0.825
CCCC(C)c1ccc(O)cc1,783.01,29.14,525.3,0.825
CCN(CC)c1ccccc1C,760.12,24.46,622.4,0.561
CCN(CC)c1ccc(C)cc1,760.12,24.32,625.96,0.561
CC(C)CCc1ccc(N)cc1,812.12,26.11,622.88,0.561
CC(C)CCNc1ccccc1,785.12,24.05,653.88,0.561
Cc1c(C)c(C)c(N)c(C)c1C,812.12,25.63,634.6,0.561
CCC(C)(C)c1ccc(N)cc1,812.12,25.63,634.6,0.561
CCNC(C)Cc1ccccc1,785.12,26.55,592.24,0.561
CC(C)(C)NCc1ccccc1,785.12,25.41,618.72,0.561
CCCCNCc1ccccc1,785.12,26.46,594.35,0.561
CCN(CC)c1cccc(C)c1,760.12,24.22,628.57,0.561
CCN(c1ccccc1)C(C)C,760.12,24.38,624.5,0.561
Cc1cc(C)c(N(C)C)c(C)c1,760.12,23.78,640.23,0.561
CCCCCc1ccc(N)cc1,812.12,25.81,630.21,0.561
CCCCCNc1ccccc1,785.12,25.59,614.6,0.561
C=CC#CCCCCCCC,702.95,24.52,590.2,0.459
CCC1C(C)=C(C)C(C)=C1C,695.9,25.34,565.55,0.459
C=CC=CC=CCCCCC,695.9,25.71,557.28,0.459
CCCCCCCc1ccco1,655.55,20.53,622.71,0.833
CCCCCCCc1cccs1,725.07,22.4,625.83,0.583
CCCCCCCc1ccsc1,725.07,21.28,658.8,0.583
CC(C)CCCCc1cccs1,725.07,22.4,625.83,0.583
CC(C)CCCCc1ccsc1,725.07,22.4,625.83,0.583
CCCCCC(C)c1cccs1,725.07,22.4,625.83,0.583
CCCCCC(C)c1ccsc1,725.07,22.4,625.83,0.583
CCCCC(C)(C)c1cccs1,725.07,22.4,625.83,0.583
CCCCC(C)(C)c1ccsc1,725.07,22.4,625.83,0.583
CCCCCCc1ccsc1C,725.07,22.4,625.83,0.583
CCCCCCc1csc(C)c1,725.07,22.4,625.83,0.583
CCCCCCc1ccc(C)s1,725.07,22.4,625.83,0.583
CCCCCCc1sccc1C,725.07,22.4,625.83,0.583
CCCCCCc1cscc1C,725.07,22.4,625.83,0.583
CCCCCCc1cc(C)cs1,725.07,22.4,625.83,0.583
C[C@H]1CC[C@H]2CCCC[C@@H]2C1,717.95,25.13,586.81,0.468
C[C@]12CCCC[C@H]1CCCC2,717.95,25.13,586.81,0.468
C[C@]12CCCC[C@@H]1CCCC2,717.95,24.9,592.22,0.468
CCCCCCC1=CCCC1,667.95,22.91,598.94,0.468
C#CCCCCCCCCC,652.95,21.45,625.26,0.468
CC#CCCCCCCCC,652.95,21.91,612.15,0.468
CCC#CCCCCCCC,652.95,22.35,599.94,0.468
CCCC#CCCCCCC,652.95,21.66,619.26,0.468
CCCCC#CCCCCC,652.95,21.66,619.17,0.468
CCCCC#CC(C)(C)CC,652.95,21.37,627.51,0.468
CCCCCCC1C=CCC1,667.95,22.91,598.94,0.468
CC1CCC2CCCCC2C1,717.95,24.9,592.22,0.468
CCCCCCCCC=CC=O,758.07,21.48,686.35,0.841
CCCCCCCC/C=C/C=O,758.07,21.48,686.35,0.841
CCC=CCCCCCCC=O,758.07,21.36,690.25,0.841
CC=CCCCCCCCC=O,758.07,21.95,671.9,0.841
C=CCCCCCCCCC=O,758.07,20.94,704.23,0.841
C/C=C\CCCCCCCC(=O)O,777.35,19.32,767.12,0.9
C/C=C/CCCCCCCC(=O)O,777.35,19.24,770.35,0.9
C=CCCCCCCCCC(=O)O,777.35,19.13,774.74,0.9
CC/C=C\CCOC(=O)CC(C)C,777.35,19.62,755.32,0.9
C=CC(=O)OCC(CC)CCCC,655,18.81,664,0.9
C=COC(=O)CCCCCCCC,657.35,17.23,727.45,0.9
C=CCOC(=O)CCCCCCC,657.35,16.9,741.67,0.9
C=CC(=O)OCCCCCCCC,657.35,17.76,705.81,0.9
CC(C)=CCCC(C)CCOC=O,657.35,17.76,705.81,0.9
CC/C=C\CCOC(=O)C(C)CC,657.35,17.76,705.81,0.9
CC/C=C\CCOC(=O)CCCC,657.35,17.76,705.81,0.9
C=CC(=O)OCCCCCC(C)C,657.35,17.76,705.81,0.9
CCCCCCCCC(C(=O)O)C(=O)O,949.69,20.03,868.67,1.008
CC(C)(CCCC(C)(C)C(=O)O)C(=O)O,949.69,19.83,877.76,1.008
O=C(O)CCCCCCCCCC(=O)O,949.69,19.83,877.76,1.008
CCCCCCCCC/C=C\Br,713.82,21.22,742.57,0.731
CCCCCCCCC/C=C/Br,713.82,21.22,742.57,0.731
C=CCCCCCCCCCBr,713.82,21.28,740.31,0.731
CCCCCCCCC/C=C\Cl,717.03,21.16,704.64,0.463
CCCCCCCCC/C=C/Cl,717.03,21.16,704.64,0.463
CCCCCCCCCCC(Cl)(Cl)Cl,724.08,14.82,930.09,0.39
CCCCCCCCC/C=C\F,603.62,21.48,582.65,0.299
CCCCCCCCC/C=C/F,603.62,21.48,582.65,0.299
CCCCCCCCCCC(F)(F)F,560.6,16.62,667.26,0.398
CCCCCCCCCCC#N,791.21,21.14,746.01,0.577
CCCCCCC1CCCC1,666.17,22.29,612.2,0.476
CCCCCC1CCCCC1,671.17,21.68,634.33,0.476
CC(C)CCC1CCCCC1,671.17,21.75,632.15,0.476
C1CCCCCCCCCC1,728.78,27.37,545.5,0.476
C=CCCCCCCCCC,641.17,19.97,657.72,0.476
C/C=C\CCCCCCCC,641.17,21.04,624.4,0.476
C/C=C/CCCCCCCC,641.17,20.16,651.64,0.476
CCC=CCCCCCCC,641.17,20.12,652.89,0.476
CCC/C=C\CCCCCC,641.17,20.2,650.29,0.476
CCC/C=C/CCCCCC,641.17,20.09,653.73,0.476
CCCC/C=C\CCCCC,641.17,20.19,650.71,0.476
CCCC/C=C/CCCCC,641.17,20.06,654.88,0.476
C=C(C)CCCCCCCC,641.17,20.09,653.93,0.476
CCCCC=CC(C)(C)CC,641.17,20.74,633.36,0.476
CCCCCCCCCCC(Br)Br,780.17,19.47,799.9,0.582
BrCCCCCCCCCCCBr,780.17,19.47,799.9,0.582
CCCCCCCCCCC(Cl)Cl,744.2,18.46,800.85,0.476
CCCCCCCCCCC(F)F,631.89,20.45,625.13,0.424
CCC(C)(C)C1CCC(O)CC1,750.57,22.52,646.57,0.848
CCCCCCCCCCC=O,699.57,19.78,686.18,0.848
CCCCCCCCC(C)C=O,699.57,20.08,675.95,0.848
CCCCCCCC(C)CC=O,699.57,20.08,675.95,0.848
CCCCCCCCCC(C)=O,690.57,19.39,691.16,0.848
CCCCCCCCC(=O)CC,690.57,19.53,685.98,0.848
CCCCCCCC(=O)CCC,690.57,19.54,685.78,0.848
CCCCCCC(=O)CCCC,690.57,19.55,685.38,0.848
CCCCCC(=O)CCCCC,690.57,19.63,682.41,0.848
CCCCCCCC(=O)C(C)C,690.57,19.59,683.94,0.848
CCCCCCC(=O)CC(C)C,690.57,19.59,683.94,0.848
CCCCCCCCC=CCO,730.57,21.35,663.96,0.848
CCCC=CCCCCCCO,730.57,21.74,652.09,0.848
CCC=CCCCCCCCO,730.57,21.74,652.09,0.848
CC=CCCCCCCCCO,730.57,21.74,652.09,0.848
C=CCCCCCCCCCO,730.57,21.23,667.73,0.848
CC=CC(O)CCCCCCC,730.57,21.74,652.09,0.848
CCCCCCCCCCC(=O)O,749.7,19.22,742,0.907
CCCCCCCCC(C)C(=O)O,749.7,19.22,742,0.907
CCCCCCCC(C)CC(=O)O,749.7,19.22,742,0.907
CCCCC(C)CCCCC(=O)O,749.7,19.22,742,0.907
CCC(C)CCCCCCC(=O)O,749.7,19.22,742,0.907
CCCCCCCC(C)(C)C(=O)O,749.7,19.22,742,0.907
CCCCCCCC(CC)C(=O)O,749.7,19.22,742,0.907
CCCCCCCCCCOC=O,659.7,17.51,716.57,0.907
CCCCCCCCCOC(C)=O,659.7,17.3,725.14,0.907
CCCCCCCC(C)OC(C)=O,659.7,17.51,716.57,0.907
CC(=O)OCCCCCCC(C)C,659.7,17.51,716.57,0.907
CC(=O)OCCC(C)CC(C)(C)C,659.7,17.51,716.57,0.907
CCCCCCC(CC)OC(C)=O,659.7,17.21,729.19,0.907
CCCCCCCCOC(=O)CC,659.7,17.45,719.15,0.907
CCCCCCCOC(=O)CCC,659.7,17.1,733.8,0.907
CCCCCCCOC(=O)C(C)C,659.7,17.51,716.57,0.907
CCCCCCOC(=O)CCCC,659.7,17.29,725.65,0.907
CCCCC(=O)OC(C)CCCC,659.7,17.51,716.57,0.907
CCCCCCOC(=O)CC(C)C,659.7,17.18,730.21,0.907
CCCCCCOC(=O)C(C)CC,659.7,17.29,725.65,0.907
CCCCCOC(=O)CCCCC,659.7,17.24,727.97,0.907
CCCCCC(=O)OCCC(C)C,659.7,17.23,728.18,0.907
CCCCCCC(=O)OCCCC,659.7,17.3,725.34,0.907
CCCCCCC(=O)OCC(C)C,659.7,17.19,729.9,0.907
CCCCCCCC(=O)OCCC,659.7,17.35,723.23,0.907
CCCCCCCC(=O)OC(C)C,659.7,17.1,733.8,0.907
CCCCCCCCC(=O)OCC,659.7,17.34,723.43,0.907
CCCCCCCCCC(=O)OC,659.7,17.52,716.18,0.907
C1CCCCCSCCCCC1,796.44,26.26,583.5,0.597
CCCCCCCCCCCBr,696.21,19.27,795.45,0.737
CCCCCCCCCCCCl,699.79,19.02,763.09,0.466
CCCCCCCCCCCF,646.57,22.08,605.78,0.37
CCC(C)(CC)N1CCCCC1,749.22,21.42,695.3,0.585
CCCCCCN1CCCCC1,749.22,20.46,727.83,0.585
CCCCCCCCCCC[N+](=O)[O-],843.96,17.3,931.67,0.699
CCCCCCCCCCC,,,619.2,
CCCCCCCCC(C)C,629.35,20.64,623.15,0.484
CCCCCCCC(C)CC,629.35,20.86,616.59,0.484
CCCCCCC(C)CCC,629.35,20.82,617.69,0.484
CCCCCC(C)CCCC,629.35,20.85,616.99,0.484
CCCCCCCC(C)(C)C,629.35,20.59,624.79,0.484
CCCCCCC(C)C(C)C,629.35,21,612.41,0.484
CCCCCC(C)CC(C)C,629.35,20.7,621.42,0.484
CCCCC(C)CCC(C)C,629.35,20.75,619.7,0.484
CCCC(C)CCCC(C)C,629.35,20.76,619.4,0.484
CCC(C)CCCCC(C)C,629.35,20.78,618.89,0.484
CC(C)CCCCCC(C)C,629.35,20.52,626.64,0.484
CCCCCCC(C)(C)CC,629.35,20.99,612.61,0.484
CCCCCC(C)C(C)CC,629.35,21.13,608.77,0.484
CCCCC(C)CC(C)CC,629.35,20.96,613.6,0.484
CCCC(C)CCC(C)CC,629.35,20.97,613.3,0.484
CCC(C)CCCC(C)CC,629.35,20.99,612.71,0.484
CCCCCC(C)(C)CCC,629.35,20.98,613.1,0.484
CCCCC(C)C(C)CCC,629.35,21.13,608.77,0.484
CCCC(C)CC(C)CCC,629.35,20.95,613.8,0.484
CCCCC(C)(C)CCCC,629.35,20.97,613.4,0.484
CCCCCC(C)C(C)(C)C,629.35,21.15,608.19,0.484
CCCCC(C)CC(C)(C)C,629.35,20.68,621.83,0.484
CCCC(C)CCC(C)(C)C,629.35,20.68,621.83,0.484
CCC(C)CCCC(C)(C)C,629.35,20.7,621.32,0.484
CC(C)CCCCC(C)(C)C,629.35,20.5,627.46,0.484
CCCCCC(C)(C)C(C)C,629.35,21.37,601.81,0.484
CCCCC(C)C(C)C(C)C,629.35,21.33,602.87,0.484
CCCC(C)CC(C)C(C)C,629.35,21.1,609.56,0.484
CCC(C)CCC(C)C(C)C,629.35,21.12,608.97,0.484
CC(C)CCCC(C)C(C)C,629.35,20.91,615.09,0.484
CCCCC(C)(C)CC(C)C,629.35,20.82,617.69,0.484
CCCC(C)C(C)CC(C)C,629.35,21.09,609.75,0.484
CCC(C)CC(C)CC(C)C,629.35,20.87,616.19,0.484
CC(C)CCC(C)CC(C)C,629.35,20.53,626.53,0.484
CCCC(C)(C)CCC(C)C,629.35,20.89,615.69,0.484
CCC(C)C(C)CCC(C)C,629.35,21.11,609.26,0.484
CCC(C)(C)CCCC(C)C,629.35,20.92,614.89,0.484
CCCCC(C)C(C)(C)CC,629.35,21.59,595.74,0.484
CCCC(C)CC(C)(C)CC,629.35,21.11,609.26,0.484
CCC(C)CCC(C)(C)CC,629.35,21.13,608.77,0.484
CCCCC(C)(C)C(C)CC,629.35,21.58,595.93,0.484
CCCC(C)C(C)C(C)CC,629.35,21.55,596.78,0.484
CCC(C)CC(C)C(C)CC,629.35,21.32,603.15,0.484
CCCC(C)(C)CC(C)CC,629.35,21.1,609.56,0.484
CCCC(C)C(C)(C)CCC,629.35,21.57,596.21,0.484
CCCCC(C)(C)C(C)(C)C,629.35,21.7,592.66,0.484
CCCC(C)C(C)C(C)(C)C,629.35,21.49,598.38,0.484
CCC(C)CC(C)C(C)(C)C,629.35,21.27,604.69,0.484
CC(C)CCC(C)C(C)(C)C,629.35,21.06,610.83,0.484
CCCC(C)(C)CC(C)(C)C,629.35,21.25,605.27,0.484
CCC(C)C(C)CC(C)(C)C,629.35,21.03,611.72,0.484
CC(C)CC(C)CC(C)(C)C,629.35,20.53,626.53,0.484
CCC(C)(C)CCC(C)(C)C,629.35,20.83,617.39,0.484
CC(C)C(C)CCC(C)(C)C,629.35,20.83,617.59,0.484
CC(C)(C)CCCC(C)(C)C,629.35,20.42,629.95,0.484
CCCC(C)C(C)(C)C(C)C,629.35,21.98,585.03,0.484
CCC(C)CC(C)(C)C(C)C,629.35,21.49,598.38,0.484
CC(C)CCC(C)(C)C(C)C,629.35,21.28,604.4,0.484
CCCC(C)(C)C(C)C(C)C,629.35,21.73,592.01,0.484
CCC(C)C(C)C(C)C(C)C,629.35,21.71,592.47,0.484
CC(C)CC(C)C(C)C(C)C,629.35,21.24,605.47,0.484
CCC(C)(C)CC(C)C(C)C,629.35,21.26,604.98,0.484
CC(C)C(C)CC(C)C(C)C,629.35,21.25,605.18,0.484
CCC(C)C(C)(C)CC(C)C,629.35,21.48,598.67,0.484
CC(C)CC(C)(C)CC(C)C,629.35,20.8,618.49,0.484
CCC(C)(C)C(C)CC(C)C,629.35,21.49,598.38,0.484
CCCC(C)(C)C(C)(C)CC,629.35,22.25,577.93,0.484
CCC(C)C(C)C(C)(C)CC,629.35,21.97,585.3,0.484
CCC(C)(C)CC(C)(C)CC,629.35,21.73,592.01,0.484
CCC(C)C(C)(C)C(C)CC,629.35,22.23,578.64,0.484
CCC(C)C(C)(C)C(C)(C)C,629.35,22.43,573.34,0.484
CC(C)CC(C)(C)C(C)(C)C,629.35,21.88,587.86,0.484
CCC(C)(C)C(C)C(C)(C)C,629.35,22.4,574.13,0.484
CC(C)C(C)C(C)C(C)(C)C,629.35,21.65,594.06,0.484
CC(CC(C)(C)C)C(C)(C)C,629.35,21.15,608.09,0.484
CC(C)C(C)(C)CC(C)(C)C,629.35,21.65,594.06,0.484
CCC(C)(C)C(C)(C)C(C)C,629.35,22.69,566.76,0.484
CC(C)C(C)C(C)(C)C(C)C,629.35,22.15,580.79,0.484
CC(C)(C)C(C)(C)C(C)(C)C,629.35,23.16,555.4,0.484
CCCCCCC(CC)CC,629.35,21.06,610.64,0.484
CCCCCC(CC)CCC,629.35,21.04,611.42,0.484
CCCCC(CC)CCCC,629.35,21.03,611.72,0.484
CCCCC(CCC)CCC,629.35,20.91,615.19,0.484
CCCCC(CCC)C(C)C,629.35,21.15,607.99,0.484
CCCCCC(CC)C(C)C,629.35,21.18,607.12,0.484
CCCCC(CC)CC(C)C,629.35,20.93,614.39,0.484
CCCC(CC)CCC(C)C,629.35,20.94,614.09,0.484
CCC(CC)CCCC(C)C,629.35,20.97,613.3,0.484
CCCCCC(C)(CC)CC,629.35,21.32,603.15,0.484
CCCCC(CC)C(C)CC,629.35,21.39,601.33,0.484
CCCC(CC)CC(C)CC,629.35,21.04,611.32,0.484
CCC(C)CCC(CC)CC,629.35,21.18,607.12,0.484
CCCCC(C)C(CC)CC,629.35,21.4,601.05,0.484
CCCCC(C)(CC)CCC,629.35,21.41,600.86,0.484
CCCC(C)C(CC)CCC,629.35,21.38,601.62,0.484
CCCC(C)CC(CC)CC,629.35,21.16,607.7,0.484
CCCC(CCC)C(C)(C)C,629.35,21.31,603.44,0.484
CCCC(CCC)CC(C)C,629.35,20.91,614.99,0.484
CCCC(CCC)C(C)CC,629.35,21.37,601.91,0.484
CCCC(C)(CCC)CCC,629.35,21.39,601.33,0.484
CCCCC(C(C)C)C(C)C,629.35,21.29,604.21,0.484
CCCC(CC(C)C)C(C)C,629.35,21.06,610.64,0.484
CCCC(C(C)C)C(C)CC,629.35,21.52,597.53,0.484
CCCC(C)(CCC)C(C)C,629.35,21.79,590.16,0.484
CCCCC(CC)(CC)CC,629.35,21.78,590.62,0.484
CCCC(CC)C(CC)CC,629.35,21.6,595.46,0.484
CCC(CC)CC(CC)CC,629.35,21.38,601.62,0.484
CCCC(CC)(CC)CCC,629.35,21.67,593.4,0.484
CCCCC(CC)C(C)(C)C,629.35,21.54,597.16,0.484
CCCC(CC)CC(C)(C)C,629.35,20.86,616.59,0.484
CCC(CC)CCC(C)(C)C,629.35,20.89,615.69,0.484
CCCCC(C)(CC)C(C)C,629.35,21.81,589.6,0.484
CCCC(CC)C(C)C(C)C,629.35,21.53,597.34,0.484
CCC(CC)CC(C)C(C)C,629.35,21.31,603.44,0.484
CCCC(C)C(CC)C(C)C,629.35,21.53,597.34,0.484
CCCC(C)(CC)CC(C)C,629.35,21.31,603.44,0.484
CCC(CC)C(C)CC(C)C,629.35,21.31,603.63,0.484
CCC(C)CC(CC)C(C)C,629.35,21.31,603.63,0.484
CCC(C)C(CC)CC(C)C,629.35,21.3,603.92,0.484
CCC(C)(CC)CCC(C)C,629.35,21.34,602.67,0.484
CCC(CCC(C)C)C(C)C,629.35,21.09,609.75,0.484
CCC(CC(C)C)CC(C)C,629.35,20.84,617.09,0.484
CCCC(CC)C(C)(C)CC,629.35,21.79,590.16,0.484
CCC(CC)CC(C)(C)CC,629.35,21.32,603.15,0.484
CCCC(C)C(C)(CC)CC,629.35,22.05,583.22,0.484
CCCC(C)(CC)C(C)CC,629.35,21.49,598.57,0.484
CCC(C)C(C)C(CC)CC,629.35,21.78,590.62,0.484
CCC(C)CC(C)(CC)CC,629.35,21.52,597.63,0.484
CCC(C)C(CC)C(C)CC,629.35,21.77,590.9,0.484
CCCC(C)(C)C(CC)CC,629.35,21.79,590.16,0.484
CCCC(C(C)C)C(C)(C)C,629.35,21.47,599.14,0.484
CCCC(C)(C(C)C)C(C)C,629.35,22.21,579,0.484
CCC(C)C(C(C)C)C(C)C,629.35,21.68,593.31,0.484
CC(C)CC(C(C)C)C(C)C,629.35,21.21,606.34,0.484
CCCC(CC)(CC)C(C)C,629.35,22.29,577.13,0.484
CCC(CC)C(CC)C(C)C,629.35,21.76,591.17,0.484
CCC(CC)(CC)CC(C)C,629.35,21.78,590.43,0.484
CCC(CC)C(C)(CC)CC,629.35,22.29,577.13,0.484
CCC(C)C(CC)(CC)CC,629.35,22.54,570.55,0.484
CCCC(C)(CC)C(C)(C)C,629.35,22.24,578.2,0.484
CCC(CC)C(C)C(C)(C)C,629.35,21.72,592.29,0.484
CCC(C)C(CC)C(C)(C)C,629.35,21.7,592.57,0.484
CCC(C)(CC)CC(C)(C)C,629.35,21.72,592.29,0.484
CCC(CC(C)C)C(C)(C)C,629.35,21.24,605.56,0.484
CCC(CC(C)(C)C)C(C)C,629.35,21.01,612.21,0.484
CCC(CC)C(C)(C)C(C)C,629.35,22.21,579,0.484
CCC(C)C(C)(CC)C(C)C,629.35,22.47,572.38,0.484
CCC(C)(CC)C(C)C(C)C,629.35,22.21,579,0.484
CCC(C)(CC(C)C)C(C)C,629.35,21.72,592.29,0.484
CCC(C(C)C)C(C)C(C)C,629.35,21.69,593.03,0.484
CCC(C(C)C)C(C)(C)CC,629.35,21.95,585.85,0.484
CCC(C)(C)C(C)(CC)CC,629.35,22.77,564.96,0.484
CC(C)C(C(C)C)C(C)(C)C,629.35,21.62,594.9,0.484
CC(C)C(C)(C(C)C)C(C)C,629.35,22.65,567.79,0.484
CCC(CC)(CC)C(C)(C)C,629.35,22.75,565.31,0.484
CCC(CC)(C(C)C)C(C)C,629.35,22.72,565.99,0.484
CCC(C)(C(C)C)C(C)(C)C,629.35,22.68,567.1,0.484
CCCCCCCCCC(C)O,698.05,19.03,710.08,0.856
CCCCCCCCC(O)CC,698.05,19.46,694.31,0.856
CCCCCCCC[C@H](O)CC,698.05,19.04,709.57,0.856
CCCCCCCC(O)CCC,698.05,19.46,694.31,0.856
CCCCCCC(O)CCCC,698.05,19.03,709.88,0.856
CCCCCC(O)CCCCC,698.05,19.15,705.59,0.856
CCCCCCCCC(C)CO,698.05,19.46,694.31,0.856
CC(C)CCCCCCCCO,698.05,19.46,694.31,0.856
CCCCCCCC(CC)CO,698.05,19.46,694.31,0.856
CC(C)CCC(O)CCC(C)C,698.05,19.07,708.55,0.856
CCCCC(CC)CCC(C)O,698.05,19.46,694.31,0.856
CCCCCCCCCCOC,628.05,17.92,678.17,0.856
CCCCCCCCCC(O)CO,872.03,20.74,797.78,0.914
CCCCCCCCC(O)CCO,872.03,20.74,797.78,0.914
OCCCCCCCCCCCO,872.03,20.74,797.78,0.914
CCCCC(CO)(CO)CCCC,872.03,20.74,797.78,0.914
CC(C)CC(CC(C)C)OCCO,732.03,17.95,773.88,0.914
CCCCC(CC)OCCOCCO,749.91,17.52,796.11,0.969
CCCCCCCOCCOCCO,749.91,17.52,796.11,0.969
CCCCCCCCCCCS,707.1,17.88,759.07,0.604
CCCCCCCCCC(C)S,707.1,17.74,764.74,0.604
CCCCCCCCC(S)CC,707.1,18,754.04,0.604
CCCCCCCC(S)CCC,707.1,18,754.04,0.604
CCCCCCC(S)CCCC,707.1,18,754.04,0.604
CCCCCC(S)CCCCC,707.1,18,754.04,0.604
CCCCCCCCC(C)CS,707.1,18,754.04,0.604
CCCCCCCC(C)CCS,707.1,18,754.04,0.604
CCCCCCC(C)CCCS,707.1,18,754.04,0.604
CCCCCC(C)CCCCS,707.1,18,754.04,0.604
CCCCC(C)CCCCCS,707.1,18,754.04,0.604
CCCC(C)CCCCCCS,707.1,18,754.04,0.604
CCC(C)CCCCCCCS,707.1,18,754.04,0.604
CC(C)CCCCCCCCS,707.1,18,754.04,0.604
CCCCCCCCC(C)(C)S,707.1,18,754.04,0.604
CCCCCCCC(C)C(C)S,707.1,18,754.04,0.604
CCCCCCC(C)CC(C)S,707.1,18,754.04,0.604
CCCCCC(C)CCC(C)S,707.1,18,754.04,0.604
CCCCC(C)CCCC(C)S,707.1,18,754.04,0.604
CCCC(C)CCCCC(C)S,707.1,18,754.04,0.604
CCC(C)CCCCCC(C)S,707.1,18,754.04,0.604
CC(C)CCCCCCC(C)S,707.1,18,754.04,0.604
CCCCCCCCCCSC,707.1,17.88,759.07,0.604
CCCCCCCCCSCC,707.1,17.88,759.07,0.604
CCCCCCCCSCCC,707.1,17.88,759.07,0.604
CCCCCCCSCCCC,707.1,17.88,759.07,0.604
CCCCCCSCCCCC,707.1,18,754.04,0.604
CCCCCCCCC(C)SC,707.1,18,754.04,0.604
CCCCCCCC(C)CSC,707.1,18,754.04,0.604
CCCCCCC(C)CCSC,707.1,18,754.04,0.604
CCCCCC(C)CCCSC,707.1,18,754.04,0.604
CCCCC(C)CCCCSC,707.1,18,754.04,0.604
CCCCCCCCSC(C)C,707.1,18,754.04,0.604
CCCCCCCC(C)SCC,707.1,18,754.04,0.604
CCCCCCC(C)CSCC,707.1,18,754.04,0.604
CCCCCC(C)CCSCC,707.1,18,754.04,0.604
CCCCC(C)CCCSCC,707.1,18,754.04,0.604
SCCCCCCCCCCCS,826.97,18.9,806.77,0.711
CC(S)CCCCCCCCCS,826.97,18.9,806.77,0.711
CCC(S)CCCCCCCCS,826.97,18.9,806.77,0.711
CCCC(S)CCCCCCCS,826.97,18.9,806.77,0.711
CCCCC(S)CCCCCCS,826.97,18.9,806.77,0.711
CCCCCC(S)CCCCCS,826.97,18.9,806.77,0.711
CCCCCCC(S)CCCCS,826.97,18.9,806.77,0.711
CCCCCCCC(S)CCCS,826.97,18.9,806.77,0.711
CCCCCCCCC(S)CCS,826.97,18.9,806.77,0.711
CCCCCCCCCC(S)CS,826.97,18.9,806.77,0.711
CCCCCCCCCCSSC,771.97,17.29,823.23,0.711
CCCCCCCCCSSCC,771.97,17.29,823.23,0.711
CCCCCCCCSSCCC,771.97,17.29,823.23,0.711
CCCCCCCSSCCCC,771.97,17.29,823.23,0.711
CCCCCCSSCCCCC,771.97,17.29,823.23,0.711
CCCCCCCCCSCSC,771.97,17.29,823.23,0.711
CCCCCCCCSCSCC,771.97,17.29,823.23,0.711
CCCCCCCSCSCCC,771.97,17.29,823.23,0.711
CCCCCCSCSCCCC,771.97,17.29,823.23,0.711
CCCCCSCSCCCCC,771.97,17.29,823.23,0.711
CCCCCCCCCCCN,712.21,20.41,691.96,0.592
CCCCC(CC)CCC(C)N,712.21,20.92,674.9,0.592
CCCCCCCCCN(C)C,672.21,18.51,720.02,0.592
CCCCCCCN(CC)CC,672.21,18.62,715.77,0.592
FC(F)(F)C(F)(F)C(F)(F)C(F)(F)C(F)(F)C(F)(F)C(F)(F)C(F)(F)C(F)(F)C(F)(F)C(F)(F)C(F)(F)F,729.5,7.79,1088.88,0.788
O=C=Nc1cccc2c(N=C=O)cccc12,818,24.34,635,0.728
C1=Cc2cccc3cccc1c23,,,544,
O=C(O)c1ccc2cc(C(=O)O)ccc2c1,904,28.27,586,1.008
c1ccc2c(c1)sc1ccccc12,,,,0.59
c1ccc2c(c1)[nH]c1ccccc12,899,37.17,482,0.577
c1cc2c3c(cccc3c1)CC2,803.15,29.76,553,0.475
Cl[Si](Cl)(c1ccccc1)c1ccccc1,814,23.3,674,0.428
O=[N+]([O-])c1ccc(Nc2ccccc2)cc1,814,24.56,623,0.742
O=[N+]([O-])c1ccccc1Nc1ccccc1,835,25.2,623,0.742
c1ccc(Oc2ccccc2)cc1,,,503,0.848
Nc1ccc(-c2ccccc2)cc1,867,30.13,572,0.584
c1ccc(Nc2ccccc2)cc1,817,30.13,539,0.584
Nc1ccc(N=Nc2ccccc2)cc1,877,26.23,642,0.685
c1ccc(N=NNc2ccccc2)cc1,845,25.27,642,0.685
Cc1ccc2ccccc2c1C,794.22,29.52,549.87,0.484
Cc1cc(C)c2ccccc2c1,794.22,29.14,557.12,0.484
Cc1ccc(C)c2ccccc12,794.22,29.49,550.52,0.484
Cc1cccc2c(C)cccc12,794.22,30.66,529.52,0.484
Cc1ccc2c(C)cccc2c1,794.22,29,559.8,0.484
Cc1ccc2cccc(C)c2c1,794.22,29,559.8,0.484
Cc1cc2ccccc2cc1C,794.22,29.14,557.12,0.484
Cc1ccc2cc(C)ccc2c1,794.22,29.14,557.12,0.484
Cc1ccc2ccc(C)cc2c1,794.22,29.14,557.12,0.484
CCc1cccc2ccccc12,794.22,29.17,556.45,0.484
CCc1ccc2ccccc2c1,794.22,28.61,567.28,0.484
Nc1ccc(Nc2ccccc2)cc1,867,28.39,596,0.64
c1ccc(NNc2ccccc2)cc1,939,30.54,599.9,0.64
Nc1ccc(-c2ccc(N)cc2)cc1,929,30.42,596,0.64
CC1=C(C)C(C)c2ccccc21,753.14,24.9,616.65,0.492
CCCC1=Cc2ccccc2C1,753.14,25.14,610.83,0.492
CCOC(=O)c1ccccc1C(=O)OCC,757,21.68,635,1.027
c1ccc(C2CCCCC2)cc1,744,28.6,529,0.5
CCC1CCCc2ccccc21,760.5,29.48,524.61,0.5
CCC1CCc2ccccc2C1,760.5,29.07,532.08,0.5
CCc1cccc2c1CCCC2,760.5,30.36,509.39,0.5
CCc1ccc2c(c1)CCCC2,760.5,29.99,515.62,0.5
CC1Cc2ccccc2C(C)C1,760.5,29.13,530.93,0.5
CC1CCC(C)c2ccccc21,760.5,29.13,530.93,0.5
Cc1cccc2c1CCCC2C,760.5,29.17,530.25,0.5
CC1(C)CCc2ccccc2C1,760.5,28.94,534.33,0.5
CC1Cc2ccccc2CC1C,760.5,29.13,530.93,0.5
Cc1cccc2c1CCC(C)C2,760.5,29.35,526.89,0.5
Cc1ccc2c(c1)CCC(C)C2,760.5,29.17,530.25,0.5
Cc1ccc2c(c1)CC(C)CC2,760.5,29.17,530.25,0.5
Cc1cccc2c1CC(C)CC2,760.5,29.17,530.25,0.5
Cc1ccc2c(c1C)CCCC2,760.5,30.44,508.14,0.5
Cc1cc(C)c2c(c1)CCCC2,760.5,29.81,518.78,0.5
Cc1ccc(C)c2c1CCCC2,760.5,30.14,513.19,0.5
Cc1cc2c(cc1C)CCCC2,760.5,29.65,521.59,0.5
CC1(C)CCCc2ccccc21,760.5,29.5,524.23,0.5
CC1CCc2ccccc2C1C,760.5,29.39,526.22,0.5
Cc1ccc2c(c1)CCC2(C)C,756.82,23.63,651.4,0.5
Cc1ccc(C)c2c1CCC2C,756.82,24.44,629.71,0.5
CCCCC=Cc1ccccc1,721.57,25.11,584.3,0.5
C=C(C)c1ccc(C(C)C)cc1,721.57,25.24,581.32,0.5
CCCC=C(C)c1ccccc1,721.57,25.8,568.77,0.5
C=Cc1ccc(C(C)(C)C)cc1,730.5,24.92,596.18,0.5
C=Cc1ccc(CC(C)C)cc1,730.5,25.02,593.82,0.5
CC1=CC2C3CC(C=C3C)C2C1,675,25.37,541,0.5
CCCCCCc1ccc(Br)cc1,753.19,22.77,723.12,0.535
Cc1c(C)c(C)c(CCl)c(C)c1C,757.86,22.91,681.09,0.405
CCCCCCc1ccccc1,723.61,23.05,636.71,0.508
CCCc1ccc(CCC)cc1,723.61,23.1,635.55,0.508
CC(C)c1ccccc1C(C)C,723.61,23.22,632.27,0.508
CC(C)c1cccc(C(C)C)c1,723.61,22.96,639.4,0.508
CC(C)c1ccc(C(C)C)cc1,723.61,22.99,638.5,0.508
CCc1cccc(CC)c1CC,723.61,23.54,623.56,0.508
CCc1ccc(CC)c(CC)c1,723.61,23.54,623.56,0.508
CCc1cc(CC)cc(CC)c1,723.61,24.09,609.25,0.508
Cc1cc(C)cc(C(C)(C)C)c1,723.61,23.44,626.32,0.508
CCCC(C)(C)c1ccccc1,723.61,23.85,615.4,0.508
CCC(C)c1ccc(C)cc1C,723.61,23.42,626.67,0.508
CCCC(CC)c1ccccc1,723.61,22.05,665.66,0.508
CCC(C)(CC)c1ccccc1,723.61,23.78,617.34,0.508
CCCCC(C)c1ccccc1,723.61,23.51,624.42,0.508
CCC(C)CCc1ccccc1,723.61,23.36,628.41,0.508
CC(C)CCCc1ccccc1,723.61,23.11,635.11,0.508
Cc1cc(C)c(C(C)C)cc1C,723.61,23.85,615.49,0.508
Cc1ccc(C(C)(C)C)cc1C,723.61,23.57,622.7,0.508
CC1=C(C)C2(C)C(C)=C(C)C12C,723.61,21.35,687.53,0.508
Cc1c(C)c(C)c(C)c(C)c1C,723.61,29.94,490.3,0.508
CCc1ccc(C(C)(C)C)cc1,723.61,23.27,630.82,0.508
C1=CCCC=CCCC=CCC1,749.19,25.12,605.03,0.508
C1=C\CC/C=C\CC/C=C\CC/1,749.19,24.42,622.46,0.508
C1=C\CC/C=C/CC/C=C/CC/1,749.19,25.2,603.18,0.508
CC=C(C#CC(=CC)CC)CC,739.32,24.83,603.92,0.508
CCC#CCCCCC#CCC,746.37,25.8,586.72,0.508
CCCCC#CC#CCCCC,746.37,25.8,586.72,0.508
C1=C/CC/C=C/CC/C=C/CC/1,750.6,24.46,622.46,0.508
CC1(C)CC(N=C=O)CC(C)(CN=C=O)C1,765,21.35,667,0.767
Cc1cc(O)c(C(C)(C)C)cc1C,800.26,25.24,609.2,0.878
Cc1cc(C)c(O)c(C(C)(C)C)c1,800.26,25.14,611.59,0.878
Cc1cc(C(C)(C)C)c(C)cc1O,800.26,25.86,594.44,0.878
Cc1cc(C(C)(C)C)cc(C)c1O,800.26,25.1,612.4,0.878
CCC(C)(C)c1ccc(O)c(C)c1,800.26,26.86,572.42,0.878
CCCc1cccc(CCC)c1O,800.26,26.62,577.43,0.878
CCCCCc1ccc(C)cc1O,800.26,25.94,592.65,0.878
CCc1ccc(O)c(C(C)(C)C)c1,800.26,25.86,594.44,0.878
CC(C)c1cc(O)cc(C(C)C)c1,800.26,25.94,592.65,0.878
CC(C)c1ccc(O)c(C(C)C)c1,800.26,25.94,592.65,0.878
CCCCCCc1ccccc1O,800.26,25.94,592.65,0.878
CC(C)c1cccc(C(C)C)c1N,832.9,24.21,677.12,0.615
CCCN(CCC)c1ccccc1,780.9,21.84,703.63,0.615
CN(C)c1ccc(C(C)(C)C)cc1,780.9,21.72,707.73,0.615
CC(C)N(c1ccccc1)C(C)C,780.9,21.83,704,0.615
CCCCCCc1ccc(N)cc1,832.9,23.44,699.38,0.615
CCCCNC(C)c1ccccc1,805.9,24.34,651.61,0.615
C=CC#CCCCCCCCC,728.83,22.46,656.72,0.515
CC12CC3CC(C1)CC(C)(C3)C2,728.83,25.87,,0.515
C=C(C)CCC(=C)CCC(=C)C,721.78,23.9,610.98,0.515
O=C1CCCCC1C1CCCCC1,,,569,0.885
CC(C)(C)c1ccc(C(C)(C)C)o1,672.66,17.8,724.26,0.885
CCCCOC(=O)/C=C\C(=O)OCCCC,716,17.98,719,1.046
CCCCCCCCc1cccs1,741.15,20.28,694.43,0.632
CCCCCCCCc1ccsc1,741.15,19.66,716.32,0.632
CC(C)CCCCCc1cccs1,741.15,20.28,694.43,0.632
CC(C)CCCCCc1ccsc1,741.15,20.28,694.43,0.632
CCCCCCC(C)c1cccs1,741.15,20.28,694.43,0.632
CCCCCCC(C)c1ccsc1,741.15,20.28,694.43,0.632
CC(C)(C)CC(C)(C)c1cccs1,741.15,20.28,694.43,0.632
CC(C)(C)CC(C)(C)c1ccsc1,741.15,20.28,694.43,0.632
CCCCCCCc1ccsc1C,741.15,20.28,694.43,0.632
CCCCCCCc1csc(C)c1,741.15,20.28,694.43,0.632
CCCCCCCc1ccc(C)s1,741.15,20.28,694.43,0.632
CCCCCCCc1sccc1C,741.15,20.28,694.43,0.632
CCCCCCCc1cscc1C,741.15,20.28,694.43,0.632
CCCCCCCc1cc(C)cs1,741.15,20.28,694.43,0.632
C1CCC(C2CCCCC2)CC1,714.73,23.4,616.51,0.523
C#CCCCCCCCCCC,674.73,19.78,688.54,0.523
CC#CCCCCCCCCC,674.73,20.36,668.77,0.523
CCC#CCCCCCCCC,674.73,20.15,675.86,0.523
CCCC#CCCCCCCC,674.73,20.36,668.77,0.523
CCCCC#CCCCCCC,674.73,20.36,668.77,0.523
CCCCCC#CCCCCC,674.73,20.24,672.88,0.523
CCCCCC#CC(C)(C)CC,674.73,20.36,668.77,0.523
CC[C@]12CCCC[C@H]1CCCC2,739.73,22.6,660.6,0.523
CC[C@]12CCCC[C@@H]1CCCC2,739.73,21.81,684.72,0.523
CCC1CCC2CCCCC2C1,739.73,22.51,663.21,0.523
CCCCCCCC1=CCCC1,689.73,21.02,662.31,0.523
C=CCCCCCCCCC=C,674.73,20.99,648.88,0.523
CCCCCCCCCC=CC=O,775.04,19.28,768.58,0.893
CCCCCCCCC/C=C/C=O,775.04,19.61,755.57,0.893
CCCCCCCCC=CCC=O,775.04,19.94,742.87,0.893
CCCCCCCC=CCCC=O,775.04,19.94,742.87,0.893
CCCCCCCCC=C(C)C=O,775.04,19.94,742.87,0.893
CCCCC(C)=CCCC(C)C=O,775.04,19.5,759.86,0.893
CCCCCCCCCC=CC(=O)O,793.32,18.01,825.25,0.949
CCCCCCCC/C=C/CC(=O)O,793.32,17.81,834.88,0.949
CCCCCCCC=CCCC(=O)O,793.32,17.58,845.36,0.949
CCCCCCC=CCCCC(=O)O,793.32,17.58,845.36,0.949
CCCCCC/C=C\CCCC(=O)O,793.32,17.54,847.71,0.949
C=CCCCCCCCCCC(=O)O,793.32,17.43,852.9,0.949
CC(=O)OCC(=CCC(C)C)C(C)C,816,20,723.18,0.949
C=C(C)C(=O)OCC(CC)CCCC,673.32,16.13,782.39,0.949
C=CCCCCCCCCC(=O)OC,673.32,16.32,772.89,0.949
CC(=O)OCCC(C)CCC=C(C)C,673.32,16.3,773.94,0.949
CC(=O)OC1CC(C)CCC1C(C)C,673.32,17.05,739.82,0.949
CC(=O)O[C@@H]1C[C@@H](C)CC[C@@H]1C(C)C,673.32,16.83,749.56,0.949
CC(=O)O[C@H]1C[C@H](C)CC[C@H]1C(C)C,673.32,16.83,749.56,0.949
C=COC(=O)CCCCCCCCC,673.32,16.26,776.03,0.949
C=CCOC(=O)CC(C)CC(C)(C)C,673.32,16.23,777.26,0.949
CC/C=C\CCOC(=O)CCCCC,673.32,16.23,777.26,0.949
O=C(O)CCCCCCCCCCC(=O)O,966.29,18.14,959.23,1.052
OC[C@H]1O[C@@](CO)(O[C@H]2O[C@H](CO)[C@@H](O)[C@H](O)[C@H]2O)[C@@H](O)[C@@H]1O,1086,22.36,761,1.349
CCCCCCCCCC/C=C\Br,730.15,19.85,797.93,0.773
CCCCCCCCCC/C=C/Br,730.15,19.85,797.93,0.773
CCCCCCCCCC/C=C\Cl,735.87,19.4,775.03,0.484
CCCCCCCCCC/C=C/Cl,735.87,19.4,775.03,0.484
CCCCCCCCCCCC(Cl)(Cl)Cl,739.26,13.66,1012.31,0.407
CCCCCCCCCC/C=C\F,623.67,19.79,642.37,0.31
CCCCCCCCCC/C=C/F,623.67,19.79,642.37,0.31
CCCCCCCCCCCC(F)(F)F,578.12,15.38,730.61,0.407
C1CCC(NC2CCCCC2)CC1,737,23.32,619,0.629
CCCCCCCCCCCC#N,811.66,19.4,819.17,0.629
CCCCCCCC1CCCC1,687.75,,666.45,0.531
CCCCCCC1CCCCC1,692.75,22.57,617.92,0.531
CCCCCC1CCCCC1C,692.75,20.25,688.62,0.531
C1CCCCCCCCCCC1,747.23,25.35,593.5,0.531
C=CCCCCCCCCCC,662.75,,719.69,0.531
C/C=C\CCCCCCCCC,662.75,19.13,697.35,0.531
C/C=C/CCCCCCCCC,662.75,19.13,697.35,0.531
CC/C=C\CCCCCCCC,662.75,19.13,697.35,0.531
CCC/C=C\CCCCCCC,662.75,19.13,697.35,0.531
CCC/C=C/CCCCCCC,662.75,19.13,697.35,0.531
CCCC/C=C/CCCCCC,662.75,19.13,697.35,0.531
CCCCC/C=C\CCCCC,662.75,19.13,697.35,0.531
CCCCC/C=C/CCCCC,662.75,19.13,697.35,0.531
C=C(C)CCCCCCCCC,662.75,18.61,716.96,0.531
CC1(C)CC(C)(C)CC(C)(C)C1,662.75,19.13,697.35,0.531
C=C(CC(C)(C)C)CC(C)(C)C,662.75,19.13,697.35,0.531
CC(=CC(C)(C)C)CC(C)(C)C,662.75,18.37,726.35,0.531
C/C(=C/C(C)(C)C)CC(C)(C)C,662.75,19.13,697.35,0.531
CCCCCCCCCCCC(Br)Br,793.5,17.96,866.51,0.616
BrCCCCCCCCCCCCBr,793.5,17.96,866.51,0.616
CCCCCCCCCCCC(Cl)Cl,760.93,16.95,876.4,0.494
ClCCCCCCCCCCCCCl,760.93,16.95,876.4,0.494
CCCCCCCCCCCC(F)F,650.5,18.83,686.83,0.435
CCCCCCCCCCCC=O,716.4,18.31,745.88,0.9
CCCCCCCCCC(C)C=O,716.4,18.23,749.11,0.9
CCCCCCCCCCC(C)=O,707.4,17.79,758.22,0.9
CCCCCCCCCC(=O)CC,707.4,17.92,752.58,0.9
CCCCCCCCC(=O)CCC,707.4,17.95,751.27,0.9
CCCCCCCC(=O)CCCC,707.4,17.95,751.27,0.9
CCCCCCC(=O)CCCCC,707.4,17.95,751.27,0.9
CCCCCCCCC(=O)C(C)C,707.4,17.92,752.58,0.9
CCCCCCC(=O)CCC(C)C,707.4,17.92,752.58,0.9
CCCCCCCC(=O)C(C)(C)C,707.4,17.62,765.64,0.9
C=COCCCCCCCCCC,657.4,17.02,736.59,0.9
CCCCCCCCCC=CCO,747.4,19.41,734.26,0.9
CCCCCCCCC/C=C\CO,747.4,19.79,720.21,0.9
CCCCCCCCC/C=C/CO,747.4,19.41,734.26,0.9
CCCCCCCC/C=C/CCO,747.4,19.79,720.21,0.9
CCCCCCCC=CCCCO,747.4,19.79,720.21,0.9
CCCCCC/C=C\CCCCO,747.4,19.79,720.21,0.9
CCCC/C=C/CCCCCCO,747.4,19.79,720.21,0.9
C=CCCCCCCCCCCO,747.4,19.79,720.21,0.9
CCCCCCCCCCCC(=O)O,765.55,17.33,825.89,0.956
CCCCCCCCCC(C)C(=O)O,765.55,17.51,817.02,0.956
CCCCCCCCC(C)CC(=O)O,765.55,17.51,817.02,0.956
CC(C)CCCCCCCCC(=O)O,765.55,17.51,817.02,0.956
CCCCCCCCC(C)(C)C(=O)O,765.55,17.51,817.02,0.956
CCCCCCCCC(CC)C(=O)O,765.55,17.51,817.02,0.956
CCCCCCC(CCCC)C(=O)O,765.55,17.51,817.02,0.956
CCCCCCCCCCCOC=O,675.55,16.04,786.97,0.956
CCCCCCCCCCOC(C)=O,675.55,16.04,786.97,0.956
CC(=O)OCCC(C)CCCC(C)C,675.55,16.04,786.97,0.956
CCCCCCCCCOC(=O)CC,675.55,16.04,786.97,0.956
CCC(=O)OCCCCCCC(C)C,675.55,16.04,786.97,0.956
CCCCCCCCOC(=O)CCC,675.55,15.76,801.26,0.956
CCCCCC(CC)OC(=O)CCC,675.55,16.04,786.97,0.956
CCCCC(CC)COC(=O)CCC,675.55,16.04,786.97,0.956
CCCCCCCCOC(=O)C(C)C,675.55,16.07,785.69,0.956
CCCCC(CC)COC(=O)C(C)C,675.55,16.04,786.97,0.956
CCCCCCCOC(=O)CCCC,675.55,15.92,793.02,0.956
CCCCCC(C)OC(=O)CCCC,675.55,16.04,786.97,0.956
CCCCCCOC(=O)CCCCC,675.55,15.98,790.05,0.956
CCCCCCC(=O)OCCCCC,675.55,15.92,793.02,0.956
CCCCCCCC(=O)OCCCC,675.55,15.93,792.47,0.956
CCCCCCCCCC(=O)OCC,675.55,15.98,790.05,0.956
CCCCCCC(C)CC(=O)OCC,675.55,15.99,789.72,0.956
CCCCCCCCCCC(=O)OC,675.55,16.04,786.97,0.956
C1CCCCCCSCCCCC1,808.34,24.2,631.5,0.646
CCCCCCCCCCCCBr,712.44,17.79,866.46,0.778
CCCCCCCCCCC(C)Br,712.44,17.47,882.29,0.778
CCCCCCCCCCCCCl,718.51,17.59,832.41,0.487
CCCCCCCCCCC(C)Cl,718.51,17.56,833.87,0.487
CCCCCCCCCC(Cl)CC,718.51,17.56,833.87,0.487
CCCCCCCCC(Cl)CCC,718.51,17.56,833.87,0.487
CCCCCCCC(Cl)CCCC,718.51,17.56,833.87,0.487
CCCCCCC(Cl)CCCCC,718.51,17.56,833.87,0.487
CCCCCCCCCCCCF,666.46,20.34,666.01,0.381
CCCCCCCCCCCC[N+](=O)[O-],862,15.86,1020.6,0.745
CCCCCCCCCCCC,,,677.62,
CCCCCCCCCC(C)C,650.75,19.79,660.24,0.539
CCCCCCCCC(C)CC,650.75,19.4,673.82,0.539
CCCCCCCC(C)CCC,650.75,19.37,674.58,0.539
CCCCCCC(C)CCCC,650.75,19.37,674.8,0.539
CCCCCC(C)CCCCC,650.75,19.36,674.9,0.539
CCCCCCCCC(C)(C)C,650.75,19.15,682.46,0.539
CCCCCCCC(C)C(C)C,650.75,19.51,669.95,0.539
CCCCCCC(C)CC(C)C,650.75,19.19,680.91,0.539
CCCCCC(C)CCC(C)C,650.75,19.29,677.51,0.539
CCCCC(C)CCCC(C)C,650.75,19.29,677.4,0.539
CCCC(C)CCCCC(C)C,650.75,19.3,677.08,0.539
CCC(C)CCCCCC(C)C,650.75,19.32,676.42,0.539
CC(C)CCCCCCC(C)C,650.75,19.14,682.68,0.539
CCCCCCCC(C)(C)CC,650.75,19.51,669.74,0.539
CCCCCCC(C)C(C)CC,650.75,19.68,664.12,0.539
CCCCCC(C)CC(C)CC,650.75,19.47,671.24,0.539
CCCCC(C)CCC(C)CC,650.75,19.47,671.13,0.539
CCCC(C)CCCC(C)CC,650.75,19.48,670.81,0.539
CCC(C)CCCCC(C)CC,650.75,19.5,670.17,0.539
CCCCCCC(C)(C)CCC,650.75,19.49,670.7,0.539
CCCCCC(C)C(C)CCC,650.75,19.66,664.86,0.539
CCCCC(C)CC(C)CCC,650.75,19.45,671.77,0.539
CCCC(C)CCC(C)CCC,650.75,19.46,671.45,0.539
CCCCCC(C)(C)CCCC,650.75,19.47,671.13,0.539
CCCCC(C)C(C)CCCC,650.75,19.65,665.07,0.539
CCCCCCC(C)C(C)(C)C,650.75,19.6,666.65,0.539
CCCCCC(C)CC(C)(C)C,650.75,19.22,679.81,0.539
CCCCC(C)CCC(C)(C)C,650.75,19.22,679.81,0.539
CCCC(C)CCCC(C)(C)C,650.75,19.23,679.48,0.539
CCC(C)CCCCC(C)(C)C,650.75,19.25,678.82,0.539
CC(C)CCCCCC(C)(C)C,650.75,19.03,686.79,0.539
CCCCCCC(C)(C)C(C)C,650.75,19.83,659.21,0.539
CCCCCC(C)C(C)C(C)C,650.75,19.79,660.35,0.539
CCCCC(C)CC(C)C(C)C,650.75,19.59,667.29,0.539
CCCC(C)CCC(C)C(C)C,650.75,19.59,666.97,0.539
CCC(C)CCCC(C)C(C)C,650.75,19.61,666.34,0.539
CC(C)CCCCC(C)C(C)C,650.75,19.43,672.53,0.539
CCCCCC(C)(C)CC(C)C,650.75,19.4,673.82,0.539
CCCCC(C)C(C)CC(C)C,650.75,19.58,667.61,0.539
CCCC(C)CC(C)CC(C)C,650.75,19.38,674.36,0.539
CCC(C)CCC(C)CC(C)C,650.75,19.4,673.82,0.539
CC(C)CCCC(C)CC(C)C,650.75,19.14,682.79,0.539
CCCCC(C)(C)CCC(C)C,650.75,19.4,673.82,0.539
CCCC(C)C(C)CCC(C)C,650.75,19.58,667.4,0.539
CCC(C)CC(C)CCC(C)C,650.75,19.39,673.93,0.539
CC(C)CCC(C)CCC(C)C,650.75,19.22,680.14,0.539
CCCC(C)(C)CCCC(C)C,650.75,19.41,673.28,0.539
CCC(C)C(C)CCCC(C)C,650.75,19.6,666.65,0.539
CCC(C)(C)CCCCC(C)C,650.75,19.44,672.42,0.539
CCCCCC(C)C(C)(C)CC,650.75,20.01,653.04,0.539
CCCCC(C)CC(C)(C)CC,650.75,19.59,667.08,0.539
CCC(C)CCCC(C)(C)CC,650.75,19.6,666.76,0.539
CCCC(C)CCC(C)(C)CC,650.75,19.62,666.13,0.539
CCCCCC(C)(C)C(C)CC,650.75,20,653.45,0.539
CCCCC(C)C(C)C(C)CC,650.75,19.97,654.37,0.539
CCCC(C)CC(C)C(C)CC,650.75,19.77,661.08,0.539
CCC(C)CCC(C)C(C)CC,650.75,19.79,660.46,0.539
CCCCC(C)(C)CC(C)CC,650.75,19.58,667.5,0.539
CCCC(C)C(C)CC(C)CC,650.75,19.77,661.19,0.539
CCC(C)CC(C)CC(C)CC,650.75,19.58,667.61,0.539
CCCC(C)(C)CCC(C)CC,650.75,19.59,667.08,0.539
CCCCC(C)C(C)(C)CCC,650.75,19.99,653.85,0.539
CCCC(C)CC(C)(C)CCC,650.75,19.58,667.61,0.539
CCCCC(C)(C)C(C)CCC,650.75,19.98,654.06,0.539
CCCC(C)C(C)C(C)CCC,650.75,19.96,654.67,0.539
CCCCCC(C)(C)C(C)(C)C,650.75,20.17,647.97,0.539
CCCCC(C)C(C)C(C)(C)C,650.75,19.93,655.91,0.539
CCCC(C)CC(C)C(C)(C)C,650.75,19.72,662.65,0.539
CCC(C)CCC(C)C(C)(C)C,650.75,19.74,662.02,0.539
CC(C)CCCC(C)C(C)(C)C,650.75,19.56,668.25,0.539
CCCCC(C)(C)CC(C)(C)C,650.75,19.71,663.07,0.539
CCCC(C)C(C)CC(C)(C)C,650.75,19.51,669.85,0.539
CCC(C)CC(C)CC(C)(C)C,650.75,19.32,676.31,0.539
CC(C)CCC(C)CC(C)(C)C,650.75,19.15,682.57,0.539
CCCC(C)(C)CCC(C)(C)C,650.75,19.34,675.66,0.539
CCC(C)C(C)CCC(C)(C)C,650.75,19.53,669.1,0.539
CC(C)CC(C)CCC(C)(C)C,650.75,19.15,682.46,0.539
CCC(C)(C)CCCC(C)(C)C,650.75,19.37,674.8,0.539
CC(C)C(C)CCCC(C)(C)C,650.75,19.36,675.01,0.539
CC(C)(C)CCCCC(C)(C)C,650.75,19.01,687.58,0.539
CCCCC(C)C(C)(C)C(C)C,650.75,20.34,642.39,0.539
CCCC(C)CC(C)(C)C(C)C,650.75,19.92,656.21,0.539
CCC(C)CCC(C)(C)C(C)C,650.75,19.93,655.6,0.539
CC(C)CCCC(C)(C)C(C)C,650.75,19.75,661.81,0.539
CCCCC(C)(C)C(C)C(C)C,650.75,20.12,649.59,0.539
CCCC(C)C(C)C(C)C(C)C,650.75,20.1,650.29,0.539
CCC(C)CC(C)C(C)C(C)C,650.75,19.9,656.73,0.539
CC(C)CCC(C)C(C)C(C)C,650.75,19.71,662.97,0.539
CCCC(C)(C)CC(C)C(C)C,650.75,19.71,663.18,0.539
CCC(C)C(C)CC(C)C(C)C,650.75,19.9,656.63,0.539
CC(C)CC(C)CC(C)C(C)C,650.75,19.51,669.95,0.539
CCC(C)(C)CCC(C)C(C)C,650.75,19.73,662.23,0.539
CC(C)C(C)CCC(C)C(C)C,650.75,19.73,662.44,0.539
CCCC(C)C(C)(C)CC(C)C,650.75,19.9,656.63,0.539
CCC(C)CC(C)(C)CC(C)C,650.75,19.5,670.17,0.539
CC(C)CCC(C)(C)CC(C)C,650.75,19.34,675.88,0.539
CCCC(C)(C)C(C)CC(C)C,650.75,19.91,656.52,0.539
CCC(C)C(C)C(C)CC(C)C,650.75,19.89,656.93,0.539
CC(C)CC(C)C(C)CC(C)C,650.75,19.5,670.27,0.539
CCC(C)(C)CC(C)CC(C)C,650.75,19.51,669.74,0.539
CCC(C)C(C)(C)CCC(C)C,650.75,19.92,656.01,0.539
CCC(C)(C)C(C)CCC(C)C,650.75,19.93,655.7,0.539
CCCCC(C)(C)C(C)(C)CC,650.75,20.57,635.33,0.539
CCCC(C)C(C)C(C)(C)CC,650.75,20.33,642.98,0.539
CCC(C)CC(C)C(C)(C)CC,650.75,20.12,649.49,0.539
CCCC(C)(C)CC(C)(C)CC,650.75,20.11,649.99,0.539
CCC(C)C(C)CC(C)(C)CC,650.75,19.91,656.42,0.539
CCC(C)(C)CCC(C)(C)CC,650.75,19.69,663.7,0.539
CCCC(C)C(C)(C)C(C)CC,650.75,20.54,636.4,0.539
CCC(C)CC(C)(C)C(C)CC,650.75,20.11,649.79,0.539
CCCC(C)(C)C(C)C(C)CC,650.75,20.32,643.28,0.539
CCC(C)C(C)C(C)C(C)CC,650.75,20.3,643.78,0.539
CCCC(C)(C)C(C)(C)CCC,650.75,20.55,635.82,0.539
CCCC(C)C(C)(C)C(C)(C)C,650.75,20.72,630.61,0.539
CCC(C)CC(C)(C)C(C)(C)C,650.75,20.28,644.27,0.539
CC(C)CCC(C)(C)C(C)(C)C,650.75,20.1,650.29,0.539
CCCC(C)(C)C(C)C(C)(C)C,650.75,20.69,631.57,0.539
CCC(C)C(C)C(C)C(C)(C)C,650.75,20.25,645.27,0.539
CC(C)CC(C)C(C)C(C)(C)C,650.75,19.85,658.48,0.539
CCC(C)(C)CC(C)C(C)(C)C,650.75,19.88,657.45,0.539
CC(C)C(C)CC(C)C(C)(C)C,650.75,19.85,658.48,0.539
CC(CCC(C)(C)C)C(C)(C)C,650.75,19.47,671.13,0.539
CCC(C)C(C)(C)CC(C)(C)C,650.75,20.25,645.27,0.539
CC(C)CC(C)(C)CC(C)(C)C,650.75,19.65,665.17,0.539
CCC(C)(C)C(C)CC(C)(C)C,650.75,19.85,658.48,0.539
CC(C)C(C)C(C)CC(C)(C)C,650.75,19.63,665.81,0.539
CC(CC(C)(C)C)CC(C)(C)C,650.75,19.17,681.57,0.539
CC(C)C(C)(C)CCC(C)(C)C,650.75,19.69,663.7,0.539
CCCC(C)(C)C(C)(C)C(C)C,650.75,20.94,623.98,0.539
CCC(C)C(C)C(C)(C)C(C)C,650.75,20.69,631.57,0.539
CC(C)CC(C)C(C)(C)C(C)C,650.75,20.25,645.27,0.539
CCC(C)(C)CC(C)(C)C(C)C,650.75,20.47,638.35,0.539
CC(C)C(C)CC(C)(C)C(C)C,650.75,20.07,651.31,0.539
CCC(C)C(C)(C)C(C)C(C)C,650.75,20.69,631.57,0.539
CC(C)CC(C)(C)C(C)C(C)C,650.75,20.03,652.32,0.539
CCC(C)(C)C(C)C(C)C(C)C,650.75,20.47,638.35,0.539
CC(C)C(C)C(C)C(C)C(C)C,650.75,20.22,646.27,0.539
CCC(C)(C)C(C)(C)CC(C)C,650.75,20.5,637.38,0.539
CCC(C)C(C)(C)C(C)(C)CC,650.75,21.17,617.48,0.539
CCC(C)(C)C(C)C(C)(C)CC,650.75,21.13,618.4,0.539
CCC(C)(C)C(C)(C)C(C)(C)C,650.75,21.83,598.69,0.539
CC(C)C(C)C(C)(C)C(C)(C)C,650.75,20.85,626.81,0.539
CC(C)(C)CC(C)(C)C(C)(C)C,650.75,20.41,640.32,0.539
CC(C)C(C)(C)C(C)C(C)(C)C,650.75,21.07,620.25,0.539
CC(C(C)C(C)(C)C)C(C)(C)C,650.75,20.38,641.3,0.539
CC(C)C(C)(C)C(C)(C)C(C)C,650.75,21.32,612.91,0.539
CCCCCCCC(CC)CC,650.75,19.75,661.81,0.539
CCCCCCC(CC)CCC,650.75,19.53,669.1,0.539
CCCCCC(CC)CCCC,650.75,19.52,669.63,0.539
CCCCCC(CCC)CCC,650.75,19.5,670.17,0.539
CCCCC(CCC)CCCC,650.75,19.48,671.02,0.539
CCCCCC(CCC)C(C)C,650.75,19.63,665.7,0.539
CCCCC(CCCC)C(C)C,650.75,19.62,666.13,0.539
CCCCCCC(CC)C(C)C,650.75,19.66,664.65,0.539
CCCCCC(CC)CC(C)C,650.75,19.44,672.2,0.539
CCCCC(CC)CCC(C)C,650.75,19.44,672.2,0.539
CCCC(CC)CCCC(C)C,650.75,19.45,671.77,0.539
CCC(CC)CCCCC(C)C,650.75,19.48,670.81,0.539
CCCCCCC(C)(CC)CC,650.75,19.88,657.35,0.539
CCCCCC(CC)C(C)CC,650.75,19.83,658.9,0.539
CCCCC(CC)CC(C)CC,650.75,19.59,667.08,0.539
CCCC(CC)CCC(C)CC,650.75,19.64,665.49,0.539
CCC(C)CCCC(CC)CC,650.75,19.67,664.54,0.539
CCCCCC(C)C(CC)CC,650.75,19.84,658.59,0.539
CCCCCC(C)(CC)CCC,650.75,19.85,658.48,0.539
CCCCC(CC)C(C)CCC,650.75,19.82,659.52,0.539
CCCC(C)CC(CC)CCC,650.75,19.62,666.13,0.539
CCCC(C)CCC(CC)CC,650.75,19.65,665.17,0.539
CCCCC(C)CC(CC)CC,650.75,19.64,665.49,0.539
CCCCC(C)C(CC)CCC,650.75,19.82,659.42,0.539
CCCCC(C)(CC)CCCC,650.75,19.84,658.8,0.539
CCCCC(CCC)C(C)(C)C,650.75,19.76,661.4,0.539
CCCCC(CCC)CC(C)C,650.75,19.41,673.17,0.539
CCCC(CCC)CCC(C)C,650.75,19.38,674.36,0.539
CCCCC(CCC)C(C)CC,650.75,19.81,659.83,0.539
CCCC(CCC)CC(C)CC,650.75,19.92,656.11,0.539
CCCCC(C)(CCC)CCC,650.75,19.82,659.42,0.539
CCCC(C)C(CCC)CCC,650.75,19.8,660.15,0.539
CCCCCC(C(C)C)C(C)C,650.75,19.76,661.29,0.539
CCCCC(CC(C)C)C(C)C,650.75,19.54,668.67,0.539
CCCC(CCC(C)C)C(C)C,650.75,19.55,668.35,0.539
CCCCC(C(C)C)C(C)CC,650.75,19.94,655.39,0.539
CCCC(CC(C)CC)C(C)C,650.75,19.74,662.13,0.539
CCCCC(C)(CCC)C(C)C,650.75,20.17,647.87,0.539
CCCC(C)C(CCC)C(C)C,650.75,19.93,655.7,0.539
CCCCCC(CC)(CC)CC,650.75,19.99,653.85,0.539
CCCCC(CC)C(CC)CC,650.75,20,653.34,0.539
CCCC(CC)CC(CC)CC,650.75,19.81,659.83,0.539
CCC(CC)CCC(CC)CC,650.75,19.85,658.28,0.539
CCCCC(CC)(CC)CCC,650.75,20.1,650.19,0.539
CCCC(CC)C(CC)CCC,650.75,19.99,653.75,0.539
CCCCCC(CC)C(C)(C)C,650.75,19.79,660.46,0.539
CCCCC(CC)CC(C)(C)C,650.75,19.37,674.58,0.539
CCCC(CC)CCC(C)(C)C,650.75,19.39,674.15,0.539
CCC(CC)CCCC(C)(C)C,650.75,19.41,673.17,0.539
CCCCCC(C)(CC)C(C)C,650.75,20.2,646.97,0.539
CCCCC(CC)C(C)C(C)C,650.75,19.95,655.08,0.539
CCCC(CC)CC(C)C(C)C,650.75,19.75,661.61,0.539
CCC(CC)CCC(C)C(C)C,650.75,19.78,660.67,0.539
CCCCC(C)C(CC)C(C)C,650.75,19.95,654.98,0.539
CCCCC(C)(CC)CC(C)C,650.75,19.76,661.4,0.539
CCCC(CC)C(C)CC(C)C,650.75,19.74,662.02,0.539
CCC(CC)CC(C)CC(C)C,650.75,19.56,668.14,0.539
CCCC(C)CC(CC)C(C)C,650.75,19.75,661.61,0.539
CCCC(C)C(CC)CC(C)C,650.75,19.74,662.13,0.539
CCCC(C)(CC)CCC(C)C,650.75,19.77,661.08,0.539
CCC(CC)C(C)CCC(C)C,650.75,19.77,661.19,0.539
CCC(C)CCC(CC)C(C)C,650.75,19.77,661.08,0.539
CCC(C)CC(CC)CC(C)C,650.75,19.55,668.57,0.539
CCC(C)C(CC)CCC(C)C,650.75,19.76,661.5,0.539
CCC(C)(CC)CCCC(C)C,650.75,19.8,660.04,0.539
CCC(CCCC(C)C)C(C)C,650.75,19.59,667.29,0.539
CCC(CCC(C)C)CC(C)C,650.75,19.36,674.9,0.539
CCCCC(CC)C(C)(C)CC,650.75,20.18,647.77,0.539
CCCC(CC)CC(C)(C)CC,650.75,19.76,661.4,0.539
CCC(CC)CCC(C)(C)CC,650.75,19.79,660.46,0.539
CCCCC(C)C(C)(CC)CC,650.75,20.4,640.71,0.539
CCCCC(C)(CC)C(C)CC,650.75,20.39,641.1,0.539
CCCC(CC)C(C)C(C)CC,650.75,20.14,648.78,0.539
CCC(CC)CC(C)C(C)CC,650.75,19.96,654.78,0.539
CCCC(C)CC(C)(CC)CC,650.75,19.97,654.37,0.539
CCCC(C)C(CC)C(C)CC,650.75,20.14,648.88,0.539
CCCC(C)(CC)CC(C)CC,650.75,19.94,655.49,0.539
CCC(C)CC(C)C(CC)CC,650.75,19.95,654.98,0.539
CCC(C)CCC(C)(CC)CC,650.75,19.99,653.75,0.539
CCC(C)CC(CC)C(C)CC,650.75,19.94,655.29,0.539
CCCCC(C)(C)C(CC)CC,650.75,18.31,713.68,0.539
CCCC(CC)C(C)(C)CCC,650.75,20.16,648.28,0.539
CCCC(C)(C)CC(CC)CC,650.75,19.76,661.4,0.539
CCCC(C)C(C)C(CC)CC,650.75,20.15,648.48,0.539
CCCC(C)C(C)(CC)CCC,650.75,20.38,641.4,0.539
CCCC(CC(C)C)C(C)(C)C,650.75,19.69,663.7,0.539
CCCC(C(C)CC)C(C)(C)C,650.75,20.07,651.31,0.539
CCCC(C)(CCC)C(C)(C)C,650.75,20.54,636.4,0.539
CCCC(CCC)C(CC)CC,650.75,20,653.34,0.539
CCCC(CC)(CCC)CCC,650.75,20.13,649.28,0.539
CCCC(C(C)C)C(CC)CC,650.75,20.13,649.28,0.539
CCCC(CC)(CCC)C(C)C,650.75,20.57,635.43,0.539
CCCC(CCC)C(C)C(C)C,650.75,19.94,655.39,0.539
CCCC(C)(CCC)CC(C)C,650.75,19.75,661.61,0.539
CCCC(CC(C)C)C(C)CC,650.75,19.72,662.65,0.539
CCCC(CC(C)C)CC(C)C,650.75,19.22,679.81,0.539
CCCC(CCC)C(C)(C)CC,650.75,20.16,648.28,0.539
CCCC(C)(CCC)C(C)CC,650.75,20.38,641.3,0.539
CCCC(C(C)CC)C(C)CC,650.75,20.13,649.28,0.539
CCCCC(C(C)C)C(C)(C)C,650.75,19.88,657.45,0.539
CCCC(CC(C)(C)C)C(C)C,650.75,19.47,671.13,0.539
CCCCC(C)(C(C)C)C(C)C,650.75,20.54,636.4,0.539
CCCC(C(C)C)C(C)C(C)C,650.75,20.07,651.31,0.539
CCCC(C)C(C(C)C)C(C)C,650.75,20.07,651.31,0.539
CCCC(C)(CC(C)C)C(C)C,650.75,20.1,650.29,0.539
CCC(C)CC(C(C)C)C(C)C,650.75,19.88,657.45,0.539
CCC(C)C(CC(C)C)C(C)C,650.75,19.85,658.48,0.539
CC(C)CCC(C(C)C)C(C)C,650.75,19.63,665.7,0.539
CC(C)CC(CC(C)C)C(C)C,650.75,19.47,671.13,0.539
CCCC(C(C)C)C(C)(C)CC,650.75,20.28,644.27,0.539
CCCC(C)(C(C)C)C(C)CC,650.75,20.72,630.61,0.539
CCC(C)C(C(C)C)C(C)CC,650.75,20.25,645.27,0.539
CCCCC(CC)(CC)C(C)C,650.75,20.6,634.46,0.539
CCCC(CC)C(CC)C(C)C,650.75,20.13,649.28,0.539
CCC(CC)CC(CC)C(C)C,650.75,19.94,655.39,0.539
CCCC(CC)(CC)CC(C)C,650.75,20.13,649.28,0.539
CCC(CC)C(CC)CC(C)C,650.75,19.94,655.39,0.539
CCC(CC)(CC)CCC(C)C,650.75,20.19,647.27,0.539
CCCC(CC)C(C)(CC)CC,650.75,20.57,635.43,0.539
CCC(CC)CC(C)(CC)CC,650.75,20.16,648.28,0.539
CCCC(CC)(CC)C(C)CC,650.75,20.79,628.71,0.539
CCC(C)C(CC)C(CC)CC,650.75,20.35,642.29,0.539
CCC(C)CC(CC)(CC)CC,650.75,20.38,641.3,0.539
CCCC(C)C(CC)(CC)CC,650.75,20.82,627.76,0.539
CCCC(C)(CC)C(CC)CC,650.75,20.57,635.43,0.539
CCC(CC)C(C)C(CC)CC,650.75,20.35,642.29,0.539
CCCCC(C)(CC)C(C)(C)C,650.75,20.57,635.43,0.539
CCCC(CC)C(C)C(C)(C)C,650.75,20.1,650.29,0.539
CCC(CC)CC(C)C(C)(C)C,650.75,19.91,656.42,0.539
CCCC(C)C(CC)C(C)(C)C,650.75,20.1,650.29,0.539
CCCC(C)(CC)CC(C)(C)C,650.75,20.1,650.29,0.539
CCC(CC)C(C)CC(C)(C)C,650.75,19.69,663.7,0.539
CCC(C)CC(CC)C(C)(C)C,650.75,19.91,656.42,0.539
CCC(C)C(CC)CC(C)(C)C,650.75,19.69,663.7,0.539
CCC(C)(CC)CCC(C)(C)C,650.75,19.72,662.65,0.539
CCC(CCC(C)C)C(C)(C)C,650.75,19.72,662.65,0.539
CCC(CC(C)C)CC(C)(C)C,650.75,19.29,677.62,0.539
CCC(CCC(C)(C)C)C(C)C,650.75,19.5,670.06,0.539
CCCC(CC)C(C)(C)C(C)C,650.75,20.54,636.4,0.539
CCC(CC)CC(C)(C)C(C)C,650.75,20.1,650.29,0.539
CCCC(C)C(C)(CC)C(C)C,650.75,20.76,629.66,0.539
CCCC(C)(CC)C(C)C(C)C,650.75,20.5,637.38,0.539
CCC(CC)C(C)C(C)C(C)C,650.75,20.28,644.27,0.539
CCC(C)CC(C)(CC)C(C)C,650.75,20.33,642.88,0.539
CCC(C)C(CC)C(C)C(C)C,650.75,20.28,644.27,0.539
CCC(C)(CC)CC(C)C(C)C,650.75,20.1,650.29,0.539
CCC(C)(CCC(C)C)C(C)C,650.75,20.13,649.28,0.539
CCC(CC(C)C)C(C)C(C)C,650.75,19.88,657.45,0.539
CCC(CC(C)C(C)C)C(C)C,650.75,19.88,657.45,0.539
CCCC(C)(C)C(CC)C(C)C,650.75,20.1,650.29,0.539
CCC(CC)C(C)(C)CC(C)C,650.75,20.1,650.29,0.539
CCC(C)C(C)C(CC)C(C)C,650.75,20.28,644.27,0.539
CCC(C)C(C)(CC)CC(C)C,650.75,20.32,643.28,0.539
CCC(C)(CC)C(C)CC(C)C,650.75,20.32,643.28,0.539
CCC(C(C)C)C(C)CC(C)C,650.75,19.88,657.45,0.539
CCC(C)(CC(C)C)CC(C)C,650.75,19.69,663.7,0.539
CCC(CC(C)(C)CC)C(C)C,650.75,19.88,657.45,0.539
CCC(CC(C)C)C(C)(C)CC,650.75,20.1,650.29,0.539
CCCC(C)(CC)C(C)(C)CC,650.75,20.98,623.04,0.539
CCC(CC)C(C)C(C)(C)CC,650.75,20.54,636.4,0.539
CCC(C)C(CC)C(C)(C)CC,650.75,20.5,637.38,0.539
CCC(C)(C)CC(C)(CC)CC,650.75,20.54,636.4,0.539
CCCC(C)(C)C(C)(CC)CC,650.75,21.01,622.11,0.539
CCC(C)C(C)(C)C(CC)CC,650.75,20.76,629.66,0.539
CCC(C)C(C)C(C)(CC)CC,650.75,20.76,629.66,0.539
CCC(C)C(C)(CC)C(C)CC,650.75,20.94,623.98,0.539
CCCC(C(C)(C)C)C(C)(C)C,650.75,20.44,639.33,0.539
CCCC(CC)(C(C)C)C(C)C,650.75,20.94,623.98,0.539
CCC(CC)C(C(C)C)C(C)C,650.75,20.25,645.27,0.539
CCCC(C)(C(C)C)C(C)(C)C,650.75,20.91,624.92,0.539
CCC(C)C(C(C)C)C(C)(C)C,650.75,20.22,646.27,0.539
CC(C)CC(C(C)C)C(C)(C)C,650.75,19.82,659.52,0.539
CC(C)C(CC(C)(C)C)C(C)C,650.75,19.63,665.81,0.539
CCC(C)C(C)(C(C)C)C(C)C,650.75,21.13,618.4,0.539
CC(C)CC(C)(C(C)C)C(C)C,650.75,20.44,639.33,0.539
CC(C)C(C)C(C(C)C)C(C)C,650.75,20.19,647.27,0.539
CCC(C)(C)C(C(C)C)C(C)C,650.75,20.44,639.33,0.539
CCC(CC)C(CC)(CC)CC,650.75,21.01,622.11,0.539
CCCC(CC)(CC)C(C)(C)C,650.75,20.98,623.04,0.539
CCC(CC)C(CC)C(C)(C)C,650.75,20.28,644.27,0.539
CCC(CC)(CC)CC(C)(C)C,650.75,20.5,637.38,0.539
CCC(CC)C(C)(CC)C(C)C,650.75,20.94,623.98,0.539
CCC(CC)(CC)C(C)C(C)C,650.75,20.94,623.98,0.539
CCC(C)C(CC)(CC)C(C)C,650.75,21.17,617.48,0.539
CCC(C(C)C)C(C)(CC)CC,650.75,20.72,630.61,0.539
CCC(CC)(CC(C)C)C(C)C,650.75,20.5,637.38,0.539
CCC(C(C)C)C(CC)C(C)C,650.75,20.25,645.27,0.539
CCC(C)(C)C(CC)(CC)CC,650.75,21.45,609.29,0.539
CCC(C)(CC)C(C)(CC)CC,650.75,21.45,609.29,0.539
CCC(CC)C(C)(C)C(C)(C)C,650.75,20.91,624.92,0.539
CCC(C)C(C)(CC)C(C)(C)C,650.75,21.13,618.4,0.539
CCC(C)(CC)C(C)C(C)(C)C,650.75,21.13,618.4,0.539
CCC(C)(CC(C)C)C(C)(C)C,650.75,20.47,638.35,0.539
CCC(C(C)C)C(C)C(C)(C)C,650.75,20.22,646.27,0.539
CCC(C(C)(C)C)C(C)(C)CC,650.75,20.88,625.86,0.539
CCC(C(C)C(C)C)C(C)(C)C,650.75,20.22,646.27,0.539
CCC(C)(CC(C)(C)C)C(C)C,650.75,20.44,639.33,0.539
CCC(CC(C)(C)C)C(C)(C)C,650.75,19.63,665.81,0.539
CCC(C)(CC)C(C)(C)C(C)C,650.75,21.39,611.09,0.539
CCC(C(C)C)C(C)(C)C(C)C,650.75,20.66,632.53,0.539
CCC(C)(C)C(C)(CC)C(C)C,650.75,21.39,611.09,0.539
CCC(C)(C(C)C)C(C)C(C)C,650.75,20.88,625.86,0.539
CCC(C(C)C)(C(C)C)C(C)C,650.75,21.32,612.91,0.539
CCC(CC)(C(C)C)C(C)(C)C,650.75,21.35,612,0.539
CC(C)C(C)(C(C)C)C(C)(C)C,650.75,21.29,613.81,0.539
CC(C)C(C(C)(C)C)C(C)(C)C,650.75,20.57,635.43,0.539
CCC(C)(C(C)(C)C)C(C)(C)C,650.75,21.92,596.09,0.539
CCCCCCCCCCCCO,,,778.87,
CCCCCCCCCCC(C)O,714.75,17.33,784.43,0.907
CCCCCCCCCC(O)CC,714.75,17.26,787.63,0.907
CCCCCCCCC(O)CCC,714.75,17.78,764.63,0.907
CCCCCCCC(O)CCCC,714.75,17.78,764.63,0.907
CCCCCCC(O)CCCCC,714.75,17.78,764.63,0.907
CCCCCCCCCC(C)CO,714.75,17.78,764.63,0.907
CCCCCCCCC(O)C(C)C,714.75,17.52,775.85,0.907
CCCCCCC(O)CCC(C)C,714.75,17.3,785.69,0.907
CCCCCCC(CO)CCCC,714.75,19,715.33,0.907
CC(C)CC(C)CC(O)CC(C)C,714.75,17.18,791.44,0.907
CCCCCCCCCOCCC,644.75,16.5,743.02,0.907
CCCCCCOCCCCCC,644.75,16.27,753.72,0.907
CCCCCCCCCCC(O)CO,887.76,18.79,880.74,0.962
CCCCCCCCCC(O)CCO,887.76,18.79,880.74,0.962
CCCCCCCCC(O)CCCO,887.76,18.79,880.74,0.962
OCCCCCCCCCCCCO,887.76,18.79,880.74,0.962
CCCCCCCCCC[C@@H](O)CO,887.76,18.79,880.74,0.962
CCCCCCCCCC[C@H](O)CO,887.76,18.79,880.74,0.962
CCCCOCCOCCOCCCC,680,15.48,803,1.015
CCCCCCCCCCCCS,722.83,16.5,826.21,0.653
CCCCCCCCCCC(C)S,722.83,16.37,832.61,0.653
CCCCCCCCCC(S)CC,722.83,16.52,825.16,0.653
CCCCCCCCC(S)CCC,722.83,16.52,825.16,0.653
CCCCCCCC(S)CCCC,722.83,16.52,825.16,0.653
CCCCCCC(S)CCCCC,722.83,16.52,825.16,0.653
CCCCCCCCCC(C)CS,722.83,16.52,825.16,0.653
CCCCCCCCC(C)CCS,722.83,16.52,825.16,0.653
CCCCCCCC(C)CCCS,722.83,16.52,825.16,0.653
CCCCCCC(C)CCCCS,722.83,16.52,825.16,0.653
CCCCCC(C)CCCCCS,722.83,16.52,825.16,0.653
CCCCC(C)CCCCCCS,722.83,16.52,825.16,0.653
CCCC(C)CCCCCCCS,722.83,16.52,825.16,0.653
CCC(C)CCCCCCCCS,722.83,16.52,825.16,0.653
CC(C)CCCCCCCCCS,722.83,16.52,825.16,0.653
CCCCCCCCCC(C)(C)S,722.83,16.52,825.16,0.653
CCCCCCCCC(C)C(C)S,722.83,16.52,825.16,0.653
CCCCCCCC(C)CC(C)S,722.83,16.52,825.16,0.653
CCCCCCC(C)CCC(C)S,722.83,16.52,825.16,0.653
CCCCCC(C)CCCC(C)S,722.83,16.52,825.16,0.653
CCCCC(C)CCCCC(C)S,722.83,16.52,825.16,0.653
CCCC(C)CCCCCC(C)S,722.83,16.12,845.72,0.653
CCC(C)CCCCCCC(C)S,722.83,16.12,845.72,0.653
CC(C)CCCCCCCC(C)S,722.83,16.12,845.72,0.653
CC(C)C(C)(C)C(C)(C)C(C)(C)S,722.83,16.81,811.16,0.653
CCCCCCCCCCCSC,722.83,16.5,826.21,0.653
CCCCCCCCCCSCC,722.83,16.5,826.21,0.653
CCCCCCCCCSCCC,722.83,16.5,826.21,0.653
CCCCCCCCSCCCC,722.83,16.5,826.21,0.653
CCCCCCCSCCCCC,722.83,16.12,845.72,0.653
CCCCCCSCCCCCC,722.83,16.5,826.21,0.653
CCCCCCCCCC(C)SC,722.83,16.12,845.72,0.653
CCCCCCCCC(C)CSC,722.83,16.12,845.72,0.653
CCCCCCCC(C)CCSC,722.83,16.12,845.72,0.653
CCCCCCC(C)CCCSC,722.83,16.12,845.72,0.653
CCCCCC(C)CCCCSC,722.83,16.12,845.72,0.653
CCCCC(C)CCCCCSC,722.83,16.12,845.72,0.653
CCCCCCCCCSC(C)C,722.83,16.12,845.72,0.653
CCCCCCCCC(C)SCC,722.83,16.12,845.72,0.653
CCCCCCCC(C)CSCC,722.83,16.12,845.72,0.653
CCCCCCC(C)CCSCC,722.83,16.12,845.72,0.653
CCCCCC(C)CCCSCC,722.83,16.12,845.72,0.653
CCCCC(C)CCCCSCC,722.83,16.12,845.72,0.653
SCCCCCCCCCCCCS,841.11,17.8,856.17,0.755
CC(S)CCCCCCCCCCS,841.11,17.8,856.17,0.755
CCC(S)CCCCCCCCCS,841.11,17.8,856.17,0.755
CCCC(S)CCCCCCCCS,841.11,17.8,856.17,0.755
CCCCC(S)CCCCCCCS,841.11,17.8,856.17,0.755
CCCCCC(S)CCCCCCS,841.11,17.8,856.17,0.755
CCCCCCC(S)CCCCCS,841.11,17.8,856.17,0.755
CCCCCCCC(S)CCCCS,841.11,17.8,856.17,0.755
CCCCCCCCC(S)CCCS,841.11,17.8,856.17,0.755
CCCCCCCCCC(S)CCS,841.11,17.8,856.17,0.755
CCCCCCCCCCC(S)CS,841.11,17.8,856.17,0.755
CCCCCCCCCCCSSC,786.11,16.32,872.8,0.755
CCCCCCCCCCSSCC,786.11,16.32,872.8,0.755
CCCCCCCCCSSCCC,786.11,16.32,872.8,0.755
CCCCCCCCSSCCCC,786.11,16.32,872.8,0.755
CCCCCCCSSCCCCC,786.11,16.32,872.8,0.755
CCCCCCSSCCCCCC,786.11,16.05,887.42,0.755
CCCCCCCCCCSCSC,786.11,16.32,872.8,0.755
CCCCCCCCCSCSCC,786.11,16.32,872.8,0.755
CCCCCCCCSCSCCC,786.11,16.32,872.8,0.755
CCCCCCCSCSCCCC,786.11,16.32,872.8,0.755
CCCCCCSCSCCCCC,786.11,16.32,872.8,0.755
CCCC[Al](CCCC)CCCC,738.18,18.73,791.37,
CC(C)C[Al](CC(C)C)CC(C)C,738.18,17.72,836.29,
CCCCOB(OCCCC)OCCCC,743.15,19.89,863,0.189
CCCCCCCCCCCCN,732.33,18.95,753.21,0.644
CCCCCCCCCCCNC,692.33,17.6,766.5,0.644
CCCCCCCCCCNCC,692.33,17.51,770.6,0.644
CCCCCCNCCCCCC,692.33,17.47,772.01,0.644
CCCCCCCCCCN(C)C,692.33,17.2,784.22,0.644
CCCCCCCCN(CC)CC,692.33,17.28,780.59,0.644
CCCCN(CCCC)CCCC,692.33,17.2,784.22,0.644
CC(C)CN(CC(C)C)CC(C)C,692.33,17.03,792.31,0.644
CCCC[SiH](CCCC)CCCC,766.7,17.94,855.59,0.401
CC(C)C[SiH](CC(C)C)CC(C)C,766.7,17.52,876.33,0.401
C[Si](C)(C)O[Si](O[Si](C)(C)C)(O[Si](C)(C)C)O[Si](C)(C)C,645.8,9.61,1610,0.746
FC(F)(F)C(F)(F)C(F)(F)C(F)(F)C(F)(F)C(F)(F)C(F)(F)C(F)(F)C(F)(F)C(F)(F)C(F)(F)C(F)(F)C(F)(F)F,758.11,6.98,1185.37,0.82
c1ccc2nc3ccccc3cc2c1,905,32.72,543,0.622
c1ccc2c(c1)Cc1ccccc1-2,826,32.62,511.1,0.523
O=C(c1ccccc1)c1ccccc1,,,,0.892
Cc1ccccc1-c1ccccc1,797.63,28.02,573.22,0.531
Cc1cccc(-c2ccccc2)c1,797.63,28.09,571.85,0.531
Cc1ccc(-c2ccccc2)cc1,797.63,28.28,568,0.531
CCCc1cccc2ccccc12,815.62,26.02,629.7,0.538
CCCc1ccc2ccccc2c1,815.62,25.57,640.59,0.538
CC(C)c1cccc2ccccc12,815.62,26.18,625.82,0.538
CC(C)c1ccc2ccccc2c1,815.62,25.56,640.83,0.538
CCc1ccc2ccccc2c1C,815.62,26.45,619.41,0.538
CCc1cc(C)c2ccccc2c1,815.62,26.45,619.41,0.538
CCc1ccc(C)c2ccccc12,815.62,26.45,619.41,0.538
CCc1cccc2c(C)cccc12,815.62,26.45,619.41,0.538
CCc1ccc2c(C)cccc2c1,815.62,26.45,619.41,0.538
CCc1ccc2cccc(C)c2c1,815.62,26.45,619.41,0.538
CCc1cccc2cccc(C)c12,815.62,26.45,619.41,0.538
CCc1cc2ccccc2cc1C,815.62,26.45,619.41,0.538
CCc1cc(C)cc2ccccc12,815.62,26.45,619.41,0.538
CCc1ccc2cc(C)ccc2c1,815.62,26.45,619.41,0.538
CCc1ccc2ccc(C)cc2c1,815.62,26.45,619.41,0.538
Cc1cc2ccccc2c(C)c1C,815.62,26.45,619.41,0.538
Cc1cc(C)c2ccccc2c1C,815.62,26.45,619.41,0.538
Cc1ccc2c(C)cccc2c1C,815.62,26.75,612.32,0.538
Cc1ccc2c(C)c(C)ccc2c1,815.62,26.45,619.41,0.538
Cc1ccc2ccc(C)c(C)c2c1,815.62,26.7,613.48,0.538
Cc1ccc2cccc(C)c2c1C,815.62,26.45,619.41,0.538
Cc1cc(C)c2cccc(C)c2c1,815.62,26.45,619.41,0.538
Cc1ccc2c(C)cc(C)cc2c1,815.62,26.45,619.41,0.538
Cc1cc(C)c2cc(C)ccc2c1,815.62,26.52,617.67,0.538
Cc1cc(C)c2c(C)cccc2c1,815.62,26.45,619.41,0.538
Cc1ccc(C)c2c(C)cccc12,815.62,26.45,619.41,0.538
Cc1ccc2c(C)ccc(C)c2c1,815.62,26.45,619.41,0.538
Cc1cc2cccc(C)c2cc1C,815.62,26.45,619.41,0.538
Cc1ccc2cc(C)c(C)cc2c1,815.62,26.12,627.2,0.538
CCCC1CCCc2ccccc21,781.55,26.62,586.78,0.553
CCCC1CCc2ccccc2C1,781.55,26.24,595.21,0.553
Cc1ccc2c(c1)CCCC2(C)C,781.55,26.27,594.52,0.553
Cc1ccc(C)c2c1CCC2(C)C,781.55,26.4,591.7,0.553
Cc1cc(C)c2c(c1)C(C)(C)CC2,781.55,26.38,592.03,0.553
Cc1ccc(C)c2c1CCC(C)C2,781.55,26.38,592.03,0.553
CC(C)Cc1ccc(C(C)C(=O)O)cc1,777,21.84,660,0.976
CCCCCCCc1ccccc1,744.47,21.04,705.29,0.561
Cc1ccc(C(C)C)cc1C(C)C,744.47,21.37,694.53,0.561
Cc1cc(C(C)C)cc(C(C)C)c1,744.47,21.45,691.84,0.561
CC(C)C(c1ccccc1)C(C)C,744.47,21.91,677.46,0.561
C#CCCCCCCCCCC#C,770.83,22.47,683.92,0.561
CC(C)CC(C)Cc1ccccc1,744.47,20.81,713.12,0.561
CCCCCCCc1ccc(O)cc1,816.58,23.72,650.03,0.928
CCC(C)c1cccc(C(C)C)c1O,816.58,23.72,650.03,0.928
CCCCCCCc1ccccc1O,816.58,23.72,650.03,0.928
CCCCCCCc1ccc(N)cc1,852.56,21.38,771.35,0.665
CCCCCCCCCc1cccs1,756.44,17.42,810.85,0.679
CCCCCCCCCc1ccsc1,756.44,17.42,810.85,0.679
CC(C)CCCCCCc1cccs1,756.44,17.42,810.85,0.679
CC(C)CCCCCCc1ccsc1,756.44,17.42,810.85,0.679
CCCCCCCC(C)c1cccs1,756.44,17.42,810.85,0.679
CCCCCCCC(C)c1ccsc1,756.44,17.42,810.85,0.679
CCCCCCC(C)(C)c1cccs1,756.44,17.42,810.85,0.679
CCCCCCC(C)(C)c1ccsc1,756.44,17.42,810.85,0.679
CCCCCCCCc1ccsc1C,756.44,17.42,810.85,0.679
CCCCCCCCc1csc(C)c1,756.44,17.42,810.85,0.679
CCCCCCCCc1ccc(C)s1,756.44,17.42,810.85,0.679
CCCCCCCCc1sccc1C,756.44,17.42,810.85,0.679
CCCCCCCCc1cscc1C,756.44,17.42,810.85,0.679
CCCCCCCCc1cc(C)cs1,756.44,17.42,810.85,0.679
C#CCCCCCCCCCCC,695.25,18.34,751.81,0.576
CC#CCCCCCCCCCC,695.25,18.78,734.36,0.576
CCC#CCCCCCCCCC,695.25,18.78,734.36,0.576
CCCCC#CCCCCCCC,695.25,18.78,734.36,0.576
CCCCCC#CCCCCCC,695.25,18.78,734.36,0.576
CCCCCCCCC1C=CCC1,710.25,19.3,729.9,0.576
C1CCC(CC2CCCCC2)CC1,735.25,21.17,688.77,0.576
CCCCCCCCC1=CCCC1,710.25,19.38,726.91,0.576
CCCCCCCCCCC=CC=O,791.12,18.21,816.17,0.942
C=CCCCCCCCCC(=O)OCC,688.51,14.98,846.14,0.995
C=CCCCCCCCCCC(=O)OC,688.51,14.91,850.53,0.995
C=CC(=O)OCCCCCCCC(C)C,688.51,15.03,843.5,0.995
CCC(=O)OCCC(C)CCC=C(C)C,688.51,14.9,850.83,0.995
C=CC(=O)OCCCCCCCCCC,688.51,14.9,850.83,0.995
CCCCCCCCCC=COC(C)=O,688.51,14.9,850.83,0.995
CCCCCCCCCCC=CC(=O)O,808.51,15.18,980.71,0.995
C=CCCCCCCCCCCC(=O)O,808.51,15.18,980.71,0.995
O=C(O)CCCCCCCCCCCC(=O)O,982.11,16.03,1084.22,1.094
CCCCCCCCCCC/C=C\Br,745.84,18.59,855.33,0.813
CCCCCCCCCCC/C=C/Br,745.84,18.59,855.33,0.813
CCCCCCCCCCC/C=C\Cl,753.83,17.86,847.44,0.504
CCCCCCCCCCC/C=C/Cl,753.83,17.86,847.44,0.504
CCCCCCCCCCCCC(Cl)(Cl)Cl,753.91,12.64,1096.29,0.423
CCCCCCCCCCC/C=C\F,642.68,18.28,703.97,0.32
CCCCCCCCCCC/C=C/F,642.68,18.28,703.97,0.32
CCCCCCCCCCCCC(F)(F)F,594.89,14.28,795.59,0.417
CCCCCCCCCCCCC#N,831.02,17.91,893.17,0.679
CCCCCCCCC1CCCC1,708.11,18.95,739.14,0.583
CCCCCCCC1CCCCC1,713.11,18.39,767.07,0.583
CCCCC1C(C)CCCC1(C)C,713.11,19,742.5,0.583
C1CCCCCCCCCCCC1,764.06,23.57,641.5,0.583
C=CCCCCCCCCCCC,683.11,17.22,784.76,0.583
CCCCC=CCCCCCCC,683.11,17.7,763.54,0.583
CCCCCC=CCCCCCC,683.11,17.7,763.54,0.583
C=C(C)CCCCCCCCCC,683.11,17.31,780.95,0.583
CCCC=C(CCCC)CCCC,683.11,17.56,769.59,0.583
CCCCCCCCCCCCC(Br)Br,806.43,16.63,934.9,0.649
BrCCCCCCCCCCCCCBr,806.43,16.63,934.9,0.649
CCCCCCCCCCCCC(Cl)Cl,760.93,15.29,971.49,0.494
CCCCCCCCCCCCC(F)F,668.25,17.4,750.26,0.445
CCCCCCCCCCCCC=O,732.36,16.65,823.97,0.949
CCCCCCCCCCC(C)C=O,732.36,16.83,815.15,0.949
CCCCCCCCCC(C)CC=O,732.36,16.83,815.15,0.949
CC(C)CCCCCCCCCC=O,732.36,16.83,815.15,0.949
CCCCCCCCCCCC(C)=O,723.36,16.33,829.98,0.949
CCCCCCCCCCC(=O)CC,723.36,16.46,823.39,0.949
CCCCCCCCCC(=O)CCC,723.36,16.46,823.39,0.949
CCCCCCCCC(=O)CCCC,723.36,16.46,823.39,0.949
CCCCCCCC(=O)CCCCC,723.36,16.46,823.39,0.949
CCCCCCC(=O)CCCCCC,723.36,16.46,823.39,0.949
CCCCCCCCCC(=O)C(C)C,723.36,16.46,823.39,0.949
CCCCCCCCCCC=CCO,763.36,18.02,793.92,0.949
CCCCCCCCCC/C=C/CO,763.36,18.02,793.92,0.949
CCCCCCCCCC/C=C\CO,763.36,18.09,790.52,0.949
CCCCCCCCCCCCC(=O)O,780.63,15.2,943.24,1.002
CCCCCCCCCCC(C)C(=O)O,780.63,15.22,942.23,1.002
CCCCCCCCCC(C)CC(=O)O,780.63,15.22,942.23,1.002
CCC(C)CCCCCCCCC(=O)O,780.63,15.22,942.23,1.002
CC(C)CCCCCCCCCC(=O)O,780.63,15.22,942.23,1.002
CCCCCCCCCC(C)(C)C(=O)O,780.63,15.22,942.23,1.002
CCCCCCCCCC(CC)C(=O)O,780.63,15.22,942.23,1.002
CCCCCCCCCCCCOC=O,690.63,14.76,859.4,1.002
CCCCCCCCCCCOC(C)=O,690.63,14.76,859.4,1.002
CCCCCCCCCC(C)OC(C)=O,690.63,14.76,859.4,1.002
CCCCCCCCCCOC(=O)CC,690.63,14.77,858.68,1.002
CCC(=O)OCCCCCCCC(C)C,690.63,14.76,859.4,1.002
CCCCCCCCCOC(=O)CCC,690.63,14.67,864.56,1.002
CCCC(=O)OCCCCCCC(C)C,690.63,14.76,859.4,1.002
CCCCCC(CC)COC(=O)CCC,690.63,14.76,859.4,1.002
CCCCCC(CC)COC(=O)C(C)C,690.63,14.76,859.4,1.002
CCCCCCCCOC(=O)CCCC,690.63,14.73,861.07,1.002
CCCCCCC(C)OC(=O)CCCC,690.63,14.76,859.4,1.002
CCCCC(=O)OCC(CC)CCCC,690.63,14.76,859.4,1.002
CCCCCCCCOC(=O)CC(C)C,690.63,14.74,860.47,1.002
CCCCCCCOC(=O)CCCCC,690.63,14.72,861.55,1.002
CCCCCCOC(=O)CCCCCC,690.63,14.72,861.55,1.002
CCCCCCCC(=O)OCCCCC,690.63,14.73,861.31,1.002
CCCCCCCC(=O)OCCC(C)C,690.63,14.7,862.87,1.002
CCCCCCCCC(=O)OCCCC,690.63,14.52,873.83,1.002
CCCCCCCCCC(=O)OCCC,690.63,14.75,860.11,1.002
CCCCCCCCCC(=O)OC(C)C,690.63,14.58,869.78,1.002
CCCCCCCCCCC(=O)OCC,690.63,14.77,858.91,1.002
CCCCCCCCCCCC(=O)OC,,,852.16,1.002
C1CCCCCCSCCCCCC1,818.79,22.39,679.5,0.692
CCCCCCCCCCCCCBr,728.05,16.5,938.45,0.818
CCCCCCCCCCCCCCl,736.34,16.36,901.67,0.507
CCCCCCCCCCCCCF,685.33,18.8,728.09,0.392
CCCCCCCCCCCCC[N+](=O)[O-],879.24,14.59,1111.89,0.789
CCCCCCCCCCCCC,,,734.46,
CCCCCCCCCCC(C)C,670.95,17.91,739.4,0.59
CCCCCCCCCC(C)CC,670.95,18.1,731.78,0.59
CCCCCCCCC(C)CCC,670.95,18.64,710.22,0.59
CCCCCCCC(C)CCCC,670.95,18.61,711.35,0.59
CCCCCCCCCC(C)(C)C,670.95,17.87,740.94,0.59
CCCCCCCCC(C)C(C)C,670.95,18.35,721.81,0.59
CCCCCCCC(C)CC(C)C,670.95,18.03,734.46,0.59
CCCCC(C)CC(C)CC(C)C,670.95,18.05,733.76,0.59
CCCCC(CCCC)CCCC,670.95,18.3,723.51,0.59
CCCCCCCCCCCCCO,730.59,15.89,859.31,0.956
CCCCCCCCCCCC(C)O,730.59,15.99,853.82,0.956
CCCCCCCCCCC(O)CC,730.59,15.25,895.24,0.956
CCCCCCCCCC(O)CCC,730.59,15.25,895.24,0.956
CCCCCCCCC(O)CCCC,730.59,15.25,895.24,0.956
CCCCCCCC(O)CCCCC,730.59,15.25,895.24,0.956
CCCCCCC(O)CCCCCC,730.59,15.25,895.24,0.956
CCCCCCCCCCC(C)CO,730.59,15.25,895.24,0.956
CCCCC(O)(CCCC)CCCC,730.59,16.32,836.67,0.956
CCCCCCCCCCCCOC,660.59,15.25,809.84,0.956
CCCCCCCCCC(O)CCCO,902.74,17.12,966.16,1.008
OCCCCCCCCCCCCCO,902.74,17.12,966.16,1.008
CC(O)CCCCCCCCCCCO,902.74,17.12,966.16,1.008
CCCCCCCCCCCCCS,737.81,15.27,895.38,0.699
CCCCCCCCCCCC(C)S,737.81,15.17,901.29,0.699
CCCCCCCCCCC(S)CC,737.81,15.22,898.62,0.699
CCCCCCCCCC(S)CCC,737.81,15.22,898.62,0.699
CCCCCCCCC(S)CCCC,737.81,15.22,898.62,0.699
CCCCCCCC(S)CCCCC,737.81,15.22,898.62,0.699
CCCCCCC(S)CCCCCC,737.81,15.22,898.62,0.699
CCCCCCCCCCC(C)CS,737.81,15.22,898.62,0.699
CCCCCCCCCC(C)CCS,737.81,15.22,898.62,0.699
CCCCCCCCC(C)CCCS,737.81,15.22,898.62,0.699
CCCCCCCC(C)CCCCS,737.81,15.22,898.62,0.699
CCCCCCC(C)CCCCCS,737.81,15.22,898.62,0.699
CCCCCC(C)CCCCCCS,737.81,15.22,898.62,0.699
CCCCC(C)CCCCCCCS,737.81,15.22,898.62,0.699
CCCC(C)CCCCCCCCS,737.81,15.22,898.62,0.699
CCC(C)CCCCCCCCCS,737.81,15.22,898.62,0.699
CC(C)CCCCCCCCCCS,737.81,15.22,898.62,0.699
CCCCCCCCCCC(C)(C)S,737.81,15.22,898.62,0.699
CCCCCCCCCC(C)C(C)S,737.81,15.22,898.62,0.699
CCCCCCCCC(C)CC(C)S,737.81,15.22,898.62,0.699
CCCCCCCC(C)CCC(C)S,737.81,15.22,898.62,0.699
CCCCCCC(C)CCCC(C)S,737.81,15.22,898.62,0.699
CCCCCC(C)CCCCC(C)S,737.81,15.22,898.62,0.699
CCCCC(C)CCCCCC(C)S,737.81,15.22,898.62,0.699
CCCC(C)CCCCCCC(C)S,737.81,15.22,898.62,0.699
CCC(C)CCCCCCCC(C)S,737.81,15.22,898.62,0.699
CC(C)CCCCCCCCC(C)S,737.81,15.22,898.62,0.699
CCCCCCCCCCCCSC,737.81,15.27,895.38,0.699
CCCCCCCCCCCSCC,737.81,15.27,895.38,0.699
CCCCCCCCCCSCCC,737.81,15.27,895.38,0.699
CCCCCCCCCSCCCC,737.81,15.27,895.38,0.699
CCCCCCCCSCCCCC,737.81,15.22,898.62,0.699
CCCCCCCSCCCCCC,737.81,15.22,898.62,0.699
CCCCCCCCCCC(C)SC,737.81,15.22,898.62,0.699
CCCCCCCCCC(C)CSC,737.81,15.22,898.62,0.699
CCCCCCCCC(C)CCSC,737.81,15.22,898.62,0.699
CCCCCCCC(C)CCCSC,737.81,15.22,898.62,0.699
CCCCCCC(C)CCCCSC,737.81,15.22,898.62,0.699
CCCCCC(C)CCCCCSC,737.81,15.22,898.62,0.699
CCCCCCCCCCSC(C)C,737.81,15.22,898.62,0.699
CCCCCCCCCC(C)SCC,737.81,15.22,898.62,0.699
CCCCCCCCC(C)CSCC,737.81,15.22,898.62,0.699
CCCCCCCC(C)CCSCC,737.81,15.22,898.62,0.699
CCCCCCC(C)CCCSCC,737.81,15.22,898.62,0.699
CCCCCC(C)CCCCSCC,737.81,15.22,898.62,0.699
SCCCCCCCCCCCCCS,854.67,16.67,912.96,0.796
CC(S)CCCCCCCCCCCS,854.67,16.67,912.96,0.796
CCC(S)CCCCCCCCCCS,854.67,16.67,912.96,0.796
CCCC(S)CCCCCCCCCS,854.67,16.67,912.96,0.796
CCCCC(S)CCCCCCCCS,854.67,16.67,912.96,0.796
CCCCCC(S)CCCCCCCS,854.67,16.67,912.96,0.796
CCCCCCC(S)CCCCCCS,854.67,16.67,912.96,0.796
CCCCCCCC(S)CCCCCS,854.67,16.67,912.96,0.796
CCCCCCCCC(S)CCCCS,854.67,16.67,912.96,0.796
CCCCCCCCCC(S)CCCS,854.67,16.67,912.96,0.796
CCCCCCCCCCC(S)CCS,854.67,16.67,912.96,0.796
CCCCCCCCCCCC(S)CS,854.67,16.67,912.96,0.796
CCCCCCCCCCCCSSC,799.67,15.32,929.76,0.796
CCCCCCCCCCCSSCC,799.67,15.32,929.76,0.796
CCCCCCCCCCSSCCC,799.67,15.32,929.76,0.796
CCCCCCCCCSSCCCC,799.67,15.32,929.76,0.796
CCCCCCCCSSCCCCC,799.67,15.32,929.76,0.796
CCCCCCCSSCCCCCC,799.67,15.32,929.76,0.796
CCCCCCCCCCCSCSC,799.67,15.32,929.76,0.796
CCCCCCCCCCSCSCC,799.67,15.32,929.76,0.796
CCCCCCCCCSCSCCC,799.67,15.32,929.76,0.796
CCCCCCCCSCSCCCC,799.67,15.32,929.76,0.796
CCCCCCCSCSCCCCC,799.67,15.32,929.76,0.796
CCCCCCSCSCCCCCC,799.67,15.32,929.76,0.796
CCCCCCCCCCCCCN,751.41,17.59,817.95,0.692
CCCCCCCCCCCN(C)C,711.41,16.04,849.12,0.692
CCCCCCCCCN(CC)CC,711.41,16.11,845.48,0.692
CCCCCCN(C)CCCCCC,711.41,15.92,855.97,0.692
CCCCCCCCCCCCNC,711.41,16.38,831.45,0.692
CCCCCCCCCCCNCC,711.41,16.31,835.23,0.692
CC(C)CCCC(C)NCCC(C)C,711.41,16.61,820.21,0.692
CCC(C)(C)NC(C)(C)CC(C)(C)C,711.41,16.73,814.19,0.692
CCCCCCCCCCCCCNC,729.57,15.42,890.4,0.739
CCCCCCCCCCCCNCC,729.57,15.42,890.4,0.739
CCCCCCCNCCCCCCC,729.57,15.21,902.53,0.739
O=C1c2ccccc2C(=O)c2ccccc21,900,30.62,544,0.982
c1ccc2cc3ccccc3cc2c1,,,552.76,0.568
C(#Cc1ccccc1)c1ccccc1,832,27.08,611,0.568
c1ccc2c(c1)ccc1ccccc12,,,554,0.568
O=C(OOC(=O)c1ccccc1)c1ccccc1,884,21.84,718,1.088
C(=C\c1ccccc1)\c1ccccc1,784,26.09,596,0.575
C(=C/c1ccccc1)\c1ccccc1,838.53,27.4,607,0.575
C=C(c1ccccc1)c1ccccc1,791.64,27.51,570.92,0.575
Cc1cccc2c1Cc1ccccc1-2,847.94,25.12,669.72,0.575
C(=Cc1ccccc1)c1ccccc1,812.69,27.75,581,0.575
O=C(OCc1ccccc1)c1ccccc1,820,21.76,694,0.995
CC(c1ccccc1)c1ccccc1,777.99,24.68,623.64,0.583
c1ccc(CCc2ccccc2)cc1,777.99,25.19,611.1,0.583
Cc1ccccc1Cc1ccccc1,777.99,24.75,621.99,0.583
Cc1cccc(Cc2ccccc2)c1,777.99,24.44,630.01,0.583
Cc1ccc(Cc2ccccc2)cc1,777.99,24.32,633.09,0.583
Cc1ccccc1-c1ccccc1C,817.99,25.21,641.96,0.583
Cc1cccc(-c2ccccc2C)c1,817.99,25.2,642.42,0.583
Cc1ccc(-c2ccccc2C)cc1,817.99,25.2,642.42,0.583
Cc1cccc(-c2cccc(C)c2)c1,817.99,25.19,642.65,0.583
Cc1ccc(-c2cccc(C)c2)cc1,817.99,25.24,641.18,0.583
Cc1ccc(-c2ccc(C)cc2)cc1,817.99,22.92,706.32,0.583
CCc1ccccc1-c1ccccc1,817.99,25.2,642.19,0.583
CCc1cccc(-c2ccccc2)c1,817.99,25.28,640.18,0.583
CCc1ccc(-c2ccccc2)cc1,817.99,25.12,644.25,0.583
Cc1cccc(-c2ccccc2)c1C,817.99,25.12,644.25,0.583
Cc1ccc(-c2ccccc2)cc1C,817.99,25.69,629.98,0.583
Cc1cccc(C)c1-c1ccccc1,817.99,25.14,643.74,0.583
Cc1ccc(C)c(-c2ccccc2)c1,817.99,25.22,641.88,0.583
Cc1ccc(-c2ccccc2)c(C)c1,817.99,23.82,679.55,0.583
Cc1cc(C)cc(-c2ccccc2)c1,817.99,25.4,637.33,0.583
c1ccc(COCc2ccccc2)cc1,777,23.95,608,0.949
CCCCc1cccc2ccccc12,835.83,23.42,704.44,0.59
CCCCc1ccc2ccccc2c1,835.83,23.1,714.11,0.59
CCC(C)c1cccc2ccccc12,835.83,23.45,703.39,0.59
CCC(C)c1ccc2ccccc2c1,835.83,23.75,694.69,0.59
CC(C)Cc1cccc2ccccc12,835.83,23.27,708.8,0.59
CC(C)Cc1ccc2ccccc2c1,835.83,23.75,694.69,0.59
CC(C)(C)c1cccc2ccccc12,835.83,23.88,690.95,0.59
CC(C)(C)c1ccc2ccccc2c1,835.83,23.18,711.63,0.59
CCCc1ccc2ccccc2c1C,835.83,23.75,694.69,0.59
CCCc1c(C)ccc2ccccc12,835.83,23.75,694.69,0.59
CCCc1cc2ccccc2cc1C,835.83,23.75,694.69,0.59
Cc1ccc2ccccc2c1C(C)C,835.83,23.75,694.69,0.59
Cc1cc2ccccc2cc1C(C)C,835.83,23.75,694.69,0.59
Cc1cc(C(C)C)cc2ccccc12,835.83,23.75,694.69,0.59
Cc1ccc(C(C)C)c2ccccc12,835.83,24.01,687.11,0.59
Cc1cccc2cc(C(C)C)ccc12,835.83,23.75,694.69,0.59
Cc1cccc2ccc(C(C)C)cc12,835.83,23.45,703.57,0.59
CCc1ccc2ccccc2c1CC,835.83,23.75,694.69,0.59
CCc1ccc(CC)c2ccccc12,835.83,23.88,690.78,0.59
CCc1ccc2c(CC)cccc2c1,835.83,23.75,694.69,0.59
CCc1ccc2cccc(CC)c2c1,835.83,23.75,694.69,0.59
CCc1cc2ccccc2cc1CC,835.83,23.75,694.69,0.59
CCc1ccc2cc(CC)ccc2c1,835.83,23.75,694.69,0.59
CCc1c(C)cc(C)c2ccccc12,835.83,23.75,694.69,0.59
CCc1ccc(C)c2cc(C)ccc12,835.83,23.75,694.69,0.59
CCc1cc(C)c(C)c2ccccc12,835.83,23.75,694.69,0.59
CCc1cccc2c(C)cc(C)cc12,835.83,23.75,694.69,0.59
CCc1cccc2c(C)ccc(C)c12,835.83,23.75,694.69,0.59
CCc1ccc2c(C)cc(C)cc2c1,835.83,23.75,694.69,0.59
CCc1ccc2c(C)ccc(C)c2c1,835.83,23.75,694.69,0.59
CCc1ccc2ccc(C)c(C)c2c1,835.83,23.75,694.69,0.59
Cc1c(C)c(C)c2ccccc2c1C,835.83,23.75,694.69,0.59
Cc1ccc2c(C)c(C)c(C)cc2c1,835.83,23.75,694.69,0.59
Cc1ccc2c(C)c(C)cc(C)c2c1,835.83,23.75,694.69,0.59
Cc1ccc2c(C)cc(C)c(C)c2c1,835.83,24.43,675.19,0.59
Cc1cc(C)c2cccc(C)c2c1C,835.83,23.75,694.69,0.59
Cc1ccc2c(C)c(C)ccc2c1C,835.83,23.75,694.69,0.59
Cc1ccc2c(C)ccc(C)c2c1C,835.83,23.75,694.69,0.59
Cc1cc(C)c2c(C)c(C)ccc2c1,835.83,23.75,694.69,0.59
Cc1cc(C)c2c(C)ccc(C)c2c1,835.83,23.75,694.69,0.59
Cc1cc(C)c2cc(C)c(C)cc2c1,835.83,23.75,694.69,0.59
Cc1ccc(C)c2c(C)ccc(C)c12,835.83,23.75,694.69,0.59
Cc1cc2c(C)ccc(C)c2cc1C,835.83,23.75,694.69,0.59
Cc1cc2cc(C)c(C)cc2cc1C,835.83,23.75,694.69,0.59
Cc1ccc2cccc(C(C)C)c2c1,835.83,23.72,695.59,0.59
Cc1cc(C)c2c(C)cc(C)cc2c1,835.83,23.75,694.69,0.59
CCCOC(=O)c1ccccc1C(=O)OCCC,768,17.1,789,1.112
CCCCC1CCCc2ccccc21,801.44,24.14,652.05,0.604
CCCCC1CCc2ccccc2C1,801.44,23.92,658.07,0.604
Cc1ccc2c(c1)CCC(C)C2(C)C,801.44,24.22,649.96,0.604
CCCCc1cccc2c1CCCC2,801.44,24.35,646.28,0.604
CC(C)Cc1cccc2c1CCCC2,801.44,24.35,646.28,0.604
CC(C)(C)c1cc(Cl)cc(C(C)(C)C)c1,793.68,19.08,826.99,0.445
CCCCCCCCc1ccccc1,764.21,19.36,773.15,0.611
CCc1ccc(CC)c(CC)c1CC,764.21,20.18,741.74,0.611
CCc1cc(CC)c(CC)c(CC)c1,764.21,20.05,746.81,0.611
CCc1cc(CC)c(CC)cc1CC,764.21,19.96,749.89,0.611
CC(C)(C)c1ccc(C(C)(C)C)cc1,764.21,23.01,650.55,0.611
CCCCCCC(C)c1ccccc1,764.21,19.79,756.63,0.611
CC(C)(C)c1cccc(C(C)(C)C)c1,764.21,19.53,766.68,0.611
CCCCCC#CC#CCCCCC,793.84,22.07,704.76,0.611
CC(C)(C)CC(C)(C)c1ccc(O)cc1,832.09,21.79,708.44,0.976
CC(C)(C)c1ccc(O)c(C(C)(C)C)c1,832.09,21.79,708.44,0.976
CCC(C)c1cccc(C(C)CC)c1O,832.09,21.79,708.44,0.976
CC(C)(C)c1cccc(C(C)(C)C)c1O,832.09,21.79,708.44,0.976
CCCCCCCCc1ccc(O)cc1,832.09,22.41,688.97,0.976
CC(C)(C)CC(C)(C)c1ccccc1O,832.09,21.85,706.58,0.976
CC(C)(C)c1cc(O)cc(C(C)(C)C)c1,832.09,21.79,708.44,0.976
CCCC(C)c1cccc(C(C)C)c1O,832.09,21.79,708.44,0.976
CCCCN(CCCC)c1ccccc1,819.24,18.39,846.74,0.712
CCCCCCCCc1ccc(N)cc1,871.24,19.79,836.62,0.712
CC(C)c1cccc(C(C)C)c1N(C)C,819.24,17.64,882.59,0.712
CCCCC(CC)CNc1ccccc1,844.24,19.16,837.5,0.712
CCC(C)C(CN(C)C)c1ccccc1,844.24,20.15,796.39,0.712
CCCCCCCCCCc1cccs1,771.03,16.37,864.41,0.724
CCCCCCCCCCc1ccsc1,771.03,16.65,849.69,0.724
CC(C)CCCCCCCc1cccs1,771.03,16.37,864.41,0.724
CC(C)CCCCCCCc1ccsc1,771.03,16.37,864.41,0.724
CCCCCCCCC(C)c1cccs1,771.03,16.37,864.41,0.724
CCCCCCCCC(C)c1ccsc1,771.03,16.37,864.41,0.724
CCCCCCCC(C)(C)c1cccs1,771.03,16.37,864.41,0.724
CCCCCCCC(C)(C)c1ccsc1,771.03,16.37,864.41,0.724
CCCCCCCCCc1ccsc1C,771.03,16.37,864.41,0.724
CCCCCCCCCc1csc(C)c1,771.03,16.37,864.41,0.724
CCCCCCCCCc1ccc(C)s1,771.03,16.37,864.41,0.724
CCCCCCCCCc1sccc1C,771.03,16.37,864.41,0.724
CCCCCCCCCc1cscc1C,771.03,16.37,864.41,0.724
CCCCCCCCCc1cc(C)cs1,771.03,16.37,864.41,0.724
C#CCCCCCCCCCCCC,714.69,17.1,814.51,0.625
CC#CCCCCCCCCCCC,714.69,17.37,802.04,0.625
CCC#CCCCCCCCCCC,714.69,17.37,802.04,0.625
CCCCC#CCCCCCCCC,714.69,17.37,802.04,0.625
CCCCCC#CCCCCCCC,714.69,17.37,802.04,0.625
CCCCCCC#CCCCCCC,714.69,17.41,800.22,0.625
CC(C1CCCCC1)C1CCCCC1,754.69,19.97,736.61,0.625
C1CCC(CCC2CCCCC2)CC1,754.69,19.52,753.76,0.625
CCCCCCCCCC1=CCCC1,729.69,17.95,792.48,0.625
C=CCCCCCCCCCCC=C,714.69,20.01,696.05,0.625
CCCCCCCCCCCC=CC=O,806.41,16.7,891.62,0.989
CC(C)=CCCC(C)CCCC(C)C=O,806.41,16.7,891.62,0.989
CCCCCCCCCC=CCCC(=O)O,823.01,14.92,998.34,1.04
CCCCCCCCC=CCCCC(=O)O,823.01,14.96,995.43,1.04
CCCCC=CCCCCCCCC(=O)O,823.01,14.91,999.14,1.04
CCCC/C=C\CCCCCCCC(=O)O,823.01,14.28,1043.01,1.04
C=CCCCCCCCCCCC(=O)OC,703.01,13.89,915.77,1.04
C=C(C)C(=O)OCCCCCCCCCC,703.01,13.73,926.37,1.04
C=C(C)C(=O)OCCCCCCCC(C)C,703.01,13.83,919.53,1.04
CCCC(=O)OCCC(C)CCC=C(C)C,703.01,13.73,926.37,1.04
CC(C)=CCCC(C)CCOC(=O)C(C)C,703.01,13.73,926.37,1.04
CCCC/C=C\CCCCCCOC(C)=O,703.01,13.73,926.37,1.04
O=C(O)CCCCCCCCCCCCC(=O)O,997.22,14.55,1191.59,1.135
CCCCCCCCCCCC/C=C\Br,760.96,17.43,914.67,0.851
CCCCCCCCCCCC/C=C/Br,760.96,17.43,914.67,0.851
CCCCCCCCCCCC/C=C\Cl,770.99,16.5,921.75,0.523
CCCCCCCCCCCC/C=C/Cl,770.99,16.5,921.75,0.523
CCCCCCCCCCCCCC(Cl)(Cl)Cl,768.06,11.74,1181.94,0.439
CCCCCCCCCCCC/C=C\F,660.78,16.95,767.32,0.33
CCCCCCCCCCCC/C=C/F,660.78,16.95,767.32,0.33
CCCCCCCCCCCCCC(F)(F)F,610.98,13.3,862.12,0.426
CCCCCCCCCCCCCC#N,849.44,16.6,967.85,0.726
CCCCCCCCCC1CCCC1,727.4,17.58,804.27,0.632
CCCCCCCCC1CCCCC1,732.4,17.19,828.58,0.632
C1CCCCCCCCCCCCC1,777.91,21.94,689.5,0.632
C=CCCCCCCCCCCCC,702.4,16.07,849.72,0.632
CC=CCCCCCCCCCCC,702.4,16.88,809.09,0.632
CCC=CCCCCCCCCCC,702.4,16.42,831.79,0.632
CCCC=CCCCCCCCCC,702.4,16.42,831.79,0.632
CCCCC=CCCCCCCCC,702.4,16.42,831.79,0.632
CCCCCC=CCCCCCCC,702.4,16.42,831.79,0.632
CCCCC/C=C/CCCCCCC,702.4,16.42,831.79,0.632
CCCCCC/C=C/CCCCCC,702.4,15.97,855.06,0.632
C=C(C)CCCCCCCCCCC,702.4,16.14,846.01,0.632
CC(=CC(C)(C)C(C)(C)C)C(C)(C)C,702.4,16.42,831.79,0.632
CCCCCCC(C)C1CCCCC1,732.4,17.03,836.16,0.632
CC1CCC(C(C)C)C(C(C)(C)C)C1,732.4,17.03,836.16,0.632
CCCCCCCCCCCCCC(Br)Br,819,15.44,1005.02,0.681
BrCCCCCCCCCCCCCCBr,819,15.44,1005.02,0.681
CCCCCCCCCCCCCC(Cl)Cl,792.42,14.47,1032.93,0.529
CCCCCCCCCCCCCC(F)F,685.22,16.13,815.33,0.454
CCCCCCCCCCCCCC=O,747.55,15.41,893.34,0.996
CCCCCCCCCCCCC(C)=O,738.55,15.17,896.22,0.996
CCCCCCCCCCCC(=O)CC,738.55,15.17,896.22,0.996
CCCCCCCCCCC(=O)CCC,738.55,15.17,896.22,0.996
CCCCCCCCCC(=O)CCCC,738.55,15.17,896.22,0.996
CCCCCCCCC(=O)CCCCC,738.55,15.17,896.22,0.996
CCCCCCCCCCC(=O)C(C)C,738.55,15.17,896.22,0.996
CCCCC(CC)CCC(=O)CC(C)C,738.55,15.14,898.28,0.996
C=COCCCCCCCCCCCC,688.55,14.63,866.68,0.996
CCCC/C=C\CCCCCCCCO,778.55,16.61,862.88,0.996
CCCCCCCCCCCCCC(=O)O,795.04,14.34,1000.45,1.046
CCCCCCCCCCCC(C)C(=O)O,795.04,14.34,1000.9,1.046
CC(C)CCCCCCCCCCC(=O)O,795.04,14.34,1000.9,1.046
CCCCCCCCCCC(CC)C(=O)O,795.04,14.34,1000.9,1.046
CCCCCCCCCCCCCOC=O,705.04,13.63,933.74,1.046
CCCCCCCCCC(CC)COC=O,705.04,13.63,933.74,1.046
CCCCCCCCCCCCOC(C)=O,705.04,13.63,933.74,1.046
CCCCCCCCCCCOC(=O)CC,705.04,13.63,933.74,1.046
CCCCCCCCCCOC(=O)CCC,705.04,13.7,928.86,1.046
CCCCCCCCCCOC(=O)C(C)C,705.04,13.78,923.33,1.046
CC(C)CCCC(C)CCOC(=O)C(C)C,705.04,13.63,933.74,1.046
CCCCCCCCCOC(=O)CCCC,705.04,13.63,933.74,1.046
CCCCCCCCCOC(=O)CC(C)C,705.04,13.63,933.74,1.046
CCCCCCCCOC(=O)CCCCC,705.04,13.67,930.68,1.046
CCCCCCCOC(=O)CCCCCC,705.04,13.76,924.74,1.046
CCCCCCCC(=O)OCCCCCC,705.04,13.67,930.68,1.046
CCCCCCCCC(=O)OCCCCC,705.04,13.49,943.43,1.046
CCCCCCCCCCCC(=O)OCC,705.04,13.7,928.73,1.046
CCCCCCCCCCCCC(=O)OC,705.04,13.63,933.74,1.046
C1CCCCCCCSCCCCCC1,827.84,20.78,727.5,0.736
CCCCCCCCCCCCCCBr,743.09,15.36,1011.2,0.857
CC(C)CCCCCCCCCCCBr,743.09,15.56,997.95,0.857
CCCCCCCCCCCCCCCl,753.4,15.25,972.55,0.526
CCCCCCCCCCCCCCF,703.32,17.44,791.91,0.402
CCCCCCCCCCCCCC[N+](=O)[O-],895.76,13.47,1205.4,0.831
CCCCCCCCCCCC(C)C,690.1,16.75,798.96,0.639
CCCCCCCCCCC(C)CC,690.1,16.92,791.05,0.639
CCCCCCCCCC(C)CCC,690.1,17.35,771.21,0.639
CCCCCCCCC(C)CCCC,690.1,17.32,772.77,0.639
CCCCCCC(C)CCCCCC,690.1,16.94,790.18,0.639
CCCCCCCCCCC(C)(C)C,690.1,16.73,800.23,0.639
CCCCCCCCCC(C)C(C)C,690.1,17.16,779.75,0.639
CCCCCCCCC(C)CC(C)C,690.1,16.88,792.92,0.639
CCCCCC(C)CC(C)CC(C)C,690.1,16.71,800.95,0.639
CC(CC(C)(C)C(C)(C)C)C(C)(C)C,690.1,16.91,791.43,0.639
CCCCCCCCCCCCCCO,745.68,14.72,930.23,1.002
CCCCCCCCCCCCC(C)O,745.68,14.43,949.39,1.002
CCCCCCCCCCCC(O)CC,745.68,14.43,949.39,1.002
CCCCCCCCCCC(O)CCC,745.68,14.43,949.39,1.002
CCCCCCCCCC(O)CCCC,745.68,14.43,949.39,1.002
CCCCCCCCC(O)CCCCC,745.68,14.43,949.39,1.002
CC(C)CCCCCCCCCCCO,745.68,15.11,906.66,1.002
CCCCCCCCCCC(O)C(C)C,745.68,15.05,909.78,1.002
CCCCCCCCCC(O)CC(C)C,745.68,14.43,949.39,1.002
CCCCCCCOCCCCCCC,675.68,14.07,882.2,1.002
CCCCCCCCCCCCC(O)CO,917.06,15.67,1053.86,1.052
OCCCCCCCCCCCCCCO,917.06,15.67,1053.86,1.052
CC(C)(CO)CCCCCCC(C)(C)CO,917.06,15.67,1053.86,1.052
CCCCCCCCCCCCCCS,752.13,14.19,965.46,0.743
CCCCCCCCCCCCC(C)S,752.13,14.11,970.86,0.743
CCCCCCCCCCCC(S)CC,752.13,14.36,953.83,0.743
CCCCCCCCCCC(S)CCC,752.13,14.36,953.83,0.743
CCCCCCCCCC(S)CCCC,752.13,14.36,953.83,0.743
CCCCCCCCC(S)CCCCC,752.13,14.36,953.83,0.743
CCCCCCCC(S)CCCCCC,752.13,14.36,953.83,0.743
CCCCCCCCCCCC(C)CS,752.13,14.36,953.83,0.743
CCCCCCCCCCC(C)CCS,752.13,14.36,953.83,0.743
CCCCCCCCCC(C)CCCS,752.13,14.36,953.83,0.743
CCCCCCCCC(C)CCCCS,752.13,14.36,953.83,0.743
CCCCCCCC(C)CCCCCS,752.13,14.36,953.83,0.743
CCCCCCC(C)CCCCCCS,752.13,14.36,953.83,0.743
CCCCCC(C)CCCCCCCS,752.13,14.36,953.83,0.743
CCCCC(C)CCCCCCCCS,752.13,14.36,953.83,0.743
CCCC(C)CCCCCCCCCS,752.13,14.36,953.83,0.743
CCC(C)CCCCCCCCCCS,752.13,14.36,953.83,0.743
CC(C)CCCCCCCCCCCS,752.13,14.36,953.83,0.743
CCCCCCCCCCCC(C)(C)S,752.13,14.36,953.83,0.743
CCCCCCCCCCC(C)C(C)S,752.13,14.36,953.83,0.743
CCCCCCCCCC(C)CC(C)S,752.13,14.36,953.83,0.743
CCCCCCCCC(C)CCC(C)S,752.13,14.36,953.83,0.743
CCCCCCCC(C)CCCC(C)S,752.13,14.36,953.83,0.743
CCCCCCC(C)CCCCC(C)S,752.13,14.36,953.83,0.743
CCCCCC(C)CCCCCC(C)S,752.13,14.36,953.83,0.743
CCCCC(C)CCCCCCC(C)S,752.13,14.36,953.83,0.743
CCCC(C)CCCCCCCC(C)S,752.13,14.36,953.83,0.743
CCC(C)CCCCCCCCC(C)S,752.13,14.36,953.83,0.743
CC(C)CCCCCCCCCC(C)S,752.13,14.36,953.83,0.743
CCCCCCCCCCCCCSC,752.13,14.21,964.09,0.743
CCCCCCCCCCCCSCC,752.13,14.21,964.09,0.743
CCCCCCCCCCCSCCC,752.13,14.21,964.09,0.743
CCCCCCCCCCSCCCC,752.13,14.21,964.09,0.743
CCCCCCCCCSCCCCC,752.13,14.36,953.83,0.743
CCCCCCCCSCCCCCC,752.13,14.36,953.83,0.743
CCCCCCCSCCCCCCC,752.13,14.21,964.09,0.743
CCCCCCCCCCCC(C)SC,752.13,14.36,953.83,0.743
CCCCCCCCCCC(C)CSC,752.13,14.36,953.83,0.743
CCCCCCCCCC(C)CCSC,752.13,14.36,953.83,0.743
CCCCCCCCC(C)CCCSC,752.13,14.36,953.83,0.743
CCCCCCCC(C)CCCCSC,752.13,14.36,953.83,0.743
CCCCCCC(C)CCCCCSC,752.13,14.36,953.83,0.743
CCCCCC(C)CCCCCCSC,752.13,14.36,953.83,0.743
CCCCCCCCCCCSC(C)C,752.13,14.36,953.83,0.743
CCCCCCCCCCC(C)SCC,752.13,14.36,953.83,0.743
CCCCCCCCCC(C)CSCC,752.13,14.36,953.83,0.743
CCCCCCCCC(C)CCSCC,752.13,14.36,953.83,0.743
CCCCCCCC(C)CCCSCC,752.13,14.36,953.83,0.743
CCCCCCC(C)CCCCSCC,752.13,14.36,953.83,0.743
CCCCCC(C)CCCCCSCC,752.13,14.36,953.83,0.743
SCCCCCCCCCCCCCCS,867.7,15.63,971.75,0.836
CCC(S)CCCCCCCCCCCS,867.7,15.63,971.75,0.836
CCCC(S)CCCCCCCCCCS,867.7,15.63,971.75,0.836
CCCCC(S)CCCCCCCCCS,867.7,15.63,971.75,0.836
CCCCCC(S)CCCCCCCCS,867.7,15.63,971.75,0.836
CCCCCCC(S)CCCCCCCS,867.7,15.63,971.75,0.836
CCCCCCCC(S)CCCCCCS,867.7,15.63,971.75,0.836
CCCCCCCCC(S)CCCCCS,867.7,15.63,971.75,0.836
CCCCCCCCCC(S)CCCCS,867.7,15.63,971.75,0.836
CCCCCCCCCCC(S)CCCS,867.7,15.63,971.75,0.836
CCCCCCCCCCCC(S)CCS,867.7,15.63,971.75,0.836
CCCCCCCCCCCCC(S)CS,867.7,15.63,971.75,0.836
CCCCCCCCCCCCCSSC,812.7,14.38,988.72,0.836
CCCCCCCCCCCCSSCC,812.7,14.38,988.72,0.836
CCCCCCCCCCCSSCCC,812.7,14.38,988.72,0.836
CCCCCCCCCCSSCCCC,812.7,14.38,988.72,0.836
CCCCCCCCCSSCCCCC,812.7,14.38,988.72,0.836
CCCCCCCCSSCCCCCC,812.7,14.38,988.72,0.836
CCCCCCCSSCCCCCCC,812.7,14.38,988.72,0.836
CCCCCCCCCCCCSCSC,812.7,14.38,988.72,0.836
CCCCCCCCCCCSCSCC,812.7,14.38,988.72,0.836
CCCCCCCCCCSCSCCC,812.7,14.38,988.72,0.836
CCCCCCCCCSCSCCCC,812.7,14.38,988.72,0.836
CCCCCCCCSCSCCCCC,812.7,14.38,988.72,0.836
CCCCCCCSCSCCCCCC,812.7,14.38,988.72,0.836
CCCCCCCCCCCCCCN,769.57,16.39,883.53,0.739
CCCCCCCCCCCCN(C)C,729.57,15,915.11,0.739
CCCCCCCCCCN(CC)CC,729.57,15.06,911.76,0.739
CCCCCCCC[SiH](C(C)C)C(C)C,817.64,16.03,986.63,0.44
O=C=Nc1ccc(Cc2ccc(N=C=O)cc2)cc1,802,20.25,712,0.851
Cc1cccc2cc3ccccc3cc12,876.85,22.24,770.34,0.618
Cc1ccc2cc3ccccc3cc2c1,876.85,22.47,762.51,0.618
Cc1c2ccccc2cc2ccccc12,876.85,22.7,754.83,0.618
Cc1cccc2c1ccc1ccccc12,876.85,22.7,754.83,0.618
Cc1ccc2ccc3ccccc3c2c1,876.85,22.7,754.83,0.618
Cc1cccc2ccc3ccccc3c12,876.85,22.7,754.83,0.618
Cc1ccc2c(ccc3ccccc32)c1,876.85,22.7,754.83,0.618
CC=C(c1ccccc1)c1ccccc1,805.9,25.29,621.2,0.625
CC(=Cc1ccccc1)c1ccccc1,805.9,24.13,651.04,0.625
C(=Cc1ccccc1)Cc1ccccc1,845.38,26.13,630.79,0.625
C=C(Cc1ccccc1)c1ccccc1,814.18,27.85,569.86,0.625
c1ccc([C@@H]2C[C@H]2c2ccccc2)cc1,807.13,25.18,624.86,0.625
c1ccc([C@H]2C[C@H]2c2ccccc2)cc1,807.13,25.18,624.86,0.625
c1ccc(C2CC2c2ccccc2)cc1,807.13,25.18,624.86,0.625
CCC1c2ccccc2-c2ccccc21,870.58,23.16,732.9,0.625
Cc1cccc2c1C(C)c1ccccc1-2,870.58,23.16,732.9,0.625
CCC(c1ccccc1)c1ccccc1,797.29,22.38,692.67,0.632
CC(Cc1ccccc1)c1ccccc1,797.29,22.13,700.53,0.632
c1ccc(CCCc2ccccc2)cc1,797.29,22.2,698.29,0.632
CC(C)(c1ccccc1)c1ccccc1,797.29,22.34,694.11,0.632
Cc1cccc(C(C)c2ccccc2)c1,797.29,22.34,694.11,0.632
Cc1ccc(C(C)c2ccccc2)cc1,797.29,22.34,694.11,0.632
Cc1cccc(CCc2ccccc2)c1,797.29,22.34,694.11,0.632
Cc1ccc(CCc2ccccc2)cc1,797.29,22.34,694.11,0.632
CCc1ccccc1Cc1ccccc1,797.29,22.53,688.04,0.632
CCc1cccc(Cc2ccccc2)c1,797.29,22.2,698.46,0.632
CCc1ccc(Cc2ccccc2)cc1,797.29,22.14,700.27,0.632
Cc1cccc(Cc2ccccc2)c1C,797.29,22.34,694.11,0.632
Cc1ccc(Cc2ccccc2)c(C)c1,797.29,22.34,694.11,0.632
Cc1ccc(C)c(Cc2ccccc2)c1,797.29,22.34,694.11,0.632
Cc1ccc(Cc2ccccc2)cc1C,797.29,22.34,694.11,0.632
Cc1cc(C)cc(Cc2ccccc2)c1,797.29,22.34,694.11,0.632
Cc1cccc(C)c1Cc1ccccc1,797.29,22.34,694.11,0.632
Cc1cccc(Cc2ccccc2C)c1,797.29,22.34,694.11,0.632
Cc1ccc(Cc2ccccc2C)cc1,797.29,22.34,694.11,0.632
Cc1ccc(Cc2cccc(C)c2)cc1,797.29,22.34,694.11,0.632
Cc1ccc(Cc2ccc(C)cc2)cc1,797.29,22.31,695.04,0.632
CC(C)c1ccc(-c2ccccc2)cc1,837.29,22.87,711.91,0.632
CC(C)c1ccccc1-c1ccccc1,837.29,22.87,711.91,0.632
CCCc1ccc(-c2ccccc2)cc1,837.29,22.87,711.91,0.632
CCCc1ccccc1-c1ccccc1,837.29,22.87,711.91,0.632
CC(C)(c1ccccc1)c1ccc(O)cc1,834,21.85,703,0.995
CC(C)(c1ccc(O)cc1)c1ccc(O)cc1,849,22.64,677,1.046
CCCCCc1ccc2ccccc2c1,854.98,21.03,788.67,0.639
Cc1ccc2c(C)ccc(C(C)C)c2c1,854.98,21.39,775.28,0.639
CCCCCc1cccc2ccccc12,854.98,21.36,776.34,0.639
CCCCCC1CCCc2ccccc21,820.31,22.07,717.42,0.652
CCCCCC1CCc2ccccc2C1,820.31,21.92,722.11,0.652
CC(C)=CCCC(C)c1ccc(C)cc1,791.38,19.51,782.75,0.652
CCCCCCc1ccc2c(c1)CCC2,826.63,18.5,862.28,0.652
CCCCCCCCCc1ccccc1,782.95,,843.21,0.659
CC(C)c1ccc(C(C)C)c(C(C)C)c1,782.95,18.01,836.84,0.659
CC(C)c1cc(C(C)C)cc(C(C)C)c1,782.95,17.94,840.25,0.659
Cc1cc(C(C)(C)C)cc(C(C)(C)C)c1,782.95,18.08,833.81,0.659
Cc1cc(C(C)(C)C)c(O)c(C(C)(C)C)c1,846.88,18.98,813.42,1.021
CCCCCCCCCc1ccccc1O,846.88,20.4,756.88,1.021
Cc1cc(O)c(C(C)(C)C)cc1C(C)(C)C,846.88,19.45,793.88,1.021
Cc1cc(C(C)(C)C)cc(C(C)(C)C)c1O,846.88,18.91,816.38,1.021
CCCCCCCCCc1ccc(O)cc1,846.88,19.94,774.19,1.021
CCCCCCCCCCCc1cccs1,785,15.38,920.19,0.767
CCCCCCCCCCCc1ccsc1,785,15.38,920.19,0.767
CC(C)CCCCCCCCc1cccs1,785,15.38,920.19,0.767
CC(C)CCCCCCCCc1ccsc1,785,15.38,920.19,0.767
CCCCCCCCCC(C)c1cccs1,785,15.38,920.19,0.767
CCCCCCCCCC(C)c1ccsc1,785,15.38,920.19,0.767
CCCCCCCCC(C)(C)c1cccs1,785,15.38,920.19,0.767
CCCCCCCCC(C)(C)c1ccsc1,785,15.38,920.19,0.767
CCCCCCCCCCc1ccsc1C,785,15.38,920.19,0.767
CCCCCCCCCCc1csc(C)c1,785,15.38,920.19,0.767
CCCCCCCCCCc1ccc(C)s1,785,15.38,920.19,0.767
CCCCCCCCCCc1sccc1C,785,15.38,920.19,0.767
CCCCCCCCCCc1cscc1C,785,15.38,920.19,0.767
CCCCCCCCCCc1cc(C)cs1,785,15.38,920.19,0.767
CCC(C1CCCCC1)C1CCCCC1,773.17,18.49,800.96,0.673
CC(CC1CCCCC1)C1CCCCC1,773.17,18.06,819.95,0.673
C1CCC(CCCC2CCCCC2)CC1,773.17,18.07,819.5,0.673
CC(C)(C1CCCCC1)C1CCCCC1,773.17,18.75,789.76,0.673
CCCCCCCCCCC1=CCCC1,748.17,16.68,858.97,0.673
C#CCCCCCCCCCCCCC,733.17,15.9,883.39,0.673
CC#CCCCCCCCCCCCC,733.17,16.11,871.66,0.673
CCC#CCCCCCCCCCCC,733.17,16.11,871.66,0.673
CCCCCCCCCCCCC=CC=O,821.01,15.37,969.09,1.034
CCCCCCCCCCCCC=CC(=O)O,836.9,13.43,1107.83,1.082
CCC(C)C(=O)OC1CC(C)CCC1C(C)C,716.9,13.43,949.27,1.082
C=CCCCCCCCCC(=O)OCCCC,716.9,12.7,1003.77,1.082
CCCCCCCCCCCCC/C=C\Br,775.55,16.36,975.83,0.889
CCCCCCCCCCCCC/C=C/Br,775.55,16.36,975.83,0.889
CCCCCCCCCCCCC/C=C\Cl,787.44,15.45,988.53,0.542
CCCCCCCCCCCCC/C=C/Cl,787.44,15.45,988.53,0.542
CCCCCCCCCCCCCCC(Cl)(Cl)Cl,781.76,11.59,1197.15,0.454
CCCCCCCCCCCCC/C=C\F,678.07,15.96,821.59,0.34
CCCCCCCCCCCCC/C=C/F,678.07,15.96,821.59,0.34
CCCCCCCCCCCCCCC(F)(F)F,626.45,12.43,930.09,0.434
CCCCCCCCCCCCCCC#N,867.01,15.43,1044.04,0.771
CCCCCCCCCCC1CCCC1,745.75,16.38,869.79,0.679
CCCCCCCCCC1CCCCC1,750.75,15.89,902.72,0.679
CC[C@]1(C)CC[C@@H](C(C)C)C[C@H]1C(C)C,750.75,15.78,909.15,0.679
C1CCCCCCCCCCCCCC1,791.72,20.51,737.5,0.679
C=CCCCCCCCCCCCCC,720.75,15.04,915.9,0.679
CCCCCCC=CCCCCCCC,720.75,15.08,913.06,0.679
C=C(C)CCCCCCCCCCCC,720.75,15.1,911.79,0.679
CCCCCCCCCCCCCCC(Br)Br,831.22,14.37,1076.79,0.712
CCCCCCCCCCCCCCC(Cl)Cl,807.3,14.34,1043.22,0.546
CCCCCCCCCCCCCCC(F)F,701.5,15.77,839.28,0.463
CCCCCCCCCCCCCCC=O,762.05,14.33,962.47,1.04
CCC(C)CCCCCCCCCCC=O,762.05,14.33,962.47,1.04
CCCCCCCCCCCCCC(C)=O,753.05,13.93,977.93,1.04
CCCCCCCCCCCC(=O)CCC,753.05,13.93,977.93,1.04
CCCCCCCCCCC(=O)CCCC,753.05,13.93,977.93,1.04
CCCCCCCCCC(=O)CCCCC,753.05,13.93,977.93,1.04
CCCCCCCCC(=O)CCCCCC,753.05,13.93,977.93,1.04
CCCCCCCC(=O)CCCCCCC,753.05,13.93,977.93,1.04
C=CC(O)CCCCCCCCCCCC,793.05,15.31,937.14,1.04
CCCCCCCCCCCCCCC(=O)O,808.85,13.06,1098.71,1.088
CCCCCCCCCCCCC(C)C(=O)O,808.85,13.51,1061.91,1.088
CCC(C)CCCCCCCCCCC(=O)O,808.85,13.51,1061.91,1.088
CC(C)CCCCCCCCCCCC(=O)O,808.85,13.51,1061.91,1.088
CCCCCCCCCCCC(CC)C(=O)O,808.85,13.51,1061.91,1.088
CCCCCCCCCCCCCCOC=O,718.85,12.54,1016.59,1.088
CCCCCCCCCCCCCOC(C)=O,718.85,12.54,1016.59,1.088
CCCCCCCCCCCCOC(=O)CC,718.85,12.54,1016.59,1.088
CCCCCCCCCCCOC(=O)CCC,718.85,12.54,1016.59,1.088
CCCCCCCCCCCOC(=O)C(C)C,718.85,12.54,1016.59,1.088
CCCCCCCCCCOC(=O)CCCC,718.85,12.54,1016.59,1.088
CCCCCCCCOC(=O)CCCCCC,718.85,12.74,1000.66,1.088
CCCCCCCOC(=O)CCCCCCC,718.85,12.74,1000.66,1.088
CCCCCCCCCCCC(=O)OCCC,718.85,12.77,998.71,1.088
CCCCCCCCCCCC(=O)OC(C)C,718.85,12.64,1009.11,1.088
CCCCCCCCCCCCC(=O)OCC,718.85,12.63,1009.96,1.088
CCCCCCCCCCCCCC(=O)OC,718.85,12.88,990.29,1.088
C1CCCCCCCSCCCCCCC1,836.95,19.36,775.5,0.779
CCCCCCCCCCCCCCCBr,757.6,14.36,1083.02,0.894
CCCCCCCCCCCCCCCCl,769.74,14.25,1044.59,0.544
CCCCCCCCCCCCCCCF,720.5,16.47,844.12,0.411
CCCCCCCCCCCCCCC[N+](=O)[O-],911.62,12.48,1301.01,0.872
CCCCCCCCCCCCCCC,,,855.54,
CCCCCCCCCCCCC(C)C,708.32,15.71,859.17,0.686
CCCCCCCCCCCC(C)CC,708.32,15.86,851.26,0.686
CCCCCCCCCCC(C)CCC,708.32,16.15,835.86,0.686
CCCCCCCCCC(C)CCCC,708.32,16.13,836.81,0.686
CCCCCCCCCCCC(C)(C)C,708.32,15.69,860.39,0.686
CCCCCCCCCCC(C)C(C)C,708.32,16.1,838.54,0.686
CCCCCCCCCC(C)CC(C)C,708.32,15.84,852.06,0.686
CCCCCCC(C)CC(C)CC(C)C,708.32,15.61,864.57,0.686
CCCCCCCCCCCCCCCO,760.09,13.89,987.74,1.046
CCCCCCCCCCCCCC(C)O,760.09,13.85,990.44,1.046
CCCCCCCCCCCCC(O)CC,760.09,13.64,1005.92,1.046
CCCCCCCCCC(O)CCCCC,760.09,13.64,1005.92,1.046
CCCCCCCC(O)CCCCCCC,760.09,13.64,1005.92,1.046
CC(C)CC(O)CC(CC(C)C)CC(C)C,760.09,13.64,1005.92,1.046
CCCCCCCCCCCCOCCC,690.09,12.8,973.16,1.046
CCCCCCCCCCCCCC(O)CO,930.78,14.4,1143.71,1.094
OCCCCCCCCCCCCCCCO,930.78,14.4,1143.71,1.094
CCCCCCCCCCCCCCCS,765.85,13.24,1034.93,0.785
CCCCCCCCCCCCCC(C)S,765.85,13.16,1041.3,0.785
CCCCCCCCCCCCC(S)CC,765.85,13.56,1011.18,0.785
CCCCCCCCCCCC(S)CCC,765.85,13.56,1011.18,0.785
CCCCCCCCCCC(S)CCCC,765.85,13.56,1011.18,0.785
CCCCCCCCCC(S)CCCCC,765.85,13.56,1011.18,0.785
CCCCCCCCC(S)CCCCCC,765.85,13.56,1011.18,0.785
CCCCCCCC(S)CCCCCCC,765.85,13.56,1011.18,0.785
CCCCCCCCCCCCC(C)CS,765.85,13.56,1011.18,0.785
CCCCCCCCCCCC(C)CCS,765.85,13.56,1011.18,0.785
CCCCCCCCCCC(C)CCCS,765.85,13.56,1011.18,0.785
CCCCCCCCCC(C)CCCCS,765.85,13.56,1011.18,0.785
CCCCCCCCC(C)CCCCCS,765.85,13.56,1011.18,0.785
CCCCCCCC(C)CCCCCCS,765.85,13.56,1011.18,0.785
CCCCCCC(C)CCCCCCCS,765.85,13.56,1011.18,0.785
CCCCCC(C)CCCCCCCCS,765.85,13.56,1011.18,0.785
CCCCC(C)CCCCCCCCCS,765.85,13.56,1011.18,0.785
CCCC(C)CCCCCCCCCCS,765.85,13.56,1011.18,0.785
CCC(C)CCCCCCCCCCCS,765.85,13.56,1011.18,0.785
CC(C)CCCCCCCCCCCCS,765.85,13.56,1011.18,0.785
CCCCCCCCCCCCC(C)(C)S,765.85,13.56,1011.18,0.785
CCCCCCCCCCCC(C)C(C)S,765.85,13.56,1011.18,0.785
CCCCCCCCCCC(C)CC(C)S,765.85,13.56,1011.18,0.785
CCCCCCCCCC(C)CCC(C)S,765.85,13.56,1011.18,0.785
CCCCCCCCC(C)CCCC(C)S,765.85,13.56,1011.18,0.785
CCCCCCCC(C)CCCCC(C)S,765.85,13.56,1011.18,0.785
CCCCCCC(C)CCCCCC(C)S,765.85,13.56,1011.18,0.785
CCCCCC(C)CCCCCCC(C)S,765.85,13.56,1011.18,0.785
CCCCC(C)CCCCCCCC(C)S,765.85,13.56,1011.18,0.785
CCCC(C)CCCCCCCCC(C)S,765.85,13.56,1011.18,0.785
CCC(C)CCCCCCCCCC(C)S,765.85,13.56,1011.18,0.785
CC(C)CCCCCCCCCCC(C)S,765.85,13.56,1011.18,0.785
CCCCCCCCCCCCCCSC,765.85,13.24,1034.93,0.785
CCCCCCCCCCCCCSCC,765.85,13.24,1034.93,0.785
CCCCCCCCCCCCSCCC,765.85,13.24,1034.93,0.785
CCCCCCCCCCCSCCCC,765.85,13.24,1034.93,0.785
CCCCCCCCCCSCCCCC,765.85,13.56,1011.18,0.785
CCCCCCCCCSCCCCCC,765.85,13.56,1011.18,0.785
CCCCCCCCSCCCCCCC,765.85,13.56,1011.18,0.785
CCCCCCCCCCCCC(C)SC,765.85,13.56,1011.18,0.785
CCCCCCCCCCCC(C)CSC,765.85,13.56,1011.18,0.785
CCCCCCCCCCC(C)CCSC,765.85,13.56,1011.18,0.785
CCCCCCCCCC(C)CCCSC,765.85,13.56,1011.18,0.785
CCCCCCCCC(C)CCCCSC,765.85,13.56,1011.18,0.785
CCCCCCCC(C)CCCCCSC,765.85,13.56,1011.18,0.785
CCCCCCC(C)CCCCCCSC,765.85,13.56,1011.18,0.785
CCCCCCCCCCCCSC(C)C,765.85,13.56,1011.18,0.785
CCCCCCCCCCCC(C)SCC,765.85,13.56,1011.18,0.785
CCCCCCCCCCC(C)CSCC,765.85,13.56,1011.18,0.785
CCCCCCCCCC(C)CCSCC,765.85,13.56,1011.18,0.785
CCCCCCCCC(C)CCCSCC,765.85,13.56,1011.18,0.785
CCCCCCCC(C)CCCCSCC,765.85,13.56,1011.18,0.785
CCCCCCC(C)CCCCCSCC,765.85,13.56,1011.18,0.785
SCCCCCCCCCCCCCCCS,880.26,14.66,1032.44,0.875
CC(S)CCCCCCCCCCCCCS,880.26,14.66,1032.44,0.875
CCCC(S)CCCCCCCCCCCS,880.26,14.66,1032.44,0.875
CCCCC(S)CCCCCCCCCCS,880.26,14.66,1032.44,0.875
CCCCCC(S)CCCCCCCCCS,880.26,14.66,1032.44,0.875
CCCCCCC(S)CCCCCCCCS,880.26,14.66,1032.44,0.875
CCCCCCCC(S)CCCCCCCS,880.26,14.66,1032.44,0.875
CCCCCCCCC(S)CCCCCCS,880.26,14.66,1032.44,0.875
CCCCCCCCCC(S)CCCCCS,880.26,14.66,1032.44,0.875
CCCCCCCCCCC(S)CCCCS,880.26,14.66,1032.44,0.875
CCCCCCCCCCCC(S)CCCS,880.26,14.66,1032.44,0.875
CCCCCCCCCCCCC(S)CCS,880.26,14.66,1032.44,0.875
CCCCCCCCCCCCCC(S)CS,880.26,14.66,1032.44,0.875
CCCCCCCCCCCCCCSSC,825.26,13.52,1049.58,0.875
CCCCCCCCCCCCCSSCC,825.26,13.52,1049.58,0.875
CCCCCCCCCCCCSSCCC,825.26,13.52,1049.58,0.875
CCCCCCCCCCCSSCCCC,825.26,13.52,1049.58,0.875
CCCCCCCCCCSSCCCCC,825.26,13.52,1049.58,0.875
CCCCCCCCCSSCCCCCC,825.26,13.52,1049.58,0.875
CCCCCCCCSSCCCCCCC,825.26,13.52,1049.58,0.875
CCCCCCCCCCCCCSCSC,825.26,13.52,1049.58,0.875
CCCCCCCCCCCCSCSCC,825.26,13.52,1049.58,0.875
CCCCCCCCCCCSCSCCC,825.26,13.52,1049.58,0.875
CCCCCCCCCCSCSCCCC,825.26,13.52,1049.58,0.875
CCCCCCCCCSCSCCCCC,825.26,13.52,1049.58,0.875
CCCCCCCCSCSCCCCCC,825.26,13.52,1049.58,0.875
CCCCCCCSCSCCCCCCC,825.26,13.52,1049.58,0.875
CCCCCCCCCCCCCCCN,746.92,14.54,950.14,0.783
CCCCCCCCCCCCCCNC,746.92,14.35,962.38,0.783
CCCCCCCCCCCCCNCC,746.92,14.35,962.38,0.783
CCCCCCCCCCCCCN(C)C,746.92,14.07,981.74,0.783
CCCCCCCCCCCN(CC)CC,746.92,14.12,978.17,0.783
CCCCCN(CCCCC)CCCCC,746.92,14.04,983.99,0.783
CC(C)CCN(CCC(C)C)CCC(C)C,746.92,13.99,987.45,0.783
CCC(C)CN(CC(C)CC)CC(C)CC,746.92,16.49,837.79,0.783
FC(F)(F)C(F)(F)C(F)(F)C(F)(F)C(F)(F)C(F)(F)C(F)(F)C(F)(F)C(F)(F)C(F)(F)C(F)(F)C(F)(F)C(F)(F)C(F)(F)C(F)(F)C(F)(F)F,459.51,2.79,1490.94,0.907
c1ccc2c(c1)-c1cccc3cccc-2c13,905,28.33,616.53,0.652
c1cc2ccc3cccc4ccc(c1)c2c34,936,27.37,660,0.652
c1ccc(-c2cccc3ccccc23)cc1,849,24.92,656,0.659
Cc1cc(C)c2cc3ccccc3cc2c1,895.46,20.41,842.63,0.666
Cc1ccc2c(C)c3ccccc3cc2c1,895.46,20.41,842.63,0.666
Cc1c2ccccc2c(C)c2ccccc12,895.46,20.41,842.63,0.666
CCc1c2ccccc2cc2ccccc12,895.46,20.38,843.87,0.666
Cc1c(C)c2ccccc2c2ccccc12,895.46,20.41,842.63,0.666
CCc1cc2ccccc2c2ccccc12,895.46,20.41,842.63,0.666
Cc1ccc2ccc3ccc(C)cc3c2c1,895.46,20.41,842.63,0.666
Cc1ccc(C)c2c1ccc1ccccc12,895.46,20.41,842.63,0.666
Cc1ccc2c(ccc3cc(C)ccc32)c1,895.46,20.41,842.63,0.666
Cc1ccc2c(ccc3cccc(C)c32)c1,895.46,20.41,842.63,0.666
Cc1cccc2ccc3cccc(C)c3c12,895.46,20.41,842.63,0.666
CCC=C(c1ccccc1)c1ccccc1,817.61,22.25,704.08,0.672
CC(C=Cc1ccccc1)c1ccccc1,835.6,23,696.05,0.672
C/C(=C(\C)c1ccccc1)c1ccccc1,835.6,23.12,692.4,0.672
C/C(=C(/C)c1ccccc1)c1ccccc1,835.6,22.65,706.73,0.672
Cc1cc2c(cc1C)C(C)c1ccccc1-2,892,20.68,826.32,0.672
CCCC(c1ccccc1)c1ccccc1,815.65,20.42,763.28,0.679
CCC(Cc1ccccc1)c1ccccc1,815.65,20.32,766.97,0.679
c1ccc(CCCCc2ccccc2)cc1,815.65,20.84,747.73,0.679
CC(CCc1ccccc1)c1ccccc1,815.65,20.45,762.34,0.679
CC(Cc1ccccc1)Cc1ccccc1,815.65,20.31,767.35,0.679
CCCCc1ccccc1-c1ccccc1,855.65,21.01,778.11,0.679
Cc1ccc(-c2ccc(C)cc2C)c(C)c1,855.65,21.01,778.11,0.679
Cc1ccc(C)c(-c2cc(C)ccc2C)c1,855.65,21.01,778.11,0.679
C[C@@H](c1ccccc1)[C@@H](C)c1ccccc1,815.65,20.54,758.65,0.679
C[C@H](c1ccccc1)[C@@H](C)c1ccccc1,815.65,20.54,758.65,0.679
CCCCCCc1cccc2ccccc12,873.21,19.3,862.59,0.685
CCCCCCc1ccc2ccccc2c1,873.21,19.24,865.22,0.685
Cc1ccc2c(C)cc(C)c(C(C)C)c2c1,873.21,19.91,835.93,0.685
Cc1ccc2c(C)ccc(C(C)C)c2c1C,873.21,20.22,823.12,0.685
Cc1cc(C)c2c(C)ccc(C(C)C)c2c1,873.21,20.11,827.85,0.685
CC(C)c1ccc2cc(C(C)C)ccc2c1,873.21,19.52,852.85,0.685
CC(C)c1ccc2ccccc2c1C(C)C,873.21,19.52,852.85,0.685
CCCCOC(=O)c1ccccc1C(=O)OCCCC,781,15.66,846,1.19
CC(C)COC(=O)c1ccccc1C(=O)OCC(C)C,762,14.51,891,1.19
CCCCCCC1CCCc2ccccc21,838.29,20.29,783.51,0.698
CCCCCCC1CCc2ccccc2C1,838.29,20.2,787.21,0.698
CCc1ccc2c(c1)C(C)(C)CCC2(C)C,838.29,20.24,785.36,0.698
CCCCCCCCCCc1ccccc1,800.81,16.59,913.13,0.705
CCc1cc(CC)c(CC)c(CC)c1CC,800.81,17.65,858.33,0.705
CCCCC=C(C)C#CC(C)=CCCCC,829.15,18.91,829.63,0.705
CCCCCC#CCCC#CCCCCC,836.2,18.38,860.66,0.705
CCCCCCCCC(C)c1ccccc1,800.81,16.66,909.46,0.705
CCc1cc(C(C)(C)C)c(O)c(C(C)(C)C)c1,861.02,18.38,839.41,1.064
CCC(C)(C)c1ccc(O)c(C(C)(C)CC)c1,861.02,18.47,835.08,1.064
CCCCCCCCCCc1ccc(N)cc1,906.06,16.65,998.62,0.801
CCCCCCCCCCCCc1cccs1,798.41,14.47,978.05,0.808
CCCCCCCCCCCCc1ccsc1,798.41,14.27,991.73,0.808
CC(C)CCCCCCCCCc1cccs1,798.41,14.47,978.05,0.808
CC(C)CCCCCCCCCc1ccsc1,798.41,14.47,978.05,0.808
CCCCCCCCCCC(C)c1cccs1,798.41,14.47,978.05,0.808
CCCCCCCCCCC(C)c1ccsc1,798.41,14.47,978.05,0.808
CCCCCCCCCC(C)(C)c1cccs1,798.41,14.47,978.05,0.808
CCCCCCCCCC(C)(C)c1ccsc1,798.41,14.47,978.05,0.808
CCCCCCCCCCCc1ccsc1C,798.41,14.47,978.05,0.808
CCCCCCCCCCCc1csc(C)c1,798.41,14.47,978.05,0.808
CCCCCCCCCCCc1ccc(C)s1,798.41,14.47,978.05,0.808
CCCCCCCCCCCc1sccc1C,798.41,14.47,978.05,0.808
CCCCCCCCCCCc1cscc1C,798.41,14.47,978.05,0.808
CCCCCCCCCCCc1cc(C)cs1,798.41,14.47,978.05,0.808
C#CCCCCCCCCCCCCCC,750.8,14.89,949.44,0.718
CC#CCCCCCCCCCCCCC,750.8,15.13,934.01,0.718
CCC#CCCCCCCCCCCCC,750.8,14.99,943.09,0.718
CCCC(C1CCCCC1)C1CCCCC1,790.8,17.12,869.37,0.718
C1CCC(CCCCC2CCCCC2)CC1,790.8,16.9,880.92,0.718
CC(CC1CCCCC1)CC1CCCCC1,790.8,16.77,887.72,0.718
CCCCCCCCCCCC1=CCCC1,765.8,15.56,926.38,0.718
CC(CCC1CCCCC1)C1CCCCC1,790.8,16.11,923.98,0.718
CCCCCCCCCCCCCC=CC=O,834.98,14.2,1048.47,1.077
CCCCCCCCC=CCCCCCC(=O)O,850.23,12.65,1175.01,1.123
CCCCCCC=CCCCCCCCC(=O)O,850.23,12.65,1175.01,1.123
CCCCCC/C=C\CCCCCCCC(=O)O,850.23,12.65,1175.01,1.123
CCCCCC/C=C/CCCCCCCC(=O)O,850.23,12.65,1175.01,1.123
C=C(C)C(=O)OCCCCCCCCCCCC,730.23,11.9,1072.56,1.123
CCCC/C=C\CCCCCCCCOC(C)=O,730.23,11.93,1069.61,1.123
CC/C=C\CCCCCCCCCCOC(C)=O,730.23,11.78,1082.94,1.123
CC/C=C/CCCCCCCCCCOC(C)=O,730.23,11.78,1082.94,1.123
O=C(O)CCCCCCCCCCCCCCC(=O)O,1025.54,12.18,1413.85,1.211
CCCCCCCCCCCCCC/C=C\Br,789.64,15.38,1038.75,0.925
CCCCCCCCCCCCCC/C=C/Br,789.64,15.38,1038.75,0.925
CCCCCCCCCCCCCC/C=C\Cl,803.23,14.61,1047.73,0.559
CCCCCCCCCCCCCC/C=C/Cl,803.23,14.61,1047.73,0.559
CCCCCCCCCCCCCCCC(Cl)(Cl)Cl,795.04,10.94,1268.09,0.469
CCCCCCCCCCCCCC/C=C\F,694.64,15.15,871.26,0.349
CCCCCCCCCCCCCC/C=C/F,694.64,15.15,871.26,0.349
CCCCCCCCCCCCCCCC(F)(F)F,641.37,11.63,999.45,0.442
CCCCCCCCCCCCCCCC#N,883.82,14.47,1115.73,0.814
CCCCCCCCCCCC1CCCC1,763.27,15.32,935.65,0.724
CCCCCCCCCCC1CCCCC1,768.27,14.77,976.89,0.724
C1CCCCCCCCCCCCCCC1,804.08,19.22,785.5,0.724
C=CCCCCCCCCCCCCCC,738.27,14.09,983.54,0.724
C=C(C)CCCCCCCCCCCCC,738.27,14.17,978.4,0.724
CCCCCCCCCCCCCCCC(Br)Br,843.13,13.41,1150.15,0.742
BrCCCCCCCCCCCCCCCCBr,843.13,13.41,1150.15,0.742
CCCCCCCCCCCCCCCC(Cl)Cl,821.67,13.51,1107.42,0.562
CCCCCCCCCCCCCCCC(F)F,717.14,14.93,890.61,0.472
CCCCCCCCCCCCCCCC=O,775.94,13.28,1038.87,1.083
CC(C)CCCCCCCCCCCCC=O,775.94,13.28,1038.87,1.083
CCCCCCCCCCCCCCC(C)=O,766.94,13.18,1034.67,1.083
CCCCCCCCCCCCCC(=O)CC,766.94,13.18,1034.67,1.083
CCCCCCCCCCCCCCCC(=O)O,822.1,13.08,1095.82,1.129
CCCCCCCCCCCCCC(C)C(=O)O,822.1,12.74,1125.1,1.129
CCC(C)CCCCCCCCCCCC(=O)O,822.1,12.74,1125.1,1.129
CC(C)CCCCCCCCCCCCC(=O)O,822.1,12.74,1125.1,1.129
CCCCCCCCCCCCC(CC)C(=O)O,822.1,12.74,1125.1,1.129
CCCCCCCCC(CCCCCC)C(=O)O,822.1,12.74,1125.1,1.129
CCCCCCCCCCCCCCCOC=O,732.1,11.86,1075.81,1.129
CCCCCCCCCCCCCCOC(C)=O,732.1,11.86,1075.81,1.129
CCCCCCCCCCCCCOC(=O)CC,732.1,11.86,1075.81,1.129
CCCCCCCCCCCCOC(=O)CCC,732.1,11.86,1075.81,1.129
CCCCCCCCCCCCOC(=O)C(C)C,732.1,11.89,1072.94,1.129
CCCCCCCCOC(=O)CCCCCCC,732.1,11.85,1076.85,1.129
CCCCC(CC)COC(=O)C(CC)CCCC,732.1,11.86,1075.81,1.129
CCCCCCCCC(=O)OCCCCCCC,732.1,11.85,1077.01,1.129
CCCCCCCCCCCC(=O)OCCCC,732.1,11.86,1075.81,1.129
CCCCCCCCCCCCCC(=O)OCC,732.1,11.88,1073.99,1.129
CCCCCCCCCCCCCCC(=O)OC,732.1,11.96,1067.27,1.129
C1CCCCCCCCSCCCCCCC1,844.72,18.09,823.5,0.819
CCCCCCCCCCCCCCCCBr,771.63,13.51,1152.77,0.93
CCCCCCCCCCCCCCCCCl,785.45,13.45,1110.02,0.562
CCCCCCCCCCCCCCCCF,736.96,15.75,887.01,0.421
CCCCCCCCCCCCCCCC[N+](=O)[O-],926.89,11.6,1398.61,0.911
CCCCCCCCCCCCCCCC,,,916.58,
CCCCCCCCCCCCCC(C)C,725.72,14.77,920.45,0.73
CCCCCCCCCCCCC(C)CC,725.72,14.9,912.31,0.73
CCCCCCCCCCCC(C)CCC,725.72,15.09,900.53,0.73
CCCCCCCCCCC(C)CCCC,725.72,15.05,903.11,0.73
CCCCCCC(CCC)CCCCCC,725.72,14.62,929.6,0.73
CCCCCCCCCCCCC(C)(C)C,725.72,14.76,921.17,0.73
CCCCCCCCCCCC(C)C(C)C,725.72,15.13,898.48,0.73
CCCCCCCCCCC(C)CC(C)C,725.72,14.9,912.45,0.73
CCCCCCCC(C)CC(C)CC(C)C,725.72,14.56,933.76,0.73
CC(CC(C)(C)C)CC(C)(C)CC(C)(C)C,,,935.51,0.73
CCCCCCCCCCCCCCCCO,773.89,12.64,1085.89,1.089
CCCCCCCCCCCCCCC(C)O,773.89,12.92,1062.34,1.089
CCCCCCCCCCCCCC(O)CC,773.89,12.3,1116.42,1.089
CCCCCCCCCCCCC(O)CCC,773.89,12.89,1064.67,1.089
CCCCCCCCCCCC(O)CCCC,773.89,12.89,1064.67,1.089
CCCCCCCCCC(O)CCCCCC,773.89,12.89,1064.67,1.089
CCCCCCCCC(O)CCCCCCC,773.89,12.89,1064.67,1.089
CCCCCCCCCCCCCC(C)CO,773.89,12.89,1065.1,1.089
CCCCCCCCCC(C)(O)CCCCC,773.89,12.88,1065.71,1.089
CCCCCCCCC(CO)CCCCCC,773.89,12.96,1058.98,1.089
CCCCCCCCOCCCCCCCC,703.89,12.32,1013.63,1.089
CCCCC(CC)COCC(CC)CCCC,703.89,12.15,1027.26,1.089
CCCCCCCCCCCCCCC(O)CO,943.97,13.28,1235.61,1.135
CCCCCCCCCCCCCC(O)CCO,943.97,13.28,1235.61,1.135
OCCCCCCCCCCCCCCCCO,943.97,13.28,1235.61,1.135
CCCCCCCCCCCCCCCCS,779.03,12.38,1106.58,0.825
CCCCCCCCCCCCCCC(C)S,779.03,12.8,1070.56,0.825
CCCCCCCCCCCCCC(S)CC,779.03,12.8,1070.56,0.825
CCCCCCCCCCCCC(S)CCC,779.03,12.8,1070.56,0.825
CCCCCCCCCCCC(S)CCCC,779.03,12.8,1070.56,0.825
CCCCCCCCCCC(S)CCCCC,779.03,12.8,1070.56,0.825
CCCCCCCCCC(S)CCCCCC,779.03,12.8,1070.56,0.825
CCCCCCCCC(S)CCCCCCC,779.03,12.8,1070.56,0.825
CCCCCCCCCCCCCC(C)CS,779.03,12.8,1070.56,0.825
CCCCCCCCCCCCC(C)CCS,779.03,12.8,1070.56,0.825
CCCCCCCCCCCC(C)CCCS,779.03,12.8,1070.56,0.825
CCCCCCCCCCC(C)CCCCS,779.03,12.8,1070.56,0.825
CCCCCCCCCC(C)CCCCCS,779.03,12.8,1070.56,0.825
CCCCCCCCC(C)CCCCCCS,779.03,12.8,1070.56,0.825
CCCCCCCC(C)CCCCCCCS,779.03,12.8,1070.56,0.825
CCCCCCC(C)CCCCCCCCS,779.03,12.8,1070.56,0.825
CCCCCC(C)CCCCCCCCCS,779.03,12.8,1070.56,0.825
CCCCC(C)CCCCCCCCCCS,779.03,12.8,1070.56,0.825
CCCC(C)CCCCCCCCCCCS,779.03,12.8,1070.56,0.825
CCC(C)CCCCCCCCCCCCS,779.03,12.8,1070.56,0.825
CC(C)CCCCCCCCCCCCCS,779.03,12.8,1070.56,0.825
CCCCCCCCCCCCCC(C)(C)S,779.03,12.8,1070.56,0.825
CCCCCCCCCCCCC(C)C(C)S,779.03,12.8,1070.56,0.825
CCCCCCCCCCCC(C)CC(C)S,779.03,12.8,1070.56,0.825
CCCCCCCCCCC(C)CCC(C)S,779.03,12.8,1070.56,0.825
CCCCCCCCCC(C)CCCC(C)S,779.03,12.8,1070.56,0.825
CCCCCCCCC(C)CCCCC(C)S,779.03,12.8,1070.56,0.825
CCCCCCCC(C)CCCCCC(C)S,779.03,12.8,1070.56,0.825
CCCCCCC(C)CCCCCCC(C)S,779.03,12.8,1070.56,0.825
CCCCCC(C)CCCCCCCC(C)S,779.03,12.8,1070.56,0.825
CCCCC(C)CCCCCCCCC(C)S,779.03,12.8,1070.56,0.825
CCCC(C)CCCCCCCCCC(C)S,779.03,12.8,1070.56,0.825
CCC(C)CCCCCCCCCCC(C)S,779.03,12.8,1070.56,0.825
CC(C)CCCCCCCCCCCC(C)S,779.03,12.8,1070.56,0.825
CCCCCCCCCCCCCCCSC,779.03,12.38,1106.58,0.825
CCCCCCCCCCCCCCSCC,779.03,12.4,1105.01,0.825
CCCCCCCCCCCCCSCCC,779.03,12.38,1106.58,0.825
CCCCCCCCCCCCSCCCC,779.03,12.38,1106.58,0.825
CCCCCCCCCCCSCCCCC,779.03,12.8,1070.56,0.825
CCCCCCCCCCSCCCCCC,779.03,12.8,1070.56,0.825
CCCCCCCCCSCCCCCCC,779.03,12.8,1070.56,0.825
CCCCCCCCSCCCCCCCC,779.03,12.4,1105.01,0.825
CCCCCCCCCCCCCC(C)SC,779.03,12.8,1070.56,0.825
CCCCCCCCCCCCC(C)CSC,779.03,12.8,1070.56,0.825
CCCCCCCCCCCC(C)CCSC,779.03,12.8,1070.56,0.825
CCCCCCCCCCC(C)CCCSC,779.03,12.8,1070.56,0.825
CCCCCCCCCC(C)CCCCSC,779.03,12.8,1070.56,0.825
CCCCCCCCC(C)CCCCCSC,779.03,12.8,1070.56,0.825
CCCCCCCC(C)CCCCCCSC,779.03,12.8,1070.56,0.825
CCCCCCC(C)CCCCCCCSC,779.03,12.8,1070.56,0.825
CCCCCCCCCCCCCSC(C)C,779.03,12.8,1070.56,0.825
CCCCCCCCCCCCC(C)SCC,779.03,12.8,1070.56,0.825
CCCCCCCCCCCC(C)CSCC,779.03,12.8,1070.56,0.825
CCCCCCCCCCC(C)CCSCC,779.03,12.8,1070.56,0.825
CCCCCCCCCC(C)CCCSCC,779.03,12.8,1070.56,0.825
CCCCCCCCC(C)CCCCSCC,779.03,12.8,1070.56,0.825
CCCCCCCC(C)CCCCCSCC,779.03,12.8,1070.56,0.825
CCCCCCC(C)CCCCCCSCC,779.03,12.8,1070.56,0.825
SCCCCCCCCCCCCCCCCS,892.38,13.77,1094.92,0.912
CC(S)CCCCCCCCCCCCCCS,892.38,13.77,1094.92,0.912
CCC(S)CCCCCCCCCCCCCS,892.38,13.77,1094.92,0.912
CCCCC(S)CCCCCCCCCCCS,892.38,13.77,1094.92,0.912
CCCCCC(S)CCCCCCCCCCS,892.38,13.77,1094.92,0.912
CCCCCCC(S)CCCCCCCCCS,892.38,13.77,1094.92,0.912
CCCCCCCC(S)CCCCCCCCS,892.38,13.77,1094.92,0.912
CCCCCCCCC(S)CCCCCCCS,892.38,13.77,1094.92,0.912
CCCCCCCCCC(S)CCCCCCS,892.38,13.77,1094.92,0.912
CCCCCCCCCCC(S)CCCCCS,892.38,13.77,1094.92,0.912
CCCCCCCCCCCC(S)CCCCS,892.38,13.77,1094.92,0.912
CCCCCCCCCCCCC(S)CCCS,892.38,13.77,1094.92,0.912
CCCCCCCCCCCCCC(S)CCS,892.38,13.77,1094.92,0.912
CCCCCCCCCCCCCCC(S)CS,892.38,13.77,1094.92,0.912
CCCCCCCCCCCCCCCSSC,837.38,12.72,1112.24,0.912
CCCCCCCCCCCCCCSSCC,837.38,12.72,1112.24,0.912
CCCCCCCCCCCCCSSCCC,837.38,12.72,1112.24,0.912
CCCCCCCCCCCCSSCCCC,837.38,12.72,1112.24,0.912
CCCCCCCCCCCSSCCCCC,837.38,12.72,1112.24,0.912
CCCCCCCCCCSSCCCCCC,837.38,12.72,1112.24,0.912
CCCCCCCCCSSCCCCCCC,837.38,12.72,1112.24,0.912
CCCCCCCCSSCCCCCCCC,837.38,12.72,1112.24,0.912
CCCCCCCCCCCCCCSCSC,837.38,12.72,1112.24,0.912
CCCCCCCCCCCCCSCSCC,837.38,12.72,1112.24,0.912
CCCCCCCCCCCCSCSCCC,837.38,12.72,1112.24,0.912
CCCCCCCCCCCSCSCCCC,837.38,12.72,1112.24,0.912
CCCCCCCCCCSCSCCCCC,837.38,12.72,1112.24,0.912
CCCCCCCCCSCSCCCCCC,837.38,12.72,1112.24,0.912
CCCCCCCCSCSCCCCCCC,837.38,12.72,1112.24,0.912
CCCCCCCCCCCCCCCCN,803.53,14.36,1017.12,0.826
CCCCCCCCCCCCCCNCC,763.53,13.39,1036.03,0.826
CCCCCCCCCCCCCCCNC,763.53,13.39,1036.03,0.826
CCCCCCC(C)NC(C)CCCCCC,763.53,13.49,1028.19,0.826
CCCCC(CC)CNCC(CC)CCCC,763.53,13.39,1036.03,0.826
CCCCCCCCCCCCCCN(C)C,763.53,13.22,1049.25,0.826
CCCCCCCCCCCCN(CC)CC,763.53,13.1,1059.15,0.826
C[Si](C)(C)O[Si](C)(C)O[Si](C)(C)O[Si](C)(C)O[Si](C)(C)O[Si](C)(C)O[Si](C)(C)C,671.8,6.77,,0.887
Cc1cc2c3c(cccc3c1)-c1ccccc1-2,960.08,23.38,778.8,0.698
Cc1ccc2c3c(cccc13)-c1ccccc1-2,960.08,23.38,778.8,0.698
Cc1ccc2c(C)c3ccccc3c(C)c2c1,913.21,18.59,927.29,0.711
CCCC=C(c1ccccc1)c1ccccc1,835.12,20.34,773.04,0.717
CCCCC(c1ccccc1)c1ccccc1,833.16,18.76,833.93,0.724
CCC(CCc1ccccc1)c1ccccc1,833.16,19.02,822.53,0.724
c1ccc(CCCCCc2ccccc2)cc1,833.16,19.2,814.69,0.724
CCCCCc1ccc(-c2ccccc2)cc1,873.16,18.64,879.73,0.724
CCCCCc1ccccc1-c1ccccc1,873.16,19.26,851.33,0.724
CCCCCCCc1cccc2ccccc12,890.62,17.89,932.6,0.73
CCCCCCCc1ccc2ccccc2c1,890.62,17.7,942.39,0.73
CCCCCCCC1CCCc2ccccc21,855.48,18.15,878.38,0.742
CCCCCCCC1CCc2ccccc2C1,855.48,18.15,878.38,0.742
CCCCCCCCCCCc1ccccc1,817.89,16.53,985.35,0.748
CCC(C)(C)c1cc(C)cc(C(C)(C)CC)c1O,874.59,17.22,894.25,1.106
CCCCCCCCCCCCCc1cccs1,811.3,13.61,1037.89,0.847
CCCCCCCCCCCCCc1ccsc1,811.3,13.61,1037.89,0.847
CC(C)CCCCCCCCCCc1cccs1,811.3,13.61,1037.89,0.847
CC(C)CCCCCCCCCCc1ccsc1,811.3,13.61,1037.89,0.847
CCCCCCCCCCCC(C)c1cccs1,811.3,13.61,1037.89,0.847
CCCCCCCCCCCC(C)c1ccsc1,811.3,13.61,1037.89,0.847
CCCCCCCCCCC(C)(C)c1cccs1,811.3,13.61,1037.89,0.847
CCCCCCCCCCC(C)(C)c1ccsc1,811.3,13.61,1037.89,0.847
CCCCCCCCCCCCc1ccsc1C,811.3,13.61,1037.89,0.847
CCCCCCCCCCCCc1csc(C)c1,811.3,13.61,1037.89,0.847
CCCCCCCCCCCCc1ccc(C)s1,811.3,13.61,1037.89,0.847
CCCCCCCCCCCCc1sccc1C,811.3,13.61,1037.89,0.847
CCCCCCCCCCCCc1cscc1C,811.3,13.61,1037.89,0.847
CCCCCCCCCCCCc1cc(C)cs1,811.3,13.61,1037.89,0.847
C#CCCCCCCCCCCCCCCC,767.66,13.96,1017.12,0.761
CC#CCCCCCCCCCCCCCC,767.66,13.97,1016.24,0.761
CCC#CCCCCCCCCCCCCC,767.66,13.97,1016.24,0.761
CCCCC(C1CCCCC1)C1CCCCC1,807.66,15.92,938.36,0.761
CCC(CC1CCCCC1)CC1CCCCC1,807.66,15.92,938.49,0.761
C1CCC(CCCCCC2CCCCC2)CC1,807.66,15.65,954.92,0.761
CCCCCCCCCCCCC1=CCCC1,782.66,14.56,994.6,0.761
CCCCCCCC=CCCCCCCCC(=O)O,863.06,11.91,1244.43,1.163
CCCCCCCCCCCCCCC/C=C\Br,803.29,14.47,1103.33,0.96
CCCCCCCCCCCCCCC/C=C/Br,803.29,14.47,1103.33,0.96
CCCCCCCCCCCCCCC/C=C\Cl,818.44,13.82,1108.83,0.576
CCCCCCCCCCCCCCC/C=C/Cl,818.44,13.82,1108.83,0.576
CCCCCCCCCCCCCCCCC(Cl)(Cl)Cl,807.93,10.33,1340.67,0.483
CCCCCCCCCCCCCCC/C=C\F,710.54,14.38,922.71,0.358
CCCCCCCCCCCCCCC/C=C/F,710.54,14.38,922.71,0.358
CCCCCCCCCCCCCCCCC(F)(F)F,655.77,10.92,1070.13,0.45
CCCCCCCCCCCCCCCCC#N,899.95,13.54,1193.22,0.855
CCCCCCCCCCCCC1CCCC1,780.03,14.35,1003.29,0.767
CCCCCCCCCCCC1CCCCC1,785.03,13.73,1054.92,0.767
C1CCCCCCCCCCCCCCCC1,815.06,18.04,833.5,0.767
C=CCCCCCCCCCCCCCCC,755.03,13.27,1049.65,0.767
C=C(C)CCCCCCCCCCCCCC,755.03,13.32,1046.12,0.767
CCCCCCCCCCCCCCCCC(Br)Br,854.74,12.54,1225.04,0.772
CC(Br)CCCCCCCCCCCCCCCBr,854.74,12.54,1225.04,0.772
BrCCCCCCCCCCCCCCCCCBr,854.74,12.54,1225.04,0.772
CCCCCCCCCCCCCCCCC(Cl)Cl,835.57,12.74,1173.36,0.577
CCCCCCCCCCCCCCCCC(F)F,732.21,14.14,943.58,0.48
CCCCCCCCCCCCCCCCC=O,789.27,12.35,1116.95,1.123
CCCCCCCCCCCCCCCC(C)=O,780.27,12.47,1093.48,1.123
CCCCCCCCCCCCCC(=O)CCC,780.27,12.47,1093.48,1.123
CCCCCCCCCCCC(=O)CCCCC,780.27,12.47,1093.48,1.123
CCCCCCCCCCC(=O)CCCCCC,780.27,12.47,1093.48,1.123
CCCCCCCCCC(=O)CCCCCCC,780.27,12.47,1093.48,1.123
CCCCCCCCC(=O)CCCCCCCC,780.27,12.47,1093.48,1.123
CCCCCCCCCCCCCCCCC(=O)O,834.86,11.59,1234.17,1.168
CCCCCCCCCCCCCCC(C)C(=O)O,834.86,12.01,1190.36,1.168
CCCCCCCCCCCCCC(C)CC(=O)O,834.86,12.01,1190.36,1.168
CCCCC(C)CCCCCCCCCCC(=O)O,834.86,12.01,1190.36,1.168
CCC(C)CCCCCCCCCCCCC(=O)O,834.86,12.01,1190.36,1.168
CC(C)CCCCCCCCCCCCCC(=O)O,834.86,12.01,1190.36,1.168
CCCCCCCCCCCCCC(CC)C(=O)O,834.86,12.01,1190.36,1.168
CCCCCCCCCCCCCCCCOC=O,744.86,11.22,1136.96,1.168
CCCCCCCCCCCCCCCOC(C)=O,744.86,11.22,1136.96,1.168
CCCCCCCCCCCCCCOC(=O)CC,744.86,11.22,1136.96,1.168
CCCCCCCCCCCCCOC(=O)CCC,744.86,11.22,1136.96,1.168
CCCCCCCCCCCCCC(=O)OCCC,744.86,11.08,1151.47,1.168
CCCCCCCCCCCCCC(=O)OC(C)C,744.86,11.08,1151.47,1.168
CCCCCCCCCCCCCCCC(=O)OC,744.86,11.27,1132.65,1.168
C1CCCCCCCCSCCCCCCCC1,852.59,16.95,871.5,0.858
CCCCCCCCCCCCCCCCCBr,785.22,13.15,1184.32,0.964
CCCCCCCCCCCCCCCCCCl,800.58,12.86,1162.51,0.578
CCCCCCCCCCCCCCCCCF,752.78,14.83,946.05,0.429
CCCCCCCCCCCCCCCCC[N+](=O)[O-],941.61,10.81,1498.1,0.949
CCCCCCCCCCCCCCCCC,,,980.54,
CCCCCCCCCCCCCCC(C)C,742.38,13.91,982.06,0.773
CCCCCCCCCCCCCC(C)CC,742.38,14.03,973.73,0.773
CCCCCCCCCCCCC(C)CCC,742.38,14.11,968.51,0.773
CCCCCCCCCCCC(C)CCCC,742.38,14.09,969.84,0.773
CCCCCCCCCCCCCC(C)(C)C,742.38,13.9,982.82,0.773
CCCCCCCCCCCCC(C)C(C)C,742.38,14.25,959.2,0.773
CCCCCCCCCCCC(C)CC(C)C,742.38,14.03,973.58,0.773
CCCCCCCCC(C)CC(C)CC(C)C,742.38,13.61,1003.77,0.773
CCCCCCCCCCCCCCCCCO,787.14,12.31,1114.5,1.129
CCCCCCCCCCCCCCCC(C)O,787.14,12.19,1125.5,1.129
CCCCCCCCCC(O)CCCCCCC,787.14,12.19,1125.5,1.129
CCCCCCCCC(O)CCCCCCCC,787.14,12.19,1125.5,1.129
CCCCCCCCCCCCCCCC(O)CO,956.65,12.3,1329.44,1.174
OCCCCCCCCCCCCCCCCCO,956.65,12.3,1329.44,1.174
CCCCCCCCCCCCCCCCCS,791.71,12.09,1131.85,0.864
CCCCCCCCCCCCCCCC(C)S,791.71,12.09,1131.85,0.864
CCCCCCCCCCCCCCC(S)CC,791.71,12.09,1131.85,0.864
CCCCCCCCCCCCCC(S)CCC,791.71,12.09,1131.85,0.864
CCCCCCCCCCCCC(S)CCCC,791.71,12.09,1131.85,0.864
CCCCCCCCCCCC(S)CCCCC,791.71,12.09,1131.85,0.864
CCCCCCCCCCC(S)CCCCCC,791.71,12.09,1131.85,0.864
CCCCCCCCCC(S)CCCCCCC,791.71,12.09,1131.85,0.864
CCCCCCCCC(S)CCCCCCCC,791.71,12.09,1131.85,0.864
CCCCCCCCCCCCCCC(C)CS,791.71,12.09,1131.85,0.864
CCCCCCCCCCCCCC(C)CCS,791.71,12.09,1131.85,0.864
CCCCCCCCCCCCC(C)CCCS,791.71,12.09,1131.85,0.864
CCCCCCCCCCCC(C)CCCCS,791.71,12.09,1131.85,0.864
CCCCCCCCCCC(C)CCCCCS,791.71,12.09,1131.85,0.864
CCCCCCCCCC(C)CCCCCCS,791.71,12.09,1131.85,0.864
CCCCCCCCC(C)CCCCCCCS,791.71,12.09,1131.85,0.864
CCCCCCCC(C)CCCCCCCCS,791.71,12.09,1131.85,0.864
CCCCCCC(C)CCCCCCCCCS,791.71,12.09,1131.85,0.864
CCCCCC(C)CCCCCCCCCCS,791.71,12.09,1131.85,0.864
CCCCC(C)CCCCCCCCCCCS,791.71,12.09,1131.85,0.864
CCCC(C)CCCCCCCCCCCCS,791.71,12.09,1131.85,0.864
CCC(C)CCCCCCCCCCCCCS,791.71,12.09,1131.85,0.864
CC(C)CCCCCCCCCCCCCCS,791.71,12.09,1131.85,0.864
CCCCCCCCCCCCCCC(C)(C)S,791.71,12.09,1131.85,0.864
CCCCCCCCCCCCCC(C)C(C)S,791.71,12.09,1131.85,0.864
CCCCCCCCCCCCC(C)CC(C)S,791.71,12.09,1131.85,0.864
CCCCCCCCCCCC(C)CCC(C)S,791.71,12.09,1131.85,0.864
CCCCCCCCCCC(C)CCCC(C)S,791.71,12.09,1131.85,0.864
CCCCCCCCCC(C)CCCCC(C)S,791.71,12.09,1131.85,0.864
CCCCCCCCC(C)CCCCCC(C)S,791.71,12.09,1131.85,0.864
CCCCCCCC(C)CCCCCCC(C)S,791.71,12.09,1131.85,0.864
CCCCCCC(C)CCCCCCCC(C)S,791.71,12.09,1131.85,0.864
CCCCCC(C)CCCCCCCCC(C)S,791.71,12.09,1131.85,0.864
CCCCC(C)CCCCCCCCCC(C)S,791.71,12.09,1131.85,0.864
CCCC(C)CCCCCCCCCCC(C)S,791.71,12.09,1131.85,0.864
CCC(C)CCCCCCCCCCCC(C)S,791.71,12.09,1131.85,0.864
CC(C)CCCCCCCCCCCCC(C)S,791.71,12.09,1131.85,0.864
CCCCCCCCCCCCCCCCSC,791.71,12.09,1131.85,0.864
CCCCCCCCCCCCCCCSCC,791.71,12.09,1131.85,0.864
CCCCCCCCCCCCCCSCCC,791.71,12.09,1131.85,0.864
CCCCCCCCCCCCCSCCCC,791.71,12.09,1131.85,0.864
CCCCCCCCCCCCSCCCCC,791.71,12.09,1131.85,0.864
CCCCCCCCCCCSCCCCCC,791.71,12.09,1131.85,0.864
CCCCCCCCCCSCCCCCCC,791.71,12.09,1131.85,0.864
CCCCCCCCCSCCCCCCCC,791.71,12.09,1131.85,0.864
CCCCCCCCCCCCCCC(C)SC,791.71,12.09,1131.85,0.864
CCCCCCCCCCCCCC(C)CSC,791.71,12.09,1131.85,0.864
CCCCCCCCCCCCC(C)CCSC,791.71,12.09,1131.85,0.864
CCCCCCCCCCCC(C)CCCSC,791.71,12.09,1131.85,0.864
CCCCCCCCCCC(C)CCCCSC,791.71,12.09,1131.85,0.864
CCCCCCCCCC(C)CCCCCSC,791.71,12.09,1131.85,0.864
CCCCCCCCC(C)CCCCCCSC,791.71,12.09,1131.85,0.864
CCCCCCCC(C)CCCCCCCSC,791.71,12.09,1131.85,0.864
CCCCCCCCCCCCCCSC(C)C,791.71,12.09,1131.85,0.864
CCCCCCCCCCCCCC(C)SCC,791.71,12.09,1131.85,0.864
CCCCCCCCCCCCC(C)CSCC,791.71,12.09,1131.85,0.864
CCCCCCCCCCCC(C)CCSCC,791.71,12.09,1131.85,0.864
CCCCCCCCCCC(C)CCCSCC,791.71,12.09,1131.85,0.864
CCCCCCCCCC(C)CCCCSCC,791.71,12.09,1131.85,0.864
CCCCCCCCC(C)CCCCCSCC,791.71,12.09,1131.85,0.864
CCCCCCCC(C)CCCCCCSCC,791.71,12.09,1131.85,0.864
SCCCCCCCCCCCCCCCCCS,904.09,12.95,1159.12,0.948
CC(S)CCCCCCCCCCCCCCCS,904.09,12.95,1159.12,0.948
CCC(S)CCCCCCCCCCCCCCS,904.09,12.95,1159.12,0.948
CCCC(S)CCCCCCCCCCCCCS,904.09,12.95,1159.12,0.948
CCCCCC(S)CCCCCCCCCCCS,904.09,12.95,1159.12,0.948
CCCCCCC(S)CCCCCCCCCCS,904.09,12.95,1159.12,0.948
CCCCCCCC(S)CCCCCCCCCS,904.09,12.95,1159.12,0.948
CCCCCCCCC(S)CCCCCCCCS,904.09,12.95,1159.12,0.948
CCCCCCCCCC(S)CCCCCCCS,904.09,12.95,1159.12,0.948
CCCCCCCCCCC(S)CCCCCCS,904.09,12.95,1159.12,0.948
CCCCCCCCCCCC(S)CCCCCS,904.09,12.95,1159.12,0.948
CCCCCCCCCCCCC(S)CCCCS,904.09,12.95,1159.12,0.948
CCCCCCCCCCCCCC(S)CCCS,904.09,12.95,1159.12,0.948
CCCCCCCCCCCCCCC(S)CCS,904.09,12.95,1159.12,0.948
CCCCCCCCCCCCCCCC(S)CS,904.09,12.95,1159.12,0.948
CCCCCCCCCCCCCCCCSSC,849.09,11.99,1176.6,0.948
CCCCCCCCCCCCCCCSSCC,849.09,11.99,1176.6,0.948
CCCCCCCCCCCCCCSSCCC,849.09,11.99,1176.6,0.948
CCCCCCCCCCCCCSSCCCC,849.09,11.99,1176.6,0.948
CCCCCCCCCCCCSSCCCCC,849.09,11.99,1176.6,0.948
CCCCCCCCCCCSSCCCCCC,849.09,11.99,1176.6,0.948
CCCCCCCCCCSSCCCCCCC,849.09,11.99,1176.6,0.948
CCCCCCCCCSSCCCCCCCC,849.09,11.99,1176.6,0.948
CCCCCCCCCCCCCCCSCSC,849.09,11.99,1176.6,0.948
CCCCCCCCCCCCCCSCSCC,849.09,11.99,1176.6,0.948
CCCCCCCCCCCCCSCSCCC,849.09,11.99,1176.6,0.948
CCCCCCCCCCCCSCSCCCC,849.09,11.99,1176.6,0.948
CCCCCCCCCCCSCSCCCCC,849.09,11.99,1176.6,0.948
CCCCCCCCCCSCSCCCCCC,849.09,11.99,1176.6,0.948
CCCCCCCCCSCSCCCCCCC,849.09,11.99,1176.6,0.948
CCCCCCCCSCSCCCCCCCC,849.09,11.99,1176.6,0.948
CCCCCCCCCCCCCCCCCN,819.48,14.21,1030.22,0.866
CCCCCCCCCCCCCCCCNC,779.48,12.53,1111.27,0.866
CCCCCCCCCCCCCCCNCC,779.48,12.53,1111.27,0.866
CCCCCCCCCCCCCCCN(C)C,779.48,12.27,1134.66,0.866
CCCCCCCCCCCCCN(CC)CC,779.48,12.27,1134.66,0.866
CCCCCCCCN(C)CCCCCCCC,779.48,12.27,1134.66,0.866
c1ccc2c(c1)ccc1c3ccccc3ccc21,979,24.42,749.09,0.736
c1ccc2cc3c(ccc4ccccc43)cc2c1,979,26.4,692.96,0.736
c1ccc2cc3cc4ccccc4cc3cc2c1,987,26.73,690,0.736
Cc1cc2c3c(cccc3c1C)-c1ccccc1-2,979.84,21.3,857.59,0.742
Cc1ccc2c(c1C)-c1cccc3cccc-2c13,979.84,21.3,857.59,0.742
Cc1cc2c(cc1C)-c1cccc3cccc-2c13,979.84,21.3,857.59,0.742
c1ccc(P(c2ccccc2)c2ccccc2)cc1,1008,78.4,554,0.452
c1ccc(Nc2ccc(Nc3ccccc3)cc2)cc1,1017,22.1,817,0.88
Cc1cccc2c1ccc1cc(C(C)C)ccc12,971.24,17.78,1013.15,0.754
CC(C)(C)c1ccc2cc3ccccc3cc2c1,971.24,17.78,1013.15,0.754
Cc1cc2c(C)c3ccccc3c(C)c2cc1C,971.24,17.78,1013.15,0.754
Cc1c(C)c(C)c2c(ccc3ccccc32)c1C,971.24,17.78,1013.15,0.754
CCCCC=C(c1ccccc1)c1ccccc1,851.26,18.69,842.47,0.76
C=C(CC(C)(C)c1ccccc1)c1ccccc1,875.27,19.76,819.44,0.76
Cc1cc(C)c(-c2c(C)cc(C)cc2C)c(C)c1,889.93,19.21,854.79,0.766
CCCCCC(c1ccccc1)c1ccccc1,849.93,17.28,907.62,0.766
CC(C)(c1ccccc1)C(C)(C)c1ccccc1,849.93,18,871.15,0.766
CCCCCCc1ccc(-c2ccccc2)cc1,889.93,18.38,893.49,0.766
CC(C)(OOC(C)(C)c1ccccc1)c1ccccc1,884,17.35,873,1.168
CCCCCCCCc1cccc2ccccc12,907.28,16.59,1006.58,0.772
CCCCCCCCc1ccc2ccccc2c1,907.28,16.36,1020.73,0.772
CC(C)(C)c1ccc2cc(C(C)(C)C)ccc2c1,907.28,15.89,1051.08,0.772
CCCCCCCCC1CCCc2ccccc21,871.94,16.89,945.5,0.784
CCCCCCCCC1CCc2ccccc2C1,871.94,16.89,945.5,0.784
CCCCCCCCCCCCc1ccccc1,834.26,14.38,1060.12,0.79
CCc1c(CC)c(CC)c(CC)c(CC)c1CC,834.26,14,1088.52,0.79
CC(C)c1cc(C(C)C)c(C(C)C)cc1C(C)C,834.26,12.55,1214.63,0.79
CCCCCCC#CCCC#CCCCCCC,874.52,15.97,1000.67,0.79
CC(C)(C)c1cc(C(C)(C)C)cc(C(C)(C)C)c1,834.26,14.39,1059.28,0.79
CC(C)(C)c1ccc(C(C)(C)C)c(C(C)(C)C)c1,834.26,14.39,1059.28,0.79
CC(C)(C)c1cc(C(C)(C)C)c(O)c(C(C)(C)C)c1,887.62,14.7,1044.75,1.146
CCC(C)c1cc(C(C)(C)C)c(O)c(C(C)(C)C)c1,887.62,15.48,992.15,1.146
CCCCCCCCCCCCc1ccc(O)cc1,887.62,16.47,932.31,1.146
CC/C=C\C/C=C\C/C=C\CCCCCCCC(=O)O,780,12.36,1070,1.19
CCCCCCCCCCCCc1ccc(N)cc1,938.07,14.44,1151.32,0.883
CCCCC/C=C\C/C=C\CCCCCCCC(=O)O,775,13.24,990,1.195
CCCCCCCCCCCCCCc1cccs1,823.73,12.82,1099.58,0.885
CCCCCCCCCCCCCCc1ccsc1,823.73,12.82,1099.58,0.885
CC(C)CCCCCCCCCCCc1cccs1,823.73,12.82,1099.58,0.885
CC(C)CCCCCCCCCCCc1ccsc1,823.73,12.82,1099.58,0.885
CCCCCCCCCCCCC(C)c1cccs1,823.73,12.82,1099.58,0.885
CCCCCCCCCCCCC(C)c1ccsc1,823.73,12.82,1099.58,0.885
CCCCCCCCCCCC(C)(C)c1cccs1,823.73,12.82,1099.58,0.885
CCCCCCCCCCCC(C)(C)c1ccsc1,823.73,12.82,1099.58,0.885
CCCCCCCCCCCCCc1ccsc1C,823.73,12.82,1099.58,0.885
CCCCCCCCCCCCCc1csc(C)c1,823.73,12.82,1099.58,0.885
CCCCCCCCCCCCCc1ccc(C)s1,823.73,12.82,1099.58,0.885
CCCCCCCCCCCCCc1sccc1C,823.73,12.82,1099.58,0.885
CCCCCCCCCCCCCc1cscc1C,823.73,12.82,1099.58,0.885
CCCCCCCCCCCCCc1cc(C)cs1,823.73,12.82,1099.58,0.885
CCCCCCCC/C=C\CCCCCCCC#N,908.28,13.01,1234.27,0.889
C#CCCCCCCCCCCCCCCCC,783.84,13.2,1079.37,0.802
CC#CCCCCCCCCCCCCCCC,783.84,13.18,1080.82,0.802
CCC#CCCCCCCCCCCCCCC,783.84,13.06,1091,0.802
CCCCCCCCC#CCCCCCCCC,783.84,13.18,1081.47,0.802
CCCCCC(C1CCCCC1)C1CCCCC1,823.84,14.83,1009.8,0.802
CCCCCCCCCCCCCC1=CCCC1,798.84,13.65,1063.66,0.802
CCCCCCCCCCCCCCCC=CC=O,861.28,12.23,1212.52,1.157
CCCCCCCCC=CCCCCCCCC=O,861.28,12.3,1205.08,1.157
CCCCCCCC/C=C\CCCCCCCC=O,861.28,12.3,1205.08,1.157
CCCCCCCCCCCCCCC/C=C/C(=O)O,875.42,10.54,1402.3,1.201
CCCCCCCCCCC/C=C\CCCCC(=O)O,875.42,11.23,1315.95,1.201
CCCCCCCCCCC/C=C/CCCCC(=O)O,875.42,10.83,1364.2,1.201
CCCCCCCC/C=C\CCCCCCCC(=O)O,875.42,11.17,1323.12,1.201
CCCCCCCC/C=C/CCCCCCCC(=O)O,875.42,10.66,1385.82,1.201
CCCCCC/C=C\CCCCCCCCCC(=O)O,875.42,11.23,1315.95,1.201
CCCCCC/C=C/CCCCCCCCCC(=O)O,875.42,10.65,1386.79,1.201
CCCCOC(=O)CCCCCCCCC(=O)OCCCC,768,11.86,1050,1.282
CCCCCCOC(=O)CCCCC(=O)OCCCCCC,767,11.85,1050,1.282
CCCCCCCCCCCCCCCC/C=C\Br,816.53,13.64,1169.51,0.993
CCCCCCCCCCCCCCCC/C=C/Br,816.53,13.64,1169.51,0.993
CCCCCCCCCCCCCCCC/C=C\Cl,833.12,13.08,1171.75,0.592
CCCCCCCCCCCCCCCC/C=C/Cl,833.12,13.08,1171.75,0.592
CCCCCCCCCCCCCCCCCC(Cl)(Cl)Cl,820.45,9.77,1414.83,0.497
CCCCCCCCCCCCCCCC/C=C\F,725.85,13.65,975.83,0.367
CCCCCCCCCCCCCCCC/C=C/F,725.85,13.65,975.83,0.367
CCCCCCCCCCCCCCCCCC(F)(F)F,669.7,10.27,1142.06,0.458
CCCCCCCCCCCCCCCCCC#N,915.47,12.7,1271.69,0.895
C=CCCCCCCCCCCCCCCCC,771.11,12.5,1119.02,0.808
CCCCCCCCC=CCCCCCCCC,771.11,12.62,1107.83,0.808
C=C(C)CCCCCCCCCCCCCCC,771.11,12.55,1114.42,0.808
CCCCCCCCCCCCCC1CCCC1,796.11,13.47,1071.35,0.808
CCCCCCCCCCCCC1CCCCC1,801.11,12.81,1133.93,0.808
C1CCCCCCCCCCCCCCCCC1,824.69,16.96,881.5,0.808
CCCCCCCCCCCCCCCCCC(Br)Br,866.06,11.76,1301.41,0.801
CCCCCCCCCCCCCCCCCC(Cl)Cl,849.04,12.03,1240.95,0.592
CCCCCCCCCCCCCCCCCC(F)F,746.75,13.4,998.12,0.488
CCCCCCCCCCCCCCCCCC=O,802.09,11.51,1196.64,1.163
CC(C)CCCCCCCCCCCCCCC=O,802.09,11.51,1196.64,1.163
CCCCCCCCCCCCCCCCC(C)=O,793.09,11.8,1154.22,1.163
CCCCCCCCCCCCCCCC(=O)CC,793.09,11.8,1154.22,1.163
CCCCCCCCCCCCCC(=O)CCCC,793.09,11.8,1154.22,1.163
CCCCCCCC/C=C\CCCCCCCCO,833.09,12.46,1148.18,1.163
CCCCCCCC/C=C/CCCCCCCCO,833.09,12.42,1151.44,1.163
CCCCCCCCCCCCCCCCCC(=O)O,847.16,10.78,1322.53,1.206
CCCCCCCCCCCCCCCC(C)C(=O)O,847.16,11.34,1257.57,1.206
CCCCCCCCCCCCCCC(C)CC(=O)O,847.16,11.34,1257.57,1.206
CC(C)CCCCCCCCCCCCCCC(=O)O,847.16,11.34,1257.57,1.206
CCCCCCCCCCCCCCC(CC)C(=O)O,847.16,11.34,1257.57,1.206
CCCCCCCCC(CCCCCCCC)C(=O)O,847.16,11.34,1257.57,1.206
CCCCCCCCCCCCCCCCCOC=O,757.16,10.62,1199.92,1.206
CCCCCCCCCCCCCCCCOC(C)=O,757.16,10.62,1199.92,1.206
CCCCCCCCCCCCCCCOC(=O)CC,757.16,10.62,1199.92,1.206
CCCCCCCCCCCCCCOC(=O)CCC,757.16,10.62,1199.92,1.206
CCCCCCCCCCCCCC(=O)OCCCC,757.16,10.62,1199.92,1.206
CCCCCCCCCCCCCCCC(=O)OCC,757.16,10.58,1205.18,1.206
CCCCCCCCCCCCCCCCC(=O)OC,757.16,10.62,1199.92,1.206
C1CCCCCCCCCSCCCCCCCC1,859.18,15.91,919.5,0.896
CCCCCCCCCCCCCCCCCCBr,798.4,12.41,1254.03,0.998
CCCCCCCCCCCCCCCCCCCl,815.18,12.19,1227.32,0.595
CCCCCCCCCCCCCCCCCCF,768.01,14.07,999.55,0.438
CCCCCCCCCCCCCCCCCC[N+](=O)[O-],955.84,10.1,1599.39,0.985
CCCCCCCCCCCCCCCCCC,,,1043.41,0.814
CCCCCCCCCCCCCCCC(C)C,758.37,13.13,1044.54,0.814
CCCCCCCCCCCCCCC(C)CC,758.37,13.24,1036.04,0.814
CCCCCCCCCCCCCC(C)CCC,758.37,13.2,1039.13,0.814
CCCCCCCCCCCCC(C)CCCC,758.37,13.21,1038.54,0.814
CCCCCCCCC(C)CCCCCCCC,758.37,13.23,1036.68,0.814
CCCCCCCCCCCCCCC(C)(C)C,758.37,13.13,1045.02,0.814
CCCCCCCCCCCCCC(C)C(C)C,758.37,13.44,1020.51,0.814
CCCCCCCCCCCCC(C)CC(C)C,758.37,13.25,1035.25,0.814
CCCC(CCC)CCCCC(CCC)CCC,758.37,13.05,1050.92,0.814
CCCCCCCCCC(C)CC(C)CC(C)C,758.37,12.8,1071.97,0.814
CC(C)(C)C(C(C(C)(C)C)C(C)(C)C)C(C)(C)C,758.37,13.28,1033.19,0.814
CCCCCCCCCCCCCCCCCCO,799.9,10.96,1249.9,1.168
CCCCCCCCCCCCCCCCC(C)O,799.9,11.53,1188.3,1.168
CCCCCCCCCCCCCCCC(O)CC,799.9,10.53,1300.84,1.168
CCCCCCCCCCCCCC(O)CCCC,799.9,11.53,1188.3,1.168
CCCCCCCCCOCCCCCCCCC,729.9,10.9,1147.38,1.168
CCCCCCCCCCCCCCCCC(O)CO,968.89,11.42,1425.1,1.211
OCCCCCCCCCCCCCCCCCCO,968.89,11.42,1425.1,1.211
CCCCCCCCCCCCCCCCCCS,803.95,11.43,1194.94,0.901
CCCCCCCCCCCCCCCCC(C)S,803.95,11.43,1194.94,0.901
CCCCCCCCCCCCCCCC(S)CC,803.95,11.43,1194.94,0.901
CCCCCCCCCCCCCCC(S)CCC,803.95,11.43,1194.94,0.901
CCCCCCCCCCCCCC(S)CCCC,803.95,11.43,1194.94,0.901
CCCCCCCCCCCCC(S)CCCCC,803.95,11.43,1194.94,0.901
CCCCCCCCCCCC(S)CCCCCC,803.95,11.43,1194.94,0.901
CCCCCCCCCCC(S)CCCCCCC,803.95,11.43,1194.94,0.901
CCCCCCCCCC(S)CCCCCCCC,803.95,11.43,1194.94,0.901
CCCCCCCCCCCCCCCC(C)CS,803.95,11.43,1194.94,0.901
CCCCCCCCCCCCCCC(C)CCS,803.95,11.43,1194.94,0.901
CCCCCCCCCCCCCC(C)CCCS,803.95,11.43,1194.94,0.901
CCCCCCCCCCCCC(C)CCCCS,803.95,11.43,1194.94,0.901
CCCCCCCCCCCC(C)CCCCCS,803.95,11.43,1194.94,0.901
CCCCCCCCCCC(C)CCCCCCS,803.95,11.43,1194.94,0.901
CCCCCCCCCC(C)CCCCCCCS,803.95,11.43,1194.94,0.901
CCCCCCCCC(C)CCCCCCCCS,803.95,11.43,1194.94,0.901
CCCCCCCC(C)CCCCCCCCCS,803.95,11.43,1194.94,0.901
CCCCCCC(C)CCCCCCCCCCS,803.95,11.43,1194.94,0.901
CCCCCC(C)CCCCCCCCCCCS,803.95,11.43,1194.94,0.901
CCCCC(C)CCCCCCCCCCCCS,803.95,11.43,1194.94,0.901
CCCC(C)CCCCCCCCCCCCCS,803.95,11.43,1194.94,0.901
CCC(C)CCCCCCCCCCCCCCS,803.95,11.43,1194.94,0.901
CC(C)CCCCCCCCCCCCCCCS,803.95,11.43,1194.94,0.901
CCCCCCCCCCCCCCCC(C)(C)S,803.95,11.43,1194.94,0.901
CCCCCCCCCCCCCCC(C)C(C)S,803.95,11.43,1194.94,0.901
CCCCCCCCCCCCCC(C)CC(C)S,803.95,11.43,1194.94,0.901
CCCCCCCCCCCCC(C)CCC(C)S,803.95,11.43,1194.94,0.901
CCCCCCCCCCCC(C)CCCC(C)S,803.95,11.43,1194.94,0.901
CCCCCCCCCCC(C)CCCCC(C)S,803.95,11.43,1194.94,0.901
CCCCCCCCCC(C)CCCCCC(C)S,803.95,11.43,1194.94,0.901
CCCCCCCCC(C)CCCCCCC(C)S,803.95,11.43,1194.94,0.901
CCCCCCCC(C)CCCCCCCC(C)S,803.95,11.43,1194.94,0.901
CCCCCCC(C)CCCCCCCCC(C)S,803.95,11.43,1194.94,0.901
CCCCCC(C)CCCCCCCCCC(C)S,803.95,11.43,1194.94,0.901
CCCCC(C)CCCCCCCCCCC(C)S,803.95,11.43,1194.94,0.901
CCCC(C)CCCCCCCCCCCC(C)S,803.95,11.43,1194.94,0.901
CCC(C)CCCCCCCCCCCCC(C)S,803.95,11.43,1194.94,0.901
CC(C)CCCCCCCCCCCCCC(C)S,803.95,11.43,1194.94,0.901
CCCCCCCCCCCCCCCCCSC,803.95,11.43,1194.94,0.901
CCCCCCCCCCCCCCCCSCC,803.95,11.43,1194.94,0.901
CCCCCCCCCCCCCCCSCCC,803.95,11.43,1194.94,0.901
CCCCCCCCCCCCCCSCCCC,803.95,11.43,1194.94,0.901
CCCCCCCCCCCCCSCCCCC,803.95,11.43,1194.94,0.901
CCCCCCCCCCCCSCCCCCC,803.95,11.43,1194.94,0.901
CCCCCCCCCCCSCCCCCCC,803.95,11.43,1194.94,0.901
CCCCCCCCCCSCCCCCCCC,803.95,11.43,1194.94,0.901
CCCCCCCCCSCCCCCCCCC,803.95,11.43,1194.94,0.901
CCCCCCCCCCCCCCCC(C)SC,803.95,11.43,1194.94,0.901
CCCCCCCCCCCCCCC(C)CSC,803.95,11.43,1194.94,0.901
CCCCCCCCCCCCCC(C)CCSC,803.95,11.43,1194.94,0.901
CCCCCCCCCCCCC(C)CCCSC,803.95,11.43,1194.94,0.901
CCCCCCCCCCCC(C)CCCCSC,803.95,11.43,1194.94,0.901
CCCCCCCCCCC(C)CCCCCSC,803.95,11.43,1194.94,0.901
CCCCCCCCCC(C)CCCCCCSC,803.95,11.43,1194.94,0.901
CCCCCCCCC(C)CCCCCCCSC,803.95,11.43,1194.94,0.901
CCCCCCCC(C)CCCCCCCCSC,803.95,11.43,1194.94,0.901
CCCCCCCCCCCCCCCSC(C)C,803.95,11.43,1194.94,0.901
CCCCCCCCCCCCCCC(C)SCC,803.95,11.43,1194.94,0.901
CCCCCCCCCCCCCC(C)CSCC,803.95,11.43,1194.94,0.901
CCCCCCCCCCCCC(C)CCSCC,803.95,11.43,1194.94,0.901
CCCCCCCCCCCC(C)CCCSCC,803.95,11.43,1194.94,0.901
CCCCCCCCCCC(C)CCCCSCC,803.95,11.43,1194.94,0.901
CCCCCCCCCC(C)CCCCCSCC,803.95,11.43,1194.94,0.901
CCCCCCCCC(C)CCCCCCSCC,803.95,11.43,1194.94,0.901
CCCCCCCC(C)CCCCCCCSCC,803.95,11.43,1194.94,0.901
SCCCCCCCCCCCCCCCCCCS,915.43,12.2,1224.96,0.983
CC(S)CCCCCCCCCCCCCCCCS,915.43,12.2,1224.96,0.983
CCC(S)CCCCCCCCCCCCCCCS,915.43,12.2,1224.96,0.983
CCCC(S)CCCCCCCCCCCCCCS,915.43,12.2,1224.96,0.983
CCCCC(S)CCCCCCCCCCCCCS,915.43,12.2,1224.96,0.983
CCCCCCC(S)CCCCCCCCCCCS,915.43,12.2,1224.96,0.983
CCCCCCCC(S)CCCCCCCCCCS,915.43,12.2,1224.96,0.983
CCCCCCCCC(S)CCCCCCCCCS,915.43,12.2,1224.96,0.983
CCCCCCCCCC(S)CCCCCCCCS,915.43,12.2,1224.96,0.983
CCCCCCCCCCC(S)CCCCCCCS,915.43,12.2,1224.96,0.983
CCCCCCCCCCCC(S)CCCCCCS,915.43,12.2,1224.96,0.983
CCCCCCCCCCCCC(S)CCCCCS,915.43,12.2,1224.96,0.983
CCCCCCCCCCCCCC(S)CCCCS,915.43,12.2,1224.96,0.983
CCCCCCCCCCCCCCC(S)CCCS,915.43,12.2,1224.96,0.983
CCCCCCCCCCCCCCCC(S)CCS,915.43,12.2,1224.96,0.983
CCCCCCCCCCCCCCCCC(S)CS,915.43,12.2,1224.96,0.983
CCCCCCCCCCCCCCCCCSSC,860.43,11.3,1242.6,0.983
CCCCCCCCCCCCCCCCSSCC,860.43,11.3,1242.6,0.983
CCCCCCCCCCCCCCCSSCCC,860.43,11.3,1242.6,0.983
CCCCCCCCCCCCCCSSCCCC,860.43,11.3,1242.6,0.983
CCCCCCCCCCCCCSSCCCCC,860.43,11.3,1242.6,0.983
CCCCCCCCCCCCSSCCCCCC,860.43,11.3,1242.6,0.983
CCCCCCCCCCCSSCCCCCCC,860.43,11.3,1242.6,0.983
CCCCCCCCCCSSCCCCCCCC,860.43,11.3,1242.6,0.983
CCCCCCCCCSSCCCCCCCCC,860.43,11.3,1242.6,0.983
CCCCCCCCCCCCCCCCSCSC,860.43,11.3,1242.6,0.983
CCCCCCCCCCCCCCCSCSCC,860.43,11.3,1242.6,0.983
CCCCCCCCCCCCCCSCSCCC,860.43,11.3,1242.6,0.983
CCCCCCCCCCCCCSCSCCCC,860.43,11.3,1242.6,0.983
CCCCCCCCCCCCSCSCCCCC,860.43,11.3,1242.6,0.983
CCCCCCCCCCCSCSCCCCCC,860.43,11.3,1242.6,0.983
CCCCCCCCCCSCSCCCCCCC,860.43,11.3,1242.6,0.983
CCCCCCCCCSCSCCCCCCCC,860.43,11.3,1242.6,0.983
CCCCCCCCCCCCCCCCCCN,834.82,13.54,1081.96,0.906
CCCCCCCCCCCCCCCCCNC,794.82,11.74,1188.01,0.906
CCCCCCCCCCCCCCCCNCC,794.82,11.85,1176.97,0.906
CCCCCCCCCNCCCCCCCCC,794.82,11.89,1173.33,0.906
CCCCCCCCCCCCCCCCN(C)C,794.82,11.76,1186.58,0.906
CCCCCCCCCCCCCCN(CC)CC,794.82,11.51,1211.66,0.906
CCCCCCN(CCCCCC)CCCCCC,794.82,11.75,1187.29,0.906
CCCCCC[SiH](CCCCCC)CCCCCC,906.62,12.93,1264.81,0.51
Cc1ccc2c(ccc3cc4ccccc4cc32)c1,1034.09,24.97,760.5,0.778
Cc1cccc2cc3c(ccc4ccccc43)cc12,1034.09,28.55,665.21,0.778
Cc1ccc2cc3c(ccc4ccccc43)cc2c1,1034.09,24.97,760.5,0.778
Cc1ccc2cc3ccc4ccccc4c3cc2c1,1034.09,24.97,760.5,0.778
Cc1cccc2cc3ccc4ccccc4c3cc12,1034.09,24.97,760.5,0.778
Cc1cccc2c1ccc1c3ccccc3ccc21,1052.42,21.88,883.28,0.778
Cc1cc2ccccc2c2ccc3ccccc3c12,1052.42,21.88,883.28,0.778
Cc1cccc2ccc3cc4ccccc4cc3c12,1034.09,24.97,760.5,0.778
Cc1ccc2ccc3cc4ccccc4cc3c2c1,1034.09,24.97,760.5,0.778
Cc1cccc2c1ccc1cc3ccccc3cc12,1034.09,24.97,760.5,0.778
Cc1cc2cc3ccccc3cc2c2ccccc12,1034.09,24.97,760.5,0.778
Cc1cc2ccccc2c2cc3ccccc3cc12,1034.09,24.97,760.5,0.778
Cc1c2ccccc2cc2c1ccc1ccccc12,1034.09,24.97,760.5,0.778
Cc1c2ccccc2cc2ccc3ccccc3c12,1034.09,24.97,760.5,0.778
Cc1ccc2c(ccc3c4ccccc4ccc23)c1,1052.42,21.88,883.28,0.778
Cc1ccc2ccc3c4ccccc4ccc3c2c1,1052.42,21.88,883.28,0.778
Cc1cccc2ccc3c4ccccc4ccc3c12,1052.42,21.88,883.28,0.778
Cc1cc2c3ccccc3ccc2c2ccccc12,1052.42,21.88,883.28,0.778
c1ccc(C(c2ccccc2)c2ccccc2)cc1,850.62,20.69,753,0.784
Cc1c2ccccc2cc2c3c(ccc12)CCCC3,1039.38,24.48,775.71,0.79
CCCCCC=C(c1ccccc1)c1ccccc1,893.73,17.81,912.2,0.802
CCCCCCC(c1ccccc1)c1ccccc1,866.02,16.02,980.1,0.808
CCCCCCCCCc1cccc2ccccc12,923.28,15.33,1089.52,0.813
CCCCCCCCCc1ccc2ccccc2c1,923.28,15.08,1107.86,0.813
CCCCCCCCCC1CCCc2ccccc21,887.76,15.77,1013.41,0.825
CCCCCCCCCC1CCc2ccccc2C1,887.76,15.77,1013.41,0.825
CCCCCCCCCCCCC(Cl)c1ccccc1,871.24,12.97,1223.91,0.531
CCCCCCCCCCCCCc1ccccc1,849.98,13.51,1129.74,0.831
CCCCCCC(CCCCCC)c1ccccc1,849.98,13.54,1126.88,0.831
CCCCCCCCCCCCCCCc1cccs1,835.73,12.08,1163.03,0.922
CCCCCCCCCCCCCCCc1ccsc1,835.73,12.08,1163.03,0.922
CC(C)CCCCCCCCCCCCc1cccs1,835.73,12.08,1163.03,0.922
CC(C)CCCCCCCCCCCCc1ccsc1,835.73,12.08,1163.03,0.922
CCCCCCCCCCCCCC(C)c1cccs1,835.73,12.08,1163.03,0.922
CCCCCCCCCCCCCC(C)c1ccsc1,835.73,12.08,1163.03,0.922
CCCCCCCCCCCCC(C)(C)c1cccs1,835.73,12.08,1163.03,0.922
CCCCCCCCCCCCC(C)(C)c1ccsc1,835.73,12.08,1163.03,0.922
CCCCCCCCCCCCCCc1ccsc1C,835.73,12.08,1163.03,0.922
CCCCCCCCCCCCCCc1csc(C)c1,835.73,12.08,1163.03,0.922
CCCCCCCCCCCCCCc1ccc(C)s1,835.73,12.08,1163.03,0.922
CCCCCCCCCCCCCCc1sccc1C,835.73,12.08,1163.03,0.922
CCCCCCCCCCCCCCc1cscc1C,835.73,12.08,1163.03,0.922
CCCCCCCCCCCCCCc1cc(C)cs1,835.73,12.08,1163.03,0.922
C#CCCCCCCCCCCCCCCCCC,799.4,12.45,1147.33,0.842
CC#CCCCCCCCCCCCCCCCC,799.4,12.6,1133.7,0.842
CCC#CCCCCCCCCCCCCCCC,799.4,12.6,1133.7,0.842
CCCCCCC(C1CCCCC1)C1CCCCC1,839.4,12.7,1180.35,0.842
CCCCCCCCCCCCCCC1=CCCC1,814.4,12.83,1133.57,0.842
CCCCCCCC/C=C\CCCCCCCC(=O)OC,764,11.95,1060,1.237
CCCCCCCCCCCCCCCCCC=CBr,829.37,12.87,1237.22,1.026
CCCCCCCCCCCCCCCCC/C=C/Br,829.37,12.87,1237.22,1.026
CCCCCCCCCCCCCCCCC/C=C\Cl,847.29,12.39,1236.38,0.608
CCCCCCCCCCCCCCCCC/C=C/Cl,847.29,12.39,1236.38,0.608
CCCCCCCCCCCCCCCCCCC(Cl)(Cl)Cl,832.64,9.25,1490.51,0.511
CCCCCCCCCCCCCCCCC/C=C\F,740.61,12.96,1030.53,0.375
CCCCCCCCCCCCCCCCC/C=C/F,740.61,12.96,1030.53,0.375
CCCCCCCCCCCCCCCCCCC(F)(F)F,683.19,9.67,1215.19,0.466
CCCCCCCCCCCCCCCCCCC#N,930.42,12.26,1315.25,0.933
C=CCCCCCCCCCCCCCCCCC,786.58,11.69,1199.5,0.847
C=C(C)CCCCCCCCCCCCCCCC,786.58,11.69,1199.5,0.847
CCCCCCCCCCCCCCC1CCCC1,811.58,12.69,1139.8,0.847
CCCCCCCCCCCCCC1CCCCC1,816.58,11.96,1216.33,0.847
CCCCCCC(CCCCCC)C1CCCCC1,816.58,11.94,1218.97,0.847
CCCCCCC(CCCCCC)CC1CCCC1,811.58,12.33,1172.52,0.847
C1CCCCCCCCCCCCCCCCCC1,834.39,16,929.5,0.847
CCCCCCCCCCCCCCCCCCC(Br)Br,877.12,11.04,1379.2,0.829
CCCCCCCCCCCCCCCCCCC(Cl)Cl,862.1,11.37,1310.13,0.607
CCCCCCCCCCCCCCCCCCC(F)F,760.81,12.7,1054.15,0.496
CCCCCCCCCCCCCCCCCCC=O,814.46,10.76,1277.85,1.201
CCCCCCCCCCCCCCCCCC(C)=O,805.46,11.17,1216.8,1.201
CCCCCCCCCCCCCCCCC(=O)CC,805.46,11.17,1216.8,1.201
CCCCCCCCCC(=O)CCCCCCCCC,805.46,11.17,1216.8,1.201
CCCCCCCCCCCCCCCCCCC(=O)O,859.05,10.71,1326.63,1.242
CCCCCCCCCCCCCCCCC(C)C(=O)O,859.05,10.71,1326.63,1.242
CCCCCCCCCC(C)CCCCCCCC(=O)O,859.05,10.71,1326.63,1.242
CCCCCCCCC(C)CCCCCCCCC(=O)O,859.05,10.71,1326.63,1.242
CCCCC(C)CCCCCCCCCCCCC(=O)O,859.05,10.71,1326.63,1.242
CC(C)CCCCCCCCCCCCCCCC(=O)O,859.05,10.71,1326.63,1.242
CCCCCCCCCCCCCCCC(CC)C(=O)O,859.05,10.71,1326.63,1.242
CCCCCCCCCCCCCCCCCCOC=O,769.05,10.06,1264.6,1.242
CCCCCCCCCCCCCCCCCOC(C)=O,769.05,10.06,1264.6,1.242
CCCCCCCCCCCCCCCCOC(=O)CC,769.05,10.06,1264.6,1.242
CCCCCCCCCCCCCCCOC(=O)CCC,769.05,10.06,1264.6,1.242
CCCCCCCCCCCCCCCC(=O)OCCC,769.05,9.96,1276.83,1.242
CCCCCCCCCCCCCCCC(=O)OC(C)C,769.05,9.94,1280.39,1.242
CCCCCCCCCCCCCCCCC(=O)OCC,769.05,9.79,1298.99,1.242
CCCCCCCCCCCCCCCCCC(=O)OC,769.05,9.77,1302.11,1.242
C1CCCCCCCCCSCCCCCCCCC1,865.9,14.98,967.5,0.933
CCCCCCCCCCCCCCCCCCCBr,811.19,11.72,1325.34,1.031
CCCCCCCCCCCCCCCCCCCCl,829.29,11.56,1293.87,0.61
CCCCCCCCCCCCCCCCCCCF,782.69,13.35,1054.62,0.446
CCCCCCCCCCCCCCCCCCC[N+](=O)[O-],969.61,9.46,1702.4,1.02
CCCCCCC(CCCCCC)CCCCCC,773.76,12.57,1094.34,0.853
CC(C)CCCC(C)CCCC(C)CCCC(C)C,773.76,12.4,1108.85,0.853
CCCCCCCCCCCCCCCCCCC,773.76,12.53,1098.02,0.853
CCCCCCCCCCCCCCCCC(C)C,773.76,12.42,1107.66,0.853
CCCCCCCCCCCCCCCC(C)CC,773.76,12.51,1099.03,0.853
CCCCCCCCCCCCCCC(C)CCC,773.76,12.42,1107.81,0.853
CCCCCCCCCCCCCC(C)CCCC,773.76,12.41,1107.82,0.853
CCCCCCCCCCCCCCCC(C)(C)C,773.76,12.37,1111.69,0.853
CCCCCCCCCCCCCCC(C)C(C)C,773.76,12.7,1082.78,0.853
CCCCCCCCCCCCCC(C)CC(C)C,773.76,12.53,1097.85,0.853
CCCCCCCCCCC(C)CC(C)CC(C)C,773.76,12.09,1137.63,0.853
CCCCCCCCCCCCCCCCCCCO,812.2,10.91,1252.95,1.206
CCCCCCCCCCCCCCCCCC(C)O,812.2,10.91,1252.95,1.206
CCCCCCCCCC(O)CCCCCCCCC,812.2,10.91,1252.95,1.206
CCCCCCCCCCCCCCCCCC(O)CO,980.72,10.63,1522.52,1.248
CCCCCCCCCCCCCCCCC(O)CCO,980.72,10.63,1522.52,1.248
CCCCCCCCCCCCCCCCCCCS,815.78,10.81,1259.75,0.938
CCCCCCCCCCCCCCCCCC(C)S,815.78,10.81,1259.75,0.938
CCCCCCCCCCCCCCCCC(S)CC,815.78,10.81,1259.75,0.938
CCCCCCCCCCCCCCCC(S)CCC,815.78,10.81,1259.75,0.938
CCCCCCCCCCCCCCC(S)CCCC,815.78,10.81,1259.75,0.938
CCCCCCCCCCCCCC(S)CCCCC,815.78,10.81,1259.75,0.938
CCCCCCCCCCCCC(S)CCCCCC,815.78,10.81,1259.75,0.938
CCCCCCCCCCCC(S)CCCCCCC,815.78,10.81,1259.75,0.938
CCCCCCCCCCC(S)CCCCCCCC,815.78,10.81,1259.75,0.938
CCCCCCCCCC(S)CCCCCCCCC,815.78,10.81,1259.75,0.938
CCCCCCCCCCCCCCCCC(C)CS,815.78,10.81,1259.75,0.938
CCCCCCCCCCCCCCCC(C)CCS,815.78,10.81,1259.75,0.938
CCCCCCCCCCCCCCC(C)CCCS,815.78,10.81,1259.75,0.938
CCCCCCCCCCCCCC(C)CCCCS,815.78,10.81,1259.75,0.938
CCCCCCCCCCCCC(C)CCCCCS,815.78,10.81,1259.75,0.938
CCCCCCCCCCCC(C)CCCCCCS,815.78,10.81,1259.75,0.938
CCCCCCCCCCC(C)CCCCCCCS,815.78,10.81,1259.75,0.938
CCCCCCCCCC(C)CCCCCCCCS,815.78,10.81,1259.75,0.938
CCCCCCCCC(C)CCCCCCCCCS,815.78,10.81,1259.75,0.938
CCCCCCCC(C)CCCCCCCCCCS,815.78,10.81,1259.75,0.938
CCCCCCC(C)CCCCCCCCCCCS,815.78,10.81,1259.75,0.938
CCCCCC(C)CCCCCCCCCCCCS,815.78,10.81,1259.75,0.938
CCCCC(C)CCCCCCCCCCCCCS,815.78,10.81,1259.75,0.938
CCCC(C)CCCCCCCCCCCCCCS,815.78,10.81,1259.75,0.938
CCC(C)CCCCCCCCCCCCCCCS,815.78,10.81,1259.75,0.938
CC(C)CCCCCCCCCCCCCCCCS,815.78,10.81,1259.75,0.938
CCCCCCCCCCCCCCCCC(C)(C)S,815.78,10.81,1259.75,0.938
CCCCCCCCCCCCCCCC(C)C(C)S,815.78,10.81,1259.75,0.938
CCCCCCCCCCCCCCC(C)CC(C)S,815.78,10.81,1259.75,0.938
CCCCCCCCCCCCCC(C)CCC(C)S,815.78,10.81,1259.75,0.938
CCCCCCCCCCCCC(C)CCCC(C)S,815.78,10.81,1259.75,0.938
CCCCCCCCCCCC(C)CCCCC(C)S,815.78,10.81,1259.75,0.938
CCCCCCCCCCC(C)CCCCCC(C)S,815.78,10.81,1259.75,0.938
CCCCCCCCCC(C)CCCCCCC(C)S,815.78,10.81,1259.75,0.938
CCCCCCCCC(C)CCCCCCCC(C)S,815.78,10.81,1259.75,0.938
CCCCCCCC(C)CCCCCCCCC(C)S,815.78,10.81,1259.75,0.938
CCCCCCC(C)CCCCCCCCCC(C)S,815.78,10.81,1259.75,0.938
CCCCCC(C)CCCCCCCCCCC(C)S,815.78,10.81,1259.75,0.938
CCCCC(C)CCCCCCCCCCCC(C)S,815.78,10.81,1259.75,0.938
CCCC(C)CCCCCCCCCCCCC(C)S,815.78,10.81,1259.75,0.938
CCC(C)CCCCCCCCCCCCCC(C)S,815.78,10.81,1259.75,0.938
CC(C)CCCCCCCCCCCCCCC(C)S,815.78,10.81,1259.75,0.938
CCCCCCCCCCCCCCCCCCSC,815.78,10.81,1259.75,0.938
CCCCCCCCCCCCCCCCCSCC,815.78,10.81,1259.75,0.938
CCCCCCCCCCCCCCCCSCCC,815.78,10.81,1259.75,0.938
CCCCCCCCCCCCCCCSCCCC,815.78,10.81,1259.75,0.938
CCCCCCCCCCCCCCSCCCCC,815.78,10.81,1259.75,0.938
CCCCCCCCCCCCCSCCCCCC,815.78,10.81,1259.75,0.938
CCCCCCCCCCCCSCCCCCCC,815.78,10.81,1259.75,0.938
CCCCCCCCCCCSCCCCCCCC,815.78,10.81,1259.75,0.938
CCCCCCCCCCSCCCCCCCCC,815.78,10.81,1259.75,0.938
CCCCCCCCCCCCCCCCC(C)SC,815.78,10.81,1259.75,0.938
CCCCCCCCCCCCCCCC(C)CSC,815.78,10.81,1259.75,0.938
CCCCCCCCCCCCCCC(C)CCSC,815.78,10.81,1259.75,0.938
CCCCCCCCCCCCCC(C)CCCSC,815.78,10.81,1259.75,0.938
CCCCCCCCCCCCC(C)CCCCSC,815.78,10.81,1259.75,0.938
CCCCCCCCCCCC(C)CCCCCSC,815.78,10.81,1259.75,0.938
CCCCCCCCCCC(C)CCCCCCSC,815.78,10.81,1259.75,0.938
CCCCCCCCCC(C)CCCCCCCSC,815.78,10.81,1259.75,0.938
CCCCCCCCC(C)CCCCCCCCSC,815.78,10.81,1259.75,0.938
CCCCCCCCCCCCCCCCSC(C)C,815.78,10.81,1259.75,0.938
CCCCCCCCCCCCCCCC(C)SCC,815.78,10.81,1259.75,0.938
CCCCCCCCCCCCCCC(C)CSCC,815.78,10.81,1259.75,0.938
CCCCCCCCCCCCCC(C)CCSCC,815.78,10.81,1259.75,0.938
CCCCCCCCCCCCC(C)CCCSCC,815.78,10.81,1259.75,0.938
CCCCCCCCCCCC(C)CCCCSCC,815.78,10.81,1259.75,0.938
CCCCCCCCCCC(C)CCCCCSCC,815.78,10.81,1259.75,0.938
CCCCCCCCCC(C)CCCCCCSCC,815.78,10.81,1259.75,0.938
CCCCCCCCC(C)CCCCCCCSCC,815.78,10.81,1259.75,0.938
SCCCCCCCCCCCCCCCCCCCS,926.43,11.5,1292.36,1.016
CC(S)CCCCCCCCCCCCCCCCCS,926.43,11.5,1292.36,1.016
CCC(S)CCCCCCCCCCCCCCCCS,926.43,11.5,1292.36,1.016
CCCC(S)CCCCCCCCCCCCCCCS,926.43,11.5,1292.36,1.016
CCCCC(S)CCCCCCCCCCCCCCS,926.43,11.5,1292.36,1.016
CCCCCC(S)CCCCCCCCCCCCCS,926.43,11.5,1292.36,1.016
CCCCCCCC(S)CCCCCCCCCCCS,926.43,11.5,1292.36,1.016
CCCCCCCCC(S)CCCCCCCCCCS,926.43,11.5,1292.36,1.016
CCCCCCCCCC(S)CCCCCCCCCS,926.43,11.5,1292.36,1.016
CCCCCCCCCCC(S)CCCCCCCCS,926.43,11.5,1292.36,1.016
CCCCCCCCCCCC(S)CCCCCCCS,926.43,11.5,1292.36,1.016
CCCCCCCCCCCCC(S)CCCCCCS,926.43,11.5,1292.36,1.016
CCCCCCCCCCCCCC(S)CCCCCS,926.43,11.5,1292.36,1.016
CCCCCCCCCCCCCCC(S)CCCCS,926.43,11.5,1292.36,1.016
CCCCCCCCCCCCCCCC(S)CCCS,926.43,11.5,1292.36,1.016
CCCCCCCCCCCCCCCCC(S)CCS,926.43,11.5,1292.36,1.016
CCCCCCCCCCCCCCCCCC(S)CS,926.43,11.5,1292.36,1.016
CCCCCCCCCCCCCCCCCCSSC,871.43,10.67,1310.16,1.016
CCCCCCCCCCCCCCCCCSSCC,871.43,10.67,1310.16,1.016
CCCCCCCCCCCCCCCCSSCCC,871.43,10.67,1310.16,1.016
CCCCCCCCCCCCCCCSSCCCC,871.43,10.67,1310.16,1.016
CCCCCCCCCCCCCCSSCCCCC,871.43,10.67,1310.16,1.016
CCCCCCCCCCCCCSSCCCCCC,871.43,10.67,1310.16,1.016
CCCCCCCCCCCCSSCCCCCCC,871.43,10.67,1310.16,1.016
CCCCCCCCCCCSSCCCCCCCC,871.43,10.67,1310.16,1.016
CCCCCCCCCCSSCCCCCCCCC,871.43,10.67,1310.16,1.016
CCCCCCCCCCCCCCCCCSCSC,871.43,10.67,1310.16,1.016
CCCCCCCCCCCCCCCCSCSCC,871.43,10.67,1310.16,1.016
CCCCCCCCCCCCCCCSCSCCC,871.43,10.67,1310.16,1.016
CCCCCCCCCCCCCCSCSCCCC,871.43,10.67,1310.16,1.016
CCCCCCCCCCCCCSCSCCCCC,871.43,10.67,1310.16,1.016
CCCCCCCCCCCCSCSCCCCCC,871.43,10.67,1310.16,1.016
CCCCCCCCCCCSCSCCCCCCC,871.43,10.67,1310.16,1.016
CCCCCCCCCCSCSCCCCCCCC,871.43,10.67,1310.16,1.016
CCCCCCCCCSCSCCCCCCCCC,871.43,10.67,1310.16,1.016
CCCCCCCCCCCCCCCCCCCN,849.62,11.72,1249.76,0.943
CCCCCCCCCCCCCCCCCCNC,809.62,11.03,1266.18,0.943
CCCCCCCCCCCCCCCCCNCC,809.62,11.03,1266.18,0.943
CCCCCCCCCCCCCCCCCN(C)C,809.62,10.82,1290.08,0.943
CCCCCCCCCCCCCCCN(CC)CC,809.62,10.82,1290.08,0.943
C(=C(c1ccccc1)c1ccccc1)c1ccccc1,908,19.05,860,0.819
Cc1c2ccccc2c(C)c2c1ccc1ccccc12,1052.21,22.9,829.05,0.819
Cc1c(C)c2c3ccccc3ccc2c2ccccc12,1070.54,20.06,962.9,0.819
Cc1cccc2ccc3cc4ccccc4c(C)c3c12,1052.21,22.9,829.05,0.819
Cc1cccc2c1c(C)cc1cc3ccccc3cc12,1052.21,22.9,829.05,0.819
Cc1cc2ccccc2c2cc3ccccc3c(C)c12,1052.21,22.9,829.05,0.819
Cc1cccc2cc3c(cc12)c(C)cc1ccccc13,1052.21,22.9,829.05,0.819
Cc1cc2ccccc2c2c(C)c3ccccc3cc12,1052.21,22.9,829.05,0.819
Cc1cccc2c(C)c3ccc4ccccc4c3cc12,1052.21,22.9,829.05,0.819
Cc1ccc2cc3c(ccc4ccccc43)cc2c1C,1052.21,22.9,829.05,0.819
Cc1cccc2c(C)c3c(ccc4ccccc43)cc12,1052.21,22.9,829.05,0.819
Cc1cccc2cc3c(ccc4ccccc43)c(C)c12,1052.21,22.9,829.05,0.819
Cc1cc2cc3ccc4ccccc4c3cc2cc1C,1052.21,22.9,829.05,0.819
Cc1ccc2c(ccc3c4ccccc4ccc23)c1C,1070.54,20.06,962.9,0.819
Cc1cccc2c1cc(C)c1c3ccccc3ccc21,1070.54,20.06,962.9,0.819
Cc1cccc2ccc3c4ccccc4cc(C)c3c12,1070.54,20.06,962.9,0.819
Cc1cc2ccccc2c2c(C)cc3ccccc3c12,1070.54,20.06,962.9,0.819
CCc1cccc2cc3c(ccc4ccccc43)cc12,1052.21,22.9,829.05,0.819
CCc1c2ccccc2cc2c1ccc1ccccc12,1052.21,22.9,829.05,0.819
CCc1c2ccccc2cc2ccc3ccccc3c12,1052.21,22.9,829.05,0.819
CCc1ccc2cc3ccc4ccccc4c3cc2c1,1052.21,22.9,829.05,0.819
c1ccc(CC(c2ccccc2)c2ccccc2)cc1,868.63,19.35,808,0.825
CCCCCCC=C(c1ccccc1)c1ccccc1,911.4,16.56,983.45,0.842
CCCCCCCC(c1ccccc1)c1ccccc1,881.49,14.89,1055.18,0.847
CC(C)(CCC(C)(C)c1ccccc1)c1ccccc1,881.49,15.02,1045.87,0.847
CC(C)(C)c1ccc(-c2ccc(C(C)(C)C)cc2)cc1,921.49,15.31,1072.7,0.847
CCC(C)(c1ccccc1)C(C)(CC)c1ccccc1,881.49,15.02,1045.87,0.847
CCCCCCCCCCc1cccc2ccccc12,938.67,14.25,1171.02,0.853
CCCCCCCCCCc1ccc2ccccc2c1,938.67,14.14,1180.02,0.853
CC(C)C1=CC2=CC[C@@H]3[C@](C)(CCC[C@@]3(C)C(=O)O)[C@H]2CC1,832,13.72,998,1.252
CC(C)C1=CC2=C(CC1)[C@@]1(C)CCC[C@@](C)(C(=O)O)[C@@H]1CC2,789,13.08,993,1.252
C=C[C@@]1(C)C=C2CC[C@@H]3[C@](C)(CCC[C@@]3(C)C(=O)O)[C@H]2CC1,807.1,13.31,998,1.252
CC(C)=C1C=C2CC[C@@H]3[C@](C)(CCC[C@@]3(C)C(=O)O)[C@H]2CC1,812,13.39,998,1.252
CCCCCCOC(=O)c1ccccc1C(=O)OCCCCCC,793,11.84,1060,1.331
CC(C)c1ccc2c(c1)CC[C@H]1[C@](C)(CN)CCC[C@]21C,863,14.56,1020,0.949
CCCCCCCCCCC1CCCc2ccccc21,902.99,14.76,1082.1,0.864
CCCCCCCCCCC1CCc2ccccc2C1,902.99,14.76,1082.1,0.864
CCCCCCCCCCCCCCc1ccccc1,865.13,12.79,1193.88,0.869
CCCCCCCCCCCCCCCCc1cccs1,847.33,11.4,1228.17,0.958
CCCCCCCCCCCCCCCCc1ccsc1,847.33,11.4,1228.17,0.958
CC(C)CCCCCCCCCCCCCc1cccs1,847.33,11.4,1228.17,0.958
CC(C)CCCCCCCCCCCCCc1ccsc1,847.33,11.4,1228.17,0.958
CCCCCCCCCCCCCCC(C)c1cccs1,847.33,11.4,1228.17,0.958
CCCCCCCCCCCCCCC(C)c1ccsc1,847.33,11.4,1228.17,0.958
CCCCCCCCCCCCCC(C)(C)c1cccs1,847.33,11.4,1228.17,0.958
CCCCCCCCCCCCCC(C)(C)c1ccsc1,847.33,11.4,1228.17,0.958
CCCCCCCCCCCCCCCc1ccsc1C,847.33,11.4,1228.17,0.958
CCCCCCCCCCCCCCCc1csc(C)c1,847.33,11.4,1228.17,0.958
CCCCCCCCCCCCCCCc1ccc(C)s1,847.33,11.4,1228.17,0.958
CCCCCCCCCCCCCCCc1sccc1C,847.33,11.4,1228.17,0.958
CCCCCCCCCCCCCCCc1cscc1C,847.33,11.4,1228.17,0.958
CCCCCCCCCCCCCCCc1cc(C)cs1,847.33,11.4,1228.17,0.958
C#CCCCCCCCCCCCCCCCCCC,814.38,11.74,1217.28,0.88
CC#CCCCCCCCCCCCCCCCCC,814.38,11.56,1236.54,0.88
CCC#CCCCCCCCCCCCCCCCC,814.38,11.56,1236.54,0.88
CCCCCCCC(C1CCCCC1)C1CCCCC1,854.38,11.97,1253.1,0.88
CCCCCCCCCCCCCCCC1=CCCC1,829.38,12.09,1204.17,0.88
CCCCCCCCCCCCCC/C=C\CCCC(=O)O,898.92,10,1464.93,1.273
CCCCCCCCCCC=CCCCCCCCC(=O)O,898.92,9.85,1486.95,1.273
CCCCCCCCCC/C=C\CCCCCCCC(=O)O,898.92,9.85,1486.95,1.273
CCCCCCCCC=CCCCCCCCCCC(=O)O,898.92,9.78,1498.28,1.273
CCCCCCCC/C=C\CCCCCCCCCC(=O)O,898.92,9.78,1497.46,1.273
CCCCCCCCCCCCCCCCCCC=CBr,841.86,12.16,1306.4,1.058
CCCCCCCCCCCCCCCCCC/C=C/Br,841.86,12.16,1306.4,1.058
CCCCCCCCCCCCCCCCCC/C=C\Cl,861.02,11.75,1302.64,0.623
CCCCCCCCCCCCCCCCCC/C=C/Cl,861.02,11.75,1302.64,0.623
CCCCCCCCCCCCCCCCCCCC(Cl)(Cl)Cl,844.51,8.77,1567.65,0.524
CCCCCCCCCCCCCCCCCC/C=C\F,754.87,12.31,1086.75,0.383
CCCCCCCCCCCCCCCCCC/C=C/F,754.87,12.31,1086.75,0.383
CCCCCCCCCCCCCCCCCCCC(F)(F)F,696.28,9.13,1289.47,0.473
CCCCCCCCCCCCCCCCCCCC#N,944.85,11.54,1394.62,0.97
CCCCCCCCCCCCCCCC1CCCC1,826.49,9.48,1250.4,0.885
CCCCCCCCCCCCCCC1CCCCC1,831.49,11.19,1300.92,0.885
C1CCCCCCCCCCCCCCCCCCC1,842.81,15.1,977.5,0.885
C=CCCCCCCCCCCCCCCCCCC,801.49,11.07,1268.34,0.885
C/C=C/CCCCCCCCCCCCCCCCC,801.49,10.99,1277.67,0.885
C=C(C)CCCCCCCCCCCCCCCCC,801.49,10.99,1277.67,0.885
CCCCCCCCCCCCCCCCCCCC(Br)Br,887.92,10.39,1458.37,0.857
CCCCCCCCCCCCCCCCCCCC(Cl)Cl,874.79,10.76,1380.82,0.621
CCCCCCCCCCCCCCCCCCCC(F)F,774.42,12.05,1111.6,0.504
CCCCCCCCCCCCCCCCCCCC=O,826.4,10.07,1360.5,1.237
CCCCCCCCCCCCCCCCCCC(C)=O,817.4,10.58,1281.12,1.237
CCCCCCCCCCCCCCCCCC(=O)CC,817.4,10.58,1281.12,1.237
C=CC(C)(O)CCCC(C)CCCC(C)CCCC(C)C,857.4,11.04,1288.33,1.237
CCCCCCCCCCCCCCCCCCCC(=O)O,870.55,10.06,1406.49,1.278
CCCCCCCCCCCCCCCCCC(C)C(=O)O,870.55,10.13,1397.46,1.278
CCCCCCCCCCCCCCCCC(CC)C(=O)O,870.55,10.05,1408.41,1.278
CC(C)CCCC(C)CCCC(C)CCCC(C)CC(=O)O,870.55,10.13,1397.46,1.278
CCCCCCCCCCCCCCCCCCCOC=O,780.55,9.53,1330.93,1.278
CCCCCCCCCCCCCCCCCCOC(C)=O,780.55,9.53,1330.93,1.278
CCCCCCCCCCCCCCCCOC(=O)CCC,780.55,9.53,1330.93,1.278
CCCCCCCCCCOC(=O)CCCCCCCCC,780.55,9.39,1351.04,1.278
CCCCCCCCCCCCCCCC(=O)OCCCC,780.55,9.53,1330.93,1.278
CCCCCCCCCCCCCCCCCC(=O)OCC,780.55,9.53,1330.93,1.278
CCCCCCCCCCCCCCCCCCC(=O)OC,780.55,9.53,1330.93,1.278
C1CCCCCCCCCCSCCCCCCCCC1,872.75,14.13,1015.5,0.968
CCCCCCCCCCCCCCCCCCCCBr,823.63,11.09,1398.17,1.063
CCCCCCCCCCCCCCCCCCCCCl,842.95,10.97,1362.08,0.626
CCCCCCCCCCCCCCCCCCCCF,796.88,12.68,1111.18,0.454
CCCCCCCCCCCCCCCCCCCC[N+](=O)[O-],982.95,8.88,1807.06,1.054
CCCCCCCCCCCCCCCCCCCC,788.59,11.86,1161.7,0.891
CCCCCCCCCCCCCCCCCC(C)C,788.59,11.76,1171.49,0.891
CCCCCCCCCCCCCCCCC(C)CC,788.59,11.85,1162.76,0.891
CCCCCCCCCCCCCCCC(C)CCC,788.59,11.68,1179.3,0.891
CCCCCCCCCCCCCCC(C)CCCC,788.59,11.68,1179.36,0.891
CCCCCCCCCCCCCC(CCC)CCC,788.59,11.55,1192.93,0.891
CCCCCCCCCCCC(CCCC)CCCC,788.59,11.38,1210.35,0.891
CCCCCCCCCCCCCCCCC(C)(C)C,788.59,11.65,1182.66,0.891
CCCCCCCCCCCCCCCC(C)C(C)C,788.59,12.02,1145.81,0.891
CCCCCCCCCCCCCCC(C)CC(C)C,788.59,11.86,1161.17,0.891
CCCCCCCCCCCC(C)CC(C)CC(C)C,788.59,11.36,1212.16,0.891
CCCCCCCCCCCCCCCCCCCCO,824.08,10.09,1350.77,1.243
CCCCCCCCCCCCCCCCCCC(C)O,824.08,10.05,1355.99,1.243
CCCCCCCCCCC(CO)CCCCCCCC,824.08,10.06,1355.6,1.243
CCCCCCCCCCOCCCCCCCCCC,754.08,9.77,1276.99,1.243
CCCCCCCCCCCCCCCCCCC(O)CO,992.17,9.92,1621.6,1.283
CCCCCCCCCCCCCCCCCCCCS,827.22,10.23,1326.19,0.973
CCCCCCCCCCCCCCCCCC(S)CC,827.22,10.23,1326.19,0.973
CCCCCCCCCCCCCCCCCCC(C)S,827.22,10.23,1326.19,0.973
CCCCCCCCCCCCCCCCC(S)CCC,827.22,10.23,1326.19,0.973
CCCCCCCCCCCCCCCC(S)CCCC,827.22,10.23,1326.19,0.973
CCCCCCCCCCCCCCC(S)CCCCC,827.22,10.23,1326.19,0.973
CCCCCCCCCCCCCC(S)CCCCCC,827.22,10.23,1326.19,0.973
CCCCCCCCCCCCC(S)CCCCCCC,827.22,10.23,1326.19,0.973
CCCCCCCCCCCC(S)CCCCCCCC,827.22,10.23,1326.19,0.973
CCCCCCCCCCC(S)CCCCCCCCC,827.22,10.23,1326.19,0.973
CCCCCCCCCCCCCCCCCC(C)CS,827.22,10.23,1326.19,0.973
CCCCCCCCCCCCCCCCC(C)CCS,827.22,10.23,1326.19,0.973
CCCCCCCCCCCCCCCC(C)CCCS,827.22,10.23,1326.19,0.973
CCCCCCCCCCCCCCC(C)CCCCS,827.22,10.23,1326.19,0.973
CCCCCCCCCCCCCC(C)CCCCCS,827.22,10.23,1326.19,0.973
CCCCCCCCCCCCC(C)CCCCCCS,827.22,10.23,1326.19,0.973
CCCCCCCCCCCC(C)CCCCCCCS,827.22,10.23,1326.19,0.973
CCCCCCCCCCC(C)CCCCCCCCS,827.22,10.23,1326.19,0.973
CCCCCCCCCC(C)CCCCCCCCCS,827.22,10.23,1326.19,0.973
CCCCCCCCC(C)CCCCCCCCCCS,827.22,10.23,1326.19,0.973
CCCCCCCC(C)CCCCCCCCCCCS,827.22,10.23,1326.19,0.973
CCCCCCC(C)CCCCCCCCCCCCS,827.22,10.23,1326.19,0.973
CCCCCC(C)CCCCCCCCCCCCCS,827.22,10.23,1326.19,0.973
CCCCC(C)CCCCCCCCCCCCCCS,827.22,10.23,1326.19,0.973
CCCC(C)CCCCCCCCCCCCCCCS,827.22,10.23,1326.19,0.973
CCC(C)CCCCCCCCCCCCCCCCS,827.22,10.23,1326.19,0.973
CC(C)CCCCCCCCCCCCCCCCCS,827.22,10.23,1326.19,0.973
CCCCCCCCCCCCCCCCCC(C)(C)S,827.22,10.23,1326.19,0.973
CCCCCCCCCCCCCCCCC(C)C(C)S,827.22,10.23,1326.19,0.973
CCCCCCCCCCCCCCCC(C)CC(C)S,827.22,10.23,1326.19,0.973
CCCCCCCCCCCCCCC(C)CCC(C)S,827.22,10.23,1326.19,0.973
CCCCCCCCCCCCCC(C)CCCC(C)S,827.22,10.23,1326.19,0.973
CCCCCCCCCCCCC(C)CCCCC(C)S,827.22,10.23,1326.19,0.973
CCCCCCCCCCCC(C)CCCCCC(C)S,827.22,10.23,1326.19,0.973
CCCCCCCCCCC(C)CCCCCCC(C)S,827.22,10.23,1326.19,0.973
CCCCCCCCCC(C)CCCCCCCC(C)S,827.22,10.23,1326.19,0.973
CCCCCCCCC(C)CCCCCCCCC(C)S,827.22,10.23,1326.19,0.973
CCCCCCCC(C)CCCCCCCCCC(C)S,827.22,10.23,1326.19,0.973
CCCCCCC(C)CCCCCCCCCCC(C)S,827.22,10.23,1326.19,0.973
CCCCCC(C)CCCCCCCCCCCC(C)S,827.22,10.23,1326.19,0.973
CCCCC(C)CCCCCCCCCCCCC(C)S,827.22,10.23,1326.19,0.973
CCCC(C)CCCCCCCCCCCCCC(C)S,827.22,10.23,1326.19,0.973
CCC(C)CCCCCCCCCCCCCCC(C)S,827.22,10.23,1326.19,0.973
CC(C)CCCCCCCCCCCCCCCC(C)S,827.22,10.23,1326.19,0.973
CCCCCCCCCCCCCCCCCCCSC,827.22,10.23,1326.19,0.973
CCCCCCCCCCCCCCCCCCSCC,827.22,10.23,1326.19,0.973
CCCCCCCCCCCCCCCCCSCCC,827.22,10.23,1326.19,0.973
CCCCCCCCCCCCCCCCSCCCC,827.22,10.23,1326.19,0.973
CCCCCCCCCCCCCCCSCCCCC,827.22,10.23,1326.19,0.973
CCCCCCCCCCCCCCSCCCCCC,827.22,10.23,1326.19,0.973
CCCCCCCCCCCCCSCCCCCCC,827.22,10.23,1326.19,0.973
CCCCCCCCCCCCSCCCCCCCC,827.22,10.23,1326.19,0.973
CCCCCCCCCCCSCCCCCCCCC,827.22,10.23,1326.19,0.973
CCCCCCCCCCSCCCCCCCCCC,827.22,10.23,1326.19,0.973
CCCCCCCCCCCCCCCCCC(C)SC,827.22,10.23,1326.19,0.973
CCCCCCCCCCCCCCCCC(C)CSC,827.22,10.23,1326.19,0.973
CCCCCCCCCCCCCCCC(C)CCSC,827.22,10.23,1326.19,0.973
CCCCCCCCCCCCCCC(C)CCCSC,827.22,10.23,1326.19,0.973
CCCCCCCCCCCCCC(C)CCCCSC,827.22,10.23,1326.19,0.973
CCCCCCCCCCCCC(C)CCCCCSC,827.22,10.23,1326.19,0.973
CCCCCCCCCCCC(C)CCCCCCSC,827.22,10.23,1326.19,0.973
CCCCCCCCCCC(C)CCCCCCCSC,827.22,10.23,1326.19,0.973
CCCCCCCCCC(C)CCCCCCCCSC,827.22,10.23,1326.19,0.973
CCCCCCCCC(C)CCCCCCCCCSC,827.22,10.23,1326.19,0.973
CCCCCCCCCCCCCCCCCSC(C)C,827.22,10.23,1326.19,0.973
CCCCCCCCCCCCCCCCC(C)SCC,827.22,10.23,1326.19,0.973
CCCCCCCCCCCCCCCC(C)CSCC,827.22,10.23,1326.19,0.973
CCCCCCCCCCCCCCC(C)CCSCC,827.22,10.23,1326.19,0.973
CCCCCCCCCCCCCC(C)CCCSCC,827.22,10.23,1326.19,0.973
CCCCCCCCCCCCC(C)CCCCSCC,827.22,10.23,1326.19,0.973
CCCCCCCCCCCC(C)CCCCCSCC,827.22,10.23,1326.19,0.973
CCCCCCCCCCC(C)CCCCCCSCC,827.22,10.23,1326.19,0.973
CCCCCCCCCC(C)CCCCCCCSCC,827.22,10.23,1326.19,0.973
CCCCCCCCC(C)CCCCCCCCSCC,827.22,10.23,1326.19,0.973
SCCCCCCCCCCCCCCCCCCCCS,937.11,10.85,1361.26,1.049
CC(S)CCCCCCCCCCCCCCCCCCS,937.11,10.85,1361.26,1.049
CCC(S)CCCCCCCCCCCCCCCCCS,937.11,10.85,1361.26,1.049
CCCC(S)CCCCCCCCCCCCCCCCS,937.11,10.85,1361.26,1.049
CCCCC(S)CCCCCCCCCCCCCCCS,937.11,10.85,1361.26,1.049
CCCCCC(S)CCCCCCCCCCCCCCS,937.11,10.85,1361.26,1.049
CCCCCCC(S)CCCCCCCCCCCCCS,937.11,10.85,1361.26,1.049
CCCCCCCCC(S)CCCCCCCCCCCS,937.11,10.85,1361.26,1.049
CCCCCCCCCC(S)CCCCCCCCCCS,937.11,10.85,1361.26,1.049
CCCCCCCCCCC(S)CCCCCCCCCS,937.11,10.85,1361.26,1.049
CCCCCCCCCCCC(S)CCCCCCCCS,937.11,10.85,1361.26,1.049
CCCCCCCCCCCCC(S)CCCCCCCS,937.11,10.85,1361.26,1.049
CCCCCCCCCCCCCC(S)CCCCCCS,937.11,10.85,1361.26,1.049
CCCCCCCCCCCCCCC(S)CCCCCS,937.11,10.85,1361.26,1.049
CCCCCCCCCCCCCCCC(S)CCCCS,937.11,10.85,1361.26,1.049
CCCCCCCCCCCCCCCCC(S)CCCS,937.11,10.85,1361.26,1.049
CCCCCCCCCCCCCCCCCC(S)CCS,937.11,10.85,1361.26,1.049
CCCCCCCCCCCCCCCCCCC(S)CS,937.11,10.85,1361.26,1.049
CCCCCCCCCCCCCCCCCCCSSC,882.11,10.08,1379.21,1.049
CCCCCCCCCCCCCCCCCCSSCC,882.11,10.08,1379.21,1.049
CCCCCCCCCCCCCCCCCSSCCC,882.11,10.08,1379.21,1.049
CCCCCCCCCCCCCCCCSSCCCC,882.11,10.08,1379.21,1.049
CCCCCCCCCCCCCCCSSCCCCC,882.11,10.08,1379.21,1.049
CCCCCCCCCCCCCCSSCCCCCC,882.11,10.08,1379.21,1.049
CCCCCCCCCCCCCSSCCCCCCC,882.11,10.08,1379.21,1.049
CCCCCCCCCCCCSSCCCCCCCC,882.11,10.08,1379.21,1.049
CCCCCCCCCCCSSCCCCCCCCC,882.11,10.08,1379.21,1.049
CCCCCCCCCCSSCCCCCCCCCC,882.11,10.08,1379.21,1.049
CCCCCCCCCCCCCCCCCCSCSC,882.11,10.08,1379.21,1.049
CCCCCCCCCCCCCCCCCSCSCC,882.11,10.08,1379.21,1.049
CCCCCCCCCCCCCCCCSCSCCC,882.11,10.08,1379.21,1.049
CCCCCCCCCCCCCCCSCSCCCC,882.11,10.08,1379.21,1.049
CCCCCCCCCCCCCCSCSCCCCC,882.11,10.08,1379.21,1.049
CCCCCCCCCCCCCSCSCCCCCC,882.11,10.08,1379.21,1.049
CCCCCCCCCCCCSCSCCCCCCC,882.11,10.08,1379.21,1.049
CCCCCCCCCCCSCSCCCCCCCC,882.11,10.08,1379.21,1.049
CCCCCCCCCCSCSCCCCCCCCC,882.11,10.08,1379.21,1.049
CCCCCCCCCCCCCCCCCCCCN,863.91,10.98,1333.67,0.98
CCCCCCCCCCCCCCCCCCCNC,823.91,10.38,1345.72,0.98
CCCCCCCCCCCCCCCCCCNCC,823.91,10.38,1345.72,0.98
CCCCCCCCCCNCCCCCCCCCC,823.91,10.42,1339.75,0.98
CCCCCCCCCCCCCCCCCCN(C)C,823.91,10.53,1326.71,0.98
CCCCCCCCCCCCCCCCN(CC)CC,823.91,10.56,1322.36,0.98
Cc1ccc2c3c(c4ccc5ccccc5c4cc13)CC2,1085.44,23.49,821.55,0.852
CCc1c2ccccc2c(C)c2ccc3ccccc3c12,1069.56,21.11,898.56,0.858
CC(C)c1cccc2cc3c(ccc4ccccc43)cc12,1069.56,21.11,898.56,0.858
CC(C)c1ccc2cc3c(ccc4ccccc43)cc2c1,1069.56,21.11,898.56,0.858
CCCc1cccc2cc3c(ccc4ccccc43)cc12,1069.56,21.11,898.56,0.858
Cc1ccc2cc3cc(C)c4c(C)cccc4c3cc2c1,1069.56,21.11,898.56,0.858
Cc1cccc2c1ccc1c(C)c3ccccc3c(C)c12,1069.56,21.11,898.56,0.858
Cc1cc2ccccc2c2c(C)c3ccccc3c(C)c12,1069.56,21.11,898.56,0.858
Cc1cccc2cc3c(c(C)cc4ccccc43)c(C)c12,1069.56,21.11,898.56,0.858
Cc1cccc2c(C)c3c(cc12)c(C)cc1ccccc13,1069.56,21.11,898.56,0.858
Cc1ccc2c(C)c3c(ccc4ccccc43)c(C)c2c1,1069.56,21.11,898.56,0.858
Cc1cccc2c(C)c3c(ccc4ccccc43)c(C)c12,1069.56,21.11,898.56,0.858
Cc1ccc2c(C)c3ccc4ccccc4c3c(C)c2c1,1069.56,21.11,898.56,0.858
CCCCCCCC=C(c1ccccc1)c1ccccc1,928.35,15.45,1055.03,0.88
CCCCCCCCC(c1ccccc1)c1ccccc1,896.41,13.89,1130.13,0.885
CCCCCCCCCCCc1cccc2ccccc12,953.51,13.32,1250.48,0.891
CCCCCCCCCCCc1ccc2ccccc2c1,953.51,13.22,1259.63,0.891
CC(C)c1ccc2c(c1)CC[C@H]1[C@](C)(C(=O)O)CCC[C@]21C,828,13.7,980,1.282
CCCCCCCCCCCCCCCc1ccccc1,879.75,11.87,1284.7,0.907
CCCCCCCCCCCCCCCCCc1cccs1,858.57,10.77,1294.91,0.992
CCCCCCCCCCCCCCCCCc1ccsc1,858.57,10.77,1294.91,0.992
CC(C)CCCCCCCCCCCCCCc1cccs1,858.57,10.77,1294.91,0.992
CC(C)CCCCCCCCCCCCCCc1ccsc1,858.57,10.77,1294.91,0.992
CCCCCCCCCCCCCCCC(C)c1cccs1,858.57,10.77,1294.91,0.992
CCCCCCCCCCCCCCCC(C)c1ccsc1,858.57,10.77,1294.91,0.992
CCCCCCCCCCCCCCC(C)(C)c1cccs1,858.57,10.77,1294.91,0.992
CCCCCCCCCCCCCCC(C)(C)c1ccsc1,858.57,10.77,1294.91,0.992
CCCCCCCCCCCCCCCCc1ccsc1C,858.57,10.77,1294.91,0.992
CCCCCCCCCCCCCCCCc1csc(C)c1,858.57,10.77,1294.91,0.992
CCCCCCCCCCCCCCCCc1ccc(C)s1,858.57,10.77,1294.91,0.992
CCCCCCCCCCCCCCCCc1sccc1C,858.57,10.77,1294.91,0.992
CCCCCCCCCCCCCCCCc1cscc1C,858.57,10.77,1294.91,0.992
CCCCCCCCCCCCCCCCc1cc(C)cs1,858.57,10.77,1294.91,0.992
C#CCCCCCCCCCCCCCCCCCCC,828.85,11.3,1264.98,0.917
CCCCCCCCC(C1CCCCC1)C1CCCCC1,868.85,11.48,1305.92,0.917
CCCCCCCCCCCCCCCCC1=CCCC1,843.85,11.41,1276.19,0.917
CCCCCCCC/C=C\CCCCCCCC(=O)OCC(O)CO,885,11.26,1210,1.382
CCCCCCCCCCCCCCCCCCCCC#N,958.81,10.88,1474.75,1.005
CCCCCCCCCCCCCCCCC1CCCC1,840.89,10.88,1330.4,0.922
CCCCCCCCCCCCCCCC1CCCCC1,845.89,10.52,1384.11,0.922
C=CCCCCCCCCCCCCCCCCCCC,815.89,10.29,1364.85,0.922
CCCCCCCCCCCCCCCCCCCCC(Br)Br,898.49,9.79,1538.88,0.884
CCCCCCCCCCCCCCCCCCCCC(Cl)Cl,887.13,10.19,1452.98,0.635
CCCCCCCCCCCCCCCCCCCCC(F)F,787.62,11.43,1170.4,0.511
CCCCCCCCCCCCCCCCCCCCC(=O)O,881.69,9.58,1469.98,1.312
CCCCCCCCCCCCCCCCCCCCOC=O,791.69,9.04,1398.83,1.312
CCCCCCCCCCCCCCCCCCCOC(C)=O,791.69,9.04,1398.83,1.312
CCCCCCCCCCCCCCCCCCOC(=O)CC,791.69,9.04,1398.83,1.312
CCCCCCCCCCCCCCCCCOC(=O)CCC,791.69,9.04,1398.83,1.312
CCCCCCCCCCCCCCCCCC(=O)OCCC,791.69,8.87,1426.11,1.312
CCCCCCCCCCCCCCCCCC(=O)OC(C)C,791.69,8.86,1428.09,1.312
CC(C)CCCCCCCCCCCCCCC(=O)OC(C)C,791.69,9.04,1398.83,1.312
CCCCCCCCCCCCCCCCCCCC(=O)OC,791.69,9.04,1398.83,1.312
CCCCCCCCCCCCCCCCCCCCCBr,835.73,10.5,1472.47,1.094
CCCCCCCCCCCCCCCCCCCCCCl,856.2,10.42,1431.88,0.64
CCCCCCCCCCCCCCCCCCCCCF,810.62,12.05,1169.17,0.461
CCCCCCCCCCCCCCCCCCCCC,802.92,11.25,1225.09,0.927
CCCCCCCCCCCCCCCCCCC(C)C,802.92,11.09,1242.95,0.927
CCCCCCCCCCCCCCCCCC(C)CC,802.92,11.01,1252.35,0.927
CCCCCCCCCCCCCCCCC(C)CCC,802.92,11.03,1250.09,0.927
CCCCCCCCCCCCCCCC(C)CCCC,802.92,11.02,1250.76,0.927
CCCCCCCC(CCCCCC)CCCCCCC,802.92,10.79,1277.18,0.927
CCCCCCCCCCCCCCCCC(C)C(C)C,802.92,11.1,1241.77,0.927
CCCCCCCCCCCCCCCC(C)CC(C)C,802.92,10.49,1314.18,0.927
CCCCCCCCCCCCC(C)CC(C)CC(C)C,802.92,10.43,1321.34,0.927
CCCCCCCCCCCCCCCCCCCCCO,835.58,9.79,1387.46,1.278
CCCCCCCCCCCCCCCCCCCCCS,838.31,9.69,1394.21,1.007
CCCCCCCCCCCCCCCCCCCCSC,838.31,9.69,1394.21,1.007
SCCCCCCCCCCCCCCCCCCCCCS,947.48,10.25,1431.6,1.081
CCCCCCCCCCCCCCCCCCCCSSC,892.48,9.54,1449.7,1.081
CCCCCCCCCCCCCCCCCCCSSCC,892.48,9.54,1449.7,1.081
CCCCCCCCCCCCCCCCCCCSCSC,892.48,9.54,1449.7,1.081
CCCCCCCCCCCCCCCCCCSCSCC,892.48,9.54,1449.7,1.081
CCCCCCCCCCCCCCCCCCCCCN,877.74,11.03,1325.78,1.015
CCCCCCCCCCCCCCCCCCCCNC,837.74,10.32,1351.59,1.015
CCCCCCCCCCCCCCCCCCCNCC,837.74,10.32,1351.59,1.015
CCCCCCCCCCCCCCCCCCNC(C)C,837.74,10.32,1351.59,1.015
CCCCCCCCCCCCCCCCCCCN(C)C,837.74,9.94,1403.45,1.015
CCCCCCCCCCCCCCCCCN(CC)CC,837.74,9.94,1403.45,1.015
CCCCCCCN(CCCCCCC)CCCCCCC,837.74,9.56,1459.84,1.015
Cc1ccc2cc3c(ccc4ccccc43)c3c2c1C(C)C3,1102.19,21.68,888.33,0.89
Cc1ccc2c(C)c3c(ccc4ccccc43)c3c2c1CC3,1102.19,21.68,888.33,0.89
Cc1ccc2cc3c(ccc4ccccc43)c3c2c1CC3C,1102.19,21.68,888.33,0.89
CCc1ccc2cc3c(ccc4ccccc43)c3c2c1CC3,1102.19,21.68,888.33,0.89
CCCCc1cccc2cc3c(ccc4ccccc43)cc12,1086.22,19.54,968.98,0.896
CCc1cccc2cc3c(cc12)c(CC)cc1ccccc13,1086.22,19.54,968.98,0.896
CCc1cccc2c(CC)c3c(ccc4ccccc43)cc12,1086.22,19.54,968.98,0.896
CCc1c2ccccc2c(CC)c2c1ccc1ccccc12,1086.22,19.54,968.98,0.896
c1ccc2c(c1)CCc1cc3c4c(ccc3cc1-2)CCCC4,1086.22,19.54,968.98,0.896
CCCc1c2ccccc2c(C)c2c1ccc1ccccc12,1086.22,19.54,968.98,0.896
Cc1ccc2c(C)c3c(ccc4ccccc43)c(C)c2c1C,1086.22,19.54,968.98,0.896
Cc1cc2c(C)c3ccc4ccccc4c3c(C)c2cc1C,1086.22,19.54,968.98,0.896
CCCCc1ccc2cc3ccc4ccccc4c3cc2c1,1086.22,19.54,968.98,0.896
CCCCCCCCC=C(c1ccccc1)c1ccccc1,944.63,14.46,1127.28,0.917
CCCCCCCCCC(c1ccccc1)c1ccccc1,910.81,13.08,1198.29,0.922
CCCCCCCCCCCCc1cccc2ccccc12,967.84,12.53,1326.22,0.927
CCCCCCCCCCCCc1ccc2ccccc2c1,967.84,12.43,1337.16,0.927
CCCCCCCOC(=O)c1ccccc1C(=O)OCCCCCCC,815,10.73,1160,1.395
CCCCCCCCCCCCCCCCc1ccccc1,893.87,11.28,1350.63,0.943
CCCCCCCCCCCCCCCCc1ccc(N)cc1,995.49,11.22,1466.83,1.03
CCCCCCCCCC(C1CCCCC1)C1CCCCC1,882.84,10.85,1379.31,0.953
C#CCCCCCCCCCCCCCCCCCCCC,842.84,10.77,1327.36,0.953
CCCCCCCCCC/C=C\CCCCCCCCCC(=O)O,920.97,8.94,1621.2,1.34
CCCCCCCCC=CCCCCCCCCCCCC(=O)O,920.97,8.94,1621.2,1.34
CCCCCCCC/C=C\CCCCCCCCCCCC(=O)O,920.97,8.82,1643.36,1.34
CCCCCCCC/C=C/CCCCCCCCCCCC(=O)O,920.97,8.82,1643.36,1.34
CCCCC(CC)COC(=O)CCCCC(=O)OCC(CC)CCCC,845,10.14,1260,1.413
CCCCCCCCOC(=O)CCCCC(=O)OCCCCCCCC,830,9.96,1260,1.413
CCCCCCCCCCCCCCCCCC1CCCC1,854.82,10.37,1393.45,0.958
CCCCCCCCCCCCCCCCC1CCCCC1,859.82,10.03,1450.06,0.958
C=CCCCCCCCCCCCCCCCCCCCC,829.82,9.83,1428.17,0.958
CCCCCCCCCCCCCCCCCCCCCC(Br)Br,908.83,9.24,1620.68,0.91
CCCCCCCCCCCCCCCCCCCCCC(Cl)Cl,899.14,9.66,1526.55,0.648
CCCCCCCCCCCCCCCCCCCCCC(F)F,800.44,10.86,1230.51,0.518
CCCCCCCC/C=C\CCCCCCCCCCCCO,880.14,9.38,1502.54,1.307
CCCCCCCCCCCCCCCCCCCCCC(=O)O,892.5,8.95,1565.7,1.345
CCCCCCCCCCCCCCCCCCCCOC(C)=O,802.5,8.58,1468.24,1.345
CCCCCCCCCCCCCCCCCCCOC(=O)CC,802.5,8.58,1468.24,1.345
CCCCCCCCCCCCCCCCCCOC(=O)CCC,802.5,8.58,1468.24,1.345
CCCCCCCCCCCCCCCCCC(=O)OCCCC,802.5,8.39,1502.02,1.345
CCCCCCCCCCCCCCCCCC(=O)OCC(C)C,802.5,8.39,1502.02,1.345
CCCCCCCCCCCCCCCCCCCC(=O)OCC,802.5,8.58,1468.24,1.345
CCCCCCCCCCCCCCCCCCCCC(=O)OC,802.5,8.58,1468.24,1.345
CCCCCCCCCCCCCCCCCCCCCCBr,847.52,9.95,1548.18,1.124
CCCCCCCCCCCCCCCCCCCCCCCl,869.05,9.9,1503.2,0.655
CCCCCCCCCCCCCCCCCCCCCCF,823.93,11.45,1228.51,0.469
CCCCCCCCCCCCCCCCCCCCCC,816.78,10.68,1290.05,0.963
CCCCCCCCCCCCCCCCCCCC(C)C,816.78,10.59,1301.65,0.963
CCCCCCCCCCCCCCCCCCC(C)CC,816.78,10.48,1314.1,0.963
CCCCCCCCCCCCCCCCC(C)CCCC,816.78,10.5,1311.87,0.963
CCCCCCCCCCCCCCCCCC(C)CCC,816.78,10.5,1311.78,0.963
CCCCCCCC(CCCCCCC)CCCCCCC,816.78,10.32,1335.31,0.963
CCCCCCCCCCCCCCCCC(C)CC(C)C,816.78,9.98,1380.29,0.963
CCCCCCCCCCCCCC(C)CC(C)CC(C)C,816.78,9.97,1382.44,0.963
CCCCCCCCCCCCCCCCCCCCCCO,846.72,9.28,1457.16,1.312
CCCCCCCCCCCCCCCCCCCCCCS,849.08,9.19,1463.71,1.04
CCCCCCCCCCCCCCCCCCCCCSC,849.08,9.19,1463.71,1.04
SCCCCCCCCCCCCCCCCCCCCCCS,957.59,9.7,1503.33,1.112
CCCCCCCCCCCCCCCCCCCCCSSC,902.59,9.03,1521.57,1.112
CCCCCCCCCCCCCCCCCCCCSSCC,902.59,9.03,1521.57,1.112
CCCCCCCCCCCCCCCCCCCCSCSC,902.59,9.03,1521.57,1.112
CCCCCCCCCCCCCCCCCCCSCSCC,902.59,9.03,1521.57,1.112
CCCCCCCCCCCCCCCCCCCCCCN,891.14,10.49,1390.03,1.05
CCCCCCCCCCCCCCCCCCCCCNC,851.14,9.84,1416.04,1.05
CCCCCCCCCCCCCCCCCCCCNCC,851.14,9.84,1416.04,1.05
CCCCCCCCCCCNCCCCCCCCCCC,851.14,9.84,1416.04,1.05
CCCCCCCCCCCCCCCCCCCCN(C)C,851.14,9.49,1468.3,1.05
CCCCCCCCCCCCCCCCCCN(CC)CC,851.14,9.49,1468.3,1.05
CCCCCc1cccc2cc3c(ccc4ccccc43)cc12,1102.23,18.15,1040.26,0.932
CCCc1cccc2c(C)c3c(ccc4ccccc43)c(C)c12,1102.23,18.15,1040.26,0.932
CCCCCc1ccc2cc3ccc4ccccc4c3cc2c1,1102.23,18.15,1040.26,0.932
CCCCCCCCCC=C(c1ccccc1)c1ccccc1,960.29,13.57,1199.98,0.953
CCCCCCCCCCC(c1ccccc1)c1ccccc1,924.74,12.2,1281.75,0.958
CCCCCCCCCCCCCCCCCc1ccccc1,907.54,10.71,1418.23,0.978
CCCCCCCCCCC(C1CCCCC1)C1CCCCC1,896.39,10.28,1453.36,0.987
C#CCCCCCCCCCCCCCCCCCCCCC,856.39,10.26,1391.27,0.987
C=CCCCCCCCCCCCCCCCCCCCCC,843.31,9.39,1492.99,0.992
CCCCCCCC/C=C\CCCCCCCCCCCCC,843.31,9.39,1492.99,0.992
CCCCCCCCCCCCCCCCCCC1CCCC1,868.31,9.9,1458.02,0.992
CCCCCCCCCCCCCCCCCC1CCCCC1,873.31,9.56,1517.6,0.992
CCCCCCCCC(CCCCCCCC)C1CCCCC1,873.31,9.56,1517.6,0.992
CCCCCCCCCCCCCCCCCCCCCCC(Br)Br,918.95,8.73,1703.74,0.936
CCCCCCCCCCCCCCCCCCCCCCC(Cl)Cl,910.85,9.17,1601.47,0.661
CCCCCCCCCCCCCCCCCCCCCCC(F)F,812.9,10.33,1291.87,0.525
CCCCCCCCCCCC(=O)CCCCCCCCCCC,851,9.03,1483.73,1.34
CCCCCCCCCCCCCCCCCCCCCCC(=O)O,903.01,8.6,1619.79,1.377
CCCCCCCCCCCCCCCCCCCCOC(=O)CC,813.01,8.15,1539.08,1.377
CCCCCCCCCCCCCCCCCCCOC(=O)CCC,813.01,8.15,1539.08,1.377
CC(C)CCCCCCCCCCCCCCCOC(=O)C(C)(C)C,813.01,8.15,1539.08,1.377
CCCCCCCCCCCCCCCCCC(=O)OCCC(C)C,813.01,8.15,1539.08,1.377
CCCCCCCCCCCCCCCCCC(=O)OCCCCC,813.01,8.15,1539.08,1.377
CCCCCCCCCCCCCCCCCCCCCC(=O)OC,813.01,8.15,1539.08,1.377
CCCCCCCCCCCCCCCCCCCCCCCBr,859.02,9.44,1625.26,1.153
CCCCCCCCCCCCCCCCCCCCCCCCl,881.55,9.41,1575.97,0.668
CCCCCCCCCCCCCCCCCCCCCCCF,836.86,10.89,1289.16,0.476
CCCCCCCCCCCCCCCCCCCCCCC,830.21,9.87,1393.68,0.997
CCCCCCCCCCCCCCCCCCCCC(C)C,830.21,10.1,1362.19,0.997
CCCCCCCCCCCCCCCCCCC(C)CCC,830.21,10.02,1373.93,0.997
CCCCCCCCCCCCCCCCCC(C)CCCC,830.21,10.02,1373.93,0.997
CCCCCCCCC(CCCCCC)CCCCCCCC,830.21,10.17,1353.73,0.997
CCCCCCCCCCCCCCCCCCCCCCCO,857.54,8.81,1528.39,1.345
CCCCCCCCCCCCCCCCCCCCCCCS,859.54,8.72,1534.65,1.072
CCCCCCCCCCCCCCCCCCCCCCSC,859.54,8.72,1534.65,1.072
SCCCCCCCCCCCCCCCCCCCCCCCS,967.42,9.18,1576.39,1.142
CCCCCCCCCCCCCCCCCCCCCCSSC,912.42,8.56,1594.78,1.142
CCCCCCCCCCCCCCCCCCCCCSSCC,912.42,8.56,1594.78,1.142
CCCCCCCCCCCCCCCCCCCCCSCSC,912.42,8.56,1594.78,1.142
CCCCCCCCCCCCCCCCCCCCSCSCC,912.42,8.56,1594.78,1.142
CCCCCCCCCCCCCCCCCCCCCCCN,904.15,9.99,1455.73,1.083
CCCCCCCCCCCCCCCCCCCCCCNC,864.15,9.38,1481.94,1.083
CCCCCCCCCCCCCCCCCCCCCNCC,864.15,9.38,1481.94,1.083
CCCCCCCCCCCCCCCCCCCCCN(C)C,864.15,9.06,1534.59,1.083
CCCCCCCCCCCCCCCCCCCN(CC)CC,864.15,9.06,1534.59,1.083
CC(C)(C)c1ccc2cc3c(ccc4ccccc43)c3c2c1C=C3,1133.8,18.67,1024.39,0.962
CCCCCCc1cccc2cc3c(ccc4ccccc43)cc12,1117.65,16.91,1112.36,0.967
CCCCCCCCCCC=C(c1ccccc1)c1ccccc1,975.39,12.76,1273.21,0.987
CCCCCCCCCCCC(c1ccccc1)c1ccccc1,938.23,11.48,1358.7,0.992
CC(C)CCCCCOC(=O)c1ccccc1C(=O)OCCCCCC(C)C,851,8.84,1420,1.456
CCCCCCCCOC(=O)c1ccccc1C(=O)OCCCCCCCC,806,9.36,1270,1.456
CCCCC(CC)COC(=O)c1ccccc1C(=O)OCC(CC)CCCC,806,9.36,1270,1.456
CCCCC(CC)COC(=O)c1ccc(C(=O)OCC(CC)CCCC)cc1,855,8.76,1440,1.456
CCCCCCCCCCCCCCCCCCc1ccccc1,920.8,10.19,1487.42,1.011
CCCc1c(CCC)c(CCC)c(CCC)c(CCC)c1CCC,920.8,10.19,1487.42,1.011
CCCCCCCCCc1cccc(O)c1CCCCCCCCC,902,11.43,1230,1.359
CCCCCCCCCCCC(C1CCCCC1)C1CCCCC1,909.54,9.75,1528.04,1.021
C#CCCCCCCCCCCCCCCCCCCCCCC,869.54,9.77,1456.64,1.021
CCCCCCCC/C=C\CCCCCCCCCCCCCC(=O)O,941.78,8.02,1784.18,1.404
CCCCCCCC/C=C/CCCCCCCCCCCCCC(=O)O,941.78,8.02,1784.18,1.404
CCCCCCCCCCCCCCCCCCCC1CCCC1,881.39,9.44,1524.03,1.026
CCCCCCCCCCCCCCCCCCC1CCCCC1,886.39,9.12,1586.66,1.026
C=CCCCCCCCCCCCCCCCCCCCCCC,856.39,8.97,1559.26,1.026
CCCCCCCCCCCCCCCCCCCCCCCC(Br)Br,928.87,8.27,1788.01,0.962
CCCCCCCCCCCCCCCCCCCCCCCC(Cl)Cl,922.26,8.71,1677.7,0.674
CCCCCCCCCCCCCCCCCCCCCCCC(F)F,825.02,9.82,1354.43,0.532
CCCCCCCCCCCCCCCCCCCCCCCC(=O)O,913.23,8.02,1726.4,1.409
CCCCCCCCCCCCCCCCOC(=O)C(CC)CCCC,823.23,7.75,1611.32,1.409
CCCCCCCCCCCCCCCC(=O)OCCCCCCCC,823.23,7.75,1611.32,1.409
CCCCCCCCCCCCCCCCCCCCCC(=O)OCC,823.23,7.75,1611.32,1.409
CCCCCCCCCCCCCCCCCCCCCCCCBr,870.24,8.97,1703.66,1.182
CCCCCCCCCCCCCCCCCCCCCCCCCl,893.71,8.95,1650.16,0.682
CCCCCCCCCCCCCCCCCCCCCCCCF,849.41,10.37,1351.05,0.483
CCCCCCCCCCCCCCCCCCCCCCCC,843.24,9.67,1421.01,1.031
CCCCCCCCCCCCCCCCCCCCCC(C)C,843.24,9.01,1523.85,1.031
CCCCCCCCCCCCCCCCCCC(C)CCCC,843.24,9.55,1438.89,1.031
CCCCCCCCCCCC(C)CCCCCCCCCCC,843.24,9.61,1428.76,1.031
CCCCCCCCCCCCCCCCCCCCCCCCO,868.04,8.36,1601.09,1.377
CCCCCCCCCCCCC(CO)CCCCCCCCCC,868.04,8.08,1657.3,1.377
CCCCCCCCCCCCCCCCCCCCCCCCS,869.72,8.28,1606.95,1.103
CCCCCCCCCCCCCCCCCCCCCCCSC,869.72,8.28,1606.95,1.103
SCCCCCCCCCCCCCCCCCCCCCCCCS,977.02,8.7,1650.74,1.172
CCCCCCCCCCCCCCCCCCCCCCCSSC,922.02,8.12,1669.27,1.172
CCCCCCCCCCCCCCCCCCCCCCSSCC,922.02,8.12,1669.27,1.172
CCCCCCCCCCCCCCCCCCCCCCSCSC,922.02,8.12,1669.27,1.172
CCCCCCCCCCCCCCCCCCCCCSCSCC,922.02,8.12,1669.27,1.172
CCCCCCCCCCCCCCCCCCCCCCCCN,916.78,9.52,1522.81,1.115
CCCCCCCCCCCCCCCCCCCCCCCNC,876.78,8.95,1549.21,1.115
CCCCCCCCCCCCCCCCCCCCCCNCC,876.78,8.95,1549.21,1.115
CCCCCCCCCCCCNCCCCCCCCCCCC,876.78,8.95,1549.21,1.115
CCCCCCCCCCCCCCCCCCCCCCN(C)C,876.78,8.65,1602.26,1.115
CCCCCCCCCCCCCCCCCCCCN(CC)CC,876.78,8.65,1602.26,1.115
CCCCCCCCN(CCCCCCCC)CCCCCCCC,876.78,8.57,1617.77,1.115
CC(C)CCCCCN(CCCCCC(C)C)CCCCCC(C)C,876.78,8.65,1602.26,1.115
c1ccc(C(c2ccccc2)(c2ccccc2)c2ccccc2)cc1,983,16.96,966,0.987
CCCCCCCc1cccc2cc3c(ccc4ccccc43)cc12,1132.52,15.8,1185.26,1.002
CCCCCCCCCCCC=C(c1ccccc1)c1ccccc1,989.97,12.03,1347.31,1.021
CCCCCCCCCCCCC(c1ccccc1)c1ccccc1,951.32,10.93,1421.57,1.026
CCCCCCCCCCCCCCCCCCCc1ccccc1,933.67,9.69,1558.14,1.044
CCCCCCCCC(CCCCCCCC)CCc1ccccc1,933.67,9.69,1558.14,1.044
CCCCCCCCCC(CCCCCCCC)c1ccc(C)cc1,933.67,9.69,1558.14,1.044
C#CCCCCCCCCCCCCCCCCCCCCCCC,882.3,9.32,1523.42,1.054
CCCCCCCCCCCCC(C1CCCCC1)C1CCCCC1,922.3,9.26,1603.34,1.054
CCCCCCCCCCCCCCCCCCCCC1CCCC1,894.1,9.02,1591.43,1.058
CCCCCCCCCCCCCCCCCCCC1CCCCC1,899.1,8.71,1657.17,1.058
C=CCCCCCCCCCCCCCCCCCCCCCCC,869.1,8.57,1626.92,1.058
CCCCCCCC=C(CCCCCCCC)CCCCCCCC,869.1,8.57,1626.92,1.058
CCCCCCCCC(CCCCCCCC)CCCC1CCCC1,894.1,9.02,1591.43,1.058
CCCCCCCCC(CCCCCCCC)CCC1CCCCC1,899.1,8.71,1657.17,1.058
CCCCCCCCCCCCCCCCCCCCCCCCC(Br)Br,938.6,7.83,1873.47,0.986
CCCCCCCCCCCCCCCCCCCCCCCCC(Cl)Cl,933.41,8.28,1755.2,0.686
CCCCCCCCCCCCCCCCCCCCCCCCC(F)F,836.83,9.35,1418.15,0.538
CCCCCCCCCCCCCCCCCCCCCCCCC(=O)O,923.18,7.75,1775.57,1.439
CCCCCCCCCCCCCCCCCCCCCCCC(=O)OC,833.18,7.37,1684.88,1.439
CCCCCCCCCCCCCCCCCCCCCCCCCBr,881.2,8.52,1783.34,1.21
CCCCCCCCCCCCCCCCCCCCCCCCCCl,905.55,8.53,1725.69,0.695
CCCCCCCCCCCCCCCCCCCCCCCCCF,861.63,9.87,1414.15,0.49
CCCCCCCCCCCCCCCCCCCCCCCCC,855.9,9.21,1487.23,1.063
CCCCCCCCC(CCCCCCCC)CCCCCCCC,855.9,9.22,1485.45,1.063
CCCCCCCCCCCCCCCCCCCCCCC(C)C,855.9,9.21,1487.8,1.063
CCCCCCCCCCCC(CC)CCCCCCCCCCC,855.9,9.23,1483.85,1.063
CCCCCCCCCCCCCCCCCCCCCCCCCO,878.26,7.95,1675.21,1.409
CCCCCCCCCCCCCCCCCCCCCCCCCS,879.63,7.87,1680.62,1.134
CCCCCCCCCCCCCCCCCCCCCCCCSC,879.63,7.87,1680.62,1.134
CCCCCCCCCCCCCCCCCCCCCCCCCCCSC,907.93,6.79,1909.08,1.22
SCCCCCCCCCCCCCCCCCCCCCCCCCS,986.38,8.25,1726.33,1.2
CCCCCCCCCCCCCCCCCCCCCCCCSSC,931.38,7.71,1745,1.2
CCCCCCCCCCCCCCCCCCCCCCCSSCC,931.38,7.71,1745,1.2
CCCCCCCCCCCCCCCCCCCCCCCSCSC,931.38,7.71,1745,1.2
CCCCCCCCCCCCCCCCCCCCCCSCSCC,931.38,7.71,1745,1.2
CCCCCCCCCCCCCCCCCCCCCCCCCN,929.06,9.07,1591.22,1.146
CCCCCCCCCCCCCCCCCCCCCCCCNC,889.06,8.54,1617.82,1.146
CCCCCCCCCCCCCCCCCCCCCCCNCC,889.06,8.54,1617.82,1.146
CCCCCCCCCCCCCCCCCCCCCCCN(C)C,889.06,8.26,1671.24,1.146
CCCCCCCCCCCCCCCCCCCCCN(CC)CC,889.06,8.26,1671.24,1.146
c1ccc(C(=C(c2ccccc2)c2ccccc2)c2ccccc2)cc1,996,16.03,1020,1.016
c1ccc(C(c2ccccc2)C(c2ccccc2)c2ccccc2)cc1,827,13.25,1022,1.021
CCCCCCCCCCCCC=C(c1ccccc1)c1ccccc1,1004.06,11.36,1421.64,1.053
CCCCCCCCCCCCCC(c1ccccc1)c1ccccc1,964.03,10.23,1513.14,1.058
CC(C)CCCCCCOC(=O)c1ccccc1C(=O)OCCCCCCC(C)C,835,8.68,1370,1.514
CCCCCCCCCOC(=O)c1ccccc1C(=O)OCCCCCCCCC,866,9.01,1370,1.514
CCCCCCCCCCCCCCCCCCCCc1ccccc1,946.17,9.22,1630.33,1.076
CCCCCCCCCCCCCCCC(CCCC)c1ccccc1,946.17,9.22,1630.33,1.076
CCCCCCCCCCCCCCCCCC(CC)c1ccccc1,946.17,9.22,1630.33,1.076
CCCCCCCCCCCCCCCCCCC(C)c1ccccc1,946.17,9.22,1630.33,1.076
CCCCCCCCCCCC(CCCCCCCC)c1ccccc1,946.17,9.22,1630.33,1.076
CCCCCCCCCCCCCCCCC(CCC)c1ccccc1,946.17,9.22,1630.33,1.076
CCCCCCCCCCc1ccc(CCCCCCCCCC)cc1,946.17,9.22,1630.33,1.076
CCCCCCCCCCCC(CCCCCCC)c1ccc(C)cc1,946.17,9.22,1630.33,1.076
CCCCCCCCCCCCCC(C1CCCCC1)C1CCCCC1,934.7,9.28,1591.91,1.085
C#CCCCCCCCCCCCCCCCCCCCCCCCC,894.7,8.89,1591.55,1.085
CCCCCCCC/C=C\CCCCCCCCCCCCCCCC(=O)O,961.5,7.23,1953.35,1.465
C=CCCCCCCCCCCCCCCCCCCCCCCCC,881.46,8.2,1695.9,1.09
CCCCCCCCCCCCCCCCCCCCC1CCCCC1,911.46,8.31,1729.07,1.09
CCCCCCCCCCCCCCCCCC(CC)C1CCCCC1,911.46,8.31,1729.07,1.09
CCCCCCCCCCCC(CCCCCCCC)C1CCCCC1,911.46,8.31,1729.07,1.09
CCCCCCCCCCCCCCCCCCC(C)C1CCCCC1,911.46,8.31,1729.07,1.09
CCCCCCCCCCCCCCCCC(CCC)C1CCCCC1,911.46,8.31,1729.07,1.09
CCCCCCCCCCCCCCCC(CCCC)C1CCCCC1,911.46,8.31,1729.07,1.09
CCCCCCCCCCCCCC(CCCCCC)C1CCCCC1,911.46,8.31,1729.07,1.09
CCCCCCCCCCCCCCCCCCCCCC1CCCC1,906.46,8.61,1660.17,1.09
CCCCCCCCCCC(CCCCCCCCCC)C1CCCC1,906.46,8.61,1660.17,1.09
CCCCCCCCCCCCCCCCCCCCCCCCCC(Br)Br,948.14,7.43,1960.08,1.011
CCCCCCCCCCCCCCCCCCCCCCCCCC(Cl)Cl,944.29,7.88,1833.92,0.698
CCCCCCCCCCCCCCCCCCCCCCCCCC(F)F,848.34,8.91,1482.98,0.545
CCCCCCCCCCCCCCCCCCCCCCCCCC(=O)O,932.88,7.36,1855.55,1.469
CCCCCCCCCCCCCCCCOC(=O)CCCCCC(C)(C)C,842.88,7.01,1759.74,1.469
CCCCCCCCCCCCCCCCCC(=O)OCCCCCCCC,842.88,7.01,1759.74,1.469
CCCCCCCCCCCCCCCCCCCCCCCCCCBr,891.91,8.11,1864.26,1.237
CCCCCCCCCCCCCCCCCCCCCCCCCCCl,917.1,8.12,1802.54,0.708
CCCCCCCCCCCCCCCCCCCCCCCCCCF,873.52,9.41,1478.4,0.496
CCCCCCCCCCCCCCCCCCCCCCCCCC,868.21,8.46,1613.68,1.094
CCCCCCCCCCCCCCCCCCCCCCCC(C)C,868.21,8.8,1552.82,1.094
CCCCCCCCCCCCCCCCCCCCCC(CC)CC,868.21,8.68,1573.33,1.094
CCCCCCCCCCCC(CCC)CCCCCCCCCCC,868.21,8.64,1580.91,1.094
CCCCCCCCCCCCCCCCCC(CCCC)CCCC,868.21,8.82,1547.82,1.094
CCCCCCCCCCCCCCCC(CCCC)CCCCCC,868.21,8.81,1550.59,1.094
CCCCCCCCCCCCCC(CCCC)CCCCCCCC,868.21,8.81,1551.06,1.094
CCCCCCCCCCCC(CCCC)CCCCCCCCCC,868.21,8.8,1551.75,1.094
CCCCCCCCCCC(CCCCC)CCCCCCCCCC,868.21,8.64,1580.91,1.094
CCCCCCCCCCCCCC(CCCCCC)CCCCCC,868.21,8.64,1580.91,1.094
CCCCCC(CCCCC)CCCCC(CCCCC)CCCCC,868.21,8.64,1580.91,1.094
CCCCCCCCCCC(CCCCCCCCCC)CC(C)(C)C,868.21,8.79,1554.07,1.094
CCCCCCCCCCC(CCCCCCCCCC)C(CC)CC,868.21,8.64,1580.91,1.094
CCCCC(CCCC)CCCCCCCCC(CCCC)CCCC,868.21,8.64,1580.91,1.094
CCCCCCCCCCCCCC(CC(CC)CC)CC(CC)CC,868.21,8.9,1534.79,1.094
CCCCCCCCCCCCCCCCCCCCCCCCCCO,888.21,7.56,1750.69,1.439
CCCCCCCCCCCCCCCCCCCCCCCCCCS,889.29,7.48,1755.55,1.163
CCCCCCCCCCCCCCCCCCCCCCCCCSC,889.29,7.48,1755.55,1.163
SCCCCCCCCCCCCCCCCCCCCCCCCCCS,995.52,7.84,1803.13,1.228
CCCCCCCCCCCCCCCCCCCCCCCCCSSC,940.52,7.33,1821.94,1.228
CCCCCCCCCCCCCCCCCCCCCCCCSSCC,940.52,7.33,1821.94,1.228
CCCCCCCCCCCCCCCCCCCCCCCCSCSC,940.52,7.33,1821.94,1.228
CCCCCCCCCCCCCCCCCCCCCCCSCSCC,940.52,7.33,1821.94,1.228
CCCCCCCCCCCCCCCCCCCCCCCCCCN,941.02,8.65,1660.91,1.177
CCCCCCCCCCCCCCCCCCCCCCCCCNC,901.02,8.15,1687.7,1.177
CCCCCCCCCCCCCCCCCCCCCCCCNCC,901.02,8.15,1687.7,1.177
CCCCCCCCCCCCCNCCCCCCCCCCCCC,901.02,7.9,1741.49,1.177
CCCCCCCCCCCCCCCCCCCCCCCCN(C)C,901.02,7.9,1741.49,1.177
CCCCCCCCCCCCCCCCCCCCCCN(CC)CC,901.02,7.9,1741.49,1.177
CCCCCCCCCCCCCC=C(c1ccccc1)c1ccccc1,1017.7,10.75,1496.99,1.085
CCCCCCCCCCCCCCC(c1ccccc1)c1ccccc1,976.39,9.77,1576.91,1.09
CC(C)CCC[C@@H](C)[C@H]1CC[C@H]2[C@@H]3CC=C4C[C@@H](O)CC[C@]4(C)[C@H]3CC[C@]12C,959,10.53,1350,1.448
CCCCCCCCCCCCCCCCCCCCCc1ccccc1,958.34,8.78,1703.93,1.107
CCCCCCCCCCC(CCCCCCCCCC)c1ccccc1,958.34,8.78,1703.93,1.107
CCCCCCCCCCCCCCC(C1CCCCC1)C1CCCCC1,946.78,8.38,1755.69,1.116
C#CCCCCCCCCCCCCCCCCCCCCCCCCC,906.78,8.48,1660.97,1.116
CCCCCCCCCCCCCCCCCCCCCCC1CCCC1,918.49,8.23,1730.18,1.121
CCCCCCCCCCCCCCCCCCCCCC1CCCCC1,923.49,7.94,1802.32,1.121
CCCCCCCCCCC(CCCCCCCCCC)C1CCCCC1,923.49,7.94,1802.32,1.121
C=CCCCCCCCCCCCCCCCCCCCCCCCCC,893.49,7.84,1766.16,1.121
CCCCCCCCCCC(CCCCCCCCCC)CC1CCCC1,918.49,8.23,1730.18,1.121
CCCCCCCCCCCCCCCCCCCCCCCCCCC(Br)Br,957.51,7.06,2047.8,1.035
CCCCCCCCCCCCCCCCCCCCCCCCCCC(Cl)Cl,954.94,7.5,1913.83,0.71
CCCCCCCCCCCCCCCCCCCCCCCCCCC(F)F,859.58,8.49,1548.9,0.551
CCCCCCCCCCCCCC(=O)CCCCCCCCCCCCC,891.53,7.38,1773.99,1.465
CCCCCCCCCCCCCCCCCCCCCCCCCCC(=O)O,942.34,7,1936.88,1.498
CCCCCCCCCCCCCCCCCCCCCCCCCC(=O)OC,852.34,6.68,1835.83,1.498
CCCCCCCCCCCCCCCCCCCCCCCCCCCBr,902.39,7.72,1946.37,1.264
CCCCCCCCCCCCCCCCCCCCCCCCCCCCl,928.36,7.75,1880.64,0.72
CCCCCCCCCCCCCCCCCCCCCCCCCCCF,885.12,8.97,1543.76,0.503
CCCCCCCCCCCCCCCCCCCCCCCCCCC,880.19,8.08,1684.65,1.125
CCCCCCCCCCCCCCCCCCCCCCCCC(C)C,880.19,8.4,1619.38,1.125
CCCCCCCCCCCCCCCCCCCCCCCCCCCS,898.72,7.12,1831.71,1.192
CCCCCCCCCCCCCCCCCCCCCCCCCCSC,898.72,7.12,1831.71,1.192
SCCCCCCCCCCCCCCCCCCCCCCCCCCCS,1004.46,7.45,1881.1,1.256
CCCCCCCCCCCCCCCCCCCCCCCCCCSSC,949.46,6.97,1900.04,1.256
CCCCCCCCCCCCCCCCCCCCCCCCCSSCC,949.46,6.97,1900.04,1.256
CCCCCCCCCCCCCCCCCCCCCCCCCSCSC,949.46,6.97,1900.04,1.256
CCCCCCCCCCCCCCCCCCCCCCCCSCSCC,949.46,6.97,1900.04,1.256
CCCCCCCCCCCCCCCCCCCCCCCCCCCN,952.68,8.25,1731.84,1.207
CCCCCCCCCCCCCCCCCCCCCCCCCCNC,912.68,7.78,1758.82,1.207
CCCCCCCCCCCCCCCCCCCCCCCCCNCC,912.68,7.78,1758.82,1.207
CCCCCCCCCCCCCCCCCCCCCCCCCN(C)C,912.68,7.55,1812.97,1.207
CCCCCCCCCCCCCCCCCCCCCCCN(CC)CC,912.68,7.55,1812.97,1.207
CCCCCCCCCN(CCCCCCCCC)CCCCCCCCC,912.68,7.31,1871.85,1.207
CCCCCCCCCCCCCCC=C(c1ccccc1)c1ccccc1,1030.92,10.19,1572.7,1.116
CCCCCCCCCCCCCCCC(c1ccccc1)c1ccccc1,988.42,9.25,1655.57,1.12
CC(C)CCCCCCCOC(=O)c1ccccc1C(=O)OCCCCCCCC(C)C,908,7.22,1730,1.569
CCCCCCCCCCOC(=O)c1ccccc1C(=O)OCCCCCCCCCC,905,8.41,1480,1.569
CCCCCCCCCCCCCCCCCCCCCCc1ccccc1,970.19,8.37,1778.89,1.138
CCCCCCCCCCC(CCCCCCCCCC)Cc1ccccc1,970.19,8.37,1778.89,1.138
C#CCCCCCCCCCCCCCCCCCCCCCCCCCC,918.54,8.1,1731.63,1.146
CCCCCCCCCCCCCCCC(C1CCCCC1)C1CCCCC1,958.54,7.99,1832.72,1.146
CCCCCCCCCCCCCC(CC1CCCCC1)CC1CCCCC1,958.54,7.99,1832.72,1.146
CCCCCCCCCCCCCCCCCCCCCCCC1CCCC1,930.21,7.86,1801.43,1.151
CCCCCCCCCCCCCCCCCCCCCCC1CCCCC1,935.21,7.59,1876.86,1.151
C=CCCCCCCCCCCCCCCCCCCCCCCCCCC,905.21,7.5,1837.64,1.151
CCCCCCCCCCC(CCCCCCCCCC)CC1CCCCC1,935.21,7.59,1876.86,1.151
CC(CC=C(CCC(C)CC(C)(C)C)CCC(C)CC(C)(C)C)CC(C)(C)C,905.21,7.5,1837.64,1.151
CCCCCCCCCCCCCCCCCCCCCCCCCCCC(Br)Br,966.7,6.71,2136.62,1.058
CCCCCCCCCCCCCCCCCCCCCCCCCCCC(Cl)Cl,965.36,7.15,1994.89,0.722
CCCCCCCCCCCCCCCCCCCCCCCCCCCC(F)F,870.55,8.1,1615.86,0.557
CCCCCCCCCCCCCCCCCCCCCCCCCCCC(=O)O,951.58,6.66,2019.49,1.526
CCCCCCCCCCCCCCCCCCCCCCCCCCCCBr,912.65,7.36,2029.64,1.29
CCCCCCCCCCCCCCCCCCCCCCCCCCCCCl,939.36,7.39,1959.96,0.733
CCCCCCCCCCCCCCCCCCCCCCCCCCCCF,896.43,8.56,1610.2,0.509
CCCCCCCCCCCCCCCCCCCCCCCCCCCC,891.87,8.02,1688.72,1.155
CCCCCCCCCCCCCCCCCCCCCCCCCC(C)C,891.87,8.03,1687.47,1.155
CCCCCCCCCCCCCCCC(CCCCCC)CCCCCC,891.87,8.04,1685.46,1.155
CCCCCCCCCCCC(CCCCCCCC)CCCCCCCC,891.87,8.03,1686.71,1.155
CC(CCC(CCC(C)CC(C)(C)C)CCC(C)CC(C)(C)C)CC(C)(C)C,891.87,8,1694.76,1.155
CCCCCCCCCCCCCCCCCCCCCCCCCCCO,897.91,7.19,1827.48,1.469
CCCCCCCCCCCCCCCCCCCCCCCCCCCCO,907.37,6.85,1905.54,1.498
CCCCCCCCCCCCCCCCCCCCCCCCCCCCS,907.93,6.79,1909.08,1.22
SCCCCCCCCCCCCCCCCCCCCCCCCCCCCS,1013.21,7.09,1960.19,1.283
CCCCCCCCCCCCCCCCCCCCCCCCCCSSCC,958.21,6.64,1979.26,1.283
CCCCCCCCCCCCCCCCCCCCCCCCCCSCSC,958.21,6.64,1979.26,1.283
CCCCCCCCCCCCCCCCCCCCCCCCCSCSCC,958.21,6.64,1979.26,1.283
CCCCCCCCCCCCCCCCCCCCCCCCCCCSSC,958.21,6.64,1979.26,1.283
CCCCCCCCCCCCCCCCCCCCCCCCCCCCN,964.05,7.88,1803.96,1.236
CCCCCCCCCCCCCCCCCCCCCCCCCCCNC,924.05,7.44,1831.12,1.236
CCCCCCCCCCCCCCCCCCCCCCCCCCNCC,924.05,7.44,1831.12,1.236
CCCCCCCCCCCCCCNCCCCCCCCCCCCCC,924.05,7.44,1831.12,1.236
CCCCCCCCCCCCCCCCCCCCCCCCCCN(C)C,924.05,7.22,1885.64,1.236
CCCCCCCCCCCCCCCCCCCCCCCCN(CC)CC,924.05,7.22,1885.64,1.236
CC[C@H](CC[C@@H](C)[C@H]1CC[C@H]2[C@@H]3CC=C4C[C@@H](O)CC[C@]4(C)[C@H]3CC[C@]12C)C(C)C,953,9.35,1460,1.506
CCCCCCCCCCCCCCCCCCCCCCCc1ccccc1,981.75,7.98,1855.15,1.167
CCCCCCCCCCC(CCCCCCCCCC)c1cc(C)ccc1C,981.75,7.98,1855.15,1.167
O=C(Nc1ccc(Cl)cc1)N1CCn2cccc2C1c1ccc(F)cc1,981.75,7.98,1855.15,1.167
C#CCCCCCCCCCCCCCCCCCCCCCCCCCCC,930.02,7.74,1803.5,1.176
CCCCCCCCCCCCCCCCCCCCCCCCC1CCCC1,941.64,7.52,1873.86,1.18
CCCCCCCCCCCCCCCCCCCCCCCC1CCCCC1,946.64,7.26,1952.65,1.18
C=CCCCCCCCCCCCCCCCCCCCCCCCCCCC,916.64,7.18,1910.32,1.18
CCCCCCCCCCCCCCCCCCCCCCCCCCCCC(Br)Br,975.74,6.39,2226.5,1.081
CCCCCCCCCCCCCCCCCCCCCCCCCCCCC(Cl)Cl,975.55,6.82,2077.06,0.733
CCCCCCCCCCCCCCCCCCCCCCCCCCCCC(F)F,881.28,7.73,1683.83,0.563
CCCCCCCCCCCCCCCCCCCCCCCCCCCCC(=O)O,960.6,6.35,2103.36,1.554
CCCCCCCCCCCCCCCCCCCCCCCCCCCCCBr,922.7,7.02,2114.05,1.316
CCCCCCCCCCCCCCCCCCCCCCCCCCCCCCl,950.12,7.06,2040.46,0.745
CCCCCCCCCCCCCCCCCCCCCCCCCCCCCF,907.48,8.17,1677.69,0.515
CCCCCCCCCCCCCCCCCCCCCCCCCCCCC,903.26,7.68,1756.79,1.184
CCCCCCCCCCCCCCCCCCCCCCCCCCC(C)C,903.26,7.68,1756.65,1.184
CCCCCCCCCCCCCCCCCCCCCCCCCCCCCO,916.61,6.53,1984.82,1.526
CCCCCCCCCCCCCCCCCCCCCCCCCCCCCS,916.92,6.47,1987.6,1.248
CCCCCCCCCCCCCCCCCCCCCCCCCCCCSC,916.92,6.47,1987.6,1.248
SCCCCCCCCCCCCCCCCCCCCCCCCCCCCCS,1021.76,6.75,2040.39,1.309
CCCCCCCCCCCCCCCCCCCCCCCCCCCSCSC,966.76,6.32,2059.58,1.309
CCCCCCCCCCCCCCCCCCCCCCCCCCCSSCC,966.76,6.32,2059.58,1.309
CCCCCCCCCCCCCCCCCCCCCCCCCCSCSCC,966.76,6.32,2059.58,1.309
CCCCCCCCCCCCCCCCCCCCCCCCCCCCCN,975.16,7.53,1877.23,1.264
CCCCCCCCCCCCCCCCCCCCCCCCCCCCNC,935.16,7.11,1904.57,1.264
CCCCCCCCCCCCCCCCCCCCCCCCCCCNCC,935.16,7.11,1904.57,1.264
CCCCCCCCCCCCCCCCCCCCCCCCCCCN(C)C,935.16,6.91,1959.44,1.264
CCCCCCCCCCCCCCCCCCCCCCCCCN(CC)CC,935.16,6.91,1959.44,1.264
CCCCCCCCCCCOC(=O)c1ccccc1C(=O)OCCCCCCCCCCC,970,8.16,1580,1.622
CCCCCCCCCCCCCCCCCCCCCCCCc1ccccc1,993.02,7.61,1932.68,1.196
C#CCCCCCCCCCCCCCCCCCCCCCCCCCCCC,941.21,7.4,1876.53,1.204
CCCCCCCC/C=C\CCCCCCCCCCCCCCCCCCCC(=O)O,998.17,5.92,2308.63,1.577
CCCCCCCCCCCCCCCCCCCCCCCCCC1CCCC1,952.8,7.2,1947.45,1.208
CCCCCCCCCCCCCCCCCCCCCCCCC1CCCCC1,957.8,6.94,2029.64,1.208
C=CCCCCCCCCCCCCCCCCCCCCCCCCCCCC,927.8,6.88,1984.14,1.208
CCCCCCCCCCCCCCCCCCCCCCCCCCCCCC(Br)Br,984.62,6.09,2317.41,1.104
CCCCCCCCCCCCCCCCCCCCCCCCCCCCCC(Cl)Cl,985.54,6.51,2160.33,0.744
CCCCCCCCCCCCCCCCCCCCCCCCCCCCCC(F)F,891.78,7.39,1752.79,0.569
CCCCCCCCCCCCCCCCCCCCCCCCCCCCCC(=O)O,969.43,6.05,2188.43,1.581
CCCCCCCCCCCCCCCCCCCCCCCCCCCCCCBr,932.55,6.7,2199.56,1.341
CCCCCCCCCCCCCCCCCCCCCCCCCCCCCCCl,960.64,6.74,2122.11,0.756
CCCCCCCCCCCCCCCCCCCCCCCCCCCCCCF,918.28,7.81,1746.18,0.521
CCCCCCCCCCCCCCCCCCCCCCCCCCCCCC,914.38,7.35,1825.58,1.212
CCCCCCCCCCCCCCCCCCCCCCCCCCCC(C)C,914.38,7.34,1827.3,1.212
CC(C)CCCC(C)CCCC(C)CCCCC(C)CCCC(C)CCCC(C)C,914.38,7.37,1820.72,1.212
CCCCCCCCCCCCCC(CCCCCCCC)CCCCCCCC,914.38,7.37,1820.99,1.212
CCCCCCCCCCCCCCCCCCCCCCCCCCCCCCO,925.63,6.23,2065.29,1.554
CCCCCCCCCCCCCCCCCCCCCCCCCCCCCCS,925.72,6.17,2067.25,1.275
CCCCCCCCCCCCCCCCCCCCCCCCCCCCCSC,925.72,6.17,2067.25,1.275
SCCCCCCCCCCCCCCCCCCCCCCCCCCCCCCS,1030.15,6.43,2121.65,1.334
CCCCCCCCCCCCCCCCCCCCCCCCCCCCCSSC,975.15,6.03,2140.97,1.334
CCCCCCCCCCCCCCCCCCCCCCCCCCCCSSCC,975.15,6.03,2140.97,1.334
CCCCCCCCCCCCCCCCCCCCCCCCCCCCSCSC,975.15,6.03,2140.97,1.334
CCCCCCCCCCCCCCCCCCCCCCCCCCCSCSCC,975.15,6.03,2140.97,1.334
CCCCCCCCCCCCCCCCCCCCCCCCCCCCCCN,986.01,7.63,1838.59,1.292
CCCCCCCCCCCCCCCCCCCCCCCCCCCCCNC,946.01,6.8,1979.13,1.292
CCCCCCCCCCCCCCCCCCCCCCCCCCCCNCC,946.01,6.8,1979.13,1.292
CCCCCCCCCCCCCCCNCCCCCCCCCCCCCCC,946.01,6.8,1979.13,1.292
CCCCCCCCCCCCCCCCCCCCCCCCCCCCN(C)C,946.01,6.62,2034.35,1.292
CCCCCCCCCCCCCCCCCCCCCCCCCCN(CC)CC,946.01,6.62,2034.35,1.292
CCCCCCCCCCN(CCCCCCCCCC)CCCCCCCCCC,946.01,6.52,2066.46,1.292
CCCCCCCCCCCCCCCCCCCCCCCCCc1ccccc1,1004.03,7.61,1921.31,1.224
CCCCCCCCCCCCC(CCCCCCCCCCCC)c1ccccc1,1004.03,7.61,1921.31,1.224
C#CCCCCCCCCCCCCCCCCCCCCCCCCCCCCC,952.15,7.61,1813.32,1.232
CCCCCCCCCCCCCCCCCCCCCCCCCCC1CCCC1,963.7,6.89,2022.15,1.236
CCCCCCCCCCCCCCCCCCCCCCCCCC1CCCCC1,968.7,7.33,1909.4,1.236
C=CCCCCCCCCCCCCCCCCCCCCCCCCCCCCC,938.7,7.44,1823.46,1.236
CCCCCCCCCCCCC(CCCCCCCCCCCC)C1CCCCC1,963.7,6.89,2022.15,1.236
CCCCCCCCCCCCCCCCCCCCCCCCCCCCCCC(Br)Br,993.35,5.81,2409.34,1.126
CCCCCCCCCCCCCCCCCCCCCCCCCCCCCCC(Cl)Cl,995.33,6.22,2244.65,0.755
CCCCCCCCCCCCCCCCCCCCCCCCCCCCCCC(F)F,902.05,7.06,1822.69,0.574
CCCCCCCCCCCCCCCC(=O)CCCCCCCCCCCCCCC,928.2,6.1,2084.27,1.577
CCCCCCCCCCCCCCCCCCCCCCCCCCCCCCCBr,942.2,6.4,2286.13,1.366
CCCCCCCCCCCCCCCCCCCCCCCCCCCCCCCCl,970.93,6.44,2204.87,0.768
CCCCCCCCCCCCCCCCCCCCCCCCCCCCCCCF,928.83,7.47,1815.64,0.527
CCCCCCCCCCCCCCCCCCCCCCCCCCCCCCC,925.25,7.98,1672.27,1.24
CCCCCCCCCCCCCCCCCCCCCCCCCCCCC(C)C,925.25,7.97,1674.21,1.24
CCCCCCCCCCC(CCCCCCCCCC)CCCCCCCCCC,925.25,7.96,1676.65,1.24
CCCCCCCCCCCCCCCCCCCCCCCCCCCCCCCO,934.46,5.94,2146.91,1.581
CCCCCCCCCCCCCCCCCCCCCCCCCCCCCCCS,934.33,5.89,2147.99,1.301
CCCCCCCCCCCCCCCCCCCCCCCCCCCCCCSC,934.33,5.89,2147.99,1.301
SCCCCCCCCCCCCCCCCCCCCCCCCCCCCCCCS,1038.36,6.13,2203.95,1.36
CCCCCCCCCCCCCCCCCCCCCCCCCCCCCCSSC,983.36,5.75,2223.39,1.36
CCCCCCCCCCCCCCCCCCCCCCCCCCCCCSSCC,983.36,5.75,2223.39,1.36
CCCCCCCCCCCCCCCCCCCCCCCCCCCCCSCSC,983.36,5.75,2223.39,1.36
CCCCCCCCCCCCCCCCCCCCCCCCCCCCSCSCC,983.36,5.75,2223.39,1.36
CCCCCCCCCCCCCCCCCCCCCCCCCCCCCCCN,996.61,7.32,1904.86,1.319
CCCCCCCCCCCCCCCCCCCCCCCCCCCCCCNC,956.61,7.01,1909.49,1.319
CCCCCCCCCCCCCCCCCCCCCCCCCCCCCNCC,956.61,7.01,1909.49,1.319
CCCCCCCCCCCCCCCCCCCCCCCCCCCCCN(C)C,956.61,7.01,1909.49,1.319
CCCCCCCCCCCCCCCCCCCCCCCCCCCN(CC)CC,956.61,7.01,1909.49,1.319
CCCCCCCCCCCCCCCCCCCCCCCCCCc1ccccc1,1014.79,7.29,1992.06,1.252
C#CCCCCCCCCCCCCCCCCCCCCCCCCCCCCCC,962.84,7.3,1879.46,1.259
CCCCCCCCCCCCCCCCCCCCCCCCCCCC1CCCC1,974.36,6.6,2097.93,1.263
CCCCCCCCCCCCCCCCCCCCCCCCCCC1CCCCC1,979.36,7.03,1978.71,1.263
C=CCCCCCCCCCCCCCCCCCCCCCCCCCCCCCC,949.36,7.14,1889.65,1.263
CCCCCCCCCCCCCCCCCCCCCCCCCCCCCCCC(Br)Br,1001.93,5.54,2502.25,1.148
CCCCCCCCCCCCCCCCCCCCCCCCCCCCCCCC(Cl)Cl,1004.94,5.94,2329.99,0.765
CCCCCCCCCCCCCCCCCCCCCCCCCCCCCCCC(F)F,912.11,6.76,1893.52,0.58
CCCCCCCCCCCCCCCCCC(=O)OCCCCCCCCCCCCCC,896.53,5.29,2233.59,1.633
CCCCCCCCCCCCCCCCOC(=O)CCCCCCCCCCCCCCC,896.53,5.18,2281.58,1.633
CCCCCCCCCCCCCCCCCCCCCCCCCCCCCCCCBr,951.68,6.12,2373.75,1.39
CCCCCCCCCCCCCCCCCCCCCCCCCCCCCCCCCl,981.02,6.16,2288.7,0.779
CCCCCCCCCCCCCCCCCCCCCCCCCCCCCCCCF,939.17,7.14,1886.06,0.533
CCCCCCCCCCCCCCCCCCCCCCCCCCCCCCCC,935.87,7.65,1733.54,1.267
CCCCCCCCCCCCCCCCCCCCCCCCCCCCCC(C)C,935.87,7.64,1735.35,1.267
CCCCCCCCCCCCCCCCCCCCCCCCCCCCC(C)CC,935.87,7.63,1737.22,1.267
CCCCCCCCCCCCCCCC(CCCCCCCC)CCCCCCCC,935.87,7.63,1737.22,1.267
CCCCCCCCCCCC(CCCCCCCCCC)CCCCCCCCCC,935.87,7.63,1737.22,1.267
CCCCCCCCCCCCCCCCCCCCCCCCCCCCCCCCO,943.09,5.68,2229.64,1.607
CCCCCCCCCCCCCCCCOCCCCCCCCCCCCCCCC,873.09,5.47,2141.78,1.607
CCCCCCCCCCCCCCCCCCCCCCCCCCCCCCCCS,942.76,5.63,2229.78,1.327
CCCCCCCCCCCCCCCCCCCCCCCCCCCCCCCSC,942.76,5.63,2229.78,1.327
SCCCCCCCCCCCCCCCCCCCCCCCCCCCCCCCCS,1046.42,5.85,2287.26,1.384
CCCCCCCCCCCCCCCCCCCCCCCCCCCCCCCSSC,991.42,5.49,2306.82,1.384
CCCCCCCCCCCCCCCCCCCCCCCCCCCCCCSSCC,991.42,5.49,2306.82,1.384
CCCCCCCCCCCCCCCCCCCCCCCCCCCCCCSCSC,991.42,5.49,2306.82,1.384
CCCCCCCCCCCCCCCCCCCCCCCCCCCCCSCSCC,991.42,5.49,2306.82,1.384
CCCCCCCCCCCCCCCCCCCCCCCCCCCCCCCCN,1006.99,7.02,1971.36,1.346
CCCCCCCCCCCCCCCCCCCCCCCCCCCCCCCNC,966.99,6.73,1976.14,1.346
CCCCCCCCCCCCCCCCCCCCCCCCCCCCCCNCC,966.99,6.73,1976.14,1.346
CCCCCCCCCCCCCCCCNCCCCCCCCCCCCCCCC,966.99,6.73,1976.14,1.346
CCCCCCCCCCCCCCCCCCCCCCCCCCCCCCN(C)C,966.99,6.73,1976.14,1.346
CCCCCCCCCCCCCCCCCCCCCCCCCCCCN(CC)CC,966.99,6.73,1976.14,1.346
CCCCCCCCCCCCCCCCCCCCCCCCCCCc1ccccc1,1025.32,6.99,2063.05,1.279
C#CCCCCCCCCCCCCCCCCCCCCCCCCCCCCCCC,973.3,7,1945.82,1.286
CCCCCCCCCCCCCCCCCCCCCCCCCCCCC1CCCC1,984.79,6.99,1965.53,1.29
CCCCCCCCCCCCCCCCCCCCCCCCCCCC1CCCCC1,989.79,6.75,2048.26,1.29
C=CCCCCCCCCCCCCCCCCCCCCCCCCCCCCCCC,959.79,6.85,1956.07,1.29
CCCCCCCCCCCCCCCCCCCCCCCCCCCCCCCCC(Br)Br,1010.38,5.29,2596.12,1.17
CCCCCCCCCCCCCCCCCCCCCCCCCCCCCCCCC(Cl)Cl,1014.36,5.68,2416.34,0.776
CCCCCCCCCCCCCCCCCCCCCCCCCCCCCCCCC(F)F,921.97,6.47,1965.25,0.586
CCCCCCCCCCCCCCCCCCCCCCCCCCCCCCCCC(=O)O,994.81,5.26,2450.58,1.659
CCCCCCCCCCCCCCCCCCCCCCCCCCCCCCCCCBr,960.98,5.85,2462.38,1.414
CCCCCCCCCCCCCCCCCCCCCCCCCCCCCCCCCCl,990.9,5.9,2373.59,0.79
CCCCCCCCCCCCCCCCCCCCCCCCCCCCCCCCCF,949.29,6.84,1957.39,0.538
CCCCCCCCCCCCCCCCCCCCCCCCCCCCCCCCC,946.27,7.34,1794.25,1.294
CCCCCCCCCCCCCCCCCCCCCCCCCCCCCCC(C)C,946.27,7.33,1796.71,1.294
CCCCCCCCCCCCCCCCCCCCCCCCCCCCCCCCCO,951.55,5.42,2313.46,1.633
CCCCCCCCCCCCCCCCCCCCCCCCCCCCCCCCCS,951.02,5.38,2312.61,1.352
CCCCCCCCCCCCCCCCCCCCCCCCCCCCCCCCSC,951.02,5.38,2312.61,1.352
SCCCCCCCCCCCCCCCCCCCCCCCCCCCCCCCCCS,1054.32,5.59,2371.55,1.409
CCCCCCCCCCCCCCCCCCCCCCCCCCCCCCCCSSC,999.32,5.25,2391.23,1.409
CCCCCCCCCCCCCCCCCCCCCCCCCCCCCCCSSCC,999.32,5.25,2391.23,1.409
CCCCCCCCCCCCCCCCCCCCCCCCCCCCCCCSCSC,999.32,5.25,2391.23,1.409
CCCCCCCCCCCCCCCCCCCCCCCCCCCCCCSCSCC,999.32,5.25,2391.23,1.409
CCCCCCCCCCCCCCCCCCCCCCCCCCCCCCCCNC,977.16,6.46,2043,1.372
CCCCCCCCCCCCCCCCCCCCCCCCCCCCCCCNCC,977.16,6.46,2043,1.372
CCCCCCCCCCCCCCCCCCCCCCCCCCCCCCCN(C)C,977.16,6.46,2043,1.372
CCCCCCCCCCCCCCCCCCCCCCCCCCCCCN(CC)CC,977.16,6.46,2043,1.372
CCCCCCCCCCCN(CCCCCCCCCCC)CCCCCCCCCCC,977.16,6.46,2043,1.372
CCCCCCCCCCCCCCCCCCCCCCCCCCCCc1ccccc1,1035.62,6.71,2134.28,1.305
C#CCCCCCCCCCCCCCCCCCCCCCCCCCCCCCCCC,983.54,6.72,2012.4,1.312
CCCCCCCCCCCCCCCCCCCCCCCCCCCCCC1CCCC1,995,6.72,2032.46,1.316
CCCCCCCCCCCCCCCCCCCCCCCCCCCCC1CCCCC1,1000,6.48,2118.02,1.316
C=CCCCCCCCCCCCCCCCCCCCCCCCCCCCCCCCC,970,6.58,2022.7,1.316
CCCCCCCCCCCCCCCCCCCCCCCCCCCCCCCCCC(Br)Br,1018.7,5.06,2690.94,1.191
CCCCCCCCCCCCCCCCCCCCCCCCCCCCCCCCCC(Cl)Cl,1023.61,5.44,2503.67,0.786
CCCCCCCCCCCCCCCCCCCCCCCCCCCCCCCCCC(F)F,931.63,6.19,2037.86,0.591
CCCCCCCCCCCCCCCCCC(=O)OCCCCCCCCCCCCCCCC,912.94,4.84,2400.14,1.684
CCCCCCCCCCCCCCCCCC(=O)OCCCCCCCCCCCCCC(C)C,912.94,4.73,2456.05,1.684
CCCCCCCCCCCCCCCCCCCCCCCCCCCCCCCCCCBr,970.11,5.6,2552,1.437
CCCCCCCCCCCCCCCCCCCCCCCCCCCCCCCCCCCl,1000.58,5.65,2459.5,0.801
CCCCCCCCCCCCCCCCCCCCCCCCCCCCCCCCCCF,959.2,6.55,2029.62,0.544
CCCCCCCCCCCCCCCCCCCCCCCCCCCCCCCCCC,956.45,7.05,1856.14,1.32
CCCCCCCCCCCCCC(CCCCCCCCCC)CCCCCCCCCC,956.45,7.04,1858.95,1.32
CCCCCCCCCCCCCCCCCC(CCCCCCCC)CCCCCCCC,956.45,7.04,1858.95,1.32
CCCCCCCCCCCCCCCCCCCCCCCCCCCCCCCC(C)C,956.45,7.04,1858.38,1.32
CCCCCCCCCCCCCCCCCCCCCCCCCCCCCCCCCCO,959.84,5.19,2398.33,1.659
CCCCCCCCCCCCCCCCCCCCCCCCCCCCCCCCCCS,959.12,5.14,2396.44,1.377
CCCCCCCCCCCCCCCCCCCCCCCCCCCCCCCCCSC,959.12,5.14,2396.44,1.377
SCCCCCCCCCCCCCCCCCCCCCCCCCCCCCCCCCCS,1062.08,5.34,2456.79,1.432
CCCCCCCCCCCCCCCCCCCCCCCCCCCCCCCCCSSC,1007.08,5.02,2476.59,1.432
CCCCCCCCCCCCCCCCCCCCCCCCCCCCCCCCSSCC,1007.08,5.02,2476.59,1.432
CCCCCCCCCCCCCCCCCCCCCCCCCCCCCCCCSCSC,1007.08,5.02,2476.59,1.432
CCCCCCCCCCCCCCCCCCCCCCCCCCCCCCCSCSCC,1007.08,5.02,2476.59,1.432
CCCCCCCCCCCCCCCCCCCCCCCCCCCCCCCCCCN,1027.11,6.48,2104.97,1.397
CCCCCCCCCCCCCCCCCCCCCCCCCCCCCCCCCNC,987.11,6.21,2110.06,1.397
CCCCCCCCCCCCCCCCCCCCCCCCCCCCCCCCNCC,987.11,6.21,2110.06,1.397
CCCCCCCCCCCCCCCCCNCCCCCCCCCCCCCCCCC,987.11,6.21,2110.06,1.397
CCCCCCCCCCCCCCCCCCCCCCCCCCCCCCCCN(C)C,987.11,6.21,2110.06,1.397
CCCCCCCCCCCCCCCCCCCCCCCCCCCCCCN(CC)CC,987.11,6.21,2110.06,1.397
CCCCCCCCCCCCCCCCCCCCCCCCCCCCCc1ccccc1,1045.71,6.44,2205.73,1.331
CCCCCCCCCCCCCCC(CCCCCCCCCCCCCC)c1ccccc1,1045.71,6.44,2205.73,1.331
C#CCCCCCCCCCCCCCCCCCCCCCCCCCCCCCCCCC,993.57,6.46,2079.18,1.338
CCCCCCCCCCCCCCCCCCCCCCCCCCCCCCC1CCCC1,1005,6.45,2099.6,1.342
CCCCCCCCCCCCCCCCCCCCCCCCCCCCCC1CCCCC1,1010,6.22,2188.01,1.342
C=CCCCCCCCCCCCCCCCCCCCCCCCCCCCCCCCCC,980,6.32,2089.53,1.342
CCCCCCCCCCCCCCC(CCCCCCCCCCCCCC)C1CCCCC1,1010,6.22,2188.01,1.342
CCCCCCCCCCCCCCCCCCCCCCCCCCCCCCCCCCC(Cl)Cl,1032.7,5.21,2591.94,0.796
CCCCCCCCCCCCCCCCCCCCCCCCCCCCCCCCCCC(F)F,941.12,5.93,2111.32,0.596
CCCCCCCCCCCCCCCCCC(=O)CCCCCCCCCCCCCCCCC,961.8,5.09,2412.16,1.68
CCCCCCCCCCCCCCCCCCCCCCCCCCCCCCCCCCC(=O)O,1010.9,4.81,2630.79,1.708
CCCCCCCCCCCCCCCCCCCCCCCCCCCCCCCCCCCBr,979.09,5.37,2642.58,1.46
CCCCCCCCCCCCCCCCCCCCCCCCCCCCCCCCCCCF,968.92,6.27,2102.72,0.549
CCCCCCCCCCCCCCCCCCCCCCCCCCCCCCCCCCC,966.42,6.78,1917.68,1.345
CCCCCCCCCCCCCCCCCCCCCCCCCCCCCCCCC(C)C,966.42,6.77,1920.1,1.345
CCCCCCCCCCCCCCCCCCCCCCCCCCCCCCCCCCCS,967.07,4.92,2481.24,1.402
CCCCCCCCCCCCCCCCCCCCCCCCCCCCCCCCCCSC,967.07,4.92,2481.24,1.402
SCCCCCCCCCCCCCCCCCCCCCCCCCCCCCCCCCCCS,1069.7,5.1,2542.97,1.456
CCCCCCCCCCCCCCCCCCCCCCCCCCCCCCCCCCSSC,1014.7,4.8,2562.89,1.456
CCCCCCCCCCCCCCCCCCCCCCCCCCCCCCCCCSSCC,1014.7,4.8,2562.89,1.456
CCCCCCCCCCCCCCCCCCCCCCCCCCCCCCCCCSCSC,1014.7,4.8,2562.89,1.456
CCCCCCCCCCCCCCCCCCCCCCCCCCCCCCCCSCSCC,1014.7,4.8,2562.89,1.456
CCCCCCCCCCCCCCCCCCCCCCCCCCCCCCCCCCCN,1036.88,6.23,2172.08,1.422
CCCCCCCCCCCCCCCCCCCCCCCCCCCCCCCCCCNC,996.88,5.97,2177.33,1.422
CCCCCCCCCCCCCCCCCCCCCCCCCCCCCCCCCNCC,996.88,5.97,2177.33,1.422
CCCCCCCCCCCCCCCCCCCCCCCCCCCCCCCCCN(C)C,996.88,5.97,2177.33,1.422
CCCCCCCCCCCCCCCCCCCCCCCCCCCCCCCN(CC)CC,996.88,5.97,2177.33,1.422
CCCCCCCCCCCCCCCCCCCCCCCCCCCCCCc1ccccc1,1055.6,6.19,2277.39,1.356
C#CCCCCCCCCCCCCCCCCCCCCCCCCCCCCCCCCCC,1003.4,6.21,2146.17,1.363
CCCCCCCCCCCCCCCCCCCCCCCCCCCCCCCC1CCCC1,1014.8,6.2,2166.94,1.367
CCCCCCCCCCCCCCCCCCCCCCCCCCCCCCC1CCCCC1,1019.8,5.98,2258.2,1.367
C=CCCCCCCCCCCCCCCCCCCCCCCCCCCCCCCCCCC,989.8,6.08,2156.57,1.367
CCCCCCCCCCCCCCCCCCCCCCCCCCCCCCCCCCCC(Br)Br,1034.95,4.63,2883.31,1.233
CCCCCCCCCCCCCCCCCCCCCCCCCCCCCCCCCCCC(Cl)Cl,1041.63,4.99,2681.15,0.806
CCCCCCCCCCCCCCCCCCCCCCCCCCCCCCCCCCCC(F)F,950.43,5.69,2185.61,0.601
CCCCCCCCCCCCCCCCCCCCCCCCCCCCCCCCCCCCBr,987.91,5.14,2734.11,1.482
CCCCCCCCCCCCCCCCCCCCCCCCCCCCCCCCCCCCCl,1019.42,5.19,2634.27,0.822
CCCCCCCCCCCCCCCCCCCCCCCCCCCCCCCCCCCCF,978.46,6.01,2176.67,0.555
CCCCCCCCCCCCCCCCCCCCCCCCCCCCCCCCCCCC,976.19,6.51,1981.43,1.37
CCCCCCCCCCCCC(CCCCCCCCCCC)CCCCCCCCCCCC,976.19,6.51,1981.43,1.37
CCCCCCCCCCCCCCCCCCCCCCCCCCCCCCCCCC(C)C,976.19,6.51,1981.43,1.37
CCCCCCCCCCCCCCCCCCCCCCCCCCCCCCCCCCCCS,974.87,4.71,2567,1.426
CCCCCCCCCCCCCCCCCCCCCCCCCCCCCCCCCCCSC,974.87,4.71,2567,1.426
SCCCCCCCCCCCCCCCCCCCCCCCCCCCCCCCCCCCCS,1077.18,4.88,2630.07,1.479
CCCCCCCCCCCCCCCCCCCCCCCCCCCCCCCCCCCSSC,1022.18,4.6,2650.09,1.479
CCCCCCCCCCCCCCCCCCCCCCCCCCCCCCCCCCSSCC,1022.18,4.6,2650.09,1.479
CCCCCCCCCCCCCCCCCCCCCCCCCCCCCCCCCCSCSC,1022.18,4.6,2650.09,1.479
CCCCCCCCCCCCCCCCCCCCCCCCCCCCCCCCCSCSCC,1022.18,4.6,2650.09,1.479
CCCCCCCCCCCCCCCCCCCCCCCCCCCCCCCCCCCCN,1046.45,5.99,2239.39,1.446
CCCCCCCCCCCCCCCCCCCCCCCCCCCCCCCCCCCNC,1006.45,5.75,2244.78,1.446
CCCCCCCCCCCCCCCCCCCCCCCCCCCCCCCCCCNCC,1006.45,5.75,2244.78,1.446
CCCCCCCCCCCCCCCCCCNCCCCCCCCCCCCCCCCCC,1006.45,5.75,2244.78,1.446
CCCCCCCCCCCCCCCCCCCCCCCCCCCCCCCCCCN(C)C,1006.45,5.75,2244.78,1.446
CCCCCCCCCCCCCCCCCCCCCCCCCCCCCCCCN(CC)CC,1006.45,5.75,2244.78,1.446
CCCCCCCCCCCCN(CCCCCCCCCCCC)CCCCCCCCCCCC,1006.45,5.11,2527.69,1.446
CCCCCCCCCCCCCCCCCCCCCCCCCCCCCCCc1ccccc1,1065.29,5.95,2349.27,1.381
CCCCCCCCCCCCCCCCCCCCCCCCCCCCCCCC1CCCCC1,1029.41,5.76,2328.6,1.391
C=CCCCCCCCCCCCCCCCCCCCCCCCCCCCCCCCCCCC,999.41,5.85,2223.8,1.391
CCCCCCCCCCCCCCCCCCCCCCCCCCCCCCCCCCCCC(Br)Br,1042.9,4.44,2980.83,1.253
CCCCCCCCCCCCCCCCCCCCCCCCCCCCCCCCCCCCC(Cl)Cl,1050.41,4.79,2771.26,0.816
CCCCCCCCCCCCCCCCCCCCCCCCCCCCCCCCCCCCC(F)F,959.57,5.46,2260.71,0.606
CCCCCCCCCCCCCCCCCCCCCCCCCCCCCCCCCCCCCBr,996.58,4.93,2826.56,1.505
CCCCCCCCCCCCCCCCCCCCCCCCCCCCCCCCCCCCCCl,1028.58,4.98,2723.09,0.832
CCCCCCCCCCCCCCCCCCCCCCCCCCCCCCCCCCCCCF,987.82,5.77,2251.45,0.56
CCCCCCCCCCCCCCCCCCCCCCCCCCCCCCCCCCCCC,985.78,6.27,2042.94,1.395
CCCCCCCCCCCCCCCCCCCCCCCCCCCCCCCCCCC(C)C,985.78,6.27,2042.94,1.395
CCCCCCCCCCCCCCCCCCCCCCCCCCCCCCCCCCCCCS,982.53,4.51,2653.68,1.449
CCCCCCCCCCCCCCCCCCCCCCCCCCCCCCCCCCCCSC,982.53,4.51,2653.68,1.449
SCCCCCCCCCCCCCCCCCCCCCCCCCCCCCCCCCCCCCS,1084.54,4.68,2718.05,1.501
CCCCCCCCCCCCCCCCCCCCCCCCCCCCCCCCCCCCSSC,1029.54,4.41,2738.18,1.501
CCCCCCCCCCCCCCCCCCCCCCCCCCCCCCCCCCCSSCC,1029.54,4.41,2738.18,1.501
CCCCCCCCCCCCCCCCCCCCCCCCCCCCCCCCCCCSCSC,1029.54,4.41,2738.18,1.501
CCCCCCCCCCCCCCCCCCCCCCCCCCCCCCCCCCSCSCC,1029.54,4.41,2738.18,1.501
CCCCCCCCCCCCCCCCCCCCCCCCCCCCCCCCCCCCCN,1055.85,5.77,2306.88,1.47
CCCCCCCCCCCCCCCCCCCCCCCCCCCCCCCCCCCCNC,1015.85,5.53,2312.43,1.47
CCCCCCCCCCCCCCCCCCCCCCCCCCCCCCCCCCCNCC,1015.85,5.53,2312.43,1.47
CCCCCCCCCCCCCCCCCCCCCCCCCCCCCCCCCCCN(C)C,1015.85,5.53,2312.43,1.47
CCCCCCCCCCCCCCCCCCCCCCCCCCCCCCCCCN(CC)CC,1015.85,5.53,2312.43,1.47
CCCCCCCCCCCCCCCCCCN(C)CCCCCCCCCCCCCCCCCC,1015.85,5.53,2312.43,1.47
CCCCCCCCCCCCCCCCCCCCCCCCCCCCCCCCc1ccccc1,1074.8,5.72,2421.35,1.405
C=CCCCCCCCCCCCCCCCCCCCCCCCCCCCCCCCCCCCC,1008.85,5.63,2291.22,1.415
CCCCCCCCCCCCCCCCCCCCCCCCCCCCCCCCC1CCCCC1,1038.85,5.54,2399.2,1.415
CCCCCCCCCCCCCCCCCCCCCCCCCCCCCCCCCCCCCC(Br)Br,1050.74,4.25,3079.22,1.273
CCCCCCCCCCCCCCCCCCCCCCCCCCCCCCCCCCCCCC(Cl)Cl,1059.04,4.59,2862.26,0.826
CCCCCCCCCCCCCCCCCCCCCCCCCCCCCCCCCCCCCC(F)F,968.56,5.24,2336.6,0.611
CCCCCCCCCCCCCCCCCCCCCCCCCCCCCCCCCCCCCCBr,1005.12,4.73,2919.91,1.526
CCCCCCCCCCCCCCCCCCCCCCCCCCCCCCCCCCCCCCCl,1037.58,4.78,2812.83,0.842
CCCCCCCCCCCCCCCCCCCCCCCCCCCCCCCCCCCCCCF,997.01,5.53,2327.03,0.565
CCCCCCCCCCCCCCCCCCCCCCCCCCCCCCCCCCCCCC,995.19,6.03,2104.62,1.419
CCCCCCCCCCCCCCCCCCCCCCCCCCCCCCCCCCCC(C)C,995.19,6.03,2104.62,1.419
CCCCCCCCCCCCCC(CCCCCCCCCCCC)CCCCCCCCCCCC,995.19,6.03,2104.62,1.419
CCCCCCCCCCCCCCCCCCCCCCCCCCCCCCCCCCCCCCS,990.05,4.33,2741.26,1.472
CCCCCCCCCCCCCCCCCCCCCCCCCCCCCCCCCCCCCSC,990.05,4.33,2741.26,1.472
SCCCCCCCCCCCCCCCCCCCCCCCCCCCCCCCCCCCCCCS,1091.78,4.48,2806.9,1.523
CCCCCCCCCCCCCCCCCCCCCCCCCCCCCCCCCCCCCSSC,1036.78,4.22,2827.14,1.523
CCCCCCCCCCCCCCCCCCCCCCCCCCCCCCCCCCCCSSCC,1036.78,4.22,2827.14,1.523
CCCCCCCCCCCCCCCCCCCCCCCCCCCCCCCCCCCCSCSC,1036.78,4.22,2827.14,1.523
CCCCCCCCCCCCCCCCCCCCCCCCCCCCCCCCCCCSCSCC,1036.78,4.22,2827.14,1.523
CCCCCCCCCCCCCCCCCCCCCCCCCCCCCCCCCCCCCCN,1065.07,5.55,2374.55,1.494
CCCCCCCCCCCCCCCCCCCCCCCCCCCCCCCCCCCCCNC,1025.07,5.33,2380.25,1.494
CCCCCCCCCCCCCCCCCCCCCCCCCCCCCCCCCCCCNCC,1025.07,5.33,2380.25,1.494
CCCCCCCCCCCCCCCCCCCNCCCCCCCCCCCCCCCCCCC,1025.07,5.33,2380.25,1.494
CCCCCCCCCCCCCCCCCCCCCCCCCCCCCCCCCCCCN(C)C,1025.07,5.33,2380.25,1.494
CCCCCCCCCCCCCCCCCCCCCCCCCCCCCCCCCCN(CC)CC,1025.07,5.33,2380.25,1.494
CCCCCCCCCCCCCCCCCCCCCCCCCCCCCCCCCc1ccccc1,1084.14,5.51,2493.63,1.429
CCCCCCCCCCCCCCCCC(CCCCCCCCCCCCCCCC)c1ccccc1,1084.14,5.51,2493.63,1.429
C=CCCCCCCCCCCCCCCCCCCCCCCCCCCCCCCCCCCCCC,1018.11,5.43,2358.82,1.439
CCCCCCCCCCCCCCCCCCCCCCCCCCCCCCCCCC1CCCCC1,1048.11,5.33,2469.98,1.439
CCCCCCCCCCCCCCCCC(CCCCCCCCCCCCCCCC)C1CCCCC1,1048.11,5.33,2469.98,1.439
CCCCCCCCCCCCCCCCCCCCCCCCCCCCCCCCCCCCCCC(Br)Br,1058.46,4.08,3178.45,1.293
CCCCCCCCCCCCCCCCCCCCCCCCCCCCCCCCCCCCCCC(Cl)Cl,1067.54,4.41,2954.13,0.835
CCCCCCCCCCCCCCCCCCCCCCCCCCCCCCCCCCCCCCC(F)F,977.39,5.03,2413.26,0.616
CCCCCCCCCCCCCCCCCCCCCCCCCCCCCCCCCCCCCCCBr,1013.52,4.54,3014.14,1.548
CCCCCCCCCCCCCCCCCCCCCCCCCCCCCCCCCCCCCCCCl,1046.43,4.59,2903.47,0.852
CCCCCCCCCCCCCCCCCCCCCCCCCCCCCCCCCCCCCCCF,1006.04,5.31,2403.4,0.57
CCCCCCCCCCCCCCCCCCCCCCCCCCCCCCCCCCCCCCC,1004.43,5.81,2166.47,1.442
CCCCCCCCCCCCCCCCCCCCCCCCCCCCCCCCCCCCC(C)C,1004.43,5.81,2166.47,1.442
CCCCCCCCCCCCCCCCCCCCCCCCCCCCCCCCCCCCCCCS,997.44,4.15,2829.73,1.495
CCCCCCCCCCCCCCCCCCCCCCCCCCCCCCCCCCCCCCSC,997.44,4.15,2829.73,1.495
SCCCCCCCCCCCCCCCCCCCCCCCCCCCCCCCCCCCCCCCS,1098.9,4.29,2896.61,1.545
CCCCCCCCCCCCCCCCCCCCCCCCCCCCCCCCCCCCCCSSC,1043.9,4.05,2916.95,1.545
CCCCCCCCCCCCCCCCCCCCCCCCCCCCCCCCCCCCCSSCC,1043.9,4.05,2916.95,1.545
CCCCCCCCCCCCCCCCCCCCCCCCCCCCCCCCCCCCCSCSC,1043.9,4.05,2916.95,1.545
CCCCCCCCCCCCCCCCCCCCCCCCCCCCCCCCCCCCSCSCC,1043.9,4.05,2916.95,1.545
CCCCCCCCCCCCCCCCCCCCCCCCCCCCCCCCCCCCCCCN,1074.13,5.35,2442.4,1.517
CCCCCCCCCCCCCCCCCCCCCCCCCCCCCCCCCCCCCCNC,1034.13,5.14,2448.25,1.517
CCCCCCCCCCCCCCCCCCCCCCCCCCCCCCCCCCCCCNCC,1034.13,5.14,2448.25,1.517
CCCCCCCCCCCCCCCCCCCCCCCCCCCCCCCCCCCCCN(C)C,1034.13,5.14,2448.25,1.517
CCCCCCCCCCCCCCCCCCCCCCCCCCCCCCCCCCCN(CC)CC,1034.13,5.14,2448.25,1.517
CCCCCCCCCCCCCN(CCCCCCCCCCCCC)CCCCCCCCCCCCC,1034.13,5.14,2448.25,1.517
CC1=CCCC(C)(C)C1/C=C/C(C)=C/C=C/C(C)=C/C=C/C=C(C)/C=C/C=C(C)/C=C/C1=C(C)CCCC1(C)C,1258.8,7.01,2286.72,1.422
CC1=C(/C=C/C(C)=C/C=C/C(C)=C/C=C/C=C(C)/C=C/C=C(C)/C=C/C2=C(C)CCCC2(C)C)C(C)(C)CCC1,1430.6,7.97,2286.72,1.422
CC(C)=CCC/C(C)=C/C=C/C(C)=C/C=C/C(C)=C/C=C/C=C(C)/C=C/C=C(C)/C=C/C1=C(C)CCCC1(C)C,1430.6,7.97,2286.72,1.422
CC(C)=CCC/C(C)=C/C=C/C(C)=C/C=C/C(C)=C/C=C/C=C(C)/C=C/C=C(C)/C=C/C=C(\C)CCC=C(C)C,1430.6,7.97,2286.72,1.422
CCCCCCCCCCCCCCCCCCCCCCCCCCCCCCCCCCc1ccccc1,1093.3,5.3,2566.11,1.452
CCCCCCCCCCCCCCCCCCCCCCCCCCCCCCCCCCCC1CCCC1,1052.21,5.33,2438.18,1.462
CCCCCCCCCCCCCCCCCCCCCCCCCCCCCCCCCCC1CCCCC1,1057.21,5.14,2540.96,1.462
C=CCCCCCCCCCCCCCCCCCCCCCCCCCCCCCCCCCCCCCC,1027.21,5.23,2426.6,1.462
CCCCCCCCCCCCCCCCCCCCCCCCCCCCCCCCCCCCCCCC(Br)Br,1066.08,3.91,3278.51,1.312
CCCCCCCCCCCCCCCCCCCCCCCCCCCCCCCCCCCCCCCC(Cl)Cl,1075.9,4.23,3046.85,0.844
CCCCCCCCCCCCCCCCCCCCCCCCCCCCCCCCCCCCCCCC(F)F,986.07,4.83,2490.68,0.621
CCCCCCCCCCCCCCCCCCCCCCCCCCCCCCCCCCCCCCCCBr,1021.79,4.36,3109.23,1.569
CCCCCCCCCCCCCCCCCCCCCCCCCCCCCCCCCCCCCCCCCl,1055.13,4.41,2994.99,0.861
CCCCCCCCCCCCCCCCCCCCCCCCCCCCCCCCCCCCCCCCF,1014.91,5.1,2480.53,0.575
CCCCCCCCCCCCCCCCCCCCCCCCCCCCCCCCCCCCCCCC,1013.5,5.6,2228.48,1.466
CCCCCCCCCCCCCCCCCCCCCCCCCCCCCCCCCCCCCC(C)C,1013.5,5.6,2228.48,1.466
CCCCCCCCCCCCCCCCCCCCCCCCCCCCCCCCCCCCCCCCS,1004.71,3.98,2919.06,1.517
CCCCCCCCCCCCCCCCCCCCCCCCCCCCCCCCCCCCCCCSC,1004.71,3.98,2919.06,1.517
SCCCCCCCCCCCCCCCCCCCCCCCCCCCCCCCCCCCCCCCCS,1105.9,4.12,2987.14,1.567
CCCCCCCCCCCCCCCCCCCCCCCCCCCCCCCCCCCCCCCSSC,1050.9,3.89,3007.59,1.567
CCCCCCCCCCCCCCCCCCCCCCCCCCCCCCCCCCCCCCSSCC,1050.9,3.89,3007.59,1.567
CCCCCCCCCCCCCCCCCCCCCCCCCCCCCCCCCCCCCCSCSC,1050.9,3.89,3007.59,1.567
CCCCCCCCCCCCCCCCCCCCCCCCCCCCCCCCCCCCCSCSCC,1050.9,3.89,3007.59,1.567
CCCCCCCCCCCCCCCCCCCCCCCCCCCCCCCCCCCCCCCCN,1083.04,5.16,2510.42,1.54
CCCCCCCCCCCCCCCCCCCCCCCCCCCCCCCCCCCCCCCNC,1043.04,4.96,2516.43,1.54
CCCCCCCCCCCCCCCCCCCCCCCCCCCCCCCCCCCCCCNCC,1043.04,4.96,2516.43,1.54
CCCCCCCCCCCCCCCCCCCCNCCCCCCCCCCCCCCCCCCCC,1043.04,4.96,2516.43,1.54
CCCCCCCCCCCCCCCCCCCCCCCCCCCCCCCCCCCCCCN(C)C,1043.04,4.96,2516.43,1.54
CCCCCCCCCCCCCCCCCCCCCCCCCCCCCCCCCCCCN(CC)CC,1043.04,4.96,2516.43,1.54
CCCCCCCCCCCCCCCCCCCCCCCCCCCCCCCCCCCc1ccccc1,1102.31,5.11,2638.77,1.475
C=CCCCCCCCCCCCCCCCCCCCCCCCCCCCCCCCCCCCCCCC,1036.14,5.04,2494.49,1.485
CCCCCCCCCCCCCCCCCCCCCCCCCCCCCCCCCCCCC1CCCC1,1061.14,5.14,2506.38,1.485
CCCCCCCCCCCCCCCCCCCCCCCCCCCCCCCCCCCC1CCCCC1,1066.14,4.96,2612.05,1.485
CCCCCCCCCCCCCCCCCCCCCCCCCCCCCCCCCCCCCCCCC,1022.42,5.41,2290.64,1.488
CCCCCCCCCCCCCCCCCCCCCCCCCCCCCCCCCCCCCCC(C)C,1022.42,5.41,2290.64,1.488
CCCCCCCCCCCCCCCCCCCCCCCCCCCCCCCCCCCCCCCCCS,1011.86,3.46,3009.24,1.539
CCCCCCCCCCCCCCCCCCCCCCCCCCCCCCCCCCCCc1ccccc1,1111.16,4.93,2711.61,1.498
C=CCCCCCCCCCCCCCCCCCCCCCCCCCCCCCCCCCCCCCCCC,1044.92,4.87,2562.61,1.508
CCCCCCCCCCCCCCCCCCCCCCCCCCCCCCCCCCCCC1CCCCC1,1074.92,4.78,2683.38,1.508
CCCCCCCCCCCCCCCCCCCCCCCCCCCCCCCCCCCCCCCCCC,1031.18,5.22,2352.96,1.511
CC(CCC(CCCCC(CCC(C)CC(C)(C)C)CCC(C)CC(C)(C)C)CCC(C)CC(C)(C)C)CC(C)(C)C,1031.18,5.22,2352.96,1.511
CCCCCCCCCCCCCCCCCCCCCCCCCCCCCCCCCCCCCCCC(C)C,1031.18,5.22,2352.96,1.511
CCCCCCCCCCCCCCCCCCCCCCCCCCCCCCCCCCCCCCCCCCS,1018.9,3.36,3100.24,1.561
CCCCCCCCCCCCCCN(CCCCCCCCCCCCCC)CCCCCCCCCCCCCC,1060.41,4.62,2653.27,1.584
CCCCCCCCCCCCCCCCCCCCCCCCCCCCCCCCCCCCCc1ccccc1,1119.86,4.75,2784.56,1.52
C=CCCCCCCCCCCCCCCCCCCCCCCCCCCCCCCCCCCCCCCCCC,1053.57,4.7,2630.89,1.53
CCCCCCCCCCCCCCCCCCCCCCCCCCCCCCCCCCCCCC1CCCCC1,1083.57,4.61,2754.88,1.53
CCCCCCCCCCCCCCCCCCCCCCCCCCCCCCCCCCCCCCCCCCC,1039.8,5.03,2415.43,1.533
CCCCCCCCCCCCCCCCCCCCCCCCCCCCCCCCCCCCCCCCC(C)C,1039.8,5.03,2415.43,1.533
CCCCCCCCCCCCCCCCCCCCCCCCCCCCCCCCCCCCCCCCCCCS,1025.83,3.27,3192.05,1.582
CCCCCCCCCCCCCCCCCCCCCCCCCCCCCCCCCCCCCCc1ccccc1,1128.42,4.58,2857.75,1.542
CCCCCCCCCCCCCCCCCCCCCCCCCCCCCCCCCCCCCCC1CCCCC1,1092.07,4.45,2826.54,1.551
C=CCCCCCCCCCCCCCCCCCCCCCCCCCCCCCCCCCCCCCCCCCC,1062.07,4.53,2699.33,1.551
CCCCCCCCCCCCCCCCCCCCCCCCCCCCCCCCCCCCCCCCCCCC,1048.29,4.86,2478.04,1.555
CCCCCCCCCCCCCCCCCCCCCCCCCCCCCCCCCCCCCCCCCC(C)C,1048.29,4.86,2478.04,1.555
CCCCCCCCCCCCCCCCCCCCCCCCCCCCCCCCCCCCCCCCCCCCS,1032.65,3.18,3284.65,1.603
CCCCCCCCCCCCCCCCCCCCCCCCCCCCCCCCCCCCCCCc1ccccc1,1136.85,4.42,2931.11,1.564
CCCCCCCCCCCCCCCCCCCCCCCCCCCCCCCCCCCCCCCC1CCCCC1,1100.44,4.3,2898.37,1.573
C=CCCCCCCCCCCCCCCCCCCCCCCCCCCCCCCCCCCCCCCCCCCC,1070.44,4.38,2767.92,1.573
CCCCCCCCCCCCCCCCCCCCCCCCCCCCCCCCCCCCCCCCCCCCC,1056.64,4.7,2540.79,1.576
CCCCCCCCCCCCCCCCCCCCCCCCCCCCCCCCCCCCCCCCCCC(C)C,1056.64,4.7,2540.79,1.576
CCCCCCCCCCCCCCCCCCCCCCCCCCCCCCCCCCCCCCCCCCCCCS,1039.37,3.09,3378.02,1.623
CCCCCCCCCCCCCCCN(CCCCCCCCCCCCCCC)CCCCCCCCCCCCCCC,1085.43,4.16,2859.72,1.648
CCCCCCCCCCCCCCCCCCCCCCCCCCCCCCCCCCCCCCCCc1ccccc1,1145.14,4.27,3004.63,1.585
CCCCCCCCCCCCCCCCCCCCCCCCCCCCCCCCCCCCCCCCC1CCCCC1,1108.68,4.15,2970.36,1.594
C=CCCCCCCCCCCCCCCCCCCCCCCCCCCCCCCCCCCCCCCCCCCCC,1078.68,4.23,2836.67,1.594
CCCCCCCCCCCCCCCCCCCCCCCCCCCCCCCCCCCCCCCCCCCCCC,1064.86,4.54,2603.68,1.597
CCCCCCCCCCCCCCCCCCCCCCCCCCCCCCCCCCCCCCCCCCCC(C)C,1064.86,4.54,2603.68,1.597
CCCCCCCCCCCCCCCCCCCCCCCCCCCCCCCCCCCCCCCCCCCCCCS,1045.99,3.01,3472.15,1.644
CCCCCCCCCCCCCCCCCCCCCCCCCCCCCCCCCCCCCCCCCc1ccccc1,1153.31,4.13,3078.46,1.606
CCCCCCCCCCCCCCCCCCCCCCCCCCCCCCCCCCCCCCCCCC1CCCCC1,1116.79,4.01,3042.27,1.615
C=CCCCCCCCCCCCCCCCCCCCCCCCCCCCCCCCCCCCCCCCCCCCCC,1086.79,4.09,2906.06,1.615
CCCCCCCCCCCCCCCCCCCCCCCCCCCCCCCCCCCCCCCCCCCCCCC,1072.96,4.37,2675.3,1.618
CCCCCCCCCCCCCCCCCCCCCCCCCCCCCCCCCCCCCCCCCCCCC(C)C,1072.96,4.37,2675.3,1.618
CCCCCCCCCCCCCCCCCCCCCCCCCCCCCCCCCCCCCCCCCCCCCCCS,1052.51,2.92,3567.02,1.664
CCCCCCCCCCCCCCCCCCCCCCCCCCCCCCCCCCCCCCCCCCc1ccccc1,1161.35,3.99,3154.98,1.626
CCCCCCCCCCCCCCCCCCCCCCCCCCCCCCCCCCCCCCCCCCC1CCCCC1,1124.79,3.88,3117.19,1.635
C=CCCCCCCCCCCCCCCCCCCCCCCCCCCCCCCCCCCCCCCCCCCCCCC,1094.79,3.95,2977.62,1.635
CCCCCCCCCCCCCCCCCCCCCCCCCCCCCCCCCCCCCCCCCCCCCCCC,1080.93,4.23,2740.97,1.638
CCCCCCCCCCCCCCCCCCCCCCCCCCCCCCCCCCCCCCCCCCCCCC(C)C,1080.93,4.23,2740.97,1.638
CCCCCCCCCCCCCCCCCCCCCCCCCCCCCCCCCCCCCCCCCCCCCCCCS,1058.95,2.85,3662.63,1.683
CCCCCCCCCCCCCCCCN(CCCCCCCCCCCCCCCC)CCCCCCCCCCCCCCCC,1109.35,3.76,3067.67,1.709
CCCCCCCCCCCCCCCCCCCCCCCCCCCCCCCCCCCCCCCCCCCc1ccccc1,1169.28,3.85,3231.73,1.646
CCCCCCCCCCCCCCCCCCCCCCCCCCCCCCCCCCCCCCCCCCCC1CCCCC1,1132.66,3.75,3192.33,1.655
C=CCCCCCCCCCCCCCCCCCCCCCCCCCCCCCCCCCCCCCCCCCCCCCCC,1102.66,3.82,3049.4,1.655
CCCCCCCCCCCCCCCCCCCCCCCCCCCCCCCCCCCCCCCCCCCCCCCCC,1088.8,4.09,2806.83,1.658
CCCCCCCCCCCCCCCCCCCCCCCCCCCCCCCCCCCCCCCCCCCCCCC(C)C,1088.8,4.09,2806.83,1.658
CCCCCCCCCCCCCCCCCCCCCCCCCCCCCCCCCCCCCCCCCCCCCCCCCS,1065.29,2.77,3758.95,1.703
CCCCCCCCCCCCCCCCCCCCCCCCCCCCCCCCCCCCCCCCCCCCc1ccccc1,1177.1,3.72,3308.72,1.666
C=CCCCCCCCCCCCCCCCCCCCCCCCCCCCCCCCCCCCCCCCCCCCCCCCC,1110.43,3.69,3121.39,1.675
CCCCCCCCCCCCCCCCCCCCCCCCCCCCCCCCCCCCCCCCCCCCC1CCCCC1,1140.43,3.62,3267.69,1.675
CCCCCCCCCCCCCCCCCCCCCCCCCCCCCCCCCCCCCCCCCCCCCCCCCC,1096.55,3.95,2872.88,1.678
CCCCCCCCCCCCCCCCCCCCCCCCCCCCCCCCCCCCCCCCCCCCCCCC(C)C,1096.55,3.95,2872.88,1.678
CCCCCCCCCCCCCCCCCCCCCCCCCCCCCCCCCCCCCCCCCCCCCCCCCCS,1071.55,2.7,3855.97,1.722
CCCCCCCCCCCCCCCCCCCCCCCCCCCCCCCCCCCCCCCCCCCCCc1ccccc1,1184.8,3.6,3385.92,1.686
C=CCCCCCCCCCCCCCCCCCCCCCCCCCCCCCCCCCCCCCCCCCCCCCCCCC,1118.09,3.57,3193.59,1.695
CCCCCCCCCCCCCCCCCCCCCCCCCCCCCCCCCCCCCCCCCCCCCC1CCCCC1,1148.09,3.5,3343.28,1.695
CCCCCCCCCCCCCCCCCCCCCCCCCCCCCCCCCCCCCCCCCCCCCCCCCCC,1104.19,3.82,2939.13,1.697
CCCCCCCCCCCCCCCCCCCCCCCCCCCCCCCCCCCCCCCCCCCCCCCCC(C)C,1104.19,3.82,2939.13,1.697
CCCCCCCCCCCCCCCCCCCCCCCCCCCCCCCCCCCCCCCCCCCCCCCCCCCS,1077.73,2.63,3953.69,1.741
CCCCCCCCCCCCCCCCCN(CCCCCCCCCCCCCCCCC)CCCCCCCCCCCCCCCCC,1132.26,3.4,3284.59,1.768
C=CCCCCCCCCCCCCCCCCCCCCCCCCCCCCCCCCCCCCCCCCCCCCCCCCCC,1125.65,3.45,3265.99,1.714
CCCCCCCCCCCCCCCCCCCCCCCCCCCCCCCCCCCCCCCCCCCCCCC1CCCCC1,1155.65,3.39,3419.08,1.714
CCCCCCCCCCCCCCCCCCCCCCCCCCCCCCCCCCCCCCCCCCCCCCCCCCCC,1111.73,3.7,3005.56,1.717
CCCCCCCCCCCCCCCCCCCCCCCCCCCCCCCCCCCCCCCCCCCCCCCCCC(C)C,1111.73,3.7,3005.56,1.717
CCCCCCCCCCCCCCCCCCCCCCCCCCCCCCCCCCCCCCCCCCCCCCCCCCCCS,1083.82,2.57,4052.08,1.76
CCCCCCCCCCCCCCCCCCCCCCCCCCCCCCCCCCCCCCCCCCCCCCCc1ccccc1,1199.9,3.36,3541,1.725
CCCCCCCCCCCCCCCCCCCCCCCCCCCCCCCCCCCCCCCCCCCCCCCC1CCCCC1,1163.1,3.28,3495.09,1.733
C=CCCCCCCCCCCCCCCCCCCCCCCCCCCCCCCCCCCCCCCCCCCCCCCCCCCC,1133.1,3.34,3338.6,1.733
CCCCCCCCCCCCCCCCCCCCCCCCCCCCCCCCCCCCCCCCCCCCCCCCCCCCC,1119.17,3.58,3072.18,1.736
CCCCCCCCCCCCCCCCCCCCCCCCCCCCCCCCCCCCCCCCCCCCCCCCCCC(C)C,1119.17,3.58,3072.18,1.736
CCCCCCCCCCCCCCCCCCCCCCCCCCCCCCCCCCCCCCCCCCCCCCCCCCCCCS,1089.84,2.5,4151.14,1.778
CCCCCCCCCCCCCCCCCCCCCCCCCCCCCCCCCCCCCCCCCCCCCCCCc1ccccc1,1207.3,3.25,3618.86,1.744
CCCCCCCCCCCCCCCCCCCCCCCCCCCCCCCCCCCCCCCCCCCCCCCCC1CCCCC1,1170.46,3.17,3571.3,1.752
C=CCCCCCCCCCCCCCCCCCCCCCCCCCCCCCCCCCCCCCCCCCCCCCCCCCCCC,1140.46,3.24,3411.4,1.752
CCCCCCCCCCCCCCCCCCCCCCCCCCCCCCCCCCCCCCCCCCCCCCCCCCCCCC,1126.51,3.46,3138.97,1.754
CCCCCCCCCCCCCCCCCCCCCCCCCCCCCCCCCCCCCCCCCCCCCCCCCCCC(C)C,1126.51,3.46,3138.97,1.754
CCCCCCCCCCCCCCCCCCCCCCCCCCCCCCCCCCCCCCCCCCCCCCCCCCCCCCS,1095.78,2.44,4250.85,1.796
CCCCCCCCCCCCCCCCCCN(CCCCCCCCCCCCCCCCCC)CCCCCCCCCCCCCCCCCC,1154.27,3.09,3503.32,1.824
CCCCCCCCCCCCCCCCCCCCCCCCCCCCCCCCCCCCCCCCCCCCCCCCCc1ccccc1,1214.6,3.15,3696.92,1.762
CCCCCCCCCCCCCCCCCCCCCCCCCCCCCCCCCCCCCCCCCCCCCCCCCC1CCCCC1,1177.72,3.07,3647.72,1.77
C=CCCCCCCCCCCCCCCCCCCCCCCCCCCCCCCCCCCCCCCCCCCCCCCCCCCCCC,1147.72,3.13,3484.39,1.77
CCCCCCCCCCCCCCCCCCCCCCCCCCCCCCCCCCCCCCCCCCCCCCCCCCCCCCC,1133.76,3.35,3205.95,1.773
CCCCCCCCCCCCCCCCCCCCCCCCCCCCCCCCCCCCCCCCCCCCCCCCCCCCC(C)C,1133.76,3.35,3205.95,1.773
CCCCCCCCCCCCCCCCCCCCCCCCCCCCCCCCCCCCCCCCCCCCCCCCCCCCCCCS,1101.65,2.38,4351.21,1.814
CCCCCCCCCCCCCCCCCCCCCCCCCCCCCCCCCCCCCCCCCCCCCCCCCCc1ccccc1,1221.81,3.05,3775.2,1.781
CCCCCCCCCCCCCCCCCCCCCCCCCCCCCCCCCCCCCCCCCCCCCCCCCCC1CCCCC1,1184.89,2.97,3724.34,1.789
C=CCCCCCCCCCCCCCCCCCCCCCCCCCCCCCCCCCCCCCCCCCCCCCCCCCCCCCC,1154.89,3.03,3557.58,1.789
CCCCCCCCCCCCCCCCCCCCCCCCCCCCCCCCCCCCCCCCCCCCCCCCCCCCCCCC,1140.92,3.25,3273.09,1.791
CCCCCCCCCCCCCCCCCCCCCCCCCCCCCCCCCCCCCCCCCCCCCCCCCCCCCC(C)C,1140.92,3.25,3273.09,1.791
CCCCCCCCCCCCCCCCCCCCCCCCCCCCCCCCCCCCCCCCCCCCCCCCCCCCCCCCS,1107.45,2.33,4452.2,1.832
CCCCCCCC/C=C\CCCCCCCC(=O)OCC(COC(=O)CCCCCCC/C=C\CCCCCCCC)OC(=O)CCCCCCC/C=C\CCCCCCCC,1640,4.23,3090,2.223
CCCCCCCCCCCCCCCCCCCCCCCCCCCCCCCCCCCCCCCCCCCCCCCCCCCc1ccccc1,1228.92,2.95,3853.67,1.799
CCCCCCCCCCCCCCCCCCCCCCCCCCCCCCCCCCCCCCCCCCCCCCCCCCCC1CCCCC1,1191.97,2.88,3801.15,1.807
C=CCCCCCCCCCCCCCCCCCCCCCCCCCCCCCCCCCCCCCCCCCCCCCCCCCCCCCCC,1161.97,2.94,3630.95,1.807
CCCCCCCCCCCCCCCCCCCCCCCCCCCCCCCCCCCCCCCCCCCCCCCCCCCCCCCCC,1147.99,3.15,3340.41,1.809
CCCCCCCCCCCCCCCCCCCCCCCCCCCCCCCCCCCCCCCCCCCCCCCCCCCCCCC(C)C,1147.99,3.15,3340.41,1.809
CCCCCCCCCCCCCCCCCCCCCCCCCCCCCCCCCCCCCCCCCCCCCCCCCCCCCCCCCS,1113.18,2.27,4553.81,1.85
CCCCCCCCCCCCCCCCCCCN(CCCCCCCCCCCCCCCCCCC)CCCCCCCCCCCCCCCCCCC,1175.46,2.81,3723.75,1.878
CCCCCCCCCCCCCCCCCCCCCCCCCCCCCCCCCCCCCCCCCCCCCCCCCCCCc1ccccc1,1235.96,2.86,3932.34,1.817
CCCCCCCCCCCCCCCCCCCCCCCCCCCCCCCCCCCCCCCCCCCCCCCCCCCCC1CCCCC1,1198.96,2.79,3878.15,1.825
C=CCCCCCCCCCCCCCCCCCCCCCCCCCCCCCCCCCCCCCCCCCCCCCCCCCCCCCCCC,1168.96,2.85,3704.51,1.825
CCCCCCCCCCCCCCCCCCCCCCCCCCCCCCCCCCCCCCCCCCCCCCCCCCCCCCCCCC,1154.97,3.05,3407.9,1.827
CCCCCCCCCCCCCCCCCCCCCCCCCCCCCCCCCCCCCCCCCCCCCCCCCCCCCCCC(C)C,1154.97,3.05,3407.9,1.827
CCCCCCCCCCCCCCCCCCCCCCCCCCCCCCCCCCCCCCCCCCCCCCCCCCCCCCCCCCS,1118.84,2.22,4656.04,1.867
CCCCCCCCCCCCCCCCCCCCCCCCCCCCCCCCCCCCCCCCCCCCCCCCCCCCCc1ccccc1,1242.9,2.77,4011.21,1.835
CCCCCCCCCCCCCCCCCCCCCCCCCCCCCCCCCCCCCCCCCCCCCCCCCCCCCC1CCCCC1,1205.87,2.7,3955.35,1.842
C=CCCCCCCCCCCCCCCCCCCCCCCCCCCCCCCCCCCCCCCCCCCCCCCCCCCCCCCCCC,1175.87,2.76,3778.25,1.842
CCCCCCCCCCCCCCCCCCCCCCCCCCCCCCCCCCCCCCCCCCCCCCCCCCCCCCCCCCC,1161.87,2.96,3475.55,1.845
CCCCCCCCCCCCCCCCCCCCCCCCCCCCCCCCCCCCCCCCCCCCCCCCCCCCCCCCC(C)C,1161.87,2.96,3475.55,1.845
CCCCCCCCCCCCCCCCCCCCCCCCCCCCCCCCCCCCCCCCCCCCCCCCCCCCCCCCCCCS,1124.44,2.17,4758.86,1.884
CCCCCCCCCCCCCCCCCCCCCCCCCCCCCCCCCCCCCCCCCCCCCCCCCCCCCCc1ccccc1,1249.76,2.84,4090.27,1.852
CCCCCCCCCCCCCCCCCCCCCCCCCCCCCCCCCCCCCCCCCCCCCCCCCCCCCCC1CCCCC1,1212.7,2.78,4032.73,1.86
C=CCCCCCCCCCCCCCCCCCCCCCCCCCCCCCCCCCCCCCCCCCCCCCCCCCCCCCCCCCC,1182.7,2.84,3852.16,1.86
CCCCCCCCCCCCCCCCCCCCCCCCCCCCCCCCCCCCCCCCCCCCCCCCCCCCCCCCCCCC,1168.68,3.05,3543.36,1.862
CCCCCCCCCCCCCCCCCCCCCCCCCCCCCCCCCCCCCCCCCCCCCCCCCCCCCCCCCC(C)C,1168.68,3.05,3543.36,1.862
CCCCCCCCCCCCCCCCCCCCCCCCCCCCCCCCCCCCCCCCCCCCCCCCCCCCCCCCCCCCS,1129.97,2.12,4862.29,1.901
CCCCCCCCCCCCCCCCCCCCN(CCCCCCCCCCCCCCCCCCCC)CCCCCCCCCCCCCCCCCCCC,1195.89,2.56,3945.81,1.931
CCCCCCCCCCCCCCCCCCCCCCCCCCCCCCCCCCCCCCCCCCCCCCCCCCCCCCCc1ccccc1,1256.55,2.78,4169.52,1.87
CCCCCCCCCCCCCCCCCCCCCCCCCCCCCCCCCCCCCCCCCCCCCCCCCCCCCCCC1CCCCC1,1219.45,2.73,4110.3,1.877
C=CCCCCCCCCCCCCCCCCCCCCCCCCCCCCCCCCCCCCCCCCCCCCCCCCCCCCCCCCCCC,1189.45,2.79,3926.26,1.877
CCCCCCCCCCCCCCCCCCCCCCCCCCCCCCCCCCCCCCCCCCCCCCCCCCCCCCCCCCCCC,1175.42,2.99,3611.33,1.879
CCCCCCCCCCCCCCCCCCCCCCCCCCCCCCCCCCCCCCCCCCCCCCCCCCCCCCCCCCC(C)C,1175.42,2.99,3611.33,1.879
CCCCCCCCCCCCCCCCCCCCCCCCCCCCCCCCCCCCCCCCCCCCCCCCCCCCCCCCCCCCCS,1135.44,2.07,4966.3,1.918
CCCCCCCCCCCCCCCCCCCCCCCCCCCCCCCCCCCCCCCCCCCCCCCCCCCCCCCCc1ccccc1,1263.25,2.72,4248.96,1.887
CCCCCCCCCCCCCCCCCCCCCCCCCCCCCCCCCCCCCCCCCCCCCCCCCCCCCCCCC1CCCCC1,1226.12,2.68,4188.04,1.894
C=CCCCCCCCCCCCCCCCCCCCCCCCCCCCCCCCCCCCCCCCCCCCCCCCCCCCCCCCCCCCC,1196.12,2.73,4000.52,1.894
CCCCCCCCCCCCCCCCCCCCCCCCCCCCCCCCCCCCCCCCCCCCCCCCCCCCCCCCCCCCCC,1182.08,2.93,3679.46,1.896
CCCCCCCCCCCCCCCCCCCCCCCCCCCCCCCCCCCCCCCCCCCCCCCCCCCCCCCCCCCC(C)C,1182.08,2.93,3679.46,1.896
CCCCCCCCCCCCCCCCCCCCCCCCCCCCCCCCCCCCCCCCCCCCCCCCCCCCCCCCCCCCCCS,1140.85,2.02,5070.88,1.935
CCCCCCCCCCCCCCCCCCCCCCCCCCCCCCCCCCCCCCCCCCCCCCCCCCCCCCCCCc1ccccc1,1269.88,2.67,4328.58,1.904
CCCCCCCCCCCCCCCCCCCCCCCCCCCCCCCCCCCCCCCCCCCCCCCCCCCCCCCCCC1CCCCC1,1232.72,2.62,4265.96,1.911
C=CCCCCCCCCCCCCCCCCCCCCCCCCCCCCCCCCCCCCCCCCCCCCCCCCCCCCCCCCCCCCC,1202.72,2.68,4074.95,1.911
CCCCCCCCCCCCCCCCCCCCCCCCCCCCCCCCCCCCCCCCCCCCCCCCCCCCCCCCCCCCCCC,1188.67,2.88,3747.75,1.913
CCCCCCCCCCCCCCCCCCCCCCCCCCCCCCCCCCCCCCCCCCCCCCCCCCCCCCCCCCCCC(C)C,1188.67,2.88,3747.75,1.913
CCCCCCCCCCCCCCCCCCCCCCCCCCCCCCCCCCCCCCCCCCCCCCCCCCCCCCCCCCCCCCCS,1146.21,1.98,5176.04,1.951
CCCCCCCCCCCCCCCCCCCCCCCCCCCCCCCCCCCCCCCCCCCCCCCCCCCCCCCCCCc1ccccc1,1276.44,2.62,4408.37,1.92
CCCCCCCCCCCCCCCCCCCCCCCCCCCCCCCCCCCCCCCCCCCCCCCCCCCCCCCCCCC1CCCCC1,1239.24,2.57,4344.06,1.928
C=CCCCCCCCCCCCCCCCCCCCCCCCCCCCCCCCCCCCCCCCCCCCCCCCCCCCCCCCCCCCCCC,1209.24,2.63,4149.55,1.928
CCCCCCCCCCCCCCCCCCCCCCCCCCCCCCCCCCCCCCCCCCCCCCCCCCCCCCCCCCCCCCCC,1195.18,2.82,3816.19,1.93
CCCCCCCCCCCCCCCCCCCCCCCCCCCCCCCCCCCCCCCCCCCCCCCCCCCCCCCCCCCCCC(C)C,1195.18,2.82,3816.19,1.93
CCCCCCCCCCCCCCCCCCCCCCCCCCCCCCCCCCCCCCCCCCCCCCCCCCCCCCCCCCCCCCCCS,1151.5,1.94,5281.75,1.967
CCCCCCCCCCCCCCCCCCCCCCCCCCCCCCCCCCCCCCCCCCCCCCCCCCCCCCCCCCCc1ccccc1,1282.92,2.57,4488.35,1.937
CCCCCCCCCCCCCCCCCCCCCCCCCCCCCCCCCCCCCCCCCCCCCCCCCCCCCCCCCCCC1CCCCC1,1245.7,2.52,4422.33,1.944
C=CCCCCCCCCCCCCCCCCCCCCCCCCCCCCCCCCCCCCCCCCCCCCCCCCCCCCCCCCCCCCCCC,1215.7,2.58,4224.32,1.944
CCCCCCCCCCCCCCCCCCCCCCCCCCCCCCCCCCCCCCCCCCCCCCCCCCCCCCCCCCCCCCCCC,1201.63,2.77,3884.78,1.946
CCCCCCCCCCCCCCCCCCCCCCCCCCCCCCCCCCCCCCCCCCCCCCCCCCCCCCCCCCCCCCC(C)C,1201.63,2.77,3884.78,1.946
CCCCCCCCCCCCCCCCCCCCCCCCCCCCCCCCCCCCCCCCCCCCCCCCCCCCCCCCCCCCCCCCCS,1156.74,1.89,5388.02,1.983
CCCCCCCCCCCCCCCCCCCCCCCCCCCCCCCCCCCCCCCCCCCCCCCCCCCCCCCCCCCCc1ccccc1,1289.34,2.52,4568.5,1.953
CCCCCCCCCCCCCCCCCCCCCCCCCCCCCCCCCCCCCCCCCCCCCCCCCCCCCCCCCCCCC1CCCCC1,1252.08,2.48,4500.77,1.96
C=CCCCCCCCCCCCCCCCCCCCCCCCCCCCCCCCCCCCCCCCCCCCCCCCCCCCCCCCCCCCCCCCC,1222.08,2.53,4299.24,1.96
CCCCCCCCCCCCCCCCCCCCCCCCCCCCCCCCCCCCCCCCCCCCCCCCCCCCCCCCCCCCCCCCCC,1208,2.72,3953.51,1.963
CCCCCCCCCCCCCCCCCCCCCCCCCCCCCCCCCCCCCCCCCCCCCCCCCCCCCCCCCCCCCCCC(C)C,1208,2.72,3953.51,1.963
CCCCCCCCCCCCCCCCCCCCCCCCCCCCCCCCCCCCCCCCCCCCCCCCCCCCCCCCCCCCCCCCCCS,1161.93,1.85,5494.83,1.999
CCCCCCCCCCCCCCCCCCCCCCCCCCCCCCCCCCCCCCCCCCCCCCCCCCCCCCCCCCCCCc1ccccc1,1295.68,2.47,4648.82,1.97
CCCCCCCCCCCCCCCCCCCCCCCCCCCCCCCCCCCCCCCCCCCCCCCCCCCCCCCCCCCCCC1CCCCC1,1258.4,2.43,4579.38,1.976
C=CCCCCCCCCCCCCCCCCCCCCCCCCCCCCCCCCCCCCCCCCCCCCCCCCCCCCCCCCCCCCCCCCC,1228.4,2.48,4374.33,1.976
CCCCCCCCCCCCCCCCCCCCCCCCCCCCCCCCCCCCCCCCCCCCCCCCCCCCCCCCCCCCCCCCCCC,1214.31,2.67,4022.39,1.979
CCCCCCCCCCCCCCCCCCCCCCCCCCCCCCCCCCCCCCCCCCCCCCCCCCCCCCCCCCCCCCCCC(C)C,1214.31,2.67,4022.39,1.979
CCCCCCCCCCCCCCCCCCCCCCCCCCCCCCCCCCCCCCCCCCCCCCCCCCCCCCCCCCCCCCCCCCCS,1167.06,1.81,5602.17,2.015
CCCCCCCCCCCCCCCCCCCCCCCCCCCCCCCCCCCCCCCCCCCCCCCCCCCCCCCCCCCCCCc1ccccc1,1301.96,2.43,4729.31,1.986
CCCCCCCCCCCCCCCCCCCCCCCCCCCCCCCCCCCCCCCCCCCCCCCCCCCCCCCCCCCCCCC1CCCCC1,1264.65,2.39,4658.15,1.992
C=CCCCCCCCCCCCCCCCCCCCCCCCCCCCCCCCCCCCCCCCCCCCCCCCCCCCCCCCCCCCCCCCCCC,1234.65,2.44,4449.57,1.992
CCCCCCCCCCCCCCCCCCCCCCCCCCCCCCCCCCCCCCCCCCCCCCCCCCCCCCCCCCCCCCCCCCCC,1220.55,2.62,4091.42,1.995
CCCCCCCCCCCCCCCCCCCCCCCCCCCCCCCCCCCCCCCCCCCCCCCCCCCCCCCCCCCCCCCCCC(C)C,1220.55,2.62,4091.42,1.995
CCCCCCCCCCCCCCCCCCCCCCCCCCCCCCCCCCCCCCCCCCCCCCCCCCCCCCCCCCCCCCCCCCCCS,1172.14,1.78,5710.05,2.031
CCCCCCCCCCCCCCCCCCCCCCCCCCCCCCCCCCCCCCCCCCCCCCCCCCCCCCCCCCCCCCCc1ccccc1,1308.18,2.38,4809.97,2.001
CCCCCCCCCCCCCCCCCCCCCCCCCCCCCCCCCCCCCCCCCCCCCCCCCCCCCCCCCCCCCCCC1CCCCC1,1270.84,2.34,4737.08,2.008
C=CCCCCCCCCCCCCCCCCCCCCCCCCCCCCCCCCCCCCCCCCCCCCCCCCCCCCCCCCCCCCCCCCCCC,1240.84,2.4,4524.97,2.008
CCCCCCCCCCCCCCCCCCCCCCCCCCCCCCCCCCCCCCCCCCCCCCCCCCCCCCCCCCCCCCCCCCCCC,1226.73,2.57,4160.59,2.011
CCCCCCCCCCCCCCCCCCCCCCCCCCCCCCCCCCCCCCCCCCCCCCCCCCCCCCCCCCCCCCCCCCC(C)C,1226.73,2.57,4160.59,2.011
CCCCCCCCCCCCCCCCCCCCCCCCCCCCCCCCCCCCCCCCCCCCCCCCCCCCCCCCCCCCCCCCCCCCCS,1177.18,1.74,5818.45,2.046
CCCCCCCCCCCCCCCCCCCCCCCCCCCCCCCCCCCCCCCCCCCCCCCCCCCCCCCCCCCCCCCCc1ccccc1,1314.33,2.34,4890.8,2.017
CCCCCCCCCCCCCCCCCCCCCCCCCCCCCCCCCCCCCCCCCCCCCCCCCCCCCCCCCCCCCCCCC1CCCCC1,1276.96,2.3,4816.18,2.024
C=CCCCCCCCCCCCCCCCCCCCCCCCCCCCCCCCCCCCCCCCCCCCCCCCCCCCCCCCCCCCCCCCCCCCC,1246.96,2.35,4600.53,2.024
CCCCCCCCCCCCCCCCCCCCCCCCCCCCCCCCCCCCCCCCCCCCCCCCCCCCCCCCCCCCCCCCCCCCCC,1232.84,2.53,4229.9,2.026
CCCCCCCCCCCCCCCCCCCCCCCCCCCCCCCCCCCCCCCCCCCCCCCCCCCCCCCCCCCCCCCCCCCC(C)C,1232.84,2.53,4229.9,2.026
CCCCCCCCCCCCCCCCCCCCCCCCCCCCCCCCCCCCCCCCCCCCCCCCCCCCCCCCCCCCCCCCCCCCCCS,1182.16,1.7,5927.36,2.061
CCCCCCCCCCCCCCCCCCCCCCCCCCCCCCCCCCCCCCCCCCCCCCCCCCCCCCCCCCCCCCCCCc1ccccc1,1320.42,2.3,4971.78,2.033
CCCCCCCCCCCCCCCCCCCCCCCCCCCCCCCCCCCCCCCCCCCCCCCCCCCCCCCCCCCCCCCCCC1CCCCC1,1283.02,2.26,4895.43,2.039
C=CCCCCCCCCCCCCCCCCCCCCCCCCCCCCCCCCCCCCCCCCCCCCCCCCCCCCCCCCCCCCCCCCCCCCC,1253.02,2.31,4676.23,2.039
CCCCCCCCCCCCCCCCCCCCCCCCCCCCCCCCCCCCCCCCCCCCCCCCCCCCCCCCCCCCCCCCCCCCCCC,1238.9,2.48,4299.34,2.042
CCCCCCCCCCCCCCCCCCCCCCCCCCCCCCCCCCCCCCCCCCCCCCCCCCCCCCCCCCCCCCCCCCCCC(C)C,1238.9,2.48,4299.34,2.042
CCCCCCCCCCCCCCCCCCCCCCCCCCCCCCCCCCCCCCCCCCCCCCCCCCCCCCCCCCCCCCCCCCCCCCCS,1187.09,1.67,6036.79,2.076
CCCCCCCCCCCCCCCCCCCCCCCCCCCCCCCCCCCCCCCCCCCCCCCCCCCCCCCCCCCCCCCCCCc1ccccc1,1326.45,2.26,5052.93,2.048
CCCCCCCCCCCCCCCCCCCCCCCCCCCCCCCCCCCCCCCCCCCCCCCCCCCCCCCCCCCCCCCCCCC1CCCCC1,1289.03,2.22,4974.84,2.055
C=CCCCCCCCCCCCCCCCCCCCCCCCCCCCCCCCCCCCCCCCCCCCCCCCCCCCCCCCCCCCCCCCCCCCCCC,1259.03,2.27,4752.08,2.055
CCCCCCCCCCCCCCCCCCCCCCCCCCCCCCCCCCCCCCCCCCCCCCCCCCCCCCCCCCCCCCCCCCCCCCCC,1244.9,2.44,4368.92,2.057
CCCCCCCCCCCCCCCCCCCCCCCCCCCCCCCCCCCCCCCCCCCCCCCCCCCCCCCCCCCCCCCCCCCCCC(C)C,1244.9,2.44,4368.92,2.057
CCCCCCCCCCCCCCCCCCCCCCCCCCCCCCCCCCCCCCCCCCCCCCCCCCCCCCCCCCCCCCCCCCCCCCCCS,1191.98,1.64,6146.71,2.091
CCCCCCCCCCCCCCCCCCCCCCCCCCCCCCCCCCCCCCCCCCCCCCCCCCCCCCCCCCCCCCCCCCCc1ccccc1,1332.42,2.22,5134.24,2.063
CCCCCCCCCCCCCCCCCCCCCCCCCCCCCCCCCCCCCCCCCCCCCCCCCCCCCCCCCCCCCCCCCCCC1CCCCC1,1294.97,2.18,5054.4,2.07
C=CCCCCCCCCCCCCCCCCCCCCCCCCCCCCCCCCCCCCCCCCCCCCCCCCCCCCCCCCCCCCCCCCCCCCCCC,1264.97,2.23,4828.08,2.07
CCCCCCCCCCCCCCCCCCCCCCCCCCCCCCCCCCCCCCCCCCCCCCCCCCCCCCCCCCCCCCCCCCCCCCCCC,1250.83,2.4,4438.64,2.072
CCCCCCCCCCCCCCCCCCCCCCCCCCCCCCCCCCCCCCCCCCCCCCCCCCCCCCCCCCCCCCCCCCCCCCC(C)C,1250.83,2.4,4438.64,2.072
CCCCCCCCCCCCCCCCCCCCCCCCCCCCCCCCCCCCCCCCCCCCCCCCCCCCCCCCCCCCCCCCCCCCCCCCCS,1196.82,1.6,6257.14,2.106
CCCCCCCCCCCCCCCCCCCCCCCCCCCCCCCCCCCCCCCCCCCCCCCCCCCCCCCCCCCCCCCCCCCCc1ccccc1,1338.33,2.18,5215.7,2.079
CCCCCCCCCCCCCCCCCCCCCCCCCCCCCCCCCCCCCCCCCCCCCCCCCCCCCCCCCCCCCCCCCCCCC1CCCCC1,1300.86,2.14,5134.11,2.085
C=CCCCCCCCCCCCCCCCCCCCCCCCCCCCCCCCCCCCCCCCCCCCCCCCCCCCCCCCCCCCCCCCCCCCCCCCC,1270.86,2.19,4904.22,2.085
CCCCCCCCCCCCCCCCCCCCCCCCCCCCCCCCCCCCCCCCCCCCCCCCCCCCCCCCCCCCCCCCCCCCCCCCCC,1256.72,2.36,4508.49,2.087
CCCCCCCCCCCCCCCCCCCCCCCCCCCCCCCCCCCCCCCCCCCCCCCCCCCCCCCCCCCCCCCCCCCCCCCC(C)C,1256.72,2.36,4508.49,2.087
CCCCCCCCCCCCCCCCCCCCCCCCCCCCCCCCCCCCCCCCCCCCCCCCCCCCCCCCCCCCCCCCCCCCCCCCCCS,1201.62,1.57,6368.05,2.121
CCCCCCCCCCCCCCCCCCCCCCCCCCCCCCCCCCCCCCCCCCCCCCCCCCCCCCCCCCCCCCCCCCCCCc1ccccc1,1344.19,2.14,5297.31,2.093
CCCCCCCCCCCCCCCCCCCCCCCCCCCCCCCCCCCCCCCCCCCCCCCCCCCCCCCCCCCCCCCCCCCCCC1CCCCC1,1306.7,2.11,5213.98,2.1
C=CCCCCCCCCCCCCCCCCCCCCCCCCCCCCCCCCCCCCCCCCCCCCCCCCCCCCCCCCCCCCCCCCCCCCCCCCC,1276.7,2.15,4980.51,2.1
CCCCCCCCCCCCCCCCCCCCCCCCCCCCCCCCCCCCCCCCCCCCCCCCCCCCCCCCCCCCCCCCCCCCCCCCCCC,1262.54,2.31,4578.46,2.102
CCCCCCCCCCCCCCCCCCCCCCCCCCCCCCCCCCCCCCCCCCCCCCCCCCCCCCCCCCCCCCCCCCCCCCCCC(C)C,1262.54,2.31,4578.46,2.102
CCCCCCCCCCCCCCCCCCCCCCCCCCCCCCCCCCCCCCCCCCCCCCCCCCCCCCCCCCCCCCCCCCCCCCCCCCCS,1206.38,1.54,6479.44,2.136
CCCCCCCCCCCCCCCCCCCCCCCCCCCCCCCCCCCCCCCCCCCCCCCCCCCCCCCCCCCCCCCCCCCCCCc1ccccc1,1349.99,2.1,5379.08,2.108
CCCCCCCCCCCCCCCCCCCCCCCCCCCCCCCCCCCCCCCCCCCCCCCCCCCCCCCCCCCCCCCCCCCCCCC1CCCCC1,1312.48,2.07,5293.99,2.115
C=CCCCCCCCCCCCCCCCCCCCCCCCCCCCCCCCCCCCCCCCCCCCCCCCCCCCCCCCCCCCCCCCCCCCCCCCCCC,1282.48,2.12,5056.94,2.115
CCCCCCCCCCCCCCCCCCCCCCCCCCCCCCCCCCCCCCCCCCCCCCCCCCCCCCCCCCCCCCCCCCCCCCCCCCCC,1268.31,2.28,4648.57,2.117
CCCCCCCCCCCCCCCCCCCCCCCCCCCCCCCCCCCCCCCCCCCCCCCCCCCCCCCCCCCCCCCCCCCCCCCCCC(C)C,1268.31,2.28,4648.57,2.117
CCCCCCCCCCCCCCCCCCCCCCCCCCCCCCCCCCCCCCCCCCCCCCCCCCCCCCCCCCCCCCCCCCCCCCCCCCCCS,1211.09,1.51,6591.32,2.15
CCCCCCCCCCCCCCCCCCCCCCCCCCCCCCCCCCCCCCCCCCCCCCCCCCCCCCCCCCCCCCCCCCCCCCCc1ccccc1,1355.74,2.06,5461,2.123
CCCCCCCCCCCCCCCCCCCCCCCCCCCCCCCCCCCCCCCCCCCCCCCCCCCCCCCCCCCCCCCCCCCCCCCC1CCCCC1,1318.21,2.03,5374.14,2.129
C=CCCCCCCCCCCCCCCCCCCCCCCCCCCCCCCCCCCCCCCCCCCCCCCCCCCCCCCCCCCCCCCCCCCCCCCCCCCC,1288.21,2.08,5133.5,2.129
CCCCCCCCCCCCCCCCCCCCCCCCCCCCCCCCCCCCCCCCCCCCCCCCCCCCCCCCCCCCCCCCCCCCCCCCCCCCC,1274.03,2.24,4718.81,2.131
CCCCCCCCCCCCCCCCCCCCCCCCCCCCCCCCCCCCCCCCCCCCCCCCCCCCCCCCCCCCCCCCCCCCCCCCCCC(C)C,1274.03,2.24,4718.81,2.131
CCCCCCCCCCCCCCCCCCCCCCCCCCCCCCCCCCCCCCCCCCCCCCCCCCCCCCCCCCCCCCCCCCCCCCCCCCCCCS,1215.76,1.48,6703.67,2.164
CCCCCCCCCCCCCCCCCCCCCCCCCCCCCCCCCCCCCCCCCCCCCCCCCCCCCCCCCCCCCCCCCCCCCCCCc1ccccc1,1361.44,2.03,5543.06,2.138
CCCCCCCCCCCCCCCCCCCCCCCCCCCCCCCCCCCCCCCCCCCCCCCCCCCCCCCCCCCCCCCCCCCCCCCCC1CCCCC1,1323.88,2,5454.44,2.144
C=CCCCCCCCCCCCCCCCCCCCCCCCCCCCCCCCCCCCCCCCCCCCCCCCCCCCCCCCCCCCCCCCCCCCCCCCCCCCC,1293.88,2.05,5210.21,2.144
CCCCCCCCCCCCCCCCCCCCCCCCCCCCCCCCCCCCCCCCCCCCCCCCCCCCCCCCCCCCCCCCCCCCCCCCCCCCCC,1279.7,2.2,4789.17,2.146
CCCCCCCCCCCCCCCCCCCCCCCCCCCCCCCCCCCCCCCCCCCCCCCCCCCCCCCCCCCCCCCCCCCCCCCCCCCC(C)C,1279.7,2.2,4789.17,2.146
CCCCCCCCCCCCCCCCCCCCCCCCCCCCCCCCCCCCCCCCCCCCCCCCCCCCCCCCCCCCCCCCCCCCCCCCCCCCCCS,1220.38,1.45,6816.48,2.179
CCCCCCCCCCCCCCCCCCCCCCCCCCCCCCCCCCCCCCCCCCCCCCCCCCCCCCCCCCCCCCCCCCCCCCCCCc1ccccc1,1367.09,2,5625.27,2.152
CCCCCCCCCCCCCCCCCCCCCCCCCCCCCCCCCCCCCCCCCCCCCCCCCCCCCCCCCCCCCCCCCCCCCCCCCC1CCCCC1,1329.5,1.97,5534.89,2.158
C=CCCCCCCCCCCCCCCCCCCCCCCCCCCCCCCCCCCCCCCCCCCCCCCCCCCCCCCCCCCCCCCCCCCCCCCCCCCCCC,1299.5,2.01,5287.05,2.158
CCCCCCCCCCCCCCCCCCCCCCCCCCCCCCCCCCCCCCCCCCCCCCCCCCCCCCCCCCCCCCCCCCCCCCCCCCCCCCC,1285.32,2.16,4859.65,2.16
CCCCCCCCCCCCCCCCCCCCCCCCCCCCCCCCCCCCCCCCCCCCCCCCCCCCCCCCCCCCCCCCCCCCCCCCCCCCC(C)C,1285.32,2.16,4859.65,2.16
CCCCCCCCCCCCCCCCCCCCCCCCCCCCCCCCCCCCCCCCCCCCCCCCCCCCCCCCCCCCCCCCCCCCCCCCCCCCCCCS,1224.97,1.42,6929.75,2.193
CCCCCCCCCCCCCCCCCCCCCCCCCCCCCCCCCCCCCCCCCCCCCCCCCCCCCCCCCCCCCCCCCCCCCCCCCCc1ccccc1,1372.68,1.96,5707.63,2.166
CCCCCCCCCCCCCCCCCCCCCCCCCCCCCCCCCCCCCCCCCCCCCCCCCCCCCCCCCCCCCCCCCCCCCCCCCCC1CCCCC1,1335.08,1.93,5615.47,2.172
C=CCCCCCCCCCCCCCCCCCCCCCCCCCCCCCCCCCCCCCCCCCCCCCCCCCCCCCCCCCCCCCCCCCCCCCCCCCCCCCC,1305.08,1.98,5364.02,2.172
CCCCCCCCCCCCCCCCCCCCCCCCCCCCCCCCCCCCCCCCCCCCCCCCCCCCCCCCCCCCCCCCCCCCCCCCCCCCCCCC,1290.89,2.13,4930.26,2.174
CCCCCCCCCCCCCCCCCCCCCCCCCCCCCCCCCCCCCCCCCCCCCCCCCCCCCCCCCCCCCCCCCCCCCCCCCCCCCC(C)C,1290.89,2.13,4930.26,2.174
CCCCCCCCCCCCCCCCCCCCCCCCCCCCCCCCCCCCCCCCCCCCCCCCCCCCCCCCCCCCCCCCCCCCCCCCCCCCCCCCS,1229.52,1.4,7043.49,2.207
CCCCCCCCCCCCCCCCCCCCCCCCCCCCCCCCCCCCCCCCCCCCCCCCCCCCCCCCCCCCCCCCCCCCCCCCCCCc1ccccc1,1378.23,1.93,5790.13,2.18
CCCCCCCCCCCCCCCCCCCCCCCCCCCCCCCCCCCCCCCCCCCCCCCCCCCCCCCCCCCCCCCCCCCCCCCCCCCC1CCCCC1,1340.61,1.9,5696.19,2.187
C=CCCCCCCCCCCCCCCCCCCCCCCCCCCCCCCCCCCCCCCCCCCCCCCCCCCCCCCCCCCCCCCCCCCCCCCCCCCCCCCC,1310.61,1.95,5441.13,2.187
CCCCCCCCCCCCCCCCCCCCCCCCCCCCCCCCCCCCCCCCCCCCCCCCCCCCCCCCCCCCCCCCCCCCCCCCCCCCCCCCC,1296.41,2.09,5000.98,2.189
CCCCCCCCCCCCCCCCCCCCCCCCCCCCCCCCCCCCCCCCCCCCCCCCCCCCCCCCCCCCCCCCCCCCCCCCCCCCCCC(C)C,1296.41,2.09,5000.98,2.189
CCCCCCCCCCCCCCCCCCCCCCCCCCCCCCCCCCCCCCCCCCCCCCCCCCCCCCCCCCCCCCCCCCCCCCCCCCCCCCCCCS,1234.03,1.37,7157.67,2.22
CCCCCCCCCCCCCCCCCCCCCCCCCCCCCCCCCCCCCCCCCCCCCCCCCCCCCCCCCCCCCCCCCCCCCCCCCCCCc1ccccc1,1383.73,1.9,5872.77,2.195
CCCCCCCCCCCCCCCCCCCCCCCCCCCCCCCCCCCCCCCCCCCCCCCCCCCCCCCCCCCCCCCCCCCCCCCCCCCCC1CCCCC1,1346.08,1.87,5777.05,2.201
C=CCCCCCCCCCCCCCCCCCCCCCCCCCCCCCCCCCCCCCCCCCCCCCCCCCCCCCCCCCCCCCCCCCCCCCCCCCCCCCCCC,1316.08,1.92,5518.37,2.201
CCCCCCCCCCCCCCCCCCCCCCCCCCCCCCCCCCCCCCCCCCCCCCCCCCCCCCCCCCCCCCCCCCCCCCCCCCCCCCCCCC,1301.88,2.06,5071.83,2.203
CCCCCCCCCCCCCCCCCCCCCCCCCCCCCCCCCCCCCCCCCCCCCCCCCCCCCCCCCCCCCCCCCCCCCCCCCCCCCCCC(C)C,1301.88,2.06,5071.83,2.203
CCCCCCCCCCCCCCCCCCCCCCCCCCCCCCCCCCCCCCCCCCCCCCCCCCCCCCCCCCCCCCCCCCCCCCCCCCCCCCCCCCS,1238.5,1.35,7272.3,2.234
CCCCCCCCCCCCCCCCCCCCCCCCCCCCCCCCCCCCCCCCCCCCCCCCCCCCCCCCCCCCCCCCCCCCCCCCCCCCCc1ccccc1,1389.18,1.87,5955.54,2.208
CCCCCCCCCCCCCCCCCCCCCCCCCCCCCCCCCCCCCCCCCCCCCCCCCCCCCCCCCCCCCCCCCCCCCCCCCCCCCC1CCCCC1,1351.52,1.84,5858.04,2.214
C=CCCCCCCCCCCCCCCCCCCCCCCCCCCCCCCCCCCCCCCCCCCCCCCCCCCCCCCCCCCCCCCCCCCCCCCCCCCCCCCCCC,1321.52,1.88,5595.73,2.214
CCCCCCCCCCCCCCCCCCCCCCCCCCCCCCCCCCCCCCCCCCCCCCCCCCCCCCCCCCCCCCCCCCCCCCCCCCCCCCCCCCC,1307.3,2.03,5142.8,2.216
CCCCCCCCCCCCCCCCCCCCCCCCCCCCCCCCCCCCCCCCCCCCCCCCCCCCCCCCCCCCCCCCCCCCCCCCCCCCCCCCC(C)C,1307.3,2.03,5142.8,2.216
CCCCCCCCCCCCCCCCCCCCCCCCCCCCCCCCCCCCCCCCCCCCCCCCCCCCCCCCCCCCCCCCCCCCCCCCCCCCCCCCCCCS,1242.94,1.32,7387.36,2.248
CCCCCCCCCCCCCCCCCCCCCCCCCCCCCCCCCCCCCCCCCCCCCCCCCCCCCCCCCCCCCCCCCCCCCCCCCCCCCCc1ccccc1,1394.59,1.84,6038.46,2.222
CCCCCCCCCCCCCCCCCCCCCCCCCCCCCCCCCCCCCCCCCCCCCCCCCCCCCCCCCCCCCCCCCCCCCCCCCCCCCCC1CCCCC1,1356.9,1.81,5939.17,2.228
C=CCCCCCCCCCCCCCCCCCCCCCCCCCCCCCCCCCCCCCCCCCCCCCCCCCCCCCCCCCCCCCCCCCCCCCCCCCCCCCCCCCC,1326.9,1.85,5673.23,2.228
CCCCCCCCCCCCCCCCCCCCCCCCCCCCCCCCCCCCCCCCCCCCCCCCCCCCCCCCCCCCCCCCCCCCCCCCCCCCCCCCCCCC,1312.68,1.99,5213.88,2.23
CCCCCCCCCCCCCCCCCCCCCCCCCCCCCCCCCCCCCCCCCCCCCCCCCCCCCCCCCCCCCCCCCCCCCCCCCCCCCCCCCC(C)C,1312.68,1.99,5213.88,2.23
CCCCCCCCCCCCCCCCCCCCCCCCCCCCCCCCCCCCCCCCCCCCCCCCCCCCCCCCCCCCCCCCCCCCCCCCCCCCCCCCCCCCS,1247.34,1.3,7502.87,2.261
CCCCCCCCCCCCCCCCCCCCCCCCCCCCCCCCCCCCCCCCCCCCCCCCCCCCCCCCCCCCCCCCCCCCCCCCCCCCCCCc1ccccc1,1399.95,1.81,6121.51,2.236
CCCCCCCCCCCCCCCCCCCCCCCCCCCCCCCCCCCCCCCCCCCCCCCCCCCCCCCCCCCCCCCCCCCCCCCCCCCCCCCC1CCCCC1,1362.24,1.78,6020.43,2.242
C=CCCCCCCCCCCCCCCCCCCCCCCCCCCCCCCCCCCCCCCCCCCCCCCCCCCCCCCCCCCCCCCCCCCCCCCCCCCCCCCCCCCC,1332.24,1.82,5750.85,2.242
CCCCCCCCCCCCCCCCCCCCCCCCCCCCCCCCCCCCCCCCCCCCCCCCCCCCCCCCCCCCCCCCCCCCCCCCCCCCCCCCCCCCC,1318.02,1.96,5285.08,2.244
CCCCCCCCCCCCCCCCCCCCCCCCCCCCCCCCCCCCCCCCCCCCCCCCCCCCCCCCCCCCCCCCCCCCCCCCCCCCCCCCCCC(C)C,1318.02,1.96,5285.08,2.244
CCCCCCCCCCCCCCCCCCCCCCCCCCCCCCCCCCCCCCCCCCCCCCCCCCCCCCCCCCCCCCCCCCCCCCCCCCCCCCCCCCCCCS,1251.7,1.27,7618.8,2.275
CCCCCCCCCCCCCCCCCCCCCCCCCCCCCCCCCCCCCCCCCCCCCCCCCCCCCCCCCCCCCCCCCCCCCCCCCCCCCCCCc1ccccc1,1405.26,1.78,6204.7,2.25
CCCCCCCCCCCCCCCCCCCCCCCCCCCCCCCCCCCCCCCCCCCCCCCCCCCCCCCCCCCCCCCCCCCCCCCCCCCCCCCCC1CCCCC1,1367.54,1.75,6101.82,2.255
C=CCCCCCCCCCCCCCCCCCCCCCCCCCCCCCCCCCCCCCCCCCCCCCCCCCCCCCCCCCCCCCCCCCCCCCCCCCCCCCCCCCCCC,1337.54,1.8,5828.59,2.255
CCCCCCCCCCCCCCCCCCCCCCCCCCCCCCCCCCCCCCCCCCCCCCCCCCCCCCCCCCCCCCCCCCCCCCCCCCCCCCCCCCCCCC,1323.31,1.93,5356.39,2.257
CCCCCCCCCCCCCCCCCCCCCCCCCCCCCCCCCCCCCCCCCCCCCCCCCCCCCCCCCCCCCCCCCCCCCCCCCCCCCCCCCCCC(C)C,1323.31,1.93,5356.39,2.257
CCCCCCCCCCCCCCCCCCCCCCCCCCCCCCCCCCCCCCCCCCCCCCCCCCCCCCCCCCCCCCCCCCCCCCCCCCCCCCCCCCCCCCS,1256.03,1.25,7735.17,2.288
CCCCCCCCCCCCCCCCCCCCCCCCCCCCCCCCCCCCCCCCCCCCCCCCCCCCCCCCCCCCCCCCCCCCCCCCCCCCCCCCCc1ccccc1,1410.54,1.75,6288.02,2.263
CCCCCCCCCCCCCCCCCCCCCCCCCCCCCCCCCCCCCCCCCCCCCCCCCCCCCCCCCCCCCCCCCCCCCCCCCCCCCCCCCC1CCCCC1,1372.8,1.73,6183.34,2.269
C=CCCCCCCCCCCCCCCCCCCCCCCCCCCCCCCCCCCCCCCCCCCCCCCCCCCCCCCCCCCCCCCCCCCCCCCCCCCCCCCCCCCCCC,1342.8,1.77,5906.46,2.269
CCCCCCCCCCCCCCCCCCCCCCCCCCCCCCCCCCCCCCCCCCCCCCCCCCCCCCCCCCCCCCCCCCCCCCCCCCCCCCCCCCCCCCC,1328.56,1.9,5427.81,2.271
CCCCCCCCCCCCCCCCCCCCCCCCCCCCCCCCCCCCCCCCCCCCCCCCCCCCCCCCCCCCCCCCCCCCCCCCCCCCCCCCCCCCC(C)C,1328.56,1.9,5427.81,2.271
CCCCCCCCCCCCCCCCCCCCCCCCCCCCCCCCCCCCCCCCCCCCCCCCCCCCCCCCCCCCCCCCCCCCCCCCCCCCCCCCCCCCCCCS,1260.33,1.23,7851.95,2.301
CCCCCCCCCCCCCCCCCCCCCCCCCCCCCCCCCCCCCCCCCCCCCCCCCCCCCCCCCCCCCCCCCCCCCCCCCCCCCCCCCCc1ccccc1,1415.77,1.72,6371.47,2.276
CCCCCCCCCCCCCCCCCCCCCCCCCCCCCCCCCCCCCCCCCCCCCCCCCCCCCCCCCCCCCCCCCCCCCCCCCCCCCCCCCCC1CCCCC1,1378.01,1.7,6264.99,2.282
C=CCCCCCCCCCCCCCCCCCCCCCCCCCCCCCCCCCCCCCCCCCCCCCCCCCCCCCCCCCCCCCCCCCCCCCCCCCCCCCCCCCCCCCC,1348.01,1.74,5984.45,2.282
CCCCCCCCCCCCCCCCCCCCCCCCCCCCCCCCCCCCCCCCCCCCCCCCCCCCCCCCCCCCCCCCCCCCCCCCCCCCCCCCCCCCCCCC,1333.77,1.87,5499.35,2.284
CCCCCCCCCCCCCCCCCCCCCCCCCCCCCCCCCCCCCCCCCCCCCCCCCCCCCCCCCCCCCCCCCCCCCCCCCCCCCCCCCCCCCC(C)C,1333.77,1.87,5499.35,2.284
CCCCCCCCCCCCCCCCCCCCCCCCCCCCCCCCCCCCCCCCCCCCCCCCCCCCCCCCCCCCCCCCCCCCCCCCCCCCCCCCCCCCCCCCS,1264.59,1.21,7969.16,2.314
CCCCCCCCCCCCCCCCCCCCCCCCCCCCCCCCCCCCCCCCCCCCCCCCCCCCCCCCCCCCCCCCCCCCCCCCCCCCCCCCCCCc1ccccc1,1420.96,1.69,6455.05,2.29
CCCCCCCCCCCCCCCCCCCCCCCCCCCCCCCCCCCCCCCCCCCCCCCCCCCCCCCCCCCCCCCCCCCCCCCCCCCCCCCCCCCC1CCCCC1,1383.18,1.67,6346.77,2.295
C=CCCCCCCCCCCCCCCCCCCCCCCCCCCCCCCCCCCCCCCCCCCCCCCCCCCCCCCCCCCCCCCCCCCCCCCCCCCCCCCCCCCCCCCC,1353.18,1.71,6062.57,2.295
CCCCCCCCCCCCCCCCCCCCCCCCCCCCCCCCCCCCCCCCCCCCCCCCCCCCCCCCCCCCCCCCCCCCCCCCCCCCCCCCCCCCCCCCC,1338.93,1.84,5570.99,2.297
CCCCCCCCCCCCCCCCCCCCCCCCCCCCCCCCCCCCCCCCCCCCCCCCCCCCCCCCCCCCCCCCCCCCCCCCCCCCCCCCCCCCCCC(C)C,1338.93,1.84,5570.99,2.297
CCCCCCCCCCCCCCCCCCCCCCCCCCCCCCCCCCCCCCCCCCCCCCCCCCCCCCCCCCCCCCCCCCCCCCCCCCCCCCCCCCCCCCCCCS,1268.82,1.19,8086.77,2.327
CCCCCCCCCCCCCCCCCCCCCCCCCCCCCCCCCCCCCCCCCCCCCCCCCCCCCCCCCCCCCCCCCCCCCCCCCCCCCCCCCCCCc1ccccc1,1426.11,1.67,6538.76,2.303
CCCCCCCCCCCCCCCCCCCCCCCCCCCCCCCCCCCCCCCCCCCCCCCCCCCCCCCCCCCCCCCCCCCCCCCCCCCCCCCCCCCCCCCCCC,1344.06,1.81,5642.75,2.31
CCCCCCCCCCCCCCCCCCCCCCCCCCCCCCCCCCCCCCCCCCCCCCCCCCCCCCCCCCCCCCCCCCCCCCCCCCCCCCCCCCCCCCCCCCC,1349.14,1.79,5714.61,2.323
CCCCCCCCCCCCCCCCCCCCCCCCCCCCCCCCCCCCCCCCCCCCCCCCCCCCCCCCCCCCCCCCCCCCCCCCCCCCCCCCCCCCCCCCCCCC,1354.19,1.76,5786.58,2.336
CCCCCCCCCCCCCCCCCCCCCCCCCCCCCCCCCCCCCCCCCCCCCCCCCCCCCCCCCCCCCCCCCCCCCCCCCCCCCCCCCCCCCCCCCCCCC,1359.2,1.73,5858.66,2.349
CCCCCCCCCCCCCCCCCCCCCCCCCCCCCCCCCCCCCCCCCCCCCCCCCCCCCCCCCCCCCCCCCCCCCCCCCCCCCCCCCCCCCCCCCCCCCC,1364.17,1.71,5930.84,2.362
CCCCCCCCCCCCCCCCCCCCCCCCCCCCCCCCCCCCCCCCCCCCCCCCCCCCCCCCCCCCCCCCCCCCCCCCCCCCCCCCCCCCCCCCCCCCCCC,1369.1,1.68,6003.12,2.374
CCCCCCCCCCCCCCCCCCCCCCCCCCCCCCCCCCCCCCCCCCCCCCCCCCCCCCCCCCCCCCCCCCCCCCCCCCCCCCCCCCCCCCCCCCCCCCCC,1374,1.66,6075.5,2.387
CCCCCCCCCCCCCCCCCCCCCCCCCCCCCCCCCCCCCCCCCCCCCCCCCCCCCCCCCCCCCCCCCCCCCCCCCCCCCCCCCCCCCCCCCCCCCCCCC,1378.86,1.63,6147.99,2.399
CCCCCCCCCCCCCCCCCCCCCCCCCCCCCCCCCCCCCCCCCCCCCCCCCCCCCCCCCCCCCCCCCCCCCCCCCCCCCCCCCCCCCCCCCCCCCCCCCC,1383.69,1.61,6220.58,2.412
CCCCCCCCCCCCCCCCCCCCCCCCCCCCCCCCCCCCCCCCCCCCCCCCCCCCCCCCCCCCCCCCCCCCCCCCCCCCCCCCCCCCCCCCCCCCCCCCCCC,1388.48,1.59,6293.26,2.424
CCCCCCCCCCCCCCCCCCCCCCCCCCCCCCCCCCCCCCCCCCCCCCCCCCCCCCCCCCCCCCCCCCCCCCCCCCCCCCCCCCCCCCCCCCCCCCCCCCCC,1393.24,1.56,6366.05,2.436
