Formula,Name,Isomeric SMILES,"Mw, g/mol","Tc, K_Mean","Tc, K_Std","Tc, K","Tc, K_Ref","Pc, bar_Mean","Pc, bar_Std","Pc, bar","Pc, bar_Ref","Vc, ml/mol_Mean","Vc, ml/mol_Std","Vc, ml/mol","Vc, ml/mol_Ref",omega_Mean,omega_Std,omega,omega_Ref
HBr,hydrogen bromide,Br,80.912,363.17,0.024494897,"[363.2, 363.15, 363.15, 363.2, 363.15]","['22', '2', '13', '24', '20']",85.2474,0.361047144,"[85.1, 84.6, 85.52, 85.497, 85.52]","['22', '2', '13', '24', '20']",100.0066667,0.00942809,"[100.0, 100.02, 100.0]","['2', '13', '24']",0.07366,0.007328192,"[0.069, 0.069, 0.073, 0.088, 0.0693]","['22', '2', '13', '24', '20']"
BBr3,boron tribromide,BrB(Br)Br,247.7643167,573.2,0.0,[573.2],['11'],,,,,,,,,,,,
Br2,bromine,BrBr,159.808,584.91,1.545121354,"[584.1, 584.15, 584.15, 588.0, 584.15]","['22', '13', '2', '24', '20']",103.0952,0.211405203,"[103.0, 103.0, 102.8, 103.326, 103.35]","['22', '13', '2', '24', '20']",133.424,3.212205473,"[135.0, 135.1, 135.01, 127.0, 135.01]","['22', '13', '2', '24', '20']",0.118475,0.007087092,"[0.119, 0.128, 0.108, 0.1189]","['22', '2', '24', '20']"
CBr4,tetrabromomethane,BrC(Br)(Br)Br,331.627,724.8,0.0,[724.8],['13'],96.31,0.0,[96.31],['13'],328.73,0.0,[328.73],['13'],0.584,0.0,[0.584],['13']
CHBr3,tribromomethane,BrC(Br)Br,249.7628363,686.2625,5.782016841,"[682.0, 685.0, 696.05, 682.0]","['11', '14', '13', '23']",58.89887006,1.417446682,"[57.79661017, 60.9, 58.0]","['11', '13', '23']",273.615,12.585,"[286.2, 261.03]","['13', '23']",0.184624289,0.028624289,"[0.213248578, 0.156]","['11', '13']"
CH2Br2,dibromomethane,BrCBr,171.8523243,596.05,13.05387873,"[607.0, 583.15, 611.05, 583.0]","['14', '19', '13', '24']",71.841,0.100143231,"[71.9, 71.7, 71.923]","['19', '13', '24']",223.16,0.0,[223.16],['13'],0.209,0.0,[0.209],['13']
C2H4Br2,"1,2-dibromoethane",BrCCBr,187.862,630.2071429,29.90340913,"[650.15, 649.0, 646.0, 583.05, 582.9, 650.2, 650.15]","['12', '11', '14', '19', '22', '13', '18']",60.65055748,7.86374915,"[54.77, 56.09334486, 72.0, 71.5, 54.77, 54.77]","['12', '11', '19', '22', '13', '18']",257.642,7.822195088,"[261.3, 242.0, 261.7, 261.64, 261.57]","['12', '19', '22', '13', '18']",0.211986327,0.008636571,"[0.207, 0.226945307, 0.207, 0.207]","['12', '11', '13', '18']"
Br3P,phosphorous tribromide,BrP(Br)Br,267.7287729,711.045,0.045,"[711.09, 711.0]","['11', '21']",,,,,,,,,,,,
C6H5Br,bromobenzene,Brc1ccccc1,157.01,670.2,0.256038192,"[670.15, 670.9, 670.0, 670.1, 670.15, 670.15, 670.2, 670.0, 670.15]","['12', '11', '14', '17', '19', '2', '13', '24', '18']",45.49142004,0.79002629,"[45.19, 47.58156028, 45.2, 45.2, 45.2, 45.19, 45.1798, 45.19]","['12', '11', '17', '19', '2', '13', '24', '18']",323.975,0.111018017,"[324.0, 324.0, 324.04, 323.73, 324.04, 324.04]","['12', '19', '2', '13', '24', '18']",0.253901872,0.006488784,"[0.251, 0.268411235, 0.251, 0.251, 0.251, 0.251]","['12', '11', '2', '13', '24', '18']"
CH4,methane,C,16.043,190.565325,0.012278513,"[190.56, 190.564, 190.5629, 190.563, 190.6, 190.55, 190.56, 190.564, 190.56, 190.56, 190.58, 190.56]","['12', '1', '7', '11', '14', '19', '22', '2', '13', '23', '24', '18']",45.9948254,0.038220244,"[45.99, 45.992, 46.0647, 45.99637944, 46.04, 45.99, 45.9, 45.99, 46.0, 45.99, 45.99]","['12', '1', '7', '11', '19', '22', '2', '13', '23', '24', '18']",98.75975678,0.222903418,"[98.6, 98.62781099, 99.0, 98.6, 99.0, 98.41, 99.0, 99.0, 98.6]","['12', '1', '19', '22', '2', '13', '23', '24', '18']",0.011468825,0.000486522,"[0.012, 0.01142, 0.010861776, 0.011, 0.011, 0.012, 0.012]","['12', '1', '11', '2', '13', '24', '18']"
C2H2,acetylene,C#C,26.038,308.3669167,0.121715144,"[308.3, 308.3, 308.4, 308.3, 308.35, 308.3, 308.32, 308.35, 308.33, 308.753, 308.4, 308.3]","['12', '1', '11', '14', '19', '22', '2', '13', '24', '21', '23', '18']",61.38930126,0.588369264,"[61.38, 59.882, 62.05231388, 61.4, 61.14, 61.5, 61.39, 61.378, 61.38, 62.4, 61.38]","['12', '1', '11', '19', '22', '2', '13', '24', '21', '23', '18']",113.2870283,1.966117726,"[112.0, 113.2502831, 113.0, 112.2, 112.99, 113.21, 112.99, 112.23, 119.01, 111.99]","['12', '1', '19', '22', '2', '13', '24', '21', '23', '18']",0.187965043,0.004243505,"[0.191, 0.178, 0.187755303, 0.188, 0.19, 0.19, 0.191]","['12', '1', '11', '2', '13', '24', '18']"
C3H4,methylacetylene,C#CC,40.065,402.2633333,0.253782497,"[402.4, 402.38, 401.6, 402.4, 402.45, 402.4, 402.39, 402.4, 402.38, 401.96, 402.0, 402.4]","['12', '1', '11', '14', '19', '22', '2', '13', '24', '21', '23', '18']",56.2687726,0.037323822,"[56.3, 56.26, 56.2464986, 56.2, 56.3, 56.2, 56.3, 56.262, 56.288, 56.3, 56.3]","['12', '1', '11', '19', '22', '2', '13', '24', '21', '23', '18']",163.471697,1.180284451,"[164.0, 163.5769703, 164.0, 163.5, 163.99, 164.18, 163.99, 163.49, 160.0, 163.99]","['12', '1', '19', '22', '2', '13', '24', '21', '23', '18']",0.21118705,0.003760598,"[0.212, 0.204, 0.208309351, 0.216, 0.211, 0.215, 0.212]","['12', '1', '11', '2', '13', '24', '18']"
C5H8,3-methylbut-1-yne,C#CC(C)C,68.119,463.2,0.0,[463.2],['2'],42.0,0.0,[42.0],['2'],275.03,0.0,[275.03],['2'],0.308,0.0,[0.308],['2']
C4H4,vinyl acetylene,C#CC=C,52.03130013,454.7875,0.458768733,"[455.0, 455.15, 454.0, 455.0]","['14', '19', '2', '24']",49.379,0.339040804,"[49.6, 48.9, 49.637]","['19', '2', '24']",203.0066667,1.409523166,"[202.0, 205.0, 202.02]","['19', '2', '24']",0.1005,0.0085,"[0.109, 0.092]","['2', '24']"
C4H6,But-1-yne,C#CCC,54.09044,447.3214286,11.67273554,"[432.0, 440.0, 463.75, 440.0, 440.0, 451.8, 463.7]","['1', '14', '19', '22', '13', '21', '24']",45.60333333,1.936397227,"[41.416, 47.1, 46.0, 46.0, 46.0, 47.104]","['1', '19', '22', '13', '21', '24']",213.2389606,5.379986543,"[215.0537634, 220.0, 208.0, 208.03, 208.33, 220.02]","['1', '19', '22', '13', '21', '24']",0.2635,0.0165,"[0.28, 0.247]","['1', '13']"
C5H8,1-pentyne,C#CCCC,68.06260026,486.33,9.44984656,"[493.5, 493.45, 470.0, 481.2, 493.5]","['14', '19', '22', '2', '24']",41.105,0.595042015,"[40.5, 41.7, 41.7, 40.52]","['19', '22', '2', '24']",277.6733333,0.469065264,"[278.0, 277.01, 278.01]","['19', '2', '24']",0.227,0.063,"[0.29, 0.164]","['2', '24']"
C6H10,hex-1-yne,C#CCCCC,82.146,516.2,0.0,[516.2],['2'],36.4,0.0,[36.4],['2'],321.96,0.0,[321.96],['2'],0.335,0.0,[0.335],['2']
C7H12,hept-1-yne,C#CCCCCC,96.173,559.0,0.0,[559.0],['2'],31.3,0.0,[31.3],['2'],385.95,0.0,[385.95],['2'],0.272,0.0,[0.272],['2']
C8H14,oct-1-yne,C#CCCCCCC,110.2,585.0,0.0,[585.0],['2'],28.2,0.0,[28.2],['2'],440.92,0.0,[440.92],['2'],0.323,0.0,[0.323],['2']
CHN,hydrogen cyanide,C#N,27.026,456.6625,0.021650635,"[456.65, 456.65, 456.7, 456.65, 456.65, 456.7, 456.65, 456.65]","['12', '11', '14', '2', '13', '24', '18', '20']",53.8336,0.149285409,"[53.9, 53.5, 53.9, 53.8916, 53.9, 53.91]","['12', '2', '13', '24', '18', '20']",138.9766667,0.204749169,"[139.0, 139.0, 139.28, 139.0, 139.0, 138.58]","['12', '2', '13', '24', '18', '20']",0.405833333,0.00805019,"[0.41, 0.407, 0.41, 0.388, 0.41, 0.41]","['12', '2', '13', '24', '18', '20']"
C3H4Cl2,"(Z)-1,2-Dichloro-1-propene",C/C(Cl)=C/Cl,109.9690055,590.0,0.0,[590.0],['7'],47.3257,0.0,[47.3257],['7'],,,,,,,,
C3H4Cl2,"(E)-1,2-Dichloro-1-propene",C/C(Cl)=C\Cl,109.9690055,542.0,0.0,[542.0],['7'],43.4335,0.0,[43.4335],['7'],,,,,,,,
C3H4F2,"(Z)-1,2-Difluoro-1-propene",C/C(F)=C/F,78.02810657,458.0,0.0,[458.0],['7'],44.5038,0.0,[44.5038],['7'],,,,,,,,
C4H4F4,"(E)-1,1,1,3-Tetrafluoro-2-butene",C/C(F)=C\C(F)(F)F,128.024913,424.73,0.0,[424.73],['7'],31.5648,0.0,[31.5648],['7'],,,,,,,,
C5H8O2,(Z)-2-methylbut-2-enoic acid,C/C=C(/C)C(=O)O,100.117,661.14,0.0,[661.14],['21'],44.9167,0.0,[44.9167],['21'],,,,,,,,
C6H12,(Z)-3-Methyl-2-pentene,C/C=C(/C)CC,84.09390038,518.15,0.0,[518.15],['19'],32.8,0.0,[32.8],['19'],351.0,0.0,[351.0],['19'],,,,
C6H12,(E)-3-Methyl-2-pentene,C/C=C(\C)CC,84.09390038,521.15,0.0,[521.15],['19'],32.7,0.0,[32.7],['19'],350.0,0.0,[350.0],['19'],,,,
C4H8,trans-2-butene,C/C=C/C,56.108,427.9475833,2.200335257,"[428.63, 428.61, 428.608, 428.6, 428.61, 428.6, 420.65, 428.6, 428.63, 428.603, 428.6, 428.63]","['12', '1', '7', '9', '11', '16', '19', '22', '2', '21', '23', '18']",40.73216275,0.3294555,"[41.02, 40.273, 40.32, 41.0, 40.32079022, 41.0, 41.0, 40.8, 41.0, 40.3, 41.02]","['12', '1', '7', '9', '11', '19', '22', '2', '21', '23', '18']",237.7580551,0.353796822,"[238.18, 237.3605507, 237.8, 237.8, 238.0, 237.7, 237.02, 237.53, 237.98, 238.21]","['12', '1', '9', '16', '19', '22', '2', '21', '23', '18']",0.213710627,0.003377677,"[0.218, 0.21, 0.210842508, 0.216]","['12', '1', '11', '2']"
C6H10O2,ethyl trans-2-butenoate,C/C=C/C(=O)OCC,114.0680796,599.0375,0.064951905,"[599.0, 599.15, 599.0, 599.0]","['11', '19', '21', '23']",,,,,381.97,0.0,[381.97],['23'],,,,
C6H12,trans-4-Methyl-2-pentene,C/C=C/C(C)C,84.09390038,493.15,0.0,[493.15],['19'],30.4,0.0,[30.4],['19'],360.0,0.0,[360.0],['19'],,,,
C4H6O,crotonaldehyde,C/C=C/C=O,70.091,601.98,0.0,[601.98],['12'],54.97,0.0,[54.97],['12'],239.2,0.0,[239.2],['12'],0.338,0.0,[0.338],['12']
C5H10,trans-2-pentene,C/C=C/CC,70.134,473.9633333,1.989327078,"[475.37, 471.15, 475.37]","['12', '19', '18']",36.09333333,0.631682058,"[36.54, 35.2, 36.54]","['12', '19', '18']",302.7366667,0.893320895,"[302.1, 304.0, 302.11]","['12', '19', '18']",0.237,0.0,"[0.237, 0.237]","['12', '18']"
C6H12,trans-2-hexene,C/C=C/CCC,84.09390038,512.5375,3.537897504,"[516.0, 509.0, 516.15, 509.0]","['9', '11', '19', '23']",32.51512492,0.543924365,"[32.73, 33.03049968, 32.7, 31.6]","['9', '11', '19', '23']",351.66,0.933380951,"[351.0, 351.0, 352.98]","['9', '19', '23']",0.313363731,0.0,[0.313363731],['11']
C7H14,"2-heptene, (E)-",C/C=C/CCCC,98.10955045,542.8,0.0,"[542.8, 542.8]","['11', '23']",30.0,0.0,[30.0],['23'],410.0,0.0,[410.0],['23'],,,,
C8H16,(E)-2-octene,C/C=C/CCCCC,112.1252005,574.9,5.1,"[569.8, 580.0]","['11', '24']",27.655,0.0,[27.655],['24'],,,,,0.35,0.0,[0.35],['24']
C3H5Cl,(E)-1-Chloro-1-propene,C/C=C/Cl,76.00797784,490.8,0.0,[490.8],['7'],46.3014,0.0,[46.3014],['7'],,,,,,,,
C4H8,cis-2-butene,C/C=C\C,56.108,434.3620833,4.135335264,"[435.58, 435.75, 435.725, 435.5, 435.73, 435.5, 420.65, 435.5, 435.58, 435.55, 435.7, 435.58]","['12', '1', '7', '9', '11', '16', '19', '22', '2', '21', '23', '18']",42.08316833,0.359539894,"[42.06, 42.255, 42.277, 42.1, 42.2628516, 41.0, 42.1, 42.4, 42.1, 42.3, 42.06]","['12', '1', '7', '9', '11', '19', '22', '2', '21', '23', '18']",234.4626767,1.371753405,"[233.98, 235.6267672, 233.8, 233.8, 238.0, 233.8, 232.99, 233.64, 235.02, 233.97]","['12', '1', '9', '16', '19', '22', '2', '21', '23', '18']",0.202808071,0.000739829,"[0.203, 0.202, 0.202040356, 0.204, 0.203]","['12', '1', '11', '2', '18']"
C4H6O2,(Z)-but-2-enoic acid,C/C=C\C(=O)O,86.09,644.6,0.0,[644.6],['21'],47.0344,0.0,[47.0344],['21'],,,,,,,,
C6H12,(Z)-4-methyl-2-pentene,C/C=C\C(C)C,84.09390038,494.25,2.899137803,"[496.3, 490.15, 496.3]","['11', '19', '10']",32.00094787,1.600947865,"[33.60189573, 30.4]","['11', '19']",360.0,0.0,[360.0],['19'],0.283996656,0.0,[0.283996656],['11']
C5H10,cis-2-pentene,C/C=C\CC,70.134,475.2571429,0.432854785,"[475.93, 474.89, 475.15, 475.0, 475.0, 474.9, 475.93]","['12', '11', '19', '22', '21', '23', '18']",36.80109753,0.165397551,"[36.54, 36.92768274, 36.9, 36.9, 36.9, 36.9, 36.54]","['12', '11', '19', '22', '21', '23', '18']",301.8325,0.469114858,"[302.1, 302.1, 301.02, 302.11]","['12', '22', '23', '18']",0.245225745,0.005976106,"[0.241, 0.253677235, 0.241]","['12', '11', '18']"
C5H8O2,(Z)-pent-3-enoic acid,C/C=C\CC(=O)O,100.117,646.87,0.0,[646.87],['21'],38.7866,0.0,[38.7866],['21'],,,,,,,,
C6H12,cis-2-hexene,C/C=C\CCC,84.09390038,515.7375,2.338101527,"[518.0, 513.4, 518.15, 513.4]","['9', '11', '19', '10']",32.815,0.015,"[32.83, 32.8]","['9', '19']",351.0,0.0,"[351.0, 351.0]","['9', '19']",,,,
C7H14,"2-heptene, (Z)-",C/C=C\CCCC,98.10955045,548.5,0.0,"[548.5, 548.5]","['11', '23']",30.0,0.0,[30.0],['23'],410.0,0.0,[410.0],['23'],,,,
C8H16,cis-2-Octene,C/C=C\CCCCC,112.1252005,580.15,0.0,[580.15],['19'],27.7,0.0,[27.7],['19'],,,,,,,,
C3H5Cl,(Z)-1-Chloro-1-propene,C/C=C\Cl,76.00797784,483.3,0.0,[483.3],['7'],46.0183,0.0,[46.0183],['7'],,,,,,,,
C3H5F,(Z)-1-Fluoro-1-propene,C/C=C\F,60.03752838,393.0,0.0,[393.0],['7'],46.7848,0.0,[46.7848],['7'],,,,,,,,
C7H10,bicyclo[2.2.1]hept-2-ene,C1=CC2CCC1C2,94.157,590.0,0.0,[590.0],['21'],,,,,314.37,0.0,[314.37],['21'],,,,
C7H8,"1,3,5-cycloheptatriene",C1=CC=CCC=C1,92.141,593.9,0.0,"[593.9, 593.9]","['12', '18']",42.85,0.0,[42.85],['12'],,,,,,,,
C4H6,1-Cyclobutene,C1=CCC1,54.09044,448.0,0.0,[448.0],['1'],51.495,0.0,[51.495],['1'],193.4235977,0.0,[193.4235977],['1'],0.163,0.0,[0.163],['1']
C5H8,cyclopentene,C1=CCCC1,68.06260026,506.4109091,0.375389605,"[506.5, 506.07, 506.0, 506.5, 506.05, 506.5, 507.0, 507.0, 506.8, 506.1, 506.0]","['9', '11', '14', '16', '19', '22', '2', '13', '21', '23', '24']",47.97618506,0.086200373,"[48.0, 47.92329545, 48.0, 48.1, 48.0, 48.01, 47.8]","['9', '11', '22', '2', '13', '21', '23']",246.02,2.449769668,"[245.0, 245.0, 245.0, 244.98, 245.04, 245.1, 252.02]","['9', '16', '22', '2', '13', '21', '23']",0.19755315,0.002196486,"[0.200659451, 0.196, 0.196]","['11', '2', '13']"
C6H10,cyclohexene,C1=CCCCC1,82.145,560.4328182,0.038202375,"[560.4, 560.4, 560.451, 560.5, 560.4, 560.48, 560.4, 560.4, 560.45, 560.48, 560.4]","['12', '9', '11', '14', '16', '19', '22', '2', '13', '24', '18']",43.37133333,0.47246399,"[42.37, 43.5, 43.5, 43.9, 43.5, 43.458]","['12', '9', '19', '2', '13', '24']",292.53,1.981396814,"[292.0, 292.0, 296.88, 291.04, 291.29, 291.97]","['9', '19', '22', '2', '13', '24']",0.212333333,0.002624669,"[0.216, 0.211, 0.21]","['2', '13', '24']"
C5H8O,"2,3-dihydro-4H-pyran",C1=COCCC1,84.05751488,561.45,0.287228132,"[561.4, 561.7, 561.7, 561.0]","['11', '14', '21', '23']",46.02258772,0.303652138,"[46.16776316, 45.6, 46.3]","['11', '21', '23']",268.02,0.0,[268.02],['23'],0.248720896,0.0,[0.248720896],['11']
C12H8,acenaphthylene,C1=Cc2cccc3cccc1c23,152.196,792.0,0.0,"[792.0, 792.0]","['12', '18']",32.0,0.0,"[32.0, 32.0]","['12', '18']",,,,,0.399,0.0,"[0.399, 0.399]","['12', '18']"
C3H6,cyclopropane,C1CC1,42.081,398.10595,0.169464041,"[397.91, 398.3, 398.2693, 398.0, 398.269, 398.3, 398.0, 397.85, 398.25, 397.95, 398.3, 397.975, 398.2, 397.91]","['12', '1', '7', '9', '11', '14', '16', '19', '22', '13', '24', '21', '23', '18']",55.40291599,0.407082942,"[54.95, 55.797, 55.7975, 54.95, 55.8347119, 54.9, 55.75, 54.95, 55.77578, 55.38, 55.8, 54.95]","['12', '1', '7', '9', '11', '19', '22', '13', '24', '21', '23', '18']",163.3935606,2.149457875,"[162.8, 162.7891671, 162.0, 162.0, 170.0, 162.8, 162.47, 163.0, 162.69, 163.99, 162.79]","['12', '1', '9', '16', '19', '22', '13', '24', '21', '23', '18']",0.129564808,0.002086704,"[0.127, 0.1305, 0.129888845, 0.133, 0.13, 0.127]","['12', '1', '11', '13', '24', '18']"
C5H8,Spiro[2.2]pentane,C1CC12CC2,68.06260026,506.425,0.025,"[506.45, 506.4]","['19', '21']",,,,,,,,,,,,
C10H18,"1,1'-bicyclopentyl",C1CCC(C2CCCC2)C1,138.1408506,690.0,0.0,[690.0],['11'],,,,,,,,,,,,
C12H22S,cyclohexylsulfanylcyclohexane,C1CCC(SC2CCCCC2)CC1,198.375,770.0,0.0,[770.0],['21'],23.7,0.0,[23.7],['21'],699.79,0.0,[699.79],['21'],,,,
C4H8,Cyclobutane,C1CCC1,56.06260026,459.9785714,0.036421568,"[460.0, 460.0, 460.0, 459.95, 460.0, 459.9, 460.0]","['7', '9', '14', '19', '22', '13', '24']",49.68205,0.756149041,"[48.0927, 50.56, 49.9, 49.9, 49.8, 49.8396]","['7', '9', '19', '22', '13', '24']",211.626,3.187397685,"[210.0, 210.0, 218.0, 210.13, 210.0]","['9', '19', '22', '13', '24']",0.183,0.002,"[0.185, 0.181]","['13', '24']"
C10H18,"naphthalene, decahydro-",C1CCC2CCCCC2C1,138.1408506,684.2722222,22.00827005,"[645.0, 703.6, 698.05, 702.0, 687.1, 687.1, 645.0, 703.6, 687.0]","['11', '14', '21', '23', '24', '24', '21', '18', '18']",29.89471429,3.791284581,"[29.657, 32.0, 31.403, 31.403, 20.8, 32.0, 32.0]","['21', '23', '24', '24', '21', '18', '18']",491.88,0.0,[491.88],['23'],0.27,0.0,[0.27],['24']
C5H10,cyclopentane,C1CCCC1,70.134,511.7,0.048255274,"[511.7, 511.72, 511.76, 511.74, 511.6, 511.7, 511.75, 511.6, 511.76, 511.7, 511.67, 511.7, 511.7, 511.7]","['12', '1', '9', '11', '14', '16', '19', '22', '2', '13', '21', '23', '24', '18']",45.14173448,0.222078229,"[45.1, 45.828, 45.023, 45.16681377, 45.08, 45.08, 45.0, 45.25, 44.905, 45.1, 45.068, 45.1]","['12', '1', '9', '11', '19', '22', '2', '13', '21', '23', '24', '18']",259.4151701,2.015194195,"[260.0, 255.1020408, 258.32, 259.0, 260.0, 260.0, 257.0, 259.81, 259.74, 263.99, 260.01, 260.01]","['12', '1', '9', '16', '19', '22', '2', '13', '21', '23', '24', '18']",0.196529887,0.002482903,"[0.195, 0.202, 0.195179321, 0.196, 0.196, 0.195]","['12', '1', '11', '2', '13', '18']"
C6H12,cyclohexane,C1CCCCC1,84.161,553.6063636,0.130054026,"[553.8, 553.6, 553.54, 553.4, 553.5, 553.8, 553.55, 553.5, 553.58, 553.6, 553.8]","['12', '1', '9', '11', '14', '16', '19', '22', '2', '13', '18']",40.78013163,0.087609547,"[40.8, 40.805, 40.748, 40.68818469, 40.7, 40.73, 41.0, 40.75, 40.8]","['12', '1', '9', '11', '19', '22', '2', '13', '18']",308.252633,0.685836789,"[308.0, 310.1736973, 307.88, 308.0, 308.0, 308.0, 307.98, 308.26, 307.98]","['12', '1', '9', '16', '19', '22', '2', '13', '18']",0.209397538,0.001355751,"[0.208, 0.2096, 0.20978523, 0.212, 0.209, 0.208]","['12', '1', '11', '2', '13', '18']"
C7H14,cycloheptane,C1CCCCCC1,98.188,602.8554545,4.334221884,"[604.2, 604.2, 604.26, 604.3, 604.2, 589.15, 604.3, 604.2, 604.2, 604.2, 604.2]","['12', '9', '11', '14', '16', '19', '22', '21', '23', '24', '18']",38.14650086,0.391891718,"[38.2, 38.2, 38.5862069, 37.2, 38.197, 38.5, 38.0888, 38.2]","['12', '9', '11', '19', '21', '23', '24', '18']",358.7033333,11.43356851,"[353.0, 353.0, 353.0, 390.0, 359.0, 353.36, 361.01, 352.98, 352.98]","['12', '9', '16', '19', '22', '21', '23', '24', '18']",0.240590973,0.002286852,"[0.241, 0.243363892, 0.237, 0.241]","['12', '11', '24', '18']"
C8H16,cyclooctane,C1CCCCCCC1,112.215,648.116,2.695088867,"[647.2, 647.2, 647.36, 647.2, 647.2, 647.2, 656.2, 647.2, 647.2, 647.2]","['12', '9', '11', '14', '16', '22', '21', '23', '24', '18']",35.57681601,0.061775848,"[35.6, 35.6, 35.49122807, 35.7, 35.567, 35.5, 35.5563, 35.6]","['12', '9', '11', '22', '21', '23', '24', '18']",410.85625,2.326488435,"[410.0, 410.0, 410.0, 410.0, 409.84, 417.01, 410.0, 410.0]","['12', '9', '16', '22', '21', '23', '24', '18']",0.247372901,0.006645522,"[0.252, 0.249491605, 0.236, 0.252]","['12', '11', '24', '18']"
C9H18,cyclononane,C1CCCCCCCC1,126.242,682.0,0.0,"[682.0, 682.0]","['12', '18']",33.44,0.0,"[33.44, 33.44]","['12', '18']",457.02,0.02,"[457.0, 457.04]","['12', '18']",0.281,0.0,"[0.281, 0.281]","['12', '18']"
C10H20,cyclodecane,C1CCCCCCCCC1,140.269,709.0,0.0,"[709.0, 709.0]","['12', '18']",30.4,0.0,"[30.4, 30.4]","['12', '18']",506.035,0.035,"[506.0, 506.07]","['12', '18']",0.292,0.0,"[0.292, 0.292]","['12', '18']"
C4H9N,pyrrolidine,C1CCNC1,71.122,568.53,0.128452326,"[568.55, 568.63, 568.6, 568.25, 568.6, 568.55]","['12', '11', '14', '19', '24', '18']",56.25082046,0.399803218,"[56.1, 57.03410231, 55.9, 56.12, 56.1]","['12', '11', '19', '24', '18']",246.25,4.763139721,"[249.0, 238.0, 249.0, 249.0]","['12', '19', '24', '18']",0.293003564,0.038417447,"[0.267, 0.279014256, 0.359, 0.267]","['12', '11', '24', '18']"
C5H11N,piperidine,C1CCNCC1,85.149,594.0695556,0.059678977,"[594.1, 594.136, 594.0, 594.15, 594.0, 594.05, 594.14, 594.0, 594.05]","['12', '11', '14', '19', '13', '21', '23', '24', '18']",46.93429561,0.945719689,"[46.56, 46.48951487, 49.4, 46.51, 46.50815, 47.0, 46.4967, 46.51]","['12', '11', '19', '13', '21', '23', '24', '18']",294.615,7.731696127,"[288.0, 307.41, 294.03, 289.02]","['19', '13', '23', '24']",0.244825029,0.003118086,"[0.243, 0.244125144, 0.243, 0.251, 0.243]","['12', '11', '13', '24', '18']"
C4H8O,tetrahydrofuran,C1CCOC1,72.107,540.1536667,0.121320512,"[540.15, 540.0, 540.2, 540.15, 540.2, 540.1, 540.433, 540.0, 540.15]","['12', '11', '14', '19', '22', '24', '21', '23', '18']",52.12644047,0.41482556,"[51.88, 52.78592375, 51.9, 51.9, 51.8656, 51.9, 52.9, 51.88]","['12', '11', '19', '22', '24', '21', '23', '18']",223.8116667,0.356062573,"[223.93, 224.0, 224.0, 224.01, 223.02, 223.91]","['12', '19', '22', '24', '23', '18']",0.226019254,0.006391219,"[0.226, 0.235077015, 0.217, 0.226]","['12', '11', '24', '18']"
C5H10O,tetrahydropyran,C1CCOCC1,86.07316494,572.13,0.107703296,"[572.0, 572.2, 572.25, 572.2, 572.0]","['11', '14', '19', '21', '23']",47.76666667,0.135400639,"[47.66666667, 47.7, 47.7, 48.0]","['11', '19', '21', '23']",267.77,7.246410606,"[263.0, 262.3, 278.01]","['19', '21', '23']",0.219682688,0.0,[0.219682688],['11']
C4H8S,tetrahydrothiophene,C1CCSC1,88.174,632.0057143,0.030169589,"[632.0, 632.04, 632.0, 632.05, 632.0, 632.0, 631.95]","['12', '11', '14', '19', '21', '23', '18']",54.48412017,0.516581328,"[55.2, 54.25236052, 54.0]","['12', '11', '23']",276.01,0.0,[276.01],['23'],0.219682688,0.0,[0.219682688],['11']
C5H10S,thiane,C1CCSCC1,102.202,684.0,0.0,"[684.0, 684.0]","['21', '23']",,,,,,,,,,,,
C10H18,trans-decahydronaphthalene,C1CC[C@H]2CCCC[C@@H]2C1,138.253,687.0375,0.064951905,"[687.0, 687.0, 687.15, 687.0]","['12', '11', '19', '22']",29.99333333,2.425988916,"[26.58, 31.4, 32.0]","['12', '19', '22']",480.0,0.0,"[480.0, 480.0]","['19', '22']",,,,
C10H18,cis-decahydronaphthalene,C1CC[C@H]2CCCC[C@H]2C1,138.253,702.9375,0.664619252,"[703.6, 702.2, 702.35, 703.6]","['12', '11', '19', '22']",32.0,0.0,"[32.0, 32.0, 32.0]","['12', '19', '22']",480.0,0.0,"[480.0, 480.0]","['19', '22']",0.279,0.0,[0.279],['12']
C4H10N2,piperazine,C1CNCCN1,86.137,659.9,1.6653328,"[661.0, 660.1, 656.3, 661.0, 661.0, 660.0]","['12', '11', '14', '22', '21', '23']",57.36711712,2.034344899,"[58.0, 59.46846847, 58.0, 54.0]","['12', '11', '21', '23']",272.6633333,7.287918465,"[267.5, 267.52, 282.97]","['12', '21', '23']",0.371413579,0.042586422,"[0.414, 0.328827157]","['12', '11']"
C2H4O,ethylene oxide,C1CO1,44.053,468.9433333,0.384368168,"[469.15, 468.92, 468.95, 469.0, 469.0, 469.15, 469.15, 469.15, 469.0, 467.7, 469.0, 469.15]","['12', '1', '7', '11', '14', '19', '2', '13', '24', '21', '23', '18']",72.23598825,0.38479585,"[71.9, 73.047, 72.41286, 72.04301075, 72.75, 72.6, 71.9, 71.923, 72.12, 72.0, 71.9]","['12', '1', '7', '11', '19', '2', '13', '24', '21', '23', '18']",139.9288904,1.028152395,"[140.3, 139.4700139, 140.0, 142.01, 140.29, 140.0, 138.99, 138.01, 140.29]","['12', '1', '19', '2', '13', '24', '21', '23', '18']",0.200665636,0.004298395,"[0.197, 0.21, 0.200659451, 0.201, 0.197, 0.202, 0.197]","['12', '1', '11', '2', '13', '24', '18']"
C3H6O,oxetane,C1COC1,58.08,507.9,0.0,[507.9],['21'],,,,,,,,,,,,
C4H9NO,morpholine,C1COCCN1,87.06841391,618.05,0.070710678,"[618.0, 618.15, 618.0]","['14', '19', '24']",54.701,0.001,"[54.7, 54.702]","['19', '24']",252.985,0.015,"[253.0, 252.97]","['19', '24']",0.37,0.0,[0.37],['24']
C4H8O2,"1,4-dioxane",C1COCCO1,88.106,587.08,0.09797959,"[587.0, 587.15, 587.0, 587.15, 587.0, 587.05, 587.0, 587.15, 587.3, 587.0]","['12', '11', '14', '19', '22', '13', '24', '21', '23', '18']",52.01236417,0.172769568,"[52.08, 51.73127753, 52.1, 51.7, 52.08, 52.068, 52.272, 52.0, 52.08]","['12', '11', '19', '22', '13', '24', '21', '23', '18']",240.45125,4.516695245,"[238.0, 238.0, 238.0, 238.15, 237.98, 244.5, 251.0, 237.98]","['12', '19', '22', '13', '24', '21', '23', '18']",0.278817674,0.002447771,"[0.28, 0.274088368, 0.279, 0.281, 0.28]","['12', '11', '13', '24', '18']"
C4H8O2,"1,3-dioxane",C1COCOC1,88.0524295,588.0,0.0,"[588.0, 588.0]","['14', '22']",45.8,0.0,[45.8],['22'],,,,,,,,
C2H4,ethylene,C=C,28.054,282.34978,0.036019378,"[282.34, 282.35, 282.3438, 282.344, 282.3, 282.45, 282.34, 282.34, 282.35, 282.34]","['12', '1', '7', '11', '14', '19', '22', '2', '13', '18']",50.39842176,0.040592013,"[50.41, 50.418, 50.4122, 50.44559585, 50.36, 50.41, 50.3, 50.42, 50.41]","['12', '1', '7', '11', '19', '22', '2', '13', '18']",130.8736402,0.837317547,"[131.0, 130.9454817, 129.0, 131.1, 132.0, 131.08, 130.99]","['12', '1', '19', '22', '2', '13', '18']",0.086474449,0.000510496,"[0.086, 0.0866, 0.087246696, 0.086, 0.087, 0.086]","['12', '1', '11', '2', '13', '18']"
C4H8,isobutene,C=C(C)C,56.108,417.982,0.19152359,"[417.9, 418.09, 417.965, 417.9, 417.97, 417.9, 417.9, 417.88, 417.9, 417.9, 417.9, 418.643, 418.0, 417.9]","['12', '1', '7', '9', '11', '14', '16', '19', '22', '2', '24', '21', '23', '18']",40.00361388,0.077912506,"[39.99, 40.098, 40.02, 40.0, 40.15081652, 40.0, 40.0, 39.8, 39.993, 40.00155, 40.0, 39.99]","['12', '1', '7', '9', '11', '19', '22', '2', '24', '21', '23', '18']",239.0161958,0.50905677,"[238.88, 239.8081535, 238.8, 238.8, 239.0, 238.8, 237.98, 239.01, 239.23, 239.98, 238.89]","['12', '1', '9', '16', '19', '22', '2', '24', '21', '23', '18']",0.191916524,0.0022062,"[0.189, 0.193, 0.194499142, 0.192, 0.194, 0.189]","['12', '1', '11', '2', '24', '18']"
C6H10,"2,3-dimethyl-1,3-butadiene (2,3-dimethylbutadiene)",C=C(C)C(=C)C,82.07825032,527.2,0.0,[527.2],['9'],35.36,0.0,[35.36],['9'],333.0,0.0,[333.0],['9'],,,,
C4H6O2,2-methylprop-2-enoic acid,C=C(C)C(=O)O,86.09,638.4,0.0,[638.4],['21'],49.0521,0.0,[49.0521],['21'],,,,,,,,
C5H8O2,"propenoic acid, 2-methyl- methyl ester",C=C(C)C(=O)OC,100.0524295,540.28,0.02,"[540.26, 540.3]","['11', '10']",38.70028654,0.000286535,"[38.70057307, 38.7]","['11', '10']",,,,,0.521433504,0.0,[0.521433504],['11']
C7H14,"2,3,3-trimethyl-1-butene",C=C(C)C(C)(C)C,98.10955045,533.075,0.075,"[533.0, 533.15]","['14', '19']",29.0,0.0,[29.0],['19'],400.0,0.0,[400.0],['19'],,,,
C6H12,"2,3-dimethyl-1-butene",C=C(C)C(C)C,84.09390038,499.71,1.642071862,"[501.0, 497.7, 501.0, 501.15, 497.7]","['9', '11', '14', '19', '10']",32.57163692,0.228734905,"[32.42, 32.89491077, 32.4]","['9', '11', '19']",343.0,0.0,"[343.0, 343.0]","['9', '19']",0.253365801,0.0,[0.253365801],['11']
C7H14,"2,3-dimethyl-1-pentene",C=C(C)C(C)CC,98.10955045,533.8,0.2,"[533.6, 534.0]","['11', '23']",29.0,0.0,[29.0],['23'],400.0,0.0,[400.0],['23'],,,,
C5H10,2-methyl-1-butene,C=C(C)CC,70.134,465.88125,1.706227106,"[465.0, 465.0, 467.0, 465.0, 465.0, 470.05, 465.0, 465.0]","['12', '9', '11', '14', '16', '19', '2', '18']",34.19,0.233238076,"[34.0, 34.0, 34.45, 34.5, 34.0]","['12', '9', '19', '2', '18']",292.99,1.010049504,"[292.0, 294.0, 294.0, 294.0, 291.97, 291.97]","['12', '9', '16', '19', '2', '18']",0.232333333,0.003299832,"[0.23, 0.237, 0.23]","['12', '2', '18']"
C8H16,"2,4,4-trimethyl-1-pentene",C=C(C)CC(C)(C)C,112.1252005,555.45,4.75,"[560.2, 550.7]","['9', '10']",26.875,0.425,"[26.45, 27.3]","['9', '10']",457.0,0.0,[457.0],['9'],,,,
C6H12,2-methyl-1-pentene,C=C(C)CCC,84.09390038,511.45,9.55,"[501.9, 521.0]","['11', '10']",,,,,,,,,,,,
C7H14,2-methyl-1-hexene,C=C(C)CCCC,98.10955045,541.9,0.1,"[541.8, 542.0]","['11', '23']",29.0,0.0,[29.0],['23'],407.0,0.0,[407.0],['23'],,,,
C8H16,2-methyl-1-heptene,C=C(C)CCCCC,112.1252005,567.5,0.0,"[567.5, 567.5]","['11', '23']",26.0,0.0,[26.0],['23'],465.98,0.0,[465.98],['23'],,,,
C3H5Cl,2-Chloro-1-propene,C=C(C)Cl,76.00797784,471.5,0.0,[471.5],['7'],43.8841,0.0,[43.8841],['7'],,,,,,,,
C3H5F,2-Fluoro-1-propene,C=C(C)F,60.03752838,393.0,0.0,[393.0],['7'],,,,,,,,,,,,
C4H8O,Isopropenyl methyl ether,C=C(C)OC,72.05751488,478.54,0.0,"[478.54, 478.54]","['7', '11']",41.76175855,0.00434145,"[41.7661, 41.7574171]","['7', '11']",,,,,0.251811973,0.0,[0.251811973],['11']
C10H16,(R)-1-methyl-4-(1-methylethenyl)cyclohexene,C=C(C)[C@H]1CC=C(C)CC1,136.1252005,653.0,0.0,"[653.0, 653.0]","['11', '23']",28.1,0.0,[28.1],['23'],498.01,0.0,[498.01],['23'],,,,
C9H10,α-methylstyrene,C=C(C)c1ccccc1,118.0782503,649.5,4.5,"[654.0, 645.0]","['9', '21']",34.775,0.725,"[34.05, 35.5]","['9', '21']",409.9466667,0.075424723,"[410.0, 410.0, 409.84]","['9', '16', '21']",,,,
C5H8O2,2-methylidenebutanoic acid,C=C(CC)C(=O)O,100.117,653.93,0.0,[653.93],['21'],43.7415,0.0,[43.7415],['21'],,,,,,,,
C3H2ClF3,"2-Chloro-3,3,3-trifluoro-1-propene",C=C(Cl)C(F)(F)F,129.9797124,440.0,0.0,[440.0],['7'],41.56107,0.0,[41.56107],['7'],,,,,,,,
C3H4Cl2,"2,3-Dichloro-1-propene",C=C(Cl)CCl,109.9690055,578.0,0.0,[578.0],['7'],59.4895,0.0,[59.4895],['7'],,,,,,,,
C2H2Cl2,"1,1-Dichloroethylene",C=C(Cl)Cl,95.95335542,490.85,5.20756661,"[492.0, 494.2, 495.15, 482.05]","['7', '14', '19', '13']",52.0722,0.177573497,"[52.3166, 52.0, 51.9]","['7', '19', '13']",220.93,2.93,"[218.0, 223.86]","['19', '13']",0.272,0.0,[0.272],['13']
C3H2ClF3,"3-Chloro-2,3,3-trifluoro-1-propene",C=C(F)C(F)(F)Cl,129.9797124,441.0,0.0,[441.0],['7'],32.9915,0.0,[32.9915],['7'],,,,,,,,
C3H2F4,"2,3,3,3-Tetrafluoroprop-1-ene",C=C(F)C(F)(F)F,114.0415928,367.85,0.0,"[367.85, 367.85, 367.85, 367.85]","['1', '7', '11', '10']",33.80673067,0.010406981,"[33.822, 33.7945, 33.80042268, 33.81]","['1', '7', '11', '10']",239.6940768,0.11407675,"[239.8081535, 239.58]","['1', '10']",0.275739187,0.000260814,"[0.276, 0.275478373]","['1', '11']"
C2H2ClF,1-Chloro-1-fluoroethylene,C=C(F)Cl,79.98290596,401.0,0.0,[401.0],['7'],46.0262,0.0,[46.0262],['7'],,,,,,,,
C2H2F2,"1,1-difluoroethylene",C=C(F)F,64.035,302.9517778,0.150317278,"[302.74, 302.881, 302.9, 303.2, 302.95, 303.2, 302.995, 302.9, 302.8]","['12', '7', '11', '14', '19', '22', '21', '23', '18']",44.55267583,0.182577849,"[44.33, 44.6868, 44.74150665, 44.6, 44.33, 44.3331, 44.8, 44.6]","['12', '7', '11', '19', '22', '21', '23', '18']",154.6083333,0.905417338,"[156.25, 154.0, 153.5, 154.92, 154.99, 153.99]","['12', '19', '22', '21', '23', '18']",0.139231319,0.004569776,"[0.136, 0.145693958, 0.136]","['12', '11', '18']"
C5H8,"(3E)-penta-1,3-diene",C=C/C=C/C,68.119,500.05,0.0,[500.05],['13'],37.4,0.0,[37.4],['13'],275.79,0.0,[275.79],['13'],0.116,0.0,[0.116],['13']
C5H8,"cis-1,3-Pentadiene",C=C/C=C\C,68.06260026,496.15,0.0,[496.15],['19'],39.9,0.0,[39.9],['19'],275.0,0.0,[275.0],['19'],,,,
C10H16,"(1S,5S)-6,6-dimethyl-2-methylenebicyclo[3.1.1]heptane",C=C1CC[C@H]2C[C@@H]1C2(C)C,136.1252005,635.0,0.0,[635.0],['11'],25.09881423,0.0,[25.09881423],['11'],,,,,0.341035157,0.0,[0.341035157],['11']
C3H4,allene,C=C=C,40.065,394.1,1.291757084,"[394.0, 398.0, 393.9, 393.9, 393.15, 394.0, 393.15, 393.0, 394.0, 394.0, 394.0]","['12', '1', '11', '14', '19', '22', '13', '24', '21', '23', '18']",54.162,3.996622797,"[52.5, 52.156, 54.7, 52.5, 50.9, 54.702, 52.5, 65.0, 52.5]","['12', '1', '19', '22', '13', '24', '21', '23', '18']",165.0683051,2.904237335,"[169.4915254, 162.0, 164.85, 162.0, 167.0]","['1', '19', '13', '24', '23']",0.1536,0.080355709,"[0.104, 0.115, 0.132, 0.313, 0.104]","['12', '1', '13', '24', '18']"
C5H8,"3-methyl-1,2-butadiene",C=C=C(C)C,68.06260026,496.0,0.0,[496.0],['14'],,,,,,,,,,,,
C4H6,"1,2-butadiene",C=C=CC,54.04695019,447.03,4.058029078,"[443.7, 443.75, 452.0, 452.0, 443.7]","['14', '19', '2', '13', '24']",44.29425,0.694297622,"[45.0, 43.6, 43.6, 44.977]","['19', '2', '13', '24']",219.4775,0.475098674,"[219.0, 220.02, 219.88, 219.01]","['19', '2', '13', '24']",0.195666667,0.041955002,"[0.166, 0.166, 0.255]","['2', '13', '24']"
C5H8,"1,2-Pentadiene",C=C=CCC,68.06260026,501.6,1.55,"[503.15, 500.05]","['19', '13']",39.35,1.35,"[40.7, 38.0]","['19', '13']",275.895,0.105,"[276.0, 275.79]","['19', '13']",0.154,0.0,[0.154],['13']
C2H2O,ketene,C=C=O,42.01056468,377.5125,4.308476384,"[380.0, 380.0, 370.05, 380.0]","['14', '19', '13', '24']",62.644,3.213825135,"[65.0, 58.1, 64.832]","['19', '13', '24']",144.6533333,0.48320688,"[145.0, 143.97, 144.99]","['19', '13', '24']",0.166,0.041,"[0.125, 0.207]","['13', '24']"
C3H6,propylene,C=CC,42.081,364.9612857,0.310608488,"[364.9, 364.211, 364.957, 364.9, 364.95, 364.9, 364.9, 365.05, 364.9, 365.57, 365.57, 364.9, 364.85, 364.9]","['12', '1', '7', '9', '11', '14', '16', '19', '22', '2', '13', '23', '24', '18']",46.04165849,0.243753657,"[46.0, 45.55, 45.9169, 46.0, 45.90566038, 46.2, 46.0, 46.3, 46.65, 46.119, 45.9, 46.0, 46.0]","['12', '1', '7', '9', '11', '19', '22', '2', '13', '21', '23', '24', '18']",184.4059059,2.18552969,"[185.0, 183.2508704, 184.0, 184.0, 181.0, 184.6, 188.01, 188.71, 184.3, 183.99, 181.0, 185.01]","['12', '1', '9', '16', '19', '22', '2', '13', '21', '23', '24', '18']",0.141895873,0.002660285,"[0.141, 0.146, 0.14327111, 0.137, 0.141, 0.144, 0.141]","['12', '1', '11', '2', '13', '24', '18']"
C3H3N,acrylonitrile,C=CC#N,53.064,538.3071429,1.955291095,"[540.0, 540.0, 536.0, 536.15, 536.0, 540.0, 540.0]","['12', '11', '14', '19', '24', '21', '23']",46.14943799,0.443470753,"[46.6, 46.51162791, 45.6, 45.585, 46.6, 46.0]","['12', '11', '19', '24', '21', '23']",210.3366667,0.476118566,"[210.0, 210.0, 211.01]","['19', '24', '23']",0.33778791,0.017270503,"[0.35, 0.313363731, 0.35]","['12', '11', '24']"
C5H8,isoprene,C=CC(=C)C,68.06260026,484.0375,0.064951905,"[484.0, 484.0, 484.15, 484.0]","['9', '14', '19', '2']",38.5,0.0,"[38.5, 38.5, 38.5]","['9', '19', '2']",276.3366667,0.476118566,"[276.0, 276.0, 277.01]","['9', '19', '2']",0.158,0.0,[0.158],['2']
C3H4O2,acrylic acid,C=CC(=O)O,72.064,615.8225,0.749378909,"[616.57, 615.0, 615.15, 616.57]","['12', '14', '19', '21']",53.85243333,2.013534002,"[52.43, 56.7, 52.4273]","['12', '19', '21']",210.0,0.0,[210.0],['19'],0.518,0.0,[0.518],['12']
C4H6O2,methyl acrylate,C=CC(=O)OC,86.03677943,536.05,0.070710678,"[536.0, 536.15, 536.0]","['14', '19', '24']",42.573,0.027,"[42.6, 42.546]","['19', '24']",264.985,0.015,"[265.0, 264.97]","['19', '24']",0.35,0.0,[0.35],['24']
C5H8O2,ethyl acrylate,C=CC(=O)OCC,100.0524295,552.05,0.070710678,"[552.0, 552.15, 552.0]","['14', '19', '24']",37.4905,0.0095,"[37.5, 37.481]","['19', '24']",320.0,0.0,"[320.0, 320.0]","['19', '24']",0.4,0.0,[0.4],['24']
C7H12O2,butyl 2-propenoate,C=CC(=O)OCCCC,128.0837296,616.796,22.25549963,"[597.38, 601.2, 644.0, 644.0, 597.4]","['11', '14', '22', '21', '23']",29.48568608,0.0,[29.48568608],['11'],433.37,8.251937146,"[427.54, 427.53, 445.04]","['22', '21', '23']",0.483200296,0.0,[0.483200296],['11']
C6H12,"3,3-dimethyl-1-butene",C=CC(C)(C)C,84.09390038,485.03,6.23021669,"[490.2, 477.4, 490.0, 490.15, 477.4]","['9', '11', '14', '19', '23']",31.93666667,0.415558526,"[31.51, 32.5, 31.8]","['9', '19', '23']",342.65,3.74766594,"[340.0, 340.0, 347.95]","['9', '19', '23']",,,,
C5H10,3-methyl-1-butene,C=CC(C)C,70.134,453.5490909,3.62519079,"[452.7, 452.7, 452.69, 452.7, 452.7, 464.75, 452.7, 452.7, 452.7, 450.0, 452.7]","['12', '9', '11', '14', '16', '19', '22', '21', '23', '24', '18']",35.2492609,0.121180292,"[35.3, 35.3, 35.09224806, 35.2, 35.5, 35.3, 35.1, 35.1511, 35.3]","['12', '9', '11', '19', '22', '21', '23', '24', '18']",303.8388889,2.044327895,"[305.0, 304.9, 304.9, 300.0, 304.9, 304.88, 304.97, 300.03, 304.97]","['12', '9', '16', '19', '22', '21', '23', '24', '18']",0.208802404,0.001551618,"[0.21, 0.206209615, 0.209, 0.21]","['12', '11', '24', '18']"
C3H3Cl3,"3,3,3-Trichloro-1-propene",C=CC(Cl)(Cl)Cl,143.9300331,584.0,0.0,[584.0],['7'],45.2267,0.0,[45.2267],['7'],,,,,,,,
C3H4Cl2,"3,3-Dichloro-1-propene",C=CC(Cl)Cl,109.9690055,552.0,0.0,[552.0],['7'],44.277,0.0,[44.277],['7'],,,,,,,,
C3H3F3,"3,3,3-trifluoropropene",C=CC(F)(F)F,96.052,378.077875,0.892416164,"[378.59, 376.93, 378.563, 378.56, 376.2, 378.59, 378.6, 378.59]","['12', '1', '7', '11', '14', '21', '23', '18']",35.98727538,0.332244198,"[36.09, 35.179, 36.1811, 36.18082768, 36.09, 36.1, 36.09]","['12', '1', '7', '11', '21', '23', '18']",220.8895349,9.964712471,"[211.0, 232.5581395, 228.99, 211.01]","['12', '1', '23', '18']",0.261350832,0.004117881,"[0.265, 0.2604, 0.255003326, 0.265]","['12', '1', '11', '18']"
C9H12,1-Methylstyrene,C=CC1(C)C=CC=CC1,120.0939004,654.15,0.0,[654.15],['19'],34.0,0.0,[34.0],['19'],397.0,0.0,[397.0],['19'],,,,
C9H12,5-ethenylbicyclo[2.2.1]hept-2-ene,C=CC1CC2C=CC1C2,120.195,620.0,0.0,[620.0],['21'],33.0,0.0,[33.0],['21'],413.22,0.0,[413.22],['21'],,,,
C4H6,butadiene,C=CC=C,54.092,425.1183333,0.121869694,"[425.37, 425.135, 425.13, 425.0, 425.1, 425.2, 425.0, 425.15, 425.0, 425.17, 425.15, 425.0, 425.0, 425.0, 425.37]","['12', '1', '7', '9', '11', '14', '16', '19', '22', '2', '13', '24', '21', '23', '18']",43.16163985,0.212544182,"[43.3, 43.053, 43.2996, 43.2, 42.72361809, 43.3, 43.2, 43.0, 42.77, 43.2551, 43.2, 43.5, 43.3]","['12', '1', '7', '9', '11', '19', '22', '2', '13', '24', '21', '23', '18']",220.825046,0.264262731,"[220.8, 220.7505519, 221.0, 221.0, 221.0, 221.0, 220.02, 220.8, 220.99, 220.75, 220.99, 220.8]","['12', '1', '9', '16', '19', '22', '2', '13', '24', '21', '23', '18']",0.192013674,0.001829658,"[0.193, 0.192, 0.189095719, 0.192, 0.19, 0.195, 0.193]","['12', '1', '11', '2', '13', '24', '18']"
C10H18,"1,3-decadiene",C=CC=CCCCCCC,138.1408506,615.0,0.0,[615.0],['14'],,,,,,,,,,,,
C3H4O,acrolein,C=CC=O,56.02621475,506.05,0.070710678,"[506.0, 506.15, 506.0]","['14', '19', '24']",51.6815,0.0185,"[51.7, 51.663]","['19', '24']",197.0,0.0,[197.0],['19'],0.33,0.0,[0.33],['24']
C3H5Br,3-bromoprop-1-ene,C=CCBr,120.977,544.4,0.0,[544.4],['21'],,,,,,,,,,,,
C4H8,1-butene,C=CCC,56.108,419.444,0.256639825,"[419.59, 419.29, 419.29, 419.5, 419.29, 419.6, 419.5, 419.65, 419.5, 419.95, 419.29, 419.57, 418.75, 419.3, 419.59]","['12', '1', '7', '9', '11', '14', '16', '19', '22', '2', '13', '24', '21', '23', '18']",40.12662576,0.150973686,"[40.2, 40.051, 39.9382, 40.2, 39.78083491, 40.2, 40.2, 40.4, 40.06, 40.2161, 40.2, 40.0, 40.2]","['12', '1', '7', '9', '11', '19', '22', '2', '13', '24', '21', '23', '18']",239.1849214,1.954903947,"[239.93, 235.8490566, 240.0, 240.0, 240.0, 240.8, 241.02, 235.74, 239.98, 240.96, 236.02, 239.92]","['12', '1', '9', '16', '19', '22', '2', '13', '24', '21', '23', '18']",0.189823926,0.001958026,"[0.187, 0.192, 0.189767482, 0.19, 0.192, 0.191, 0.187]","['12', '1', '11', '2', '13', '24', '18']"
C4H5N,3-butenenitrile,C=CCC#N,67.04219916,585.15,0.212132034,"[585.0, 585.45, 585.0]","['14', '19', '24']",39.1535,0.3535,"[38.8, 39.507]","['19', '24']",264.985,0.015,"[265.0, 264.97]","['19', '24']",0.39,0.0,[0.39],['24']
C4H6O2,but-3-enoic acid,C=CCC(=O)O,86.09,644.6,0.0,[644.6],['21'],47.0344,0.0,[47.0344],['21'],,,,,,,,
C7H14,"4,4-dimethyl-1-pentene",C=CCC(C)(C)C,98.10955045,516.0,0.0,"[516.0, 516.0]","['11', '23']",29.1,0.0,[29.1],['23'],406.01,0.0,[406.01],['23'],,,,
C6H12,4-methyl-1-pentene,C=CCC(C)C,84.09390038,494.3666667,0.89566859,"[495.0, 493.1, 495.0, 495.0, 495.0, 493.1]","['9', '11', '16', '22', '21', '23']",32.53333333,0.518544973,"[32.9, 32.9, 31.8]","['9', '21', '23']",353.52,0.113137085,"[353.6, 353.6, 353.36]","['9', '16', '21']",,,,
C5H8,"1,4-Pentadiene",C=CCC=C,68.06260026,478.3833333,0.44032816,"[478.15, 479.0, 478.0]","['19', '13', '24']",37.72866667,0.232472699,"[37.9, 37.4, 37.886]","['19', '13', '24']",284.9233333,12.61242861,"[276.0, 302.76, 276.01]","['19', '13', '24']",0.094,0.01,"[0.084, 0.104]","['13', '24']"
C5H10,1-pentene,C=CCCC,70.134,464.838,0.254385534,"[464.8, 465.74, 464.8, 464.74, 464.8, 464.8, 464.78, 464.8, 464.78, 464.75, 464.78, 464.622, 464.74, 464.8]","['12', '1', '9', '11', '14', '16', '19', '22', '2', '13', '24', '21', '23', '18']",35.55127799,0.17681907,"[35.6, 35.98, 35.6, 35.47633588, 35.27, 35.6, 35.6, 35.6, 35.252, 35.537, 35.5, 35.6]","['12', '1', '9', '11', '19', '22', '2', '13', '24', '21', '23', '18']",297.3020894,3.050133783,"[298.0, 289.8550725, 298.0, 298.0, 293.0, 298.4, 294.99, 298.51, 300.03, 299.85, 301.02, 297.97]","['12', '1', '9', '16', '19', '22', '2', '13', '24', '21', '23', '18']",0.235260553,0.001473749,"[0.236, 0.233, 0.235823868, 0.236, 0.237, 0.233, 0.236]","['12', '1', '11', '2', '13', '24', '18']"
C5H8O2,pent-4-enoic acid,C=CCCC(=O)O,100.117,659.75,0.0,[659.75],['21'],40.7447,0.0,[40.7447],['21'],,,,,,,,
C6H10O,5-hexen-2-one,C=CCCC(C)=O,98.07316494,593.485,0.015,"[593.47, 593.5]","['11', '23']",35.61055995,0.51055995,"[36.1211199, 35.1]","['11', '23']",358.94,0.0,[358.94],['23'],0.395449967,0.0,[0.395449967],['11']
C7H14,5-methyl-1-hexene,C=CCCC(C)C,98.10955045,528.7,0.0,"[528.7, 528.7]","['11', '23']",29.0,0.0,[29.0],['23'],410.0,0.0,[410.0],['23'],,,,
C6H10,"1,5-hexadiene",C=CCCC=C,82.145,508.5257143,2.890594883,"[515.53, 508.0, 507.0, 508.0, 507.15, 507.0, 507.0]","['12', '9', '14', '16', '19', '24', '18']",34.8865,0.78747238,"[36.25, 34.454, 34.4, 34.442]","['12', '9', '19', '24']",327.9933333,0.00942809,"[328.0, 328.0, 327.98]","['9', '19', '24']",,,,
C6H12,1-hexene,C=CCCCC,84.161,504.0323077,0.046600404,"[504.0, 504.0, 504.07, 504.0, 504.0, 504.15, 504.0, 504.03, 504.05, 504.03, 503.99, 504.1, 504.0]","['12', '9', '11', '14', '16', '19', '22', '2', '13', '24', '21', '23', '18']",31.86394268,0.298790882,"[32.1, 32.1, 32.10636943, 32.06, 31.43, 31.4, 31.4, 31.707, 32.1, 32.0, 32.1]","['12', '9', '11', '19', '22', '2', '13', '24', '21', '23', '18']",356.0236364,8.195405889,"[355.0, 355.0, 355.0, 348.0, 355.1, 353.98, 353.61, 350.02, 354.61, 380.95, 354.99]","['12', '9', '16', '19', '22', '2', '13', '24', '21', '23', '18']",0.284198795,0.003118285,"[0.286, 0.288192771, 0.28, 0.28, 0.285, 0.286]","['12', '11', '2', '13', '24', '18']"
C7H14,1-heptene,C=CCCCCC,98.188,536.8588462,1.605586586,"[537.3, 537.3, 537.47, 531.3, 537.3, 537.35, 537.3, 537.29, 537.4, 537.29, 537.265, 537.3, 537.3]","['12', '9', '11', '14', '16', '19', '22', '2', '13', '24', '21', '23', '18']",28.90859659,0.395032325,"[29.2, 29.2, 28.52056248, 29.21, 29.2, 28.2, 29.2, 28.364, 29.2, 28.5, 29.2]","['12', '9', '11', '19', '22', '2', '13', '24', '21', '23', '18']",411.6436364,9.763964613,"[409.0, 409.0, 409.0, 402.0, 409.0, 413.05, 402.41, 439.95, 416.67, 409.0, 409.0]","['12', '9', '16', '19', '22', '2', '13', '24', '21', '23', '18']",0.341873576,0.009377725,"[0.344, 0.331241458, 0.33, 0.344, 0.358, 0.344]","['12', '11', '2', '13', '24', '18']"
C8H16,1-octene,C=CCCCCCC,112.215,566.8253846,0.175740429,"[567.0, 567.0, 566.583, 566.7, 567.0, 566.75, 567.0, 566.65, 567.05, 566.7, 566.717, 566.58, 567.0]","['12', '9', '11', '14', '16', '19', '22', '2', '13', '24', '21', '23', '18']",26.64095328,0.337443303,"[26.8, 26.8, 26.76348607, 26.75, 26.8, 25.7, 26.8, 26.237, 26.8, 26.8, 26.8]","['12', '9', '11', '19', '22', '2', '13', '24', '21', '23', '18']",466.8827273,3.876162795,"[468.0, 468.0, 468.0, 464.0, 468.0, 459.98, 467.51, 464.04, 476.19, 464.04, 467.95]","['12', '9', '16', '19', '22', '2', '13', '24', '21', '23', '18']",0.389057005,0.006058078,"[0.392, 0.395342028, 0.377, 0.392, 0.386, 0.392]","['12', '11', '2', '13', '24', '18']"
C9H18,1-nonene,C=CCCCCCCC,126.242,593.3727273,0.839199737,"[594.0, 593.7, 592.0, 594.0, 592.15, 594.0, 593.25, 592.0, 594.0, 594.0, 594.0]","['9', '11', '14', '16', '19', '22', '2', '24', '21', '23', '18']",23.54142857,0.346839962,"[23.3, 24.29, 23.4, 23.3, 23.4, 23.8, 23.3]","['12', '9', '19', '2', '24', '23', '18']",538.61,22.16084635,"[526.0, 526.0, 580.0, 526.0, 527.98, 580.05, 526.32, 529.1, 526.04]","['12', '9', '19', '22', '2', '24', '21', '23', '18']",0.419,0.008286535,"[0.417, 0.43, 0.41]","['2', '24', '18']"
C10H20,1-decene,C=CCCCCCCCC,140.269,616.5318182,0.621681271,"[617.0, 616.0, 617.0, 617.0, 616.45, 617.0, 616.4, 615.0, 617.0, 616.0, 617.0]","['9', '11', '14', '16', '19', '22', '2', '24', '21', '23', '18']",22.11611982,0.17712521,"[22.2, 22.2, 22.1981982, 22.18, 22.2, 22.1, 22.083, 22.2, 21.6, 22.2]","['12', '9', '11', '19', '22', '2', '24', '21', '23', '18']",592.148,19.58053922,"[584.0, 584.0, 584.0, 585.0, 584.0, 584.11, 650.2, 588.24, 593.82, 584.11]","['12', '9', '16', '19', '22', '2', '24', '21', '23', '18']",0.481965356,0.006112694,"[0.483861423, 0.478, 0.491, 0.475]","['11', '2', '24', '18']"
C11H22,1-undecene,C=CCCCCCCCCC,154.1721507,637.4625,0.717090475,"[638.7, 637.0, 637.15, 637.0]","['9', '14', '19', '24']",20.192,0.303174317,"[20.62, 20.0, 19.956]","['9', '19', '24']",647.1919807,4.80801935,"[652.0, 642.3839613]","['9', '19']",0.518,0.0,[0.518],['24']
C12H24,1-dodecene,C=CCCCCCCCCCC,168.323,657.645,0.366367302,"[658.0, 657.6, 657.0, 658.0, 657.65, 658.0, 657.0, 658.0, 657.6, 657.6]","['9', '11', '14', '16', '19', '22', '24', '21', '23', '18']",19.07861792,0.339044224,"[19.3, 19.3, 19.36966127, 18.5, 19.3, 18.5379, 19.3, 18.8, 19.3]","['12', '9', '11', '19', '22', '24', '21', '23', '18']",713.115,2.885,"[716.0, 710.23]","['9', '23']",0.566847075,0.006259728,"[0.571541226, 0.558, 0.571]","['11', '24', '18']"
C13H26,1-tridecene,C=CCCCCCCCCCCC,182.2034508,673.3583333,0.508606484,"[673.0, 673.0, 674.0, 673.0, 674.15, 673.0]","['9', '11', '14', '16', '19', '23']",17.26917764,0.159753277,"[17.3, 17.37671056, 17.0, 17.4]","['9', '11', '19', '23']",775.41,5.59,"[781.0, 769.82]","['9', '23']",0.617982957,0.0,[0.617982957],['11']
C14H28,1-tetradecene,C=CCCCCCCCCCCCC,196.2191009,690.5916667,1.110711734,"[691.7, 691.0, 691.0, 691.7, 689.15, 689.0]","['9', '11', '14', '16', '19', '24']",15.71012973,0.123668113,"[15.9, 15.74031891, 15.6, 15.6002]","['9', '11', '19', '24']",846.0,0.0,[846.0],['9'],0.637392072,0.006607929,"[0.630784143, 0.644]","['11', '24']"
C15H30,1-pentadecene,C=CCCCCCCCCCCCCC,210.234751,704.525,0.477624329,"[705.0, 705.0, 704.0, 705.0, 704.15, 704.0]","['9', '11', '14', '16', '19', '24']",15.03752848,0.447672415,"[15.4, 15.56291391, 14.6, 14.5872]","['9', '11', '19', '24']",912.0,0.0,[912.0],['9'],0.693766887,0.011766887,"[0.705533774, 0.682]","['11', '24']"
C16H32,1-hexadecene,C=CCCCCCCCCCCCCCC,224.250401,717.6916667,0.438193894,"[718.0, 718.0, 718.0, 718.0, 717.15, 717.0]","['9', '11', '14', '16', '19', '24']",13.55479245,0.210119097,"[13.9, 13.54716981, 13.4, 13.372]","['9', '11', '19', '24']",955.5,22.5,"[978.0, 933.0]","['9', '19']",0.722269098,0.001269098,"[0.723538196, 0.721]","['11', '24']"
C17H34,1-heptadecene,C=CCCCCCCCCCCCCCCC,238.2660511,734.0,0.0,"[734.0, 734.0, 734.0, 734.0, 734.0]","['9', '11', '14', '16', '10']",13.40621572,0.00879036,"[13.4, 13.41864717, 13.4]","['9', '11', '10']",1045.0,0.0,[1045.0],['9'],,,,
C18H36,1-octadecene,C=CCCCCCCCCCCCCCCCC,252.2817012,745.45,4.032103315,"[748.0, 748.0, 748.0, 748.0, 739.15, 748.0, 739.0]","['9', '11', '14', '16', '19', '23', '24']",12.30851034,0.805683291,"[13.0, 12.89655172, 11.3, 13.0, 11.346]","['9', '11', '19', '23', '24']",1114.785,3.785,"[1111.0, 1118.57]","['9', '23']",0.800087062,0.006912938,"[0.793174124, 0.807]","['11', '24']"
C19H38,1-nonadecene,C=CCCCCCCCCCCCCCCCCC,266.2973512,755.0,0.0,"[755.0, 755.0, 755.0, 755.0, 755.0]","['9', '11', '14', '16', '23']",11.93617245,0.045266643,"[11.9, 11.90851735, 12.0]","['9', '11', '23']",1186.585,9.585,"[1177.0, 1196.17]","['9', '23']",,,,
C20H40,1-eicosene,C=CCCCCCCCCCCCCCCCCCC,280.3130013,772.0,0.0,"[772.0, 772.0, 772.0, 772.0, 772.0]","['9', '11', '14', '16', '10']",11.38431373,0.02218374,"[11.4, 11.35294118, 11.4]","['9', '11', '10']",1244.0,0.0,[1244.0],['9'],,,,
C3H5Cl,3-Chloro-1-propene,C=CCCl,76.00797784,511.82,4.510498864,"[502.8, 514.0, 514.15, 514.15, 514.0]","['7', '14', '19', '18', '6']",46.91185,0.68815,"[46.2237, 47.6]","['7', '19']",234.0,0.0,[234.0],['19'],,,,
C3H5F,3-Fluoro-1-propene,C=CCF,60.03752838,410.0,0.0,[410.0],['7'],47.9113,0.0,[47.9113],['7'],,,,,,,,
C3H7N,2-propene-1-amine,C=CCN,57.05784922,540.0,0.0,"[540.0, 540.0]","['11', '23']",48.25714286,0.042857145,"[48.21428571, 48.3]","['11', '23']",217.01,0.0,[217.01],['23'],,,,
C3H6O,allyl alcohol,C=CCO,58.08,543.315,2.361466705,"[545.1, 539.85, 539.85, 545.1, 545.15, 545.1, 545.1, 539.8, 543.0, 545.1]","['12', '7', '11', '14', '19', '22', '21', '23', '24', '18']",58.9368312,3.429419283,"[66.59, 57.6017, 57.59628721, 57.1, 57.6, 57.133]","['12', '7', '11', '19', '23', '24']",209.3266667,8.947257805,"[203.0, 221.98, 203.0]","['19', '23', '24']",0.631135727,0.001135727,"[0.632271454, 0.63]","['11', '24']"
C4H8O,3-methoxy-1-propene,C=CCOC,72.05751488,491.8,0.0,[491.8],['7'],39.925,0.0,[39.925],['7'],,,,,,,,
C5H10O,3-ethoxy-1-propene,C=CCOCC,86.07316494,518.0,0.0,"[518.0, 518.0, 518.0, 518.0]","['11', '21', '23', '3']",,,,,320.0,0.0,[320.0],['23'],,,,
C6H10S,diallyl sulfide,C=CCSCC=C,114.0503213,653.075,0.075,"[653.0, 653.15]","['14', '19']",,,,,,,,,,,,
C2H3Cl,Chloroethylene,C=CCl,62.49822,427.3405,3.111357702,"[424.964, 424.96, 425.0, 425.0, 429.75, 432.0, 432.05, 425.0]","['1', '7', '11', '14', '19', '2', '13', '23']",54.88848615,3.796443138,"[55.903, 45.6755, 56.44090305, 56.0, 57.5, 56.7, 56.0]","['1', '7', '11', '19', '2', '13', '23']",175.2011886,4.312397885,"[177.9359431, 169.0, 178.99, 179.08, 171.0]","['1', '19', '2', '13', '23']",0.132510816,0.029595779,"[0.161, 0.163043263, 0.106, 0.1]","['1', '11', '2', '13']"
C2H3F,vinyl fluoride,C=CF,46.044,327.836,0.03720215,"[327.8, 327.83, 327.9, 327.85, 327.8]","['12', '7', '14', '19', '18']",52.505,0.181865335,"[52.4, 52.82, 52.4, 52.4]","['12', '7', '19', '18']",134.0033333,14.14449324,"[144.0, 114.0, 144.01]","['12', '19', '18']",0.143,0.0,"[0.143, 0.143]","['12', '18']"
C3H6O,vinyl methyl ether,C=COC,58.04186481,436.05,0.070710678,"[436.0, 436.15, 436.0]","['14', '19', '24']",47.6055,0.0055,"[47.6, 47.611]","['19', '24']",205.0,0.0,"[205.0, 205.0]","['19', '24']",0.34,0.0,[0.34],['24']
C4H6O2,vinyl acetate,C=COC(C)=O,86.09,518.4955556,6.449427384,"[519.13, 519.19, 525.0, 501.55, 519.13, 525.0, 519.13, 519.2, 519.13]","['12', '11', '14', '19', '2', '24', '21', '23', '18']",38.88636151,6.707557704,"[41.36, 41.73553055, 22.7, 39.3, 43.559, 41.85, 41.7]","['12', '11', '19', '2', '24', '21', '23']",267.245,2.284846822,"[265.0, 269.98, 264.97, 269.03]","['19', '2', '24', '23']",0.351409551,0.010975863,"[0.366228654, 0.348, 0.34]","['11', '2', '24']"
C3H3F3O,Trifluoromethoxyethene,C=COC(F)(F)F,112.0135994,378.0,0.0,[378.0],['7'],30.88,0.0,[30.88],['7'],,,,,,,,
C3H4O2,vinyl formate,C=COC=O,72.02112937,475.05,0.070710678,"[475.0, 475.15, 475.0]","['14', '19', '24']",57.7705,0.0295,"[57.8, 57.741]","['19', '24']",210.0,0.0,"[210.0, 210.0]","['19', '24']",,,,
C4H8O,ethyl vinyl ether,C=COCC,72.107,475.05,0.070710678,"[475.15, 475.0, 475.0, 475.0, 475.15, 475.0, 475.0, 475.0, 475.15]","['12', '7', '11', '14', '19', '21', '23', '24', '18']",40.66992383,0.059035711,"[40.7, 40.5906, 40.5982906, 40.7, 40.7479, 40.6, 40.7226, 40.7]","['12', '7', '11', '19', '21', '23', '24', '18']",260.6666667,0.935746879,"[260.0, 261.99, 260.01]","['19', '23', '24']",0.268818198,0.002604061,"[0.267, 0.273272791, 0.268, 0.267]","['12', '11', '24', '18']"
C4H5F3O,"(2,2,2-Trifluoroethoxy)ethene",C=COCC(F)(F)F,126.0292494,465.0,0.0,[465.0],['7'],31.6327,0.0,[31.6327],['7'],,,,,,,,
C6H12O,1-(ethenyloxy)butane,C=COCCCC,100.088815,540.375,0.216506351,"[540.5, 540.5, 540.5, 540.0]","['11', '22', '21', '23']",31.64603641,0.333024576,"[31.73810922, 32.0, 31.2]","['11', '21', '23']",381.255,2.325,"[383.58, 378.93]","['21', '23']",0.353596274,0.0,[0.353596274],['11']
C8H8,"benzene, ethenyl-",C=Cc1ccccc1,104.0626003,636.3125,8.664682265,"[635.2, 647.0, 635.2, 617.1, 636.95, 636.0, 636.05, 647.0]","['11', '14', '16', '17', '19', '2', '13', '24']",38.15728455,1.071813807,"[38.73170732, 36.9, 36.8, 38.2, 38.4, 39.912]","['11', '17', '19', '2', '13', '24']",350.2833333,2.32227379,"[347.0, 351.99, 351.86]","['19', '2', '13']",0.284343332,0.019490743,"[0.301029996, 0.295, 0.257]","['11', '13', '24']"
C9H10,o-methylstyrene,C=Cc1ccccc1C,118.0782503,645.0,0.0,[645.0],['14'],,,,,,,,,,,,
CH2O,formaldehyde,C=O,30.01056468,408.04,0.058309519,"[408.0, 408.15, 408.0, 408.05, 408.0]","['14', '19', '2', '13', '24']",65.91125,0.05594361,"[66.0, 65.9, 65.9, 65.845]","['19', '2', '13', '24']",111.6866667,4.728250792,"[105.0, 115.0, 115.06]","['19', '2', '13']",0.272,0.01344123,"[0.282, 0.281, 0.253]","['2', '13', '24']"
CH3Br,methyl bromide,CBr,94.939,463.2285714,6.934791023,"[467.0, 464.0, 446.55, 467.0, 467.05, 464.0, 467.0]","['12', '14', '19', '2', '13', '24', '18']",82.137,3.285044292,"[78.48, 86.1, 80.0, 80.0, 86.105]","['12', '19', '2', '13', '24']",155.98,0.050199602,"[156.0, 156.0, 156.01, 155.88, 156.01]","['12', '19', '2', '13', '18']",0.212,0.035220733,"[0.192, 0.192, 0.191, 0.273]","['12', '2', '13', '24']"
C2H6,ethane,CC,30.07,305.3544,0.047041542,"[305.32, 305.322, 305.406, 305.3, 305.358, 305.4, 305.3, 305.4, 305.45, 305.32, 305.32, 305.32, 305.36, 305.42, 305.32]","['12', '1', '7', '9', '11', '14', '16', '17', '19', '22', '2', '13', '23', '24', '18']",48.75249486,0.103551067,"[48.72, 48.722, 48.7952, 48.72, 48.77923323, 48.8, 49.0, 48.72, 48.5, 48.72, 48.8, 48.786, 48.72]","['12', '1', '7', '9', '11', '17', '19', '22', '2', '13', '23', '24', '18']",146.1189801,0.908653967,"[145.5, 145.8387816, 145.5, 145.5, 148.0, 145.5, 146.01, 145.96, 146.01, 147.99, 145.5]","['12', '1', '9', '16', '19', '22', '2', '13', '23', '24', '18']",0.099447553,0.000681217,"[0.1, 0.0995, 0.099632871, 0.098, 0.1, 0.099, 0.1]","['12', '1', '11', '2', '13', '24', '18']"
C4H6,2-butyne,CC#CC,54.04695019,482.49,7.585275209,"[488.7, 488.65, 473.2, 473.2, 488.7]","['14', '19', '2', '13', '24']",49.78825,1.088376859,"[50.9, 48.7, 48.7, 50.853]","['19', '2', '13', '24']",220.945,0.083815273,"[221.0, 220.99, 220.8, 220.99]","['19', '2', '13', '24']",0.200333333,0.053977362,"[0.239, 0.238, 0.124]","['2', '13', '24']"
C5H8,pent-2-yne,CC#CCC,68.119,519.0,0.0,[519.0],['2'],40.2,0.0,[40.2],['2'],276.01,0.0,[276.01],['2'],0.174,0.0,[0.174],['2']
C6H10,hex-2-yne,CC#CCCC,82.146,549.0,0.0,[549.0],['2'],35.3,0.0,[35.3],['2'],331.02,0.0,[331.02],['2'],0.221,0.0,[0.221],['2']
C2H3N,acetonitrile,CC#N,41.053,545.75125,0.866608872,"[545.0, 545.41, 548.0, 545.55, 545.5, 545.55, 545.5, 545.5]","['12', '11', '14', '19', '2', '13', '24', '18']",48.47323749,0.152445279,"[48.7, 48.66256246, 48.5, 48.5, 48.3, 48.3201, 48.33]","['12', '11', '19', '2', '13', '24', '18']",173.06,0.09246621,"[173.0, 173.01, 173.22, 173.01]","['19', '2', '13', '24']",0.336418603,0.004801503,"[0.338, 0.341511619, 0.34, 0.334, 0.327, 0.338]","['12', '11', '2', '13', '24', '18']"
C6H12O,"3,3-dimethyl-2-butanone",CC(=O)C(C)(C)C,100.088815,566.9175,3.992545397,"[570.92, 562.95, 562.9, 570.9]","['11', '19', '21', '23']",35.50504808,1.194951925,"[34.31009615, 36.7]","['11', '23']",383.0,0.0,[383.0],['23'],0.286845598,0.0,[0.286845598],['11']
C5H10O,methyl isopropyl ketone,CC(=O)C(C)C,86.134,555.05625,4.781437905,"[553.4, 553.1, 553.45, 567.7, 553.0, 553.3, 553.1, 553.4]","['12', '11', '19', '22', '2', '21', '23', '18']",37.95470467,0.687953441,"[38.0, 37.98763736, 38.5, 36.2, 38.4, 38.25, 38.3, 38.0]","['12', '11', '19', '22', '2', '21', '23', '18']",311.9428571,3.860764966,"[310.0, 310.0, 310.0, 312.99, 309.6, 321.03, 309.98]","['12', '19', '22', '2', '21', '23', '18']",0.329610093,0.011499387,"[0.321, 0.327440372, 0.349, 0.321]","['12', '11', '2', '18']"
C5H3F7O,"3,4,4,4-tetrafluoro-3-(trifluoromethyl)-2-butanone",CC(=O)C(F)(C(F)(F)F)C(F)(F)F,212.0072123,467.6133333,0.018856181,"[467.6, 467.6, 467.64]","['11', '14', '8']",25.1731381,0.0468619,"[25.1262762, 25.22]","['11', '8']",409.33,0.0,[409.33],['8'],0.415668776,0.0,[0.415668776],['11']
C6H3F9O,"1,1,1,2,2,3,3,4,4-nonafluorohexan-5-one",CC(=O)C(F)(F)C(F)(F)C(F)(F)C(F)(F)F,262.0040187,498.97,0.0,[498.97],['11'],21.98105727,0.0,[21.98105727],['11'],,,,,0.474955193,0.0,[0.474955193],['11']
C5H3F7O,"1,1,1,2,2,3,3-heptafluoropentan-4-one",CC(=O)C(F)(F)C(F)(F)C(F)(F)F,212.0072123,476.55,0.0,[476.55],['11'],25.74276145,0.0,[25.74276145],['11'],,,,,0.461803422,0.0,[0.461803422],['11']
C4H3F5O,"3,3,4,4,4-pentafluoro-2-butanone",CC(=O)C(F)(F)C(F)(F)F,162.0104058,453.0,0.0,"[453.0, 453.0]","['11', '14']",28.83513686,0.0,[28.83513686],['11'],,,,,0.411168274,0.0,[0.411168274],['11']
C6H10O,"3-penten-2-one, 4-methyl-",CC(=O)C=C(C)C,98.07316494,605.0,0.0,"[605.0, 605.0, 605.0, 605.0]","['11', '22', '21', '23']",39.24492002,0.612414576,"[39.23476005, 40.0, 38.5]","['11', '21', '23']",353.2566667,0.197709102,"[353.43, 353.36, 352.98]","['22', '21', '23']",0.349692477,0.0,[0.349692477],['11']
C5H8O2,acetylacetone,CC(=O)CC(C)=O,100.117,646.65,0.0,[646.65],['18'],42.39,0.0,[42.39],['12'],,,,,,,,
C6H12O,4-methyl-2-pentanone,CC(=O)CC(C)C,100.161,573.5745,1.682246192,"[574.6, 575.37, 574.6, 571.15, 574.6, 571.4, 573.025, 575.4, 571.0, 574.6]","['12', '11', '14', '19', '22', '2', '21', '23', '24', '18']",33.03535235,0.523492155,"[32.7, 33.96517119, 32.7, 32.7, 32.7, 33.133, 34.0, 32.72, 32.7]","['12', '11', '19', '22', '2', '21', '23', '24', '18']",365.918,13.01579717,"[371.0, 340.6, 369.0, 377.93, 371.06]","['19', '22', '2', '23', '24']",0.368707096,0.015000042,"[0.356, 0.35753548, 0.389, 0.385, 0.356]","['12', '11', '2', '24', '18']"
C7H14O,5-methyl-2-hexanone,CC(=O)CCC(C)C,114.1044651,604.05,0.05,"[604.1, 604.0]","['11', '23']",29.0,0.0,[29.0],['23'],434.03,0.0,[434.03],['23'],,,,
C2H3ClO,acetyl chloride,CC(=O)Cl,77.9872424,508.075,0.075,"[508.0, 508.15]","['14', '19']",58.8,0.0,[58.8],['19'],204.0,0.0,[204.0],['19'],,,,
C4H9NO,"N,N-Dimethylacetamide",CC(=O)N(C)C,87.06841391,637.15,0.0,[637.15],['19'],39.2,0.0,[39.2],['19'],,,,,,,,
C2H4O2,acetic acid,CC(=O)O,60.053,592.816,0.927256167,"[591.95, 593.0, 594.5, 592.71, 594.45, 591.95, 591.95, 592.7, 593.0, 591.95]","['12', '11', '14', '19', '22', '2', '13', '24', '23', '18']",57.82746585,0.145196593,"[57.86, 57.85365854, 57.86, 57.9, 57.4, 57.86, 57.842, 57.939, 57.9, 57.86]","['12', '11', '19', '22', '2', '13', '24', '21', '23', '18']",174.8588889,4.195880108,"[179.7, 171.3, 171.0, 178.99, 179.79, 171.0, 171.26, 171.0, 179.69]","['12', '19', '22', '2', '13', '24', '21', '23', '18']",0.460695762,0.006953159,"[0.467, 0.457174573, 0.463, 0.463, 0.447, 0.467]","['12', '11', '2', '13', '24', '18']"
C6H12O2,"1,1-dimethylethyl ethanoate",CC(=O)OC(C)(C)C,116.0837296,541.1,0.1,"[541.2, 541.0]","['11', '23']",30.17666853,0.176668535,"[30.35333707, 30.0]","['11', '23']",399.04,0.0,[399.04],['23'],0.374687549,0.0,[0.374687549],['11']
C4H6O3,acetic anhydride,CC(=O)OC(C)=O,102.09,600.47,11.85523513,"[606.0, 606.0, 606.0, 606.15, 606.0, 606.05, 587.5, 606.0, 569.0, 606.0]","['12', '11', '14', '19', '2', '13', '21', '23', '24', '18']",41.12074182,2.276291249,"[40.0, 40.18567639, 40.0, 39.7, 40.0, 43.4, 40.0, 46.801, 40.0]","['12', '11', '19', '2', '13', '21', '23', '24', '18']",290.818,1.60601868,"[290.0, 290.02, 290.02, 294.03, 290.02]","['19', '2', '13', '23', '24']",0.450058487,0.003941513,"[0.454, 0.446116973]","['12', '11']"
C5H10O2,isopropyl acetate,CC(=O)OC(C)C,102.133,531.4716667,0.398765456,"[532.0, 531.08, 531.15, 531.5, 531.1, 532.0]","['12', '11', '19', '21', '23', '18']",32.98607611,0.105858123,"[32.9, 33.13038054, 32.9, 33.1, 32.9]","['12', '11', '21', '23', '18']",343.05,0.0,[343.05],['23'],0.372371838,0.006182713,"[0.368, 0.381115515, 0.368]","['12', '11', '18']"
C6H10O4,ethylidene diethanoate,CC(=O)OC(C)OC(C)=O,146.0579088,618.1,0.1,"[618.2, 618.0]","['11', '23']",30.35128205,1.35128205,"[31.7025641, 29.0]","['11', '23']",457.04,0.0,[457.04],['23'],,,,
C6H12O2,isobutyl acetate,CC(=O)OCC(C)C,116.16,561.6717,1.129025248,"[560.8, 561.3, 561.0, 563.9, 561.15, 561.0, 563.767, 562.0, 561.0, 560.8]","['12', '11', '14', '17', '19', '22', '21', '23', '24', '18']",30.80193331,0.831383904,"[30.1, 29.76139979, 31.8, 31.6, 31.6, 30.95, 29.7, 31.606, 30.1]","['12', '11', '17', '19', '22', '21', '23', '24', '18']",404.66,17.83500378,"[414.0, 413.0, 413.22, 369.0, 414.08]","['19', '22', '21', '23', '24']",0.444114265,0.020226498,"[0.434, 0.42945706, 0.479, 0.434]","['12', '11', '24', '18']"
C7H14O2,3-methylbutyl acetate,CC(=O)OCCC(C)C,130.187,591.783125,6.005179503,"[586.1, 586.1, 599.0, 599.15, 599.0, 592.715, 586.1, 586.1]","['12', '11', '14', '19', '22', '21', '23', '18']",27.69321221,0.183203996,"[27.6, 27.65927324, 28.1, 27.6, 27.6, 27.6]","['12', '11', '22', '21', '23', '18']",464.04,0.0,[464.04],['23'],0.490227987,0.001736635,"[0.489, 0.49268396, 0.489]","['12', '11', '18']"
C8H8O2,phenyl ethanoate,CC(=O)Oc1ccccc1,136.0524295,685.7,0.0,[685.7],['11'],35.97586569,0.0,[35.97586569],['11'],,,,,0.42945706,0.0,[0.42945706],['11']
C8H8O,acetophenone,CC(=O)c1ccccc1,120.151,709.5863636,3.106158905,"[709.6, 709.5, 714.0, 709.55, 713.0, 709.5, 709.5, 710.7, 709.5, 701.0, 709.6]","['12', '11', '14', '19', '22', '2', '13', '21', '23', '24', '18']",39.59712117,1.160299643,"[40.1, 40.1300905, 38.5, 38.5, 38.4, 42.05, 40.1, 38.494, 40.1]","['12', '11', '19', '2', '13', '21', '23', '24', '18']",382.5944444,4.758333301,"[386.0, 386.0, 380.23, 385.95, 386.4, 383.88, 373.0, 375.94, 385.95]","['12', '19', '22', '2', '13', '21', '23', '24', '18']",0.382895117,0.018503738,"[0.383, 0.382370702, 0.365, 0.364, 0.42, 0.383]","['12', '11', '2', '13', '24', '18']"
C3H6Br2,"1,2-dibromopropane",CC(Br)CBr,199.8836244,652.0,0.0,[652.0],['11'],46.30681818,0.0,[46.30681818],['11'],,,,,0.238824187,0.0,[0.238824187],['11']
C10H22,"2,2,3,4,4-Pentamethyl-pentane",CC(C(C)(C)C)C(C)(C)C,142.1721507,627.35,0.0,[627.35],['19'],24.0,0.0,[24.0],['19'],521.0,0.0,[521.0],['19'],,,,
C4H4F6,"1,1,1,3,3,3-Hexafluoro-2-methylpropane",CC(C(F)(F)F)C(F)(F)F,166.0217194,431.0,0.0,[431.0],['7'],29.6802,0.0,[29.6802],['7'],,,,,,,,
C5H12,neopentane,CC(C)(C)C,72.15,433.7735833,0.040717438,"[433.8, 433.74, 433.8, 433.713, 433.8, 433.8, 433.85, 433.75, 433.74, 433.78, 433.71, 433.8]","['12', '1', '9', '11', '14', '16', '19', '22', '13', '21', '23', '18']",31.97193023,0.014095589,"[31.96, 31.96, 31.96, 31.97530227, 31.97, 31.99, 31.96, 31.984, 32.0, 31.96]","['12', '1', '9', '11', '19', '22', '13', '21', '23', '18']",306.7710398,2.3548997,"[307.0, 305.8103976, 307.0, 307.0, 307.0, 303.2, 303.12, 308.93, 311.62, 307.03]","['12', '1', '9', '16', '19', '22', '13', '21', '23', '18']",0.196211947,0.00031205,"[0.196, 0.1961, 0.196747789, 0.196]","['12', '1', '11', '18']"
C8H18,"2,2,3,3-tetramethylbutane",CC(C)(C)C(C)(C)C,114.1408506,567.8125,0.021650635,"[567.8, 567.8, 567.85, 567.8]","['9', '14', '19', '22']",28.82666667,0.179133718,"[29.08, 28.7, 28.7]","['9', '19', '22']",468.0,9.899494937,"[461.0, 461.0, 482.0]","['9', '19', '22']",,,,
C10H20,"1,1-dimethylethylcyclohexane",CC(C)(C)C1CCCCC1,140.1565006,656.21,3.437499091,"[652.0, 659.0, 659.05, 659.0, 652.0]","['11', '14', '19', '21', '23']",27.77381161,0.840319523,"[28.52143482, 26.6, 28.2]","['11', '19', '23']",537.06,0.0,[537.06],['23'],0.329754147,0.0,[0.329754147],['11']
C9H20,"2,2,4,4-tetramethylpentane",CC(C)(C)CC(C)(C)C,128.258,574.6285,0.050102395,"[574.6, 574.6, 574.61, 574.7, 574.6, 574.75, 574.6, 574.625, 574.6, 574.6]","['12', '9', '11', '14', '16', '19', '22', '21', '23', '18']",24.88452799,0.021180887,"[24.9, 24.9, 24.85122394, 24.85, 24.9, 24.875, 24.9, 24.9]","['12', '9', '11', '19', '22', '21', '23', '18']",509.588,11.16100605,"[504.0, 504.0, 504.0, 531.91, 504.03]","['12', '9', '22', '23', '18']",0.313282415,0.001014819,"[0.314, 0.311847244, 0.314]","['12', '11', '18']"
C10H22,"2,2,5,5-tetramethylhexane",CC(C)(C)CCC(C)(C)C,142.285,581.448125,0.074746969,"[581.4, 581.41, 581.6, 581.55, 581.4, 581.425, 581.4, 581.4]","['12', '11', '14', '19', '22', '21', '23', '18']",21.89142632,0.014573494,"[21.9, 21.85998421, 21.9, 21.9, 21.88, 21.9, 21.9]","['12', '11', '19', '22', '21', '23', '18']",586.44,13.44,"[573.0, 599.88]","['19', '23']",0.375544714,0.002058085,"[0.377, 0.372634143, 0.377]","['12', '11', '18']"
C6H14O,"3,3-dimethyl-1-butanol",CC(C)(C)CCO,102.177,,,,,,,,,376.4333333,0.655709963,"[376.0, 375.94, 377.36]","['12', '18', '18']",,,,
C5H12O,"2,2-dimethyl-1propanol",CC(C)(C)CO,88.088815,549.075,0.075,"[549.0, 549.15]","['14', '19']",39.5,0.0,[39.5],['19'],319.0,0.0,[319.0],['19'],,,,
C4H9Cl,2-chloro-2-methylpropane,CC(C)(C)Cl,92.03927797,503.342,4.541701884,"[497.76, 507.0, 507.15, 497.8, 507.0]","['11', '14', '19', '23', '24']",38.669,1.180164678,"[39.5, 37.0, 39.507]","['19', '23', '24']",299.3233333,6.121189064,"[295.0, 307.98, 294.99]","['19', '23', '24']",0.19,0.0,[0.19],['24']
C4H11N,tert-butylamine,CC(C)(C)N,73.138,483.8525,0.098329802,"[483.9, 483.67, 483.9, 483.9, 483.95, 483.9, 483.7, 483.9]","['12', '11', '14', '17', '19', '21', '23', '18']",38.43973179,0.04637244,"[38.4, 38.47812251, 38.5, 38.4, 38.4, 38.5, 38.4]","['12', '11', '17', '19', '21', '23', '18']",292.68,0.411825206,"[293.0, 292.0, 292.4, 293.0, 293.0]","['12', '19', '21', '23', '18']",0.275514776,0.000728003,"[0.275, 0.276544328, 0.275]","['12', '11', '18']"
C4H10O,tert-butanol,CC(C)(C)O,74.123,506.413,0.546146195,"[506.21, 506.106, 506.04, 506.2, 508.0, 506.25, 506.21, 506.21, 507.12, 506.2, 506.2, 506.21]","['12', '7', '11', '14', '17', '19', '22', '2', '21', '23', '24', '18']",40.07449714,0.743336952,"[39.73, 39.7428, 39.87706856, 42.3, 39.72, 39.73, 39.9, 40.58, 39.8, 39.7096, 39.73]","['12', '7', '11', '17', '19', '22', '2', '21', '23', '24', '18']",276.59375,2.692271056,"[275.0, 275.0, 275.0, 276.01, 278.71, 282.97, 275.03, 275.03]","['12', '19', '22', '2', '21', '23', '24', '18']",0.613036927,0.001620807,"[0.612, 0.616184634, 0.613, 0.612, 0.612]","['12', '11', '2', '24', '18']"
C8H18O,di-tert-butyl ether,CC(C)(C)OC(C)(C)C,130.23,551.25,2.165063509,"[550.0, 550.0, 555.0, 550.0]","['12', '14', '21', '18']",23.045,1.205,"[21.84, 24.25]","['12', '21']",501.25,0.0,[501.25],['21'],,,,
C4H10S,2-Methyl-2-propanethiol,CC(C)(C)S,90.05032132,530.15,0.0,[530.15],['19'],,,,,,,,,,,,
C18H30,"1,3,5-tritert-butylbenzene",CC(C)(C)c1cc(C(C)(C)C)cc(C(C)(C)C)c1,246.438,700.5,0.0,[700.5],['10'],,,,,,,,,,,,
C14H22,"1,4-bis(1,1-dimethylethyl)benzene",CC(C)(C)c1ccc(C(C)(C)C)cc1,190.1721507,708.0,0.0,"[708.0, 708.0, 708.0, 708.0, 708.0, 708.0]","['11', '14', '22', '21', '23', '18']",22.82251309,0.375750182,"[23.16753927, 23.0, 22.3]","['11', '21', '23']",731.35,1.004091629,"[729.93, 732.06, 732.06]","['21', '23', '18']",0.510041521,0.0,[0.510041521],['11']
C10H14O2,"4-tert-butylbenzene-1,2-diol",CC(C)(C)c1ccc(O)c(O)c1,166.22,775.0,0.0,[775.0],['21'],37.0,0.0,[37.0],['21'],558.66,0.0,[558.66],['21'],,,,
C14H22,"1,3-ditert-butylbenzene",CC(C)(C)c1cccc(C(C)(C)C)c1,190.33,687.6,0.0,[687.6],['10'],,,,,,,,,,,,
C10H14,tert-butylbenzene,CC(C)(C)c1ccccc1,134.1095504,656.0416667,5.651284269,"[660.0, 648.1, 660.0, 660.15, 648.0, 660.0]","['9', '11', '14', '19', '23', '24']",29.81494901,0.147537319,"[29.703, 29.99074503, 29.7, 30.0, 29.681]","['9', '11', '19', '23', '24']",485.31,8.088193041,"[492.0, 490.0, 473.93]","['9', '19', '23']",0.308124894,0.043124893,"[0.351249787, 0.265]","['11', '24']"
C5H12O2,"2,2-dimethylpropane-1,3-diol",CC(C)(CO)CO,104.149,687.0,0.0,[687.0],['10'],42.0,0.0,[42.0],['10'],,,,,,,,
C4H8Cl2,"1,2-Dichloro-2-methylpropane",CC(C)(Cl)CCl,126.0003056,573.0,0.0,[573.0],['7'],36.583,0.0,[36.583],['7'],,,,,,,,
C3H6Cl2,"2,2-dichloropropane",CC(C)(Cl)Cl,111.9846556,529.0,0.0,[529.0],['11'],42.90348743,0.0,[42.90348743],['11'],,,,,0.280668713,0.0,[0.280668713],['11']
C3H6ClF,2-Chloro-2-fluoropropane,CC(C)(F)Cl,96.01420609,528.0,0.0,[528.0],['7'],37.4538,0.0,[37.4538],['7'],,,,,,,,
C7H8F8O,"3,3,4,4,5,5,6,6-octafluoro-2-methyl-2-hexanol",CC(C)(O)C(F)(F)C(F)(F)C(F)(F)C(F)F,260.124,589.4,0.0,[589.4],['8'],24.3,0.0,[24.3],['8'],533.05,0.0,[533.05],['8'],,,,
C6H12,"2,3-dimethyl-2-butene",CC(C)=C(C)C,84.09390038,523.0083333,1.420216142,"[524.0, 521.0, 524.0, 524.05, 524.0, 521.0]","['9', '11', '14', '19', '21', '23']",33.74666667,0.179876501,"[33.64, 33.6, 34.0]","['9', '19', '23']",348.6666667,3.299831646,"[351.0, 351.0, 344.0]","['9', '19', '23']",,,,
C5H8O2,3-methylbut-2-enoic acid,CC(C)=CC(=O)O,100.117,661.84,0.0,[661.84],['21'],36.0992,0.0,[36.0992],['21'],,,,,,,,
C8H16,"2,4,4-trimethyl-2-pentene",CC(C)=CC(C)(C)C,112.1252005,563.2,0.0,[563.2],['9'],26.55,0.0,[26.55],['9'],457.0,0.0,[457.0],['9'],,,,
C3H6O,acetone,CC(C)=O,58.08,508.1615,0.092683602,"[508.2, 508.1, 508.065, 508.4, 508.15, 508.1, 508.2, 508.1, 508.1, 508.2]","['12', '1', '11', '17', '19', '22', '2', '13', '23', '18']",47.08270556,0.244218691,"[47.02, 46.924, 47.04305556, 47.8, 47.0, 47.0, 47.1, 46.92, 47.0, 47.02]","['12', '1', '11', '17', '19', '22', '2', '13', '23', '18']",212.6684397,4.988325102,"[209.0, 212.7659574, 209.0, 209.0, 210.0, 211.95, 222.32, 220.99, 208.99]","['12', '1', '19', '22', '2', '13', '21', '23', '18']",0.30668915,0.000763898,"[0.306, 0.3071, 0.308034897, 0.307, 0.306, 0.306]","['12', '1', '11', '2', '13', '18']"
C3H7Br,2-Bromopropane,CC(C)Br,121.9731123,532.05,0.05,"[532.1, 532.0]","['19', '21']",,,,,264.0110656,0.0,[264.0110656],['19'],,,,
C4H10,isobutane,CC(C)C,58.123,407.8990857,0.130338827,"[407.8, 407.81, 407.8542, 408.14, 407.843, 407.9, 407.8, 407.85, 407.85, 408.14, 407.81, 407.84, 408.15, 407.8]","['12', '1', '7', '9', '11', '14', '16', '19', '22', '2', '13', '23', '24', '18']",36.36767572,0.077895273,"[36.4, 36.29, 36.3923, 36.48, 36.39180869, 36.3, 36.4, 36.2, 36.29, 36.4, 36.468, 36.4]","['12', '1', '7', '9', '11', '19', '22', '2', '13', '23', '24', '18']",259.9481763,2.361165961,"[259.0, 257.7481153, 262.7, 259.0, 263.0, 262.7, 261.03, 257.14, 259.04, 256.0, 263.02, 259.0]","['12', '1', '9', '16', '19', '22', '2', '13', '21', '23', '24', '18']",0.182917465,0.002448764,"[0.184, 0.184, 0.184422252, 0.177, 0.184, 0.183, 0.184]","['12', '1', '11', '2', '13', '24', '18']"
C7H14O,"2,4-dimethylpentan-3-one",CC(C)C(=O)C(C)C,114.188,576.0,0.0,[576.0],['2'],30.6,0.0,[30.6],['2'],415.97,0.0,[415.97],['2'],0.411,0.0,[0.411],['2']
C4H8O2,isobutanoic acid,CC(C)C(=O)O,88.106,606.035,1.617103893,"[605.0, 605.0, 609.0, 605.15, 605.0, 605.0, 607.2, 605.0, 609.0, 605.0]","['12', '11', '14', '19', '22', '2', '21', '23', '24', '18']",37.40128049,1.180796244,"[37.0, 36.8902439, 37.0, 36.8, 37.0, 37.0, 40.52, 37.0]","['12', '11', '19', '2', '21', '23', '24', '18']",292.1442857,1.732816511,"[292.0, 292.0, 290.0, 291.04, 296.03, 291.97, 291.97]","['12', '19', '22', '2', '23', '24', '18']",0.616196591,0.003917624,"[0.614, 0.617982957, 0.612, 0.623, 0.614]","['12', '11', '2', '24', '18']"
C7H16,"2,2,3-trimethylbutane",CC(C)C(C)(C)C,100.204,531.168,0.063213923,"[531.17, 531.17, 531.13, 531.1, 531.1, 531.25, 531.1, 531.19, 531.3, 531.17]","['12', '9', '11', '14', '16', '19', '22', '21', '23', '18']",29.54877395,0.083618169,"[29.54, 29.536, 29.40919158, 29.54, 29.5, 29.725, 29.6, 29.54]","['12', '9', '11', '19', '22', '21', '23', '18']",398.3625,1.002705715,"[398.0, 398.0, 398.0, 398.0, 397.6, 398.41, 400.96, 397.93]","['12', '9', '16', '19', '22', '21', '23', '18']",0.249573632,0.000602975,"[0.25, 0.248720896, 0.25]","['12', '11', '18']"
C10H22,"2,2,3,3,4-Pentamethyl-pentane",CC(C)C(C)(C)C(C)(C)C,142.1721507,643.85,0.0,[643.85],['19'],25.8,0.0,[25.8],['19'],508.0,0.0,[508.0],['19'],,,,
C9H20,"2,3,3,4-tetramethylpentane",CC(C)C(C)(C)C(C)C,128.258,607.4485,0.188865693,"[607.5, 607.5, 607.51, 607.1, 607.5, 607.75, 607.1, 607.525, 607.5, 607.5]","['12', '9', '11', '14', '16', '19', '22', '21', '23', '18']",27.18533623,0.018179785,"[27.2, 27.2, 27.1573536, 27.16, 27.18, 27.2, 27.2]","['12', '9', '11', '19', '21', '23', '18']",495.432,11.775572,"[493.0, 481.0, 493.0, 517.06, 493.1]","['12', '9', '22', '23', '18']",0.313758126,0.000342061,"[0.314, 0.313274379, 0.314]","['12', '11', '18']"
C6H14O,"2,3-dimethyl-2-butanol",CC(C)C(C)(C)O,102.177,,,,,,,,,373.985,0.015,"[374.0, 373.97]","['12', '18']",,,,
C6H14,"2,3-dimethylbutane",CC(C)C(C)C,86.177,500.0516667,0.188052889,"[500.0, 500.6, 499.98, 500.16, 499.9, 500.0, 499.9, 499.9, 499.98, 500.2, 500.0, 500.0]","['12', '1', '9', '11', '14', '16', '19', '22', '2', '23', '13', '18']",31.39363459,0.116241149,"[31.5, 31.61, 31.268, 31.33834586, 31.31, 31.3, 31.3, 31.3, 31.51, 31.5]","['12', '1', '9', '11', '19', '22', '2', '23', '13', '18']",359.1320779,1.486539282,"[361.0, 357.1428571, 361.0, 361.0, 358.0, 357.6, 358.04, 358.55, 358.04, 359.07, 361.01]","['12', '1', '9', '16', '19', '22', '2', '21', '23', '13', '18']",0.247898709,0.001744598,"[0.25, 0.247, 0.246493543, 0.246, 0.25]","['12', '1', '11', '2', '18']"
C9H20,"2,2,3,4-tetramethylpentane",CC(C)C(C)C(C)(C)C,128.258,592.5935,0.156621359,"[592.6, 592.15, 592.61, 592.7, 592.6, 592.75, 592.7, 592.625, 592.6, 592.6]","['12', '9', '11', '14', '16', '19', '22', '21', '23', '18']",25.87555091,0.247695845,"[26.0, 25.648496, 26.02591129, 26.02, 25.3, 26.01, 26.0, 26.0]","['12', '9', '11', '19', '22', '21', '23', '18']",495.404,10.82801108,"[490.0, 490.0, 490.0, 517.06, 489.96]","['12', '9', '22', '23', '18']",0.31378791,0.00029994,"[0.314, 0.313363731, 0.314]","['12', '11', '18']"
C8H18,"2,3,4-trimethylpentane",CC(C)C(C)C(C)C,114.231,566.3867,0.066663408,"[566.4, 566.4, 566.37, 566.3, 566.4, 566.55, 566.3, 566.347, 566.4, 566.4]","['12', '9', '11', '14', '16', '19', '22', '21', '23', '18']",27.2606354,0.073624741,"[27.3, 27.3, 27.08608321, 27.3, 27.3, 27.299, 27.2, 27.3]","['12', '9', '11', '19', '22', '21', '23', '18']",459.9875,1.569241457,"[460.0, 460.0, 460.0, 461.0, 456.2, 460.83, 461.89, 459.98]","['12', '9', '16', '19', '22', '21', '23', '18']",0.314157013,0.001192164,"[0.315, 0.312471039, 0.315]","['12', '11', '18']"
C10H22,"2,3,4,5-Tetramethylhexane",CC(C)C(C)C(C)C(C)C,142.1721507,613.25,0.0,[613.25],['19'],23.4,0.0,[23.4],['19'],530.0,0.0,[530.0],['19'],,,,
C10H22,"2,2,4,5-Tetramethylhexane",CC(C)C(C)CC(C)(C)C,142.1721507,598.55,0.0,[598.55],['19'],22.2,0.0,[22.2],['19'],544.0,0.0,[544.0],['19'],,,,
C6H14O,"2,3-dimethyl-1-butanol",CC(C)C(C)CO,102.177,,,,,,,,,374.4533333,2.055323711,"[373.0, 373.0, 377.36]","['12', '18', '18']",,,,
C5H12O,3-methyl-2-butanol,CC(C)C(C)O,88.15,556.10625,0.016535946,"[556.1, 556.1, 556.1, 556.15, 556.1, 556.1, 556.1, 556.1]","['12', '11', '14', '19', '22', '23', '21', '18']",38.74266826,0.105056235,"[38.7, 38.6986778, 38.7, 38.7, 39.0, 38.7, 38.7]","['12', '11', '19', '22', '23', '21', '18']",336.02,0.0,[336.02],['23'],0.515637311,0.00363731,"[0.512, 0.519274621]","['12', '11']"
C4H8Cl2,"1,1-Dichloro-2-methylpropane",CC(C)C(Cl)Cl,126.0003056,582.0,0.0,[582.0],['7'],36.7318,0.0,[36.7318],['7'],,,,,,,,
C8H18O2,"2,2,4-Trimethyl-1,3-pentanediol",CC(C)C(O)C(C)(C)CO,146.1306798,671.15,0.0,[671.15],['19'],25.9,0.0,[25.9],['19'],364.6,0.0,[364.6],['19'],,,,
C13H22,p-diisopropylphenylmethane,CC(C)C1=CCC(C)(C(C)C)C=C1,178.1721507,795.0,0.0,[795.0],['14'],,,,,,,,,,,,
C6H12,isopropylcyclopropane,CC(C)C1CC1,84.161,,,,,,,,,333.115,0.005,"[333.12, 333.11]","['12', '18']",,,,
C8H16,i-propylcyclopentane,CC(C)C1CCCC1,112.1252005,601.075,0.075,"[601.15, 601.0, 601.15, 601.0]","['9', '14', '19', '24']",29.99233333,0.00620609,"[29.9922, 30.0, 29.9848]","['9', '19', '24']",422.0,0.0,[422.0],['9'],0.24,0.0,[0.24],['24']
C9H18,i-propylcyclohexane,CC(C)C1CCCCC1,126.1408506,636.94,3.870581352,"[640.15, 632.2, 640.0, 640.15, 632.2]","['9', '11', '14', '19', '23']",29.257,1.232543982,"[28.371, 28.4, 31.0]","['9', '19', '23']",478.515,5.515,"[473.0, 484.03]","['9', '23']",,,,
C10H20,Isopropylcycloheptane,CC(C)C1CCCCCC1,140.1565006,607.65,0.0,[607.65],['19'],,,,,,,,,,,,
C4H8O,isobutyraldehyde,CC(C)C=O,72.05751488,513.05,0.070710678,"[513.0, 513.15, 513.0]","['14', '19', '24']",41.5165,0.0165,"[41.5, 41.533]","['19', '24']",273.985,0.015,"[274.0, 273.97]","['19', '24']",0.35,0.0,[0.35],['24']
C4H9Br,Isobutyl bromide,CC(C)CBr,135.9887624,567.225,0.025,"[567.25, 567.2]","['19', '21']",,,,,,,,,,,,
C5H10O2,3-methylbutanoic acid,CC(C)CC(=O)O,102.133,629.343125,0.784940036,"[629.09, 629.0, 629.0, 629.15, 629.0, 631.415, 629.0, 629.09]","['12', '11', '14', '19', '22', '21', '23', '18']",34.95693859,1.35982527,"[36.88, 33.98163155, 34.0, 34.0, 34.0, 36.88]","['12', '11', '19', '21', '23', '18']",326.07,20.44952974,"[311.6, 354.99, 311.62]","['12', '23', '18']",0.671250661,0.015201861,"[0.682, 0.649751982, 0.682]","['12', '11', '18']"
C8H18,"2,2,4-trimethylpentane",CC(C)CC(C)(C)C,114.231,543.8927273,0.082911882,"[543.8, 544.0, 543.8, 543.91, 543.9, 543.8, 544.05, 543.9, 543.96, 543.9, 543.8]","['12', '1', '9', '11', '14', '16', '19', '22', '2', '23', '18']",25.68946588,0.032063358,"[25.7, 25.72, 25.7, 25.68035883, 25.68, 25.7, 25.6, 25.7143, 25.7, 25.7]","['12', '1', '9', '11', '19', '22', '2', '21', '23', '18']",469.0128113,2.577531252,"[468.0, 471.6981132, 468.0, 468.0, 468.0, 469.7, 464.9, 468.82, 475.06, 467.95]","['12', '1', '9', '16', '19', '22', '2', '21', '23', '18']",0.302711247,0.000882328,"[0.303, 0.303, 0.303556237, 0.301, 0.303]","['12', '1', '11', '2', '18']"
C10H22,"2,3,3,5-Tetramethylhexane",CC(C)CC(C)(C)C(C)C,142.1721507,610.15,0.0,[610.15],['19'],23.2,0.0,[23.2],['19'],531.0,0.0,[531.0],['19'],,,,
C7H16,"2,4-dimethylpentane",CC(C)CC(C)C,100.204,519.856,0.189377929,"[519.8, 519.79, 519.75, 519.7, 519.8, 519.85, 519.7, 520.37, 520.0, 519.8]","['12', '9', '11', '14', '16', '19', '22', '21', '23', '18']",27.39143307,0.058113433,"[27.4, 27.368, 27.28346457, 27.37, 27.4, 27.51, 27.4, 27.4]","['12', '9', '11', '19', '22', '21', '23', '18']",417.39625,1.028955022,"[418.0, 418.0, 418.0, 418.0, 417.5, 416.67, 414.94, 418.06]","['12', '9', '16', '19', '22', '21', '23', '18']",0.301387425,0.000866312,"[0.302, 0.300162274, 0.302]","['12', '11', '18']"
C10H22,"2,2,3,5-Tetramethylhexane",CC(C)CC(C)C(C)(C)C,142.1721507,601.35,0.0,[601.35],['19'],22.7,0.0,[22.7],['19'],540.0,0.0,[540.0],['19'],,,,
C9H20,"2,3,5-trimethylhexane",CC(C)CC(C)C(C)C,128.258,579.4,0.0,[579.4],['9'],24.1,0.0,[24.1],['9'],509.6366667,0.964722182,"[509.0, 511.0, 508.91]","['12', '9', '18']",,,,
C10H22,"2,4,6-Trimethylheptane",CC(C)CC(C)CC(C)C,142.1721507,590.35,0.0,[590.35],['19'],21.5,0.0,[21.5],['19'],560.0,0.0,[560.0],['19'],,,,
C6H14O,4-methyl-2-pentanol,CC(C)CC(C)O,102.177,574.435,0.052836225,"[574.4, 574.36, 574.5, 574.45, 574.5, 574.4]","['12', '11', '14', '19', '22', '18']",35.65666667,5.271725419,"[30.87, 43.0, 33.1]","['12', '19', '22']",380.0,0.0,[380.0],['19'],,,,
C9H18,i-butylcyclopentane,CC(C)CC1CCCC1,126.1408506,625.65,0.0,[625.65],['9'],27.35775,0.0,[27.35775],['9'],482.0,0.0,[482.0],['9'],,,,
C10H20,isobutyl cyclohexane,CC(C)CC1CCCCC1,140.1565006,653.4166667,8.002326051,"[659.0, 659.15, 642.1]","['14', '19', '23']",28.65,2.55,"[31.2, 26.1]","['19', '23']",550.06,0.0,[550.06],['23'],,,,
C9H20,"2,2,5-trimethylhexane",CC(C)CCC(C)(C)C,128.258,569.49,0.710914903,"[569.8, 569.8, 569.9, 568.0, 569.8, 568.15, 569.8, 569.85, 570.0, 569.8]","['12', '9', '11', '14', '16', '19', '22', '21', '23', '18']",23.47,0.752761582,"[23.49, 22.49, 23.3, 24.6]","['12', '9', '19', '23']",526.0125,12.14600629,"[519.0, 519.0, 519.0, 547.05]","['9', '19', '22', '23']",,,,
C8H18,"2,5-dimethylhexane",CC(C)CCC(C)C,114.231,549.87575,0.462139116,"[550.0, 550.0, 550.01, 550.1, 550.0, 550.15, 550.0, 548.4975, 550.0, 550.0]","['12', '9', '11', '14', '16', '19', '22', '21', '23', '18']",24.89100927,0.01198843,"[24.9, 24.9, 24.87607417, 24.87, 24.9, 24.882, 24.9, 24.9]","['12', '9', '11', '19', '22', '21', '23', '18']",482.49875,1.001491856,"[482.0, 482.0, 482.0, 482.0, 482.0, 483.09, 484.97, 481.93]","['12', '9', '16', '19', '22', '21', '23', '18']",0.357515775,0.000684798,"[0.358, 0.356547324, 0.358]","['12', '11', '18']"
C10H22,"2,3,6-Trimethylheptane",CC(C)CCC(C)C(C)C,142.1721507,604.15,0.0,[604.15],['19'],21.9,0.0,[21.9],['19'],560.0,0.0,[560.0],['19'],,,,
C11H24,"2,4,7-Trimethyloctane",CC(C)CCC(C)CC(C)C,156.1878008,608.85,0.0,[608.85],['19'],,,,,,,,,,,,
C10H22,"2,2,6-Trimethylheptane",CC(C)CCCC(C)(C)C,142.1721507,593.45,0.0,[593.45],['19'],21.3,0.0,[21.3],['19'],573.0,0.0,[573.0],['19'],,,,
C9H20,"2,6-dimethylheptane",CC(C)CCCC(C)C,128.1565006,577.8,0.0,[577.8],['9'],23.0284884,0.0,[23.0284884],['9'],535.0,0.0,[535.0],['9'],,,,
C30H62,squalane,CC(C)CCCC(C)CCCC(C)CCCCC(C)CCCC(C)CCCC(C)C,422.485152,796.0,0.0,"[796.0, 796.0]","['14', '23']",6.0,0.0,[6.0],['23'],2061.86,0.0,[2061.86],['23'],,,,
C10H22,"2,7-Dimethyloctane",CC(C)CCCCC(C)C,142.1721507,602.95,0.0,[602.95],['19'],21.0,0.0,[21.0],['19'],590.0,0.0,[590.0],['19'],,,,
C6H14O,4-methyl-1-pentanol,CC(C)CCCO,102.177,603.5016667,0.02608746,"[603.5, 603.46, 603.5, 603.55, 603.5, 603.5]","['12', '11', '14', '19', '22', '18']",36.3,0.0,"[36.3, 36.3]","['12', '18']",379.97,0.03,"[380.0, 379.94]","['12', '18']",0.591,0.0,"[0.591, 0.591]","['12', '18']"
C5H11Cl,1-chloro-3-methylbutane,CC(C)CCCl,106.596,560.0,0.0,[560.0],['21'],,,,,,,,,,,,
C5H12O,3-methyl-1-butanol,CC(C)CCO,88.15,578.1222222,1.014919567,"[577.2, 579.2, 579.4, 577.25, 579.4, 577.2, 577.25, 579.0, 577.2]","['12', '11', '14', '19', '22', '2', '13', '23', '18']",39.45559562,0.700649302,"[39.3, 39.40136054, 39.3, 39.1, 39.0, 39.3, 41.399, 39.0, 39.3]","['12', '11', '19', '22', '2', '13', '21', '23', '18']",329.375,3.386299603,"[329.0, 327.01, 326.48, 335.01]","['19', '2', '13', '23']",0.585206142,0.009546549,"[0.589, 0.567030709, 0.586, 0.595, 0.589]","['12', '11', '2', '13', '18']"
C6H12O2,3-methylbutyl methanoate,CC(C)CCOC=O,116.0837296,577.9333333,0.094280904,"[577.8, 578.0, 578.0]","['11', '14', '22']",31.3,0.0,[31.3],['22'],411.4,0.0,[411.4],['22'],,,,
C5H11NO2,3-methyl-1-nitrosooxybutane,CC(C)CCON=O,117.148,476.8,0.0,[476.8],['8'],50.7,0.0,[50.7],['8'],,,,,,,,
C5H12S,3-methyl-1-butyl mercaptan,CC(C)CCS,104.0659714,600.6666667,4.714045208,"[604.0, 604.0, 594.0]","['14', '22', '4']",35.0,0.0,[35.0],['22'],,,,,,,,
C10H22S,diisopentyl sulfide,CC(C)CCSCCC(C)C,174.1442217,664.0,0.0,"[664.0, 664.0]","['14', '4']",,,,,,,,,,,,
C4H11N,isobutyl amine,CC(C)CN,73.08914935,522.41,5.035712462,"[528.5, 519.0, 519.15, 528.5, 516.9]","['14', '17', '19', '22', '21']",40.53333333,0.23570226,"[40.7, 40.7, 40.2]","['17', '19', '22']",284.0,0.0,[284.0],['19'],,,,
C8H19N,2-methyl-N-(2-methylpropyl)propanamine,CC(C)CNCC(C)C,129.1517496,584.3866667,0.018856181,"[584.36, 584.4, 584.4]","['11', '14', '5']",32.00109529,0.00109529,"[32.00219058, 32.0]","['11', '5']",,,,,,,,
C4H10O,isobutanol,CC(C)CO,74.123,547.898,0.262632824,"[547.78, 548.44, 548.4, 547.8, 547.7, 547.75, 547.78, 547.75, 547.8, 547.78]","['12', '7', '11', '14', '17', '19', '22', '13', '24', '18']",42.99445566,0.045555446,"[43.0, 43.1047, 42.94440094, 43.0, 42.95, 43.0, 43.0, 42.951, 43.0]","['12', '7', '11', '17', '19', '22', '13', '24', '18']",272.9133333,0.193792558,"[273.0, 273.0, 273.0, 272.48, 273.0, 273.0]","['12', '19', '22', '13', '24', '18']",0.586673463,0.003826069,"[0.585, 0.581367313, 0.59, 0.592, 0.585]","['12', '11', '13', '24', '18']"
C8H16O2,2-methylpropyl isobutanoate,CC(C)COC(=O)C(C)C,144.214,601.9933333,0.07007932,"[602.0, 601.9, 602.0, 602.15, 602.0, 601.89, 602.0, 602.0, 602.0]","['12', '11', '14', '19', '22', '21', '23', '18', '3']",23.375,1.125,"[22.25, 24.5]","['12', '22']",529.94,0.0,[529.94],['23'],,,,
C9H18O2,2-methylpropyl 3-methylbutanoate,CC(C)COC(=O)CC(C)C,158.1306798,621.175,0.203613195,"[621.5, 621.0, 621.15, 621.4, 621.0, 621.0]","['11', '14', '19', '21', '23', '3']",,,,,581.06,0.0,[581.06],['23'],,,,
C5H10O2,isobutyl formate,CC(C)COC=O,102.133,551.2166667,0.168325082,"[551.35, 551.4, 551.0, 551.3, 551.15, 551.0, 551.4, 551.0, 551.35]","['12', '11', '14', '17', '19', '22', '21', '23', '18']",38.83142857,0.068957248,"[38.81, 38.8, 38.8, 38.8, 38.8, 39.0, 38.81]","['12', '17', '19', '22', '21', '23', '18']",353.2783333,2.882894475,"[352.0, 350.0, 352.0, 354.74, 358.94, 351.99]","['12', '19', '22', '21', '23', '18']",0.39,0.0,"[0.39, 0.39]","['12', '18']"
C4H10S,2-Methyl-1-propanethiol,CC(C)CS,90.05032132,559.35,0.24832774,"[559.55, 559.0, 559.5]","['19', '2', '21']",40.6,0.0,[40.6],['2'],307.03,0.0,[307.03],['2'],0.253,0.0,[0.253],['2']
C10H14,isobutylbenzene,CC(C)Cc1ccccc1,134.221,650.3020909,0.771414339,"[650.0, 650.15, 650.3, 650.0, 650.0, 650.15, 650.0, 650.0, 652.723, 650.0, 650.0]","['12', '9', '11', '14', '16', '19', '22', '24', '21', '23', '18']",30.41968339,0.154560445,"[30.5, 30.398, 30.38785047, 30.5, 30.5, 30.4913, 30.5, 30.0, 30.5]","['12', '9', '11', '19', '22', '24', '21', '23', '18']",477.5316667,10.94699718,"[478.0, 456.0, 480.0, 480.08, 493.1, 478.01]","['12', '9', '19', '24', '23', '18']",0.380965986,0.001035132,"[0.382, 0.379863945, 0.38, 0.382]","['12', '11', '24', '18']"
C3H7Cl,2-Chloropropane,CC(C)Cl,78.0236279,484.4785714,2.216795812,"[482.4, 482.4, 485.0, 485.15, 489.0, 482.4, 485.0]","['7', '11', '14', '19', '2', '23', '24']",44.51361479,2.108795373,"[42.6109, 42.46478873, 47.2, 45.1, 42.5, 47.206]","['7', '11', '19', '2', '23', '24']",237.985,8.020917965,"[230.0, 246.97, 244.98, 229.99]","['19', '2', '23', '24']",0.215894229,0.014939083,"[0.219682688, 0.196, 0.232]","['11', '2', '24']"
C3H7F,2-Fluoropropane,CC(C)F,62.05317844,410.4,0.0,[410.4],['7'],42.4408,0.0,[42.4408],['7'],,,,,,,,
C3H9N,isopropylamine,CC(C)N,59.111,474.1072727,6.956284393,"[471.85, 472.23, 471.8, 496.1, 471.85, 471.8, 471.85, 471.8, 471.85, 472.2, 471.85]","['12', '11', '14', '17', '19', '22', '2', '24', '21', '23', '18']",45.60200906,0.534912741,"[45.4, 45.53809065, 47.2, 45.4, 45.4, 45.4, 45.382, 45.4, 45.5, 45.4]","['12', '11', '17', '19', '22', '2', '24', '21', '23', '18']",222.215,3.321389017,"[221.0, 221.0, 221.0, 220.99, 220.99, 220.75, 231.0, 220.99]","['12', '19', '22', '2', '24', '21', '23', '18']",0.278617674,0.006235275,"[0.276, 0.274088368, 0.276, 0.291, 0.276]","['12', '11', '2', '24', '18']"
C6H15N,diisopropylamine,CC(C)NC(C)C,101.192,523.03,0.155747048,"[523.1, 523.06, 523.1, 523.1, 522.65, 523.1, 523.1]","['12', '11', '14', '2', '21', '23', '18']",31.09996151,0.900038495,"[32.0, 30.19976905, 32.0, 30.2, 30.2, 32.0]","['12', '11', '2', '21', '23', '18']",412.005,5.005,"[417.01, 407.0]","['2', '23']",0.378423119,0.016587644,"[0.388, 0.349692477, 0.388, 0.388]","['12', '11', '2', '18']"
C3H8O,isopropyl alcohol,CC(C)O,60.096,509.1288,2.490524635,"[508.31, 508.268, 508.3, 516.6, 508.35, 508.3, 508.3, 508.25, 508.3, 508.31]","['12', '7', '14', '17', '19', '22', '2', '13', '24', '18']",48.31797778,1.905495469,"[47.64, 47.4908, 53.7, 47.64, 47.62, 47.9, 47.62, 47.611, 47.64]","['12', '7', '17', '19', '22', '2', '13', '24', '18']",220.2042857,0.327014947,"[220.13, 220.0, 220.0, 220.99, 220.17, 220.02, 220.12]","['12', '19', '22', '2', '13', '24', '18']",0.6672,0.002712932,"[0.669, 0.67, 0.663, 0.665, 0.669]","['12', '2', '13', '24', '18']"
C6H14O,diisopropyl ether,CC(C)OC(C)C,102.177,500.1534286,0.120578199,"[500.05, 500.17, 500.3, 500.32, 499.984, 500.2, 500.05]","['12', '11', '14', '19', '21', '23', '18']",28.54628284,0.196816973,"[28.8, 28.32219706, 28.32, 28.5355, 28.5, 28.8]","['12', '11', '19', '21', '23', '18']",385.975,0.025,"[386.0, 386.0, 385.95, 385.95]","['12', '19', '23', '18']",0.336849016,0.003041951,"[0.339, 0.332547047, 0.339]","['12', '11', '18']"
C4H8O2,1-methylethyl methanoate,CC(C)OC=O,88.0524295,530.0833333,6.422919032,"[534.65, 521.0, 534.6]","['11', '17', '23']",39.65252153,0.246314377,"[39.45756458, 40.0, 39.5]","['11', '17', '23']",294.03,0.0,[294.03],['23'],0.199970641,0.0,[0.199970641],['11']
C12H28O4Si,Tetraisopropyl orthosilicate,CC(C)O[Si](OC(C)C)(OC(C)C)OC(C)C,264.1756859,587.0,0.0,[587.0],['11'],13.10267857,0.0,[13.10267857],['11'],,,,,,,,
C3H8S,2-Propanethiol,CC(C)S,76.03467126,517.325,0.025,"[517.35, 517.3]","['19', '21']",,,,,,,,,,,,
C6H14S,Diisopropyl sulfide,CC(C)SC(C)C,118.0816214,664.15,0.0,[664.15],['19'],,,,,,,,,,,,
C10H20O,"(1R,2S,5R)-5-methyl-2-propan-2-ylcyclohexan-1-ol",CC(C)[C@@H]1CC[C@@H](C)C[C@H]1O,156.1514153,694.0,0.0,[694.0],['11'],,,,,,,,,,,,
C3H7NO2,2-Nitropropane,CC(C)[N+](=O)[O-],89.04767846,617.95,0.0,[617.95],['19'],,,,,,,,,,,,
C18H30,"1,2,4,5-tetra(propan-2-yl)benzene",CC(C)c1cc(C(C)C)c(C(C)C)cc1C(C)C,246.438,703.0,0.0,[703.0],['23'],16.5,0.0,[16.5],['23'],983.28,0.0,[983.28],['23'],,,,
C12H18,"1,4-diisopropylbenzene",CC(C)c1ccc(C(C)C)cc1,162.1408506,675.0,0.0,[675.0],['11'],23.86002121,0.0,[23.86002121],['11'],610.13,0.0,[610.13],['23'],0.486649201,0.0,[0.486649201],['11']
C9H12,cumene,CC(C)c1ccccc1,120.194,631.0883571,0.213386171,"[631.0, 631.1, 631.2, 631.1, 631.2, 631.7, 631.05, 631.0, 631.1, 631.05, 631.1, 630.637, 631.0, 631.0]","['12', '9', '11', '14', '16', '17', '19', '22', '2', '13', '24', '21', '23', '18']",31.93707399,0.322456534,"[32.09, 32.09, 31.87878788, 32.0, 32.09, 32.09, 31.8, 32.09, 32.1121, 30.914, 32.0, 32.09]","['12', '9', '11', '17', '19', '22', '2', '13', '24', '21', '23', '18']",430.369,3.637613091,"[434.0, 427.0, 429.0, 434.7, 429.0, 433.84, 428.08, 431.03, 423.01, 434.03]","['12', '9', '19', '22', '2', '13', '24', '21', '23', '18']",0.325384398,0.001999239,"[0.327, 0.32330639, 0.322, 0.327, 0.326, 0.327]","['12', '11', '2', '13', '24', '18']"
C16H34,"2,2,4,4,6,8,8-heptamethylnonane",CC(CC(C)(C)C)CC(C)(C)CC(C)(C)C,226.446,692.15,0.381881308,"[692.0, 691.9, 693.0, 692.0, 692.0, 692.0]","['12', '11', '22', '21', '23', '18']",15.25000454,0.716940782,"[13.85, 15.70002269, 15.7, 15.7, 15.3]","['12', '11', '22', '21', '23']",956.94,0.0,[956.94],['23'],0.548213564,0.0,[0.548213564],['11']
C4H8Cl2,"1,3-Dichloro-2-methylpropane",CC(CCl)CCl,126.0003056,624.0,0.0,[624.0],['7'],37.0732,0.0,[37.0732],['7'],,,,,,,,
C4H10O2,"2-Methyl-1,3-propanediol",CC(CO)CO,90.06807956,708.0,0.0,"[708.0, 708.0, 708.0]","['7', '11', '10']",53.76377974,0.198314183,"[53.7766, 53.51473923, 54.0]","['7', '11', '10']",,,,,0.623423043,0.0,[0.623423043],['11']
C3H4Cl4,"1,1,2,2-Tetrachloropropane",CC(Cl)(Cl)C(Cl)Cl,179.9067108,651.0,0.0,[651.0],['7'],36.5704,0.0,[36.5704],['7'],,,,,,,,
C3H5Cl3,"1,2,2-Trichloropropane",CC(Cl)(Cl)CCl,145.9456832,613.0,0.0,[613.0],['7'],39.6549,0.0,[39.6549],['7'],,,,,,,,
C2H3Cl3,"1,1,1-trichloroethane",CC(Cl)(Cl)Cl,133.403,545.2,0.361708907,"[545.0, 546.0, 545.0, 545.15, 545.05, 545.0]","['12', '7', '14', '19', '13', '18']",43.14632,0.29264,"[43.0, 43.7316, 43.0, 43.0, 43.0]","['12', '7', '19', '13', '18']",280.9,0.0,[280.9],['13'],0.217666667,0.000471405,"[0.218, 0.217, 0.218]","['12', '13', '18']"
C3H3Cl3,"1,1,2-Trichloro-1-propene",CC(Cl)=C(Cl)Cl,143.9300331,590.0,0.0,[590.0],['7'],40.0341,0.0,[40.0341],['7'],,,,,,,,
C3H4Cl2,"1,2-Dichloro-1-propene",CC(Cl)=CCl,109.9690055,542.0,0.0,[542.0],['7'],43.4335,0.0,[43.4335],['7'],,,,,,,,
C4H8Cl2,"2,3-Dichlorobutane",CC(Cl)C(C)Cl,126.0003056,600.0,0.0,[600.0],['7'],38.0264,0.0,[38.0264],['7'],,,,,,,,
C3H4Cl4,"1,1,1,2-Tetrachloropropane",CC(Cl)C(Cl)(Cl)Cl,179.9067108,648.0,0.0,[648.0],['7'],36.3557,0.0,[36.3557],['7'],,,,,,,,
C3H5Cl3,"1,1,2-Trichloropropane",CC(Cl)C(Cl)Cl,145.9456832,630.0,0.0,[630.0],['7'],40.8266,0.0,[40.8266],['7'],,,,,,,,
C3H4ClF3,"2-Chloro-1,1,1-trifluoropropane",CC(Cl)C(F)(F)F,131.9953625,484.0,0.0,[484.0],['7'],32.7171,0.0,[32.7171],['7'],,,,,,,,
C4H8Cl2,"1,3-Dichlorobutane",CC(Cl)CCCl,126.0003056,618.0,0.0,[618.0],['7'],38.8696,0.0,[38.8696],['7'],,,,,,,,
C3H6Cl2,"1,2-Dichloropropane",CC(Cl)CCl,111.9846556,577.075,1.949038224,"[578.15, 577.3, 578.0, 577.15, 578.0, 572.0, 578.0, 578.0]","['7', '11', '14', '19', '22', '2', '21', '23']",45.15435987,1.415978613,"[45.9651, 44.96105919, 44.9, 42.3, 46.5, 46.3]","['7', '11', '19', '2', '21', '23']",277.272,25.67693237,"[226.0, 287.66, 291.04, 289.69, 291.97]","['19', '22', '2', '21', '23']",0.250825832,0.005174168,"[0.245651664, 0.256]","['11', '2']"
C2H4Cl2,"1,1-dichloroethane",CC(Cl)Cl,98.959,523.172,0.175601822,"[523.0, 523.36, 523.36, 523.0, 523.15, 523.0, 523.05, 523.4, 523.4, 523.0]","['12', '7', '11', '14', '19', '22', '13', '21', '23', '18']",50.70478632,0.193811142,"[50.7, 50.61, 50.32307692, 50.7, 51.0, 50.7, 50.61, 51.0, 50.7]","['12', '7', '11', '19', '22', '13', '21', '23', '18']",240.035,4.007442035,"[240.0, 236.0, 236.0, 240.21, 248.02, 239.98]","['12', '19', '22', '13', '23', '18']",0.229631844,0.007000432,"[0.234, 0.217527376, 0.233, 0.234]","['12', '11', '13', '18']"
C3H3Cl2F3,"1,2-Dichloro-1,1,2-trifluoropropane",CC(F)(Cl)C(F)(F)Cl,165.9563901,498.0,0.0,[498.0],['7'],33.4511,0.0,[33.4511],['7'],,,,,,,,
C3H3ClF4,"2-Chloro-1,1,1,2-tetrafluoropropane",CC(F)(Cl)C(F)(F)F,149.9859407,431.0,0.0,[431.0],['7'],31.4552,0.0,[31.4552],['7'],,,,,,,,
C3H5Cl2F,"1,2-Dichloro-2-fluoropropane",CC(F)(Cl)CCl,129.9752337,549.0,0.0,[549.0],['7'],40.0926,0.0,[40.0926],['7'],,,,,,,,
C2H3Cl2F,"1,1-dichloro-1-fluoroethane",CC(F)(Cl)Cl,116.949,477.6833333,0.626719856,"[478.85, 477.5, 477.3, 477.3, 477.3, 477.35, 477.4, 477.3, 478.85]","['12', '1', '7', '11', '14', '22', '21', '23', '18']",42.48394444,0.566179335,"[43.4, 42.12, 42.0116, 42.49995548, 42.5, 41.94, 42.0, 43.4]","['12', '1', '7', '11', '22', '21', '23', '18']",252.3693961,2.7103462,"[253.0, 255.0369804, 247.16, 253.68, 252.97]","['12', '1', '21', '23', '18']",0.221764008,0.002273356,"[0.221, 0.2195, 0.225556031, 0.221]","['12', '1', '11', '18']"
C4H3F7,"1,1,1,2,2,3,3-Heptafluorobutane",CC(F)(F)C(F)(F)C(F)(F)F,184.0122976,418.1166667,1.339361374,"[420.0, 417.35, 417.0]","['7', '15', '6']",26.53516667,0.976681485,"[27.9055, 25.7, 26.0]","['7', '15', '6']",346.5815598,0.6384402,"[345.9431196, 347.22]","['15', '6']",,,,
C3H3F5,"1,1,1,2,2-pentafluoropropane",CC(F)(F)C(F)(F)F,134.049,380.799375,1.624712354,"[380.11, 385.085, 380.09, 380.4, 380.4, 380.1, 380.1, 380.11]","['12', '7', '11', '14', '22', '21', '23', '18']",31.38608384,0.040777292,"[31.37, 31.3548, 31.3553869, 31.48, 31.3724, 31.4, 31.37]","['12', '7', '11', '22', '21', '23', '18']",272.276,1.769944632,"[273.2, 268.74, 273.22, 273.0, 273.22]","['12', '22', '21', '23', '18']",0.301509206,0.003564299,"[0.305, 0.299036822, 0.297, 0.305]","['12', '11', '22', '18']"
C3H4F4,"1,1,2,2-Tetrafluoropropane",CC(F)(F)C(F)F,116.024913,415.5,3.5,"[412.0, 419.0]","['7', '6']",36.4857,1.5143,"[34.9714, 38.0]","['7', '6']",246.91,0.0,[246.91],['6'],,,,
C4H5F5,"1,1,1,3,3-pentafluorobutane",CC(F)(F)CC(F)(F)F,148.074,460.1083333,0.33468476,"[460.0, 460.0, 459.9, 459.9, 460.85, 460.0]","['12', '1', '7', '11', '15', '6']",31.40772811,1.950645526,"[32.66, 32.66, 32.1008, 32.07784055, 27.54]","['12', '1', '7', '11', '15']",312.5,0.0,[312.5],['1'],0.37499946,0.00282919,"[0.377, 0.377, 0.370998381]","['12', '1', '11']"
C3H5F3,"1,2,2-Trifluoropropane",CC(F)(F)CF,98.03433482,442.0,0.0,[442.0],['7'],37.408,0.0,[37.408],['7'],,,,,,,,
C2H3ClF2,"1-chloro-1,1-difluoroethane",CC(F)(F)Cl,100.495,410.2131556,0.21773882,"[410.29, 410.26, 410.3094, 410.309, 409.6, 410.25, 410.3, 410.31, 410.29]","['12', '1', '7', '11', '14', '19', '22', '23', '18']",40.6710462,0.291400307,"[40.41, 40.55, 40.5315, 40.66491576, 41.2, 40.48, 41.193, 40.6, 40.41]","['12', '1', '7', '11', '19', '22', '21', '23', '18']",227.7923891,2.599705757,"[225.0, 225.3267237, 231.0, 231.0, 227.21, 229.99, 225.02]","['12', '1', '19', '22', '21', '23', '18']",0.231180669,0.000552678,"[0.231, 0.2321, 0.230622674, 0.231]","['12', '1', '11', '18']"
C2H3F3,"1,1,1-trifluoroethane",CC(F)(F)F,84.041,346.0068727,0.192776975,"[345.88, 345.857, 345.8846, 345.889, 346.3, 346.35, 346.3, 345.86, 345.985, 345.89, 345.88]","['12', '1', '7', '11', '14', '19', '22', '13', '21', '23', '18']",37.58485702,0.289932637,"[37.64, 37.61, 37.6806, 37.68264517, 37.6, 37.92, 37.62, 36.755325, 37.7, 37.64]","['12', '1', '7', '11', '19', '22', '13', '21', '23', '18']",194.6175862,0.524507372,"[195.0, 194.9906892, 194.0, 193.6, 194.97, 194.36, 195.01, 195.01]","['12', '1', '19', '22', '13', '21', '23', '18']",0.261550185,0.000510156,"[0.261, 0.2615, 0.262250926, 0.262, 0.261]","['12', '1', '11', '13', '18']"
C4H4F6O,"1-(1,1-Difluoroethoxy)-1,1,2,2-tetrafluoroethane",CC(F)(F)OC(F)(F)C(F)F,182.0166341,501.08,0.0,[501.08],['7'],30.898,0.0,[30.898],['7'],,,,,,,,
C3H6ClF,1-Chloro-2-fluoropropane,CC(F)CCl,96.01420609,528.0,0.0,[528.0],['7'],42.8305,0.0,[42.8305],['7'],,,,,,,,
C2H4ClF,1-Chloro-1-fluoroethane,CC(F)Cl,81.99855603,466.0,0.0,[466.0],['7'],50.1304,0.0,[50.1304],['7'],,,,,,,,
C2H4F2,"1,1-difluoroethane",CC(F)F,66.051,386.466125,0.108388696,"[386.44, 386.411, 386.438, 386.44, 386.4, 386.75, 386.41, 386.44]","['12', '1', '7', '11', '14', '19', '22', '18']",45.15538679,0.06494108,"[45.2, 45.1675, 45.1784, 45.18180755, 45.0, 45.16, 45.2]","['12', '1', '7', '11', '19', '22', '18']",179.8952978,0.919671749,"[179.0, 179.4864892, 181.0, 181.0, 178.99]","['12', '1', '19', '22', '18']",0.275131153,0.000136268,"[0.275, 0.27521, 0.275314612, 0.275]","['12', '1', '11', '18']"
C2H5NO,acetamide,CC(N)=O,59.068,761.0,0.0,[761.0],['2'],65.7,0.0,[65.7],['2'],215.01,0.0,[215.01],['2'],0.419,0.0,[0.419],['2']
C6H14O,"3,3-dimethyl-2-butanol",CC(O)C(C)(C)C,102.177,,,,,,,,,375.11,1.591037397,"[374.0, 373.97, 377.36]","['12', '18', '18']",,,,
C4H10O2,"2,3-Butanediol",CC(O)C(C)O,90.06807956,636.0,0.0,[636.0],['7'],47.3908,0.0,[47.3908],['7'],,,,,,,,
C3H5Cl3O,"1,1,1-Trichloro-2-propanol",CC(O)C(Cl)(Cl)Cl,161.9405978,620.0,0.0,[620.0],['7'],33.8942,0.0,[33.8942],['7'],,,,,,,,
C3H5F3O,"1,1,1-Trifluoro-2-propanol",CC(O)C(F)(F)F,114.0292494,497.0,0.0,[497.0],['7'],43.1689,0.0,[43.1689],['7'],,,,,,,,
C6H14O2,"2-Methyl-2,4-pentanediol",CC(O)CC(C)(C)O,118.0993797,678.15,0.0,[678.15],['19'],34.3,0.0,[34.3],['19'],,,,,,,,
C4H9ClO,4-Chloro-2-butanol,CC(O)CCCl,108.0341926,603.0,0.0,[603.0],['7'],41.0665,0.0,[41.0665],['7'],,,,,,,,
C4H10O2,"1,3-butanediol",CC(O)CCO,90.122,677.05,1.487447478,"[676.0, 679.3, 679.0, 676.0, 676.0, 676.0]","['12', '7', '11', '14', '22', '18']",42.82643333,3.714337641,"[40.2, 48.0793, 40.2]","['12', '7', '18']",304.99,0.014142136,"[305.0, 305.0, 304.97]","['12', '22', '18']",0.704,0.0,"[0.704, 0.704]","['12', '18']"
C3H7ClO,1-Chloro-2-propanol,CC(O)CCl,94.01854252,568.0,0.0,[568.0],['7'],43.1956,0.0,[43.1956],['7'],,,,,,,,
C3H9NO, 1-amino-2-Propanol,CC(O)CN,75.06841391,623.0,0.0,[623.0],['17'],52.0,0.0,[52.0],['17'],,,,,,,,
C6H15NO2,diisopropanolamine,CC(O)CNCC(C)O,133.191,672.0,0.0,"[672.0, 672.0]","['12', '18']",36.0,0.0,"[36.0, 36.0]","['12', '18']",,,,,1.389,0.0,[1.389],['18']
C3H8O2,"1,2-Dihydroxypropane",CC(O)CO,76.0524295,655.99,24.83562763,"[676.4, 676.4, 625.15, 626.0, 676.0]","['7', '11', '19', '2', '23']",59.81312197,0.67362448,"[59.428, 59.43760984, 60.8, 60.4, 59.0]","['7', '11', '19', '2', '23']",237.6766667,0.942844396,"[237.0, 239.01, 237.02]","['19', '2', '23']",0.852116872,0.249883128,"[0.602233744, 1.102]","['11', '2']"
C7H16O2,"1-(1,1-dimethylethoxy)-2-propanol",CC(O)COC(C)(C)C,132.1150298,600.7,0.0,"[600.7, 600.7, 600.7]","['11', '14', '10']",27.25227272,0.052272725,"[27.30454545, 27.2]","['11', '10']",,,,,0.467245621,0.0,[0.467245621],['11']
C8H10O,1-phenylethanol,CC(O)c1ccccc1,122.0731649,699.3333333,0.471404521,"[699.0, 700.0, 699.0]","['11', '14', '23']",38.20329671,0.203296705,"[38.40659341, 38.0]","['11', '23']",399.04,0.0,[399.04],['23'],0.440093375,0.0,[0.440093375],['11']
C6H12,(E)-3-hexene,CC/C=C/CC,84.09390038,509.8666667,7.433520177,"[507.4, 519.95, 502.25]","['11', '19', '21']",32.945,0.445,"[32.5, 33.39]","['19', '21']",351.055,1.055,"[350.0, 352.11]","['19', '21']",,,,
C7H14,"3-heptene, (E)-",CC/C=C/CCC,98.10955045,538.6,0.0,"[538.6, 538.6]","['11', '10']",,,,,,,,,,,,
C5H8O2,(Z)-pent-2-enoic acid,CC/C=C\C(=O)O,100.117,655.46,0.0,[655.46],['21'],40.0838,0.0,[40.0838],['21'],,,,,,,,
C19H32O2,"Methyl (Z,Z,Z)-9,12,15-octadecatrienoate",CC/C=C\C/C=C\C/C=C\CCCCCCCC(=O)OC,292.45618,772.0,0.0,[772.0],['1'],13.69,0.0,[13.69],['1'],1180.219521,0.0,[1180.219521],['1'],1.14,0.0,[1.14],['1']
C6H12,(Z)-3-hexene,CC/C=C\CC,84.09390038,512.45,3.324404709,"[510.2, 517.15, 510.0]","['11', '19', '23']",32.89829701,0.079573042,"[32.99489103, 32.8, 32.9]","['11', '19', '23']",350.5,0.5,"[350.0, 351.0]","['19', '23']",0.284832642,0.0,[0.284832642],['11']
C7H14,"1,1-dimethylcyclopentane",CC1(C)CCCC1,98.188,547.03,0.06,"[547.0, 547.0, 547.0, 547.15, 547.0]","['12', '9', '14', '19', '18']",34.325,0.188745861,"[34.45, 34.0, 34.4, 34.45]","['12', '9', '19', '18']",363.2425,5.633508565,"[360.0, 373.0, 360.0, 359.97]","['12', '9', '19', '18']",0.272,0.0,"[0.272, 0.272]","['12', '18']"
C8H16,"1,1-dimethylcyclohexane",CC1(C)CCCCC1,112.215,591.088,0.090111043,"[591.15, 590.928, 591.0, 591.15, 591.15, 591.15]","['12', '9', '14', '19', '2', '18']",29.50149102,0.141796961,"[29.38, 29.6474551, 29.7, 29.4, 29.38]","['12', '9', '19', '2', '18']",443.22,13.61001837,"[450.0, 450.0, 416.0, 450.05, 450.05]","['12', '9', '19', '2', '18']",0.233,0.0,"[0.233, 0.233, 0.233]","['12', '2', '18']"
C4H8O,Isobutylene oxide,CC1(C)CO1,72.05751488,499.95,0.05,"[499.9, 500.0]","['11', '23']",43.73478261,0.26521739,"[43.46956522, 44.0]","['11', '23']",,,,,0.282329497,0.0,[0.282329497],['11']
C12H20,"1,3-dimethyladamantane",CC12CC3CC(C1)CC(C)(C3)C2,164.291,708.0,0.0,"[708.0, 708.0, 708.0, 708.0]","['11', '22', '21', '23']",29.3,0.7,"[30.0, 28.6]","['21', '23']",575.578,9.670659543,"[570.0, 571.45, 571.43, 594.88, 570.13]","['12', '22', '21', '23', '18']",,,,
C10H16,alpha-pinene,CC1=CCC2CC1C2(C)C,136.237,644.0,0.0,"[644.0, 644.0]","['12', '18']",29.72,0.0,[29.72],['12'],453.965,0.035,"[454.0, 453.93]","['12', '18']",,,,
C6H10,1-methylcyclopentene,CC1=CCCC1,82.146,542.0,0.0,[542.0],['2'],41.3,0.0,[41.3],['2'],303.03,0.0,[303.03],['2'],0.232,0.0,[0.232],['2']
C10H16,"bicyclo[4.1.0]hept-3-ene, 3,7,7-trimethyl-, (1S,6R)-",CC1=CC[C@@H]2[C@H](C1)C2(C)C,136.1252005,658.0,0.0,[658.0],['11'],,,,,,,,,,,,
C10H16,"2-pinene, (1S,5S)-(-)-",CC1=CC[C@H]2C[C@@H]1C2(C)C,136.1252005,632.0,12.0,"[620.0, 644.0]","['11', '23']",25.10121457,0.0,[25.10121457],['11'],471.92,0.0,[471.92],['23'],0.345823458,0.0,[0.345823458],['11']
C9H18,"1,3,5-trimethylcyclohexane",CC1CC(C)CC(C)C1,126.243,602.1333333,0.094280904,"[602.2, 602.0, 602.2]","['21', '23', '18']",26.0,0.0,[26.0],['23'],494.07,0.0,[494.07],['23'],,,,
C4H8,Methylcyclopropane,CC1CC1,56.06260026,437.0,0.0,[437.0],['7'],45.6142,0.0,[45.6142],['7'],,,,,,,,
C10H20,1-methyl-4-isopropylcyclohexane,CC1CCC(C(C)C)CC1,140.1565006,654.15,0.0,[654.15],['9'],25.999995,0.0,[25.999995],['9'],525.0,0.0,[525.0],['9'],,,,
C8H16,"1,1,3-trimethylcyclopentane",CC1CCC(C)(C)C1,112.1252005,567.0233333,3.537949814,"[562.02, 569.5, 569.55]","['9', '14', '19']",28.28425185,0.01574815,"[28.2685037, 28.3]","['9', '19']",417.0,0.0,[417.0],['9'],,,,
C7H14,"1,3-dimethylcyclopentane",CC1CCC(C)C1,98.10955045,551.0,0.0,[551.0],['14'],,,,,,,,,,,,
C8H16,"1,4-dimethylcyclohexane",CC1CCC(C)CC1,112.1252005,592.85,5.15,"[598.0, 587.7]","['14', '22']",,,,,,,,,,,,
C8H16,"1,3-dimethylcyclohexane",CC1CCCC(C)C1,112.1252005,591.0,0.0,[591.0],['14'],,,,,,,,,,,,
C6H12,methylcyclopentane,CC1CCCC1,84.161,532.7676667,0.032576406,"[532.79, 532.79, 532.784, 532.8, 532.7, 532.73, 532.79, 532.79, 532.75, 532.718, 532.78, 532.79]","['12', '9', '11', '14', '16', '19', '22', '2', '13', '21', '23', '18']",37.84770993,0.034658125,"[37.85, 37.845, 37.78609929, 37.84, 37.84, 37.8, 37.9, 37.866, 37.9, 37.85]","['12', '9', '11', '19', '22', '2', '13', '21', '23', '18']",319.101,0.996016566,"[318.92, 318.92, 318.0, 319.0, 319.0, 318.98, 318.78, 318.57, 321.96, 318.88]","['12', '9', '16', '19', '22', '2', '13', '21', '23', '18']",0.230029598,0.000586778,"[0.23, 0.229147988, 0.23, 0.231, 0.23]","['12', '11', '2', '13', '18']"
C8H16,"1,1,2-trimethylcyclopentane",CC1CCCC1(C)C,112.1252005,580.64,1.576980237,"[582.87, 579.5, 579.55]","['9', '14', '19']",29.4,0.0,"[29.4, 29.4]","['9', '19']",417.0,0.0,[417.0],['9'],,,,
C6H10O,2-methylcyclopentanone,CC1CCCC1=O,98.07316494,630.9333333,0.094280904,"[630.8, 631.0, 631.0]","['11', '14', '3']",,,,,,,,,,,,
C7H14,"1,2-dimethylcyclopentane",CC1CCCC1C,98.10955045,564.8,0.0,[564.8],['14'],,,,,,,,,,,,
C7H14,methylcyclohexane,CC1CCCCC1,98.188,572.1903333,0.06902576,"[572.1, 572.2, 572.19, 572.314, 572.2, 572.1, 572.25, 572.19, 572.19, 572.15, 572.3, 572.1]","['12', '1', '9', '11', '14', '16', '19', '22', '2', '13', '23', '18']",34.76356319,0.059304178,"[34.8, 34.7, 34.71, 34.89719512, 34.71, 34.71, 34.8, 34.71, 34.762, 34.8, 34.8]","['12', '1', '9', '11', '19', '22', '2', '13', '21', '23', '18']",368.2779144,0.487038053,"[369.0, 367.6470588, 368.0, 369.0, 368.0, 368.0, 368.05, 367.78, 368.53, 368.05, 369.0]","['12', '1', '9', '16', '19', '22', '2', '13', '21', '23', '18']",0.235346169,0.00074015,"[0.236, 0.234, 0.235077015, 0.236, 0.235, 0.236]","['12', '1', '11', '2', '13', '18']"
C8H16,"1,2-dimethylcyclohexane",CC1CCCCC1C,112.1252005,606.0,0.0,[606.0],['14'],,,,,,,,,,,,
C5H10O,2-methyltetrahydrofuran,CC1CCCO1,86.134,537.01875,0.049607837,"[537.0, 537.0, 537.0, 537.15, 537.0, 537.0, 537.0, 537.0]","['12', '11', '14', '19', '22', '21', '23', '18']",37.53511712,0.095778226,"[37.6, 37.36951983, 37.6, 37.6, 37.5763, 37.4, 37.6]","['12', '11', '19', '22', '21', '23', '18']",271.998,9.986003004,"[267.0, 267.0, 267.0, 291.97, 267.02]","['12', '19', '22', '23', '18']",0.29383277,0.00872178,"[0.3, 0.281498311, 0.3]","['12', '11', '18']"
C10H12,1-methyl indan,CC1CCc2ccccc21,132.0939004,694.1,0.0,"[694.1, 694.1]","['14', '22']",35.3,0.0,[35.3],['22'],,,,,,,,
C3H6O,"1,2-propylene oxide",CC1CO1,58.08,484.3037,2.64291907,"[482.25, 488.11, 482.307, 488.11, 482.2, 482.25, 482.2, 485.25, 488.11, 482.25]","['12', '1', '7', '11', '14', '19', '24', '21', '23', '18']",51.21548498,2.384007612,"[49.2, 54.366, 49.1176, 54.4097648, 49.2, 49.2318, 51.8142, 54.4, 49.2]","['12', '1', '7', '11', '19', '24', '21', '23', '18']",188.6960702,3.806119072,"[186.0, 193.986421, 186.0, 186.01, 194.17, 186.01]","['12', '1', '19', '24', '21', '18']",0.261069381,0.008934855,"[0.268, 0.249, 0.251346907, 0.269, 0.268]","['12', '1', '11', '24', '18']"
C4H6O3,"1,2-propanediyl carbonate",CC1COC(=O)O1,102.0316941,762.9,0.141421356,"[762.7, 763.0, 763.0]","['11', '23', '10']",41.09304813,0.30695187,"[40.78609626, 41.4]","['11', '10']",256.48,0.0,[256.48],['23'],0.4225082,0.0,[0.4225082],['11']
C8H16,"(1r,2s)-1,2,4-Trimethylcyclopentane",CC1C[C@@H](C)[C@@H](C)C1,112.1252005,579.15,0.0,[579.15],['19'],28.8,0.0,[28.8],['19'],,,,,,,,
C8H16,"(1s,2s)-1,2,4-Trimethyl-cyclopentane",CC1C[C@H](C)[C@@H](C)C1,112.1252005,571.15,0.0,[571.15],['19'],28.1,0.0,[28.1],['19'],,,,,,,,
C10H12,2-methyl indan,CC1Cc2ccccc2C1,132.0939004,695.3,0.0,"[695.3, 695.3]","['14', '22']",35.3,0.0,[35.3],['22'],,,,,,,,
C6H12O3,"2,4,6-trimethyl-1,3,5-trioxane",CC1OC(C)OC(C)O1,132.0786442,567.1,6.899728256,"[563.0, 563.2, 563.15, 579.05]","['11', '14', '19', '13']",35.0,0.0,[35.0],['13'],365.1,0.0,[365.1],['13'],0.437,0.0,[0.437],['13']
C8H16,"1-trans,2-cis,3-trimethylcyclopentane",CC1[C@H](C)CC[C@H]1C,112.1252005,572.15,0.0,[572.15],['9'],28.269675,0.0,[28.269675],['9'],416.0,0.0,[416.0],['9'],,,,
C5H10,2-methyl-2-butene,CC=C(C)C,70.134,467.1625,18.58963785,"[470.0, 470.0, 470.4, 407.0, 470.0, 481.05, 470.0, 471.0, 475.5, 470.0, 481.0, 470.0]","['12', '9', '11', '14', '16', '19', '22', '2', '21', '23', '24', '18']",35.08387565,1.893424421,"[34.2, 34.2, 34.08695652, 34.45, 38.6, 33.8, 34.2, 34.0, 39.1018, 34.2]","['12', '9', '11', '19', '22', '2', '21', '23', '24', '18']",304.3277778,12.40178014,"[292.0, 318.0, 318.0, 318.0, 292.0, 291.97, 299.04, 317.97, 291.97]","['12', '9', '16', '19', '22', '2', '23', '24', '18']",0.274799331,0.016362998,"[0.287, 0.283996656, 0.272, 0.244, 0.287]","['12', '11', '2', '24', '18']"
C6H12,3-methyl-2-pentene,CC=C(C)CC,84.09390038,518.0,0.0,[518.0],['14'],,,,,,,,,,,,
C3H4Cl2,"1,1-Dichloro-1-propene",CC=C(Cl)Cl,109.9690055,547.0,0.0,[547.0],['7'],43.7142,0.0,[43.7142],['7'],,,,,,,,
C3H4F2,"1,1-Difluoro-1-propene",CC=C(F)F,78.02810657,381.0,0.0,[381.0],['7'],39.8054,0.0,[39.8054],['7'],,,,,,,,
C5H8,"2,3-pentadiene",CC=C=CC,68.119,497.0,0.0,[497.0],['13'],38.0,0.0,[38.0],['13'],294.9,0.0,[294.9],['13'],0.218,0.0,[0.218],['13']
C4H8,2-butene,CC=CC,56.06260026,435.6,0.0,[435.6],['14'],,,,,,,,,,,,
C6H10O2,ethyl but-2-enoate,CC=CC(=O)OCC,114.0680796,599.0,0.0,"[599.0, 599.0]","['14', '3']",,,,,,,,,,,,
C6H12,4-methyl-2-pentene,CC=CC(C)C,84.09390038,490.0,0.0,[490.0],['14'],,,,,,,,,,,,
C5H10,2-pentene,CC=CCC,70.07825032,476.0,0.0,[476.0],['14'],,,,,,,,,,,,
C6H12,2-hexene,CC=CCCC,84.09390038,518.0,0.0,[518.0],['14'],,,,,,,,,,,,
C2H4O,acetaldehyde,CC=O,44.053,463.9852222,2.338530487,"[466.0, 462.1, 461.0, 466.15, 466.0, 466.05, 460.567, 462.0, 466.0]","['12', '11', '14', '19', '2', '13', '21', '23', '18']",58.8975,5.654292064,"[68.69, 55.7, 55.7, 55.5]","['12', '19', '2', '13']",154.0085714,0.029965967,"[154.0, 154.0, 153.99, 154.01, 154.08, 153.99, 153.99]","['12', '19', '2', '13', '21', '23', '18']",0.277,0.015,"[0.292, 0.262]","['2', '13']"
C2H5Br,bromoethane,CCBr,108.966,503.8540909,0.062406956,"[503.8, 503.92, 503.9, 503.95, 503.8, 503.8, 503.75, 503.875, 503.9, 503.9, 503.8]","['12', '11', '14', '19', '22', '2', '13', '21', '23', '24', '18']",62.33487778,0.22092605,"[62.3, 62.3, 62.3, 62.9, 62.3, 62.3149, 62.0, 62.299, 62.3]","['12', '19', '22', '2', '13', '21', '23', '24', '18']",214.8777778,0.313538152,"[215.0, 215.0, 214.9, 215.01, 214.92, 215.05, 214.0, 215.01, 215.01]","['12', '19', '22', '2', '13', '21', '23', '24', '18']",0.25,0.010733126,"[0.255, 0.259, 0.252, 0.229, 0.255]","['12', '2', '13', '24', '18']"
C3H8,propane,CCC,44.097,369.8250714,0.046059688,"[369.83, 369.89, 369.901, 369.8, 369.87, 369.8, 369.8, 369.7, 369.83, 369.83, 369.83, 369.82, 369.82, 369.83]","['12', '1', '7', '9', '11', '14', '16', '17', '19', '22', '2', '13', '24', '18']",42.46293072,0.111734828,"[42.48, 42.512, 42.5546, 42.48, 42.52356864, 42.5, 42.48, 42.48, 42.1, 42.48, 42.485, 42.48]","['12', '1', '7', '9', '11', '17', '19', '22', '2', '13', '24', '18']",200.256,0.924025974,"[200.0, 200.0, 200.0, 200.0, 200.0, 200.0, 200.0, 199.56, 203.0, 200.0]","['12', '1', '9', '16', '19', '22', '2', '13', '24', '18']",0.151816064,0.001204057,"[0.152, 0.1521, 0.152612449, 0.149, 0.152, 0.153, 0.152]","['12', '1', '11', '2', '13', '24', '18']"
C6H10,hex-3-yne,CCC#CCC,82.146,544.0,0.0,[544.0],['2'],35.4,0.0,[35.4],['2'],334.0,0.0,[334.0],['2'],0.219,0.0,[0.219],['2']
C3H5N,propionitrile,CCC#N,55.08,562.9304545,1.741930035,"[564.4, 561.26, 564.4, 562.5, 561.35, 564.4, 564.4, 564.4, 559.425, 561.3, 564.4]","['12', '11', '14', '17', '19', '2', '13', '24', '21', '23', '18']",44.33079475,6.185680827,"[61.8, 42.61655277, 41.8, 42.6, 41.9, 41.8, 41.837, 42.0236, 42.6]","['12', '11', '17', '19', '2', '13', '24', '21', '23']",225.512,7.266284883,"[230.0, 228.99, 228.57, 228.99, 211.01]","['19', '2', '13', '24', '23']",0.327680497,0.013028741,"[0.348721986, 0.325, 0.324, 0.313]","['11', '2', '13', '24']"
C6H12O,2-methylpentan-3-one,CCC(=O)C(C)C,100.161,567.0,0.0,[567.0],['2'],33.4,0.0,[33.4],['2'],369.0,0.0,[369.0],['2'],0.394,0.0,[0.394],['2']
C5H5F5O,"1,1,1,2,2-pentafluoropentan-3-one",CCC(=O)C(F)(F)C(F)(F)F,176.0260559,475.54,0.0,"[475.54, 475.54]","['11', '8']",26.41210994,0.00789006,"[26.40421988, 26.42]","['11', '8']",356.51,0.0,[356.51],['8'],0.429223631,0.0,[0.429223631],['11']
C5H10O,diethyl ketone,CCC(=O)CC,86.134,561.2317,0.248197522,"[560.9, 561.42, 561.5, 561.46, 561.5, 560.95, 561.0, 561.287, 561.4, 560.9]","['12', '11', '14', '19', '22', '2', '13', '21', '23', '18']",37.30154272,0.11669021,"[37.4, 37.27888446, 37.29, 37.3, 37.0, 37.4, 37.345, 37.3, 37.4]","['12', '11', '19', '22', '2', '13', '21', '23', '18']",334.02375,5.691524263,"[336.0, 336.0, 336.0, 336.02, 336.47, 336.7, 318.98, 336.02]","['12', '19', '22', '2', '13', '21', '23', '18']",0.343588829,0.001963136,"[0.345, 0.342944147, 0.34, 0.345, 0.345]","['12', '11', '2', '13', '18']"
C8H16O,5-methyl-3-heptanone,CCC(=O)CC(C)CC,128.1201151,619.0,0.0,"[619.0, 619.0]","['11', '23']",27.0,0.0,[27.0],['23'],484.03,0.0,[484.03],['23'],,,,
C4H9NO,N-Methylpropanamide,CCC(=O)NC,87.06841391,685.15,0.0,[685.15],['19'],,,,,,,,,,,,
C3H6O2,propanoic acid,CCC(=O)O,74.079,602.323,1.361984214,"[600.81, 602.6, 604.0, 604.15, 604.0, 600.81, 600.85, 602.2, 603.0, 600.81]","['12', '11', '14', '19', '22', '2', '13', '24', '23', '18']",45.48320513,1.591763231,"[46.17, 46.35384615, 45.3, 46.1, 46.17, 41.229, 46.856, 45.0, 46.17]","['12', '11', '19', '2', '13', '24', '21', '23', '18']",229.8066667,4.404348861,"[233.0, 222.0, 233.0, 232.02, 232.94, 221.98, 228.31, 232.02, 232.99]","['12', '19', '22', '2', '13', '24', '21', '23', '18']",0.562140328,0.020517275,"[0.575, 0.552841969, 0.574, 0.576, 0.52, 0.575]","['12', '11', '2', '13', '24', '18']"
C4H8O2,methyl propanoate,CCC(=O)OC,88.106,530.6036364,0.018227216,"[530.6, 530.62, 530.6, 530.6, 530.65, 530.6, 530.6, 530.6, 530.57, 530.6, 530.6]","['12', '11', '14', '17', '19', '22', '2', '13', '23', '24', '18']",40.13431119,0.236576745,"[40.04, 40.81692308, 40.0, 40.0, 40.0, 40.3, 40.04, 40.2275, 40.0, 40.013, 40.04]","['12', '11', '17', '19', '22', '2', '13', '21', '23', '24', '18']",283.01625,1.881568079,"[282.0, 282.0, 282.0, 284.01, 282.41, 287.69, 282.01, 282.01]","['12', '19', '22', '2', '13', '21', '24', '18']",0.347797914,0.00123997,"[0.347, 0.346787486, 0.349, 0.347, 0.35, 0.347]","['12', '11', '2', '13', '24', '18']"
C6H10O3,propanoyl propanoate,CCC(=O)OC(=O)CC,130.143,623.0,0.0,[623.0],['13'],32.7,0.0,[32.7],['13'],395.57,0.0,[395.57],['13'],0.56,0.0,[0.56],['13']
C6H12O2,isopropyl propanoate,CCC(=O)OC(C)C,116.16,553.0,0.0,"[553.0, 553.0]","['12', '18']",28.17,0.0,[28.17],['12'],,,,,,,,
C7H14O2,2-methylpropyl propanoate,CCC(=O)OCC(C)C,130.187,589.7222222,2.921197539,"[592.0, 589.5, 592.0, 592.15, 592.0, 587.85, 586.0, 592.0, 584.0]","['12', '11', '14', '19', '22', '21', '23', '18', '3']",26.45,0.85,"[25.6, 27.3]","['12', '22']",461.89,0.0,[461.89],['23'],,,,
C8H16O2,3-methylbutyl propanoate,CCC(=O)OCCC(C)C,144.1150298,611.1342857,0.172532162,"[611.4, 611.0, 611.15, 611.0, 611.39, 611.0, 611.0]","['11', '14', '19', '22', '21', '23', '3']",25.5,0.0,[25.5],['22'],523.01,0.0,[523.01],['23'],,,,
C3H5O2-,propanoate,CCC(=O)[O-],73.02950298,508.1,0.0,[508.1],['14'],,,,,,,,,,,,
C4H8Br2,"1,2-dibromobutane",CCC(Br)CBr,213.8992745,676.0,0.0,[676.0],['11'],40.69837447,0.0,[40.69837447],['11'],,,,,0.263603498,0.0,[0.263603498],['11']
C10H22,"3-Ethyl-2,2,4-trimethyl-pentane",CCC(C(C)C)C(C)(C)C,142.1721507,615.35,0.0,[615.35],['19'],23.7,0.0,[23.7],['19'],518.0,0.0,[518.0],['19'],,,,
C10H22,"3-Ethyl-2,3,4-trimethyl-pentane",CCC(C)(C(C)C)C(C)C,142.1721507,642.35,0.0,[642.35],['19'],25.4,0.0,[25.4],['19'],506.0,0.0,[506.0],['19'],,,,
C6H14,"2,2-dimethylbutane",CCC(C)(C)C,86.177,489.0290909,0.331620115,"[489.0, 490.0, 488.78, 489.09, 488.8, 489.0, 488.85, 488.7, 489.0, 489.1, 489.0]","['12', '1', '9', '11', '14', '16', '19', '22', '13', '23', '18']",30.99299505,0.152525383,"[31.0, 31.38, 30.806, 31.01395054, 30.9, 30.8, 31.0, 31.03, 31.0, 31.0]","['12', '1', '9', '11', '19', '22', '13', '21', '23', '18']",358.931223,1.816682942,"[358.0, 359.7122302, 358.0, 358.0, 359.0, 359.1, 357.65, 357.78, 364.03, 358.04]","['12', '1', '9', '16', '19', '22', '13', '21', '23', '18']",0.232581194,0.00163969,"[0.234, 0.23, 0.232324776, 0.234]","['12', '1', '11', '18']"
C9H20,"2,2,3,3-tetramethylpentane",CCC(C)(C)C(C)(C)C,128.258,607.5585,0.088883351,"[607.5, 607.5, 607.51, 607.7, 607.5, 607.75, 607.6, 607.525, 607.5, 607.5]","['12', '9', '11', '14', '16', '19', '22', '21', '23', '18']",27.40776101,0.008491881,"[27.41, 27.4, 27.42708804, 27.41, 27.4, 27.405, 27.4, 27.41]","['12', '9', '11', '19', '22', '21', '23', '18']",485.176,14.34700052,"[478.0, 478.0, 478.0, 513.87, 478.01]","['12', '9', '22', '23', '18']",0.304839441,0.000227064,"[0.305, 0.304518324, 0.305]","['12', '11', '18']"
C10H22,"3,3,4,4-Tetramethylhexane",CCC(C)(C)C(C)(C)CC,142.1721507,646.75,0.0,[646.75],['19'],25.7,0.0,[25.7],['19'],506.0,0.0,[506.0],['19'],,,,
C8H18,"2,3,3-trimethylpentane",CCC(C)(C)C(C)C,114.231,573.5240909,0.049120362,"[573.5, 573.5, 573.52, 573.6, 573.5, 573.65, 573.5, 573.5, 573.495, 573.5, 573.5]","['12', '9', '11', '14', '16', '19', '22', '2', '21', '23', '18']",28.19325625,0.03505403,"[28.2, 28.2, 28.23830625, 28.2, 28.2, 28.1, 28.201, 28.2, 28.2]","['12', '9', '11', '19', '22', '2', '21', '23', '18']",454.8333333,0.351283361,"[455.0, 455.0, 455.0, 455.0, 455.1, 454.96, 454.55, 453.93, 454.96]","['12', '9', '16', '19', '22', '2', '21', '23', '18']",0.28993251,0.000615373,"[0.29, 0.290730039, 0.289, 0.29]","['12', '11', '2', '18']"
C10H22,"2,3,4,4-Tetramethylhexane",CCC(C)(C)C(C)C(C)C,142.1721507,626.65,0.0,[626.65],['19'],24.2,0.0,[24.2],['19'],518.0,0.0,[518.0],['19'],,,,
C7H16,"3,3-dimethylpentane",CCC(C)(C)CC,100.204,536.3867,0.038000132,"[536.4, 536.4, 536.37, 536.4, 536.4, 536.45, 536.3, 536.347, 536.4, 536.4]","['12', '9', '11', '14', '16', '19', '22', '21', '23', '18']",29.46051712,0.041329016,"[29.5, 29.455, 29.39013699, 29.46, 29.5, 29.479, 29.4, 29.5]","['12', '9', '11', '19', '22', '21', '23', '18']",413.80625,0.391629209,"[414.0, 414.0, 414.0, 414.0, 414.1, 413.22, 413.05, 414.08]","['12', '9', '16', '19', '22', '21', '23', '18']",0.267600912,0.000564396,"[0.268, 0.266802735, 0.268]","['12', '11', '18']"
C10H22,"2,2,4,4-Tetramethylhexane",CCC(C)(C)CC(C)(C)C,142.1721507,610.25,0.0,[610.25],['19'],22.5,0.0,[22.5],['19'],535.0,0.0,[535.0],['19'],,,,
C10H22,"2,5,5-Trimethylheptane",CCC(C)(C)CCC(C)C,142.1721507,602.95,0.0,[602.95],['19'],22.2,0.0,[22.2],['19'],550.0,0.0,[550.0],['19'],,,,
C6H14O,"2,2-dimethyl-1-butanol",CCC(C)(C)CO,102.177,,,,,,,,,375.97,0.03,"[376.0, 375.94]","['12', '18']",,,,
C5H11Cl,"1,1-dimethylpropyl chloride",CCC(C)(C)Cl,106.054928,509.1,0.0,"[509.1, 509.1]","['11', '23']",32.0,0.0,[32.0],['23'],396.98,0.0,[396.98],['23'],,,,
C5H12O,tert-pentyl-alcohol,CCC(C)(C)O,88.15,544.3175,0.564806383,"[543.7, 543.8, 545.0, 544.9, 543.75, 545.0, 544.325, 544.0, 545.0, 543.7]","['12', '11', '14', '17', '19', '22', '21', '23', '24', '18']",37.48752466,0.809602752,"[37.1, 36.99319728, 37.1, 37.9, 37.1, 37.1, 39.507, 37.1]","['12', '11', '19', '22', '21', '23', '24', '18']",321.3433333,3.328125932,"[319.0, 326.05, 318.98]","['19', '23', '24']",0.484871515,0.008793204,"[0.479, 0.48148606, 0.5, 0.479]","['12', '11', '24', '18']"
C6H14O,"ether, methyl tert-pentyl",CCC(C)(C)OC,102.1044651,536.15,0.15,"[536.3, 536.0]","['11', '23']",32.41137053,0.11137053,"[32.52274106, 32.3]","['11', '23']",372.02,0.0,[372.02],['23'],0.308034897,0.0,[0.308034897],['11']
C5H12S,2-Methyl-2-butanethiol,CCC(C)(C)S,104.0659714,570.125,0.025,"[570.15, 570.1]","['19', '21']",,,,,,,,,,,,
C10H22,"3-Ethyl-2,2,3-trimethyl-pentane",CCC(C)(CC)C(C)(C)C,142.1721507,646.05,0.0,[646.05],['19'],25.7,0.0,[25.7],['19'],503.0,0.0,[503.0],['19'],,,,
C9H20,"2,3-dimethyl-3-ethylpentane",CCC(C)(CC)C(C)C,128.258,,,,,,,,,477.05,0.05,"[477.0, 477.1]","['12', '18']",,,,
C8H18,3-methyl-3-ethylpentane,CCC(C)(CC)CC,114.231,576.5193,0.045148754,"[576.5, 576.5, 576.54, 576.5, 576.5, 576.65, 576.5, 576.503, 576.5, 576.5]","['12', '9', '11', '14', '16', '19', '22', '21', '23', '18']",28.04195418,0.1297018,"[28.1, 28.1, 28.0691334, 28.08, 28.1, 28.0865, 27.7, 28.1]","['12', '9', '11', '19', '22', '21', '23', '18']",456.1257143,2.796486863,"[455.1, 455.0, 455.0, 455.1, 454.55, 462.96, 455.17]","['12', '9', '19', '22', '21', '23', '18']",0.304577001,0.000598211,"[0.305, 0.303731003, 0.305]","['12', '11', '18']"
C10H22,"4-Ethyl-2,4-dimethylhexane",CCC(C)(CC)CC(C)C,142.1721507,620.95,0.0,[620.95],['19'],24.7,0.0,[24.7],['19'],524.0,0.0,[524.0],['19'],,,,
C6H13Cl,3-chloro-3-methylpentane,CCC(C)(Cl)CC,120.0705781,528.0,0.0,"[528.0, 528.0, 528.0]","['11', '23', '6']",,,,,414.08,0.0,[414.08],['23'],,,,
C4H8F2,"2,2-Difluorobutane",CCC(C)(F)F,94.0594067,462.0,0.0,[462.0],['7'],33.5286,0.0,[33.5286],['7'],,,,,,,,
C6H14O,3-methyl-3-pentanol,CCC(C)(O)CC,102.177,575.6071429,0.017496355,"[575.6, 575.6, 575.6, 575.65, 575.6, 575.6, 575.6]","['12', '11', '14', '19', '21', '23', '18']",35.1495935,0.076647308,"[35.2, 35.09756098, 35.2, 35.2, 35.0, 35.2]","['12', '11', '19', '21', '23', '18']",375.94,0.0,[375.94],['23'],0.445027767,0.018424044,"[0.432, 0.4710833, 0.432]","['12', '11', '18']"
C4H8O,methyl ethyl ketone,CCC(C)=O,72.107,536.168,0.616535482,"[535.5, 536.45, 536.8, 536.78, 536.8, 535.5, 535.55, 537.0, 535.8, 535.5]","['12', '11', '14', '19', '22', '2', '13', '23', '24', '18']",41.72267989,0.290391416,"[41.54, 41.71461897, 42.07, 42.1, 41.2, 41.5, 41.8, 42.0395, 41.54]","['12', '11', '19', '22', '2', '13', '23', '24', '18']",268.8611111,3.498467742,"[267.0, 267.0, 267.0, 267.02, 267.09, 276.63, 273.97, 267.02, 267.02]","['12', '19', '22', '2', '13', '21', '23', '24', '18']",0.321943828,0.001768649,"[0.324, 0.320662969, 0.32, 0.323, 0.32, 0.324]","['12', '11', '2', '13', '24', '18']"
C5H12,isopentane,CCC(C)C,72.15,460.3946667,0.030433899,"[460.4, 460.35, 460.43, 460.366, 460.4, 460.4, 460.45, 460.39, 460.43, 460.35, 460.37, 460.4]","['12', '1', '9', '11', '14', '16', '19', '22', '2', '13', '23', '18']",33.68433568,0.186981406,"[33.8, 33.78, 33.812, 33.19149243, 33.8, 33.81, 33.7, 33.78, 33.5542, 33.5, 33.8]","['12', '1', '9', '11', '19', '22', '2', '13', '21', '23', '18']",306.5397187,2.293212964,"[306.0, 305.7169061, 305.83, 306.0, 306.0, 308.3, 304.04, 304.41, 306.65, 312.99, 306.0]","['12', '1', '9', '16', '19', '22', '2', '13', '21', '23', '18']",0.226105106,0.002594812,"[0.228, 0.2274, 0.221125528, 0.226, 0.228]","['12', '1', '11', '2', '18']"
C8H18,"2,2,3-trimethylpentane",CCC(C)C(C)(C)C,114.231,563.4775,0.045013887,"[563.5, 563.5, 563.46, 563.4, 563.5, 563.55, 563.4, 563.465, 563.5, 563.5]","['12', '9', '11', '14', '16', '19', '22', '21', '23', '18']",27.2945996,0.013190821,"[27.3, 27.3, 27.25979681, 27.3, 27.3, 27.297, 27.3, 27.3]","['12', '9', '11', '19', '22', '21', '23', '18']",436.83625,1.998824264,"[436.0, 436.0, 436.0, 436.0, 436.0, 436.68, 442.09, 435.92]","['12', '9', '16', '19', '22', '21', '23', '18']",0.296902874,0.000137357,"[0.297, 0.296708622, 0.297]","['12', '11', '18']"
C10H22,"2,3,3,4-Tetramethylhexane",CCC(C)C(C)(C)C(C)C,142.1721507,633.15,0.0,[633.15],['19'],24.8,0.0,[24.8],['19'],514.0,0.0,[514.0],['19'],,,,
C9H20,"3,3,4-trimethylhexane",CCC(C)C(C)(C)CC,128.258,,,,,,,,,484.015,0.015,"[484.0, 484.03]","['12', '18']",,,,
C10H22,"3-Ethyl-3,4-dimethylhexane",CCC(C)C(C)(CC)CC,142.1721507,624.55,0.0,[624.55],['19'],24.2,0.0,[24.2],['19'],511.0,0.0,[511.0],['19'],,,,
C6H12O,3-Methyl-2-pentanone,CCC(C)C(C)=O,100.088815,572.2833333,0.507170802,"[571.95, 573.0, 571.9]","['19', '2', '21']",33.2,0.0,[33.2],['2'],371.06,0.0,[371.06],['2'],0.386,0.0,[0.386],['2']
C7H16,"2,3-dimethylpentane",CCC(C)C(C)C,100.204,537.3213636,0.121057667,"[537.3, 537.0, 537.3, 537.4, 537.3, 537.45, 537.3, 537.35, 537.335, 537.5, 537.3]","['12', '9', '11', '14', '16', '19', '22', '2', '21', '23', '18']",29.06701075,0.133611864,"[29.1, 29.08, 28.88709677, 29.08, 29.1, 28.8, 29.256, 29.2, 29.1]","['12', '9', '11', '19', '22', '2', '21', '23', '18']",393.52,0.961653668,"[393.0, 393.0, 393.0, 393.0, 393.0, 396.04, 393.7, 394.01, 392.93]","['12', '9', '16', '19', '22', '2', '21', '23', '18']",0.294320555,0.001739554,"[0.296, 0.293282218, 0.292, 0.296]","['12', '11', '2', '18']"
C10H22,"2,2,3,4-Tetramethylhexane",CCC(C)C(C)C(C)(C)C,142.1721507,620.45,0.0,[620.45],['19'],23.7,0.0,[23.7],['19'],525.0,0.0,[525.0],['19'],,,,
C9H20,"2,3,4-trimethylhexane",CCC(C)C(C)C(C)C,128.258,,,,,,,,,494.035,0.035,"[494.0, 494.07]","['12', '18']",,,,
C10H22,"3,4,5-Trimethylheptane",CCC(C)C(C)C(C)CC,142.1721507,612.85,0.0,[612.85],['19'],22.4,0.0,[22.4],['19'],547.0,0.0,[547.0],['19'],,,,
C8H18,"3,4-dimethylhexane",CCC(C)C(C)CC,114.231,568.8153,0.045064509,"[568.8, 568.8, 568.81, 568.8, 568.8, 568.95, 568.8, 568.793, 568.8, 568.8]","['12', '9', '11', '14', '16', '19', '22', '21', '23', '18']",26.90625571,0.008508908,"[26.9, 26.9, 26.91954567, 26.92, 26.9, 26.9105, 26.9, 26.9]","['12', '9', '11', '19', '22', '21', '23', '18']",465.3925,2.542069777,"[466.0, 466.0, 466.0, 466.0, 458.8, 467.29, 467.07, 465.98]","['12', '9', '16', '19', '22', '21', '23', '18']",0.338093981,0.000132909,"[0.338, 0.338281942, 0.338]","['12', '11', '18']"
C10H22,"2,4,5-Trimethylheptane",CCC(C)C(C)CC(C)C,142.1721507,606.95,0.0,[606.95],['19'],22.4,0.0,[22.4],['19'],544.0,0.0,[544.0],['19'],,,,
C6H14O,3-methyl-2-pentanol,CCC(C)C(C)O,102.177,,,,,,,,,373.0,0.0,"[373.0, 373.0]","['12', '18']",,,,
C10H22,"3-Ethyl-2,4-dimethylhexane",CCC(C)C(CC)C(C)C,142.1721507,616.15,0.0,[616.15],['19'],23.4,0.0,[23.4],['19'],522.0,0.0,[522.0],['19'],,,,
C9H20,3-ethyl-4-methylhexane,CCC(C)C(CC)CC,128.258,,,,,,,,,489.98,0.02,"[490.0, 489.96]","['12', '18']",,,,
C10H20,sec-butylcyclohexane,CCC(C)C1CCCCC1,140.1565006,669.1,0.070710678,"[669.15, 669.0, 669.15]","['9', '14', '19']",26.7249,0.0249,"[26.7498, 26.7]","['9', '19']",530.0,0.0,[530.0],['9'],,,,
C5H10O,"butanal, 2-methyl-",CCC(C)C=O,86.07316494,531.78,0.22,"[531.56, 532.0]","['11', '10']",38.73531177,1.635311765,"[40.37062353, 37.1]","['11', '10']",,,,,0.498940738,0.0,[0.498940738],['11']
C6H14,3-methylpentane,CCC(C)CC,86.177,504.6375,0.417973783,"[504.43, 506.0, 504.43, 504.56, 504.5, 504.6, 504.55, 504.4, 504.65, 504.6, 504.5, 504.43]","['12', '1', '9', '11', '14', '16', '19', '22', '13', '23', '24', '18']",31.28787723,0.186729886,"[31.24, 31.845, 31.24, 31.22277228, 31.26, 31.2, 31.2, 31.2, 31.231, 31.24]","['12', '1', '9', '11', '19', '22', '13', '23', '24', '18']",366.6820209,2.327075243,"[366.4, 359.7122302, 368.0, 368.0, 367.0, 366.7, 368.32, 367.24, 368.73, 366.97, 366.43]","['12', '1', '9', '16', '19', '22', '13', '21', '23', '24', '18']",0.271648303,0.0021319,"[0.274, 0.268, 0.271889816, 0.27, 0.272, 0.274]","['12', '1', '11', '13', '24', '18']"
C9H20,"2,2,4-trimethylhexane",CCC(C)CC(C)(C)C,128.258,574.05,0.460072458,"[574.7, 573.7, 573.75]","['9', '14', '19']",24.05,0.35,"[24.4, 23.7]","['9', '19']",509.0633333,3.490752864,"[506.6, 514.0, 506.59]","['12', '9', '18']",,,,
C10H22,"3,3,5-trimethylheptane",CCC(C)CC(C)(C)CC,142.285,609.5385,0.053293996,"[609.5, 609.5, 609.51, 609.6, 609.5, 609.65, 609.6, 609.525, 609.5, 609.5]","['12', '9', '11', '14', '16', '19', '22', '21', '23', '18']",23.19393458,0.011480975,"[23.2, 23.2, 23.16647662, 23.2, 23.2, 23.185, 23.2, 23.2]","['12', '9', '11', '19', '22', '21', '23', '18']",566.3633333,20.83004294,"[537.0, 579.0, 583.09]","['9', '19', '23']",0.388231651,0.004570245,"[0.385, 0.394694954, 0.385]","['12', '11', '18']"
C8H18,"2,4-dimethylhexane",CCC(C)CC(C)C,114.231,553.2967,0.388417314,"[553.5, 553.5, 553.0, 553.5, 553.5, 553.65, 553.5, 552.317, 553.0, 553.5]","['12', '9', '11', '14', '16', '19', '22', '21', '23', '18']",25.54519108,0.081887501,"[25.6, 25.6, 25.55452865, 25.56, 25.6, 25.347, 25.5, 25.6]","['12', '9', '11', '19', '22', '21', '23', '18']",472.9625,2.691921944,"[472.0, 472.0, 472.0, 472.0, 472.0, 471.7, 480.08, 471.92]","['12', '9', '16', '19', '22', '21', '23', '18']",0.344929162,0.001314034,"[0.344, 0.346787486, 0.344]","['12', '11', '18']"
C10H22,"2,3,5-Trimethylheptane",CCC(C)CC(C)C(C)C,142.1721507,612.85,0.0,[612.85],['19'],22.4,0.0,[22.4],['19'],547.0,0.0,[547.0],['19'],,,,
C9H20,"3,5-dimethylheptane",CCC(C)CC(C)CC,128.258,584.6,0.0,[584.6],['9'],24.5,0.0,[24.5],['9'],510.98,1.428565714,"[510.0, 513.0, 509.94]","['12', '9', '18']",,,,
C10H22,3-methyl-5-ethylheptane,CCC(C)CC(CC)CC,142.1721507,606.705,0.055,"[606.76, 606.65]","['9', '19']",22.28503256,0.014967445,"[22.27006511, 22.3]","['9', '19']",541.0,0.0,"[541.0, 541.0]","['9', '19']",,,,
C8H18O,5-methyl-3-heptanol,CCC(C)CC(O)CC,130.1357652,621.19,0.017320508,"[621.16, 621.2, 621.2, 621.2]","['11', '14', '21', '23']",28.0,0.0,[28.0],['23'],493.1,0.0,[493.1],['23'],,,,
C10H22,"2,2,5-trimethylheptane",CCC(C)CCC(C)(C)C,142.1721507,598.65,0.353553391,"[598.9, 598.15, 598.9]","['14', '19', '22']",21.7,0.0,[21.7],['19'],559.0,0.0,[559.0],['19'],,,,
C9H20,"2,5-dimethylheptane",CCC(C)CCC(C)C,128.258,,,,,,,,,521.96,0.04,"[522.0, 521.92]","['12', '18']",,,,
C10H22,"3,6-dimethyloctane",CCC(C)CCC(C)CC,142.1721507,608.975,0.625,"[609.6, 608.35]","['9', '19']",22.2,0.3,"[22.5, 21.9]","['9', '19']",565.0,3.0,"[568.0, 562.0]","['9', '19']",,,,
C10H22,"2,6-Dimethyloctane",CCC(C)CCCC(C)C,142.1721507,603.15,0.0,[603.15],['19'],21.5,0.0,[21.5],['19'],576.0,0.0,[576.0],['19'],,,,
C6H14O,3-methyl-1-pentanol,CCC(C)CCO,102.177,,,,,,,,,377.365,0.005,"[377.37, 377.36]","['12', '18']",,,,
C5H12O,2-methyl-1-butanol,CCC(C)CO,88.15,574.395,3.735133866,"[575.4, 575.4, 575.4, 580.1, 575.45, 575.4, 565.0, 571.0, 575.4, 575.4]","['12', '11', '14', '17', '19', '22', '2', '24', '21', '18']",39.9116621,2.038375528,"[39.4, 39.4109589, 45.6, 39.4, 39.4, 38.7, 38.494, 39.4, 39.4]","['12', '11', '17', '19', '22', '2', '24', '21', '18']",323.6566667,2.37122097,"[322.0, 327.01, 321.96]","['19', '2', '24']",0.633052353,0.056528389,"[0.574, 0.580209414, 0.678, 0.7]","['12', '11', '2', '24']"
C5H12S,2-Methyl-1-butanethiol,CCC(C)CS,104.0659714,591.925,0.025,"[591.95, 591.9]","['19', '21']",,,,,,,,,,,,
C4H9Cl,2-chlorobutane,CCC(C)Cl,92.568,519.9388889,0.946859657,"[520.6, 518.6, 518.6, 520.6, 520.65, 520.6, 518.6, 520.6, 520.6]","['12', '7', '11', '14', '19', '22', '23', '24', '18']",37.09643333,2.209788347,"[38.26, 34.5116, 39.5, 36.8, 34.0, 39.507]","['12', '7', '19', '22', '23', '24']",307.25,2.866696705,"[305.0, 312.0, 307.03, 304.97]","['19', '22', '23', '24']",0.3,0.0,[0.3],['24']
C4H9F,2-Fluorobutane,CCC(C)F,76.06882851,448.0,0.0,[448.0],['7'],34.0568,0.0,[34.0568],['7'],,,,,,,,
C4H11N,sec-butylamine,CCC(C)N,73.138,513.27625,1.820699986,"[514.3, 514.26, 514.3, 511.0, 514.35, 509.4, 514.3, 514.3]","['12', '11', '14', '17', '19', '21', '21', '18']",43.1875,4.017209075,"[41.05, 39.7, 42.0, 50.0]","['12', '17', '19', '21']",278.0,0.0,[278.0],['19'],,,,
C4H10O,sec-butanol,CCC(C)O,74.123,536.477,0.82101218,"[536.05, 535.95, 536.1, 538.0, 536.25, 536.05, 536.05, 536.05, 536.05, 538.22]","['12', '11', '14', '17', '19', '22', '2', '24', '18', '18']",41.96575937,0.243894391,"[41.79, 42.53571429, 41.8, 42.02, 41.79, 42.0, 41.77612, 41.79, 42.19]","['12', '11', '17', '19', '22', '2', '24', '18', '18']",269.6357143,1.180881718,"[269.0, 269.0, 269.0, 269.98, 269.03, 269.03, 272.41]","['12', '19', '22', '2', '24', '18', '18']",0.577732679,0.007231045,"[0.572, 0.578396073, 0.574, 0.577, 0.572, 0.593]","['12', '11', '2', '24', '18', '18']"
C6H12O2,1-methylpropyl ethanoate,CCC(C)OC(C)=O,116.0837296,567.7133333,4.747387586,"[571.14, 561.0, 571.0]","['11', '17', '3']",30.51310466,0.556650461,"[30.13931398, 31.3, 30.1]","['11', '17', '3']",,,,,0.2644011,0.0,[0.2644011],['11']
C5H10O2,1-methyl-propyl formate,CCC(C)OC=O,102.0680796,545.0,0.0,[545.0],['17'],38.3,0.0,[38.3],['17'],,,,,,,,
C4H10S,butane-2-thiol,CCC(C)S,90.191,554.0,0.0,"[554.0, 554.0]","['2', '21']",40.6,0.0,[40.6],['2'],307.03,0.0,[307.03],['2'],0.251,0.0,[0.251],['2']
C4H9NO2,2-Nitrobutane,CCC(C)[N+](=O)[O-],103.0633285,615.0,0.0,[615.0],['17'],36.0,0.0,[36.0],['17'],,,,,,,,
C10H14,sec-butylbenzene,CCC(C)c1ccccc1,134.221,659.94625,5.694012069,"[664.54, 664.54, 652.5, 652.5, 664.15, 664.0, 664.54, 652.8]","['12', '9', '11', '14', '19', '24', '18', '10']",29.65952538,0.301361384,"[29.5, 29.51, 29.95867769, 29.4, 29.478, 29.5, 30.27]","['12', '9', '11', '19', '24', '18', '10']",496.62,11.08311629,"[497.0, 510.0, 482.86]","['9', '19', '10']",0.298878026,0.037372289,"[0.279, 0.363512104, 0.274, 0.279]","['12', '11', '24', '18']"
C10H22,"3-Ethyl-2,5-dimethylhexane",CCC(CC(C)C)C(C)C,142.1721507,603.55,0.0,[603.55],['19'],22.4,0.0,[22.4],['19'],537.0,0.0,[537.0],['19'],,,,
C10H22,"3,3-Diethyl-2-methylpentane",CCC(CC)(CC)C(C)C,142.1721507,639.95,0.0,[639.95],['19'],25.3,0.0,[25.3],['19'],501.0,0.0,[501.0],['19'],,,,
C9H20,"3,3-diethylpentane",CCC(CC)(CC)CC,128.258,610.0666667,0.047140452,"[610.05, 610.05, 610.0, 610.1, 610.15, 610.05]","['12', '9', '14', '16', '19', '18']",26.7375,0.021650635,"[26.75, 26.75, 26.7, 26.75]","['12', '9', '19', '18']",473.0133333,0.018856181,"[473.0, 473.0, 473.04]","['12', '9', '18']",0.338,0.0,"[0.338, 0.338]","['12', '18']"
C8H18,3-ethyl-2-methylpentane,CCC(CC)C(C)C,114.231,567.054,0.052383203,"[567.0, 567.1, 567.05, 567.0, 567.1, 567.15, 567.0, 567.04, 567.1, 567.0]","['12', '9', '11', '14', '16', '19', '22', '21', '23', '18']",26.99733611,0.007831333,"[27.0, 27.0, 26.97668887, 27.0, 27.0, 27.002, 27.0, 27.0]","['12', '9', '11', '19', '22', '21', '23', '18']",442.8175,1.01112252,"[442.8, 442.0, 442.0, 443.0, 445.3, 442.48, 442.09, 442.87]","['12', '9', '16', '19', '22', '21', '23', '18']",0.329158614,0.000224314,"[0.329, 0.329475842, 0.329]","['12', '11', '18']"
C10H22,"4-Ethyl-2,3-dimethylhexane",CCC(CC)C(C)C(C)C,142.1721507,617.35,0.0,[617.35],['19'],23.4,0.0,[23.4],['19'],524.0,0.0,[524.0],['19'],,,,
C7H16,3-ethylpentane,CCC(CC)CC,100.1252005,540.617,0.073763134,"[540.64, 540.6, 540.5, 540.6, 540.75, 540.5, 540.64, 540.7, 540.64, 540.6]","['9', '11', '14', '16', '19', '22', '21', '23', '24', '18']",28.9293244,0.03812047,"[28.908, 28.98659517, 28.91, 28.9, 28.929, 29.0, 28.901, 28.9]","['9', '11', '19', '22', '21', '23', '24', '18']",415.33875,1.295583242,"[416.0, 416.0, 416.0, 415.8, 414.94, 412.03, 415.97, 415.97]","['9', '16', '19', '22', '21', '23', '24', '18']",0.309897047,0.000694233,"[0.310691141, 0.31, 0.309]","['11', '24', '18']"
C10H22,"4-Ethyl-2,2-dimethylhexane",CCC(CC)CC(C)(C)C,142.1721507,594.65,0.0,[594.65],['19'],22.2,0.0,[22.2],['19'],539.0,0.0,[539.0],['19'],,,,
C9H20,4-ethyl-2-methylhexane,CCC(CC)CC(C)C,128.258,580.15,0.0,[580.15],['9'],23.9937544,0.0,[23.9937544],['9'],504.01,0.014142136,"[504.0, 504.0, 504.03]","['12', '9', '18']",,,,
C10H22,5-Ethyl-2-methylheptane,CCC(CC)CCC(C)C,142.1721507,606.75,0.0,[606.75],['19'],21.9,0.0,[21.9],['19'],555.0,0.0,[555.0],['19'],,,,
C6H14O,2-Ethyl-1-butanol,CCC(CC)CO,102.1044651,418.85,0.0,[418.85],['19'],,,,,,,,,,,,
C3H5Cl3,"1,1,1-Trichloropropane",CCC(Cl)(Cl)Cl,145.9456832,589.0,0.0,[589.0],['7'],38.7463,0.0,[38.7463],['7'],,,,,,,,
C4H8Cl2,"1,2-Dichlorobutane",CCC(Cl)CCl,126.0003056,608.0,0.0,[608.0],['7'],39.6122,0.0,[39.6122],['7'],,,,,,,,
C3H6Cl2,"1,1-Dichloropropane",CCC(Cl)Cl,111.9846556,559.32,0.481109828,"[558.96, 559.0, 560.0]","['7', '11', '2']",42.73523014,0.237046445,"[42.9014, 42.90429043, 42.4]","['7', '11', '2']",291.97,0.0,[291.97],['2'],0.26058479,0.00758479,"[0.26816958, 0.253]","['11', '2']"
C3H5F3,"1,1,1-trifluoropropane",CCC(F)(F)F,98.068,392.3333333,0.471404521,"[392.0, 393.0, 392.0]","['12', '7', '18']",34.3862,0.160937503,"[34.5, 34.1586, 34.5]","['12', '7', '18']",249.0,0.0,"[249.0, 249.0]","['12', '18']",0.301,0.0,"[0.301, 0.301]","['12', '18']"
C3H6ClF,1-Chloro-1-fluoropropane,CCC(F)Cl,96.01420609,497.0,0.0,[497.0],['7'],40.9338,0.0,[40.9338],['7'],,,,,,,,
C3H6F2,"1,1-Difluoropropane",CCC(F)F,80.04375663,414.0,0.0,[414.0],['7'],40.1084,0.0,[40.1084],['7'],,,,,,,,
C6H14O,2-methyl-3-pentanol,CCC(O)C(C)C,102.177,576.0083333,0.0186339,"[576.0, 576.0, 576.05, 576.0, 576.0, 576.0]","['11', '14', '19', '22', '21', '23']",34.67891892,0.16055419,"[34.59459459, 34.6, 34.6, 34.6, 35.0]","['11', '19', '22', '21', '23']",378.6233333,0.931462411,"[378.0, 379.94, 377.93]","['12', '23', '18']",0.48945499,0.0,[0.48945499],['11']
C5H12O,3-pentanol,CCC(O)CC,88.15,559.6014286,0.024159335,"[559.6, 559.56, 559.6, 559.65, 559.6, 559.6, 559.6]","['12', '11', '14', '19', '21', '23', '18']",37.0,0.0,[37.0],['12'],325.1775,0.319012147,"[325.0, 325.73, 324.99, 324.99]","['12', '21', '23', '18']",,,,
C4H10O2,"1,2-butanediol",CCC(O)CO,90.122,680.0,0.0,"[680.0, 680.0, 680.0, 680.0, 680.0, 680.0]","['12', '7', '11', '14', '22', '18']",50.60875342,2.282457339,"[48.11, 50.0885, 53.62776025]","['12', '7', '11']",303.0266667,0.020548047,"[303.0, 303.05, 303.03]","['12', '22', '18']",0.642065153,0.0,[0.642065153],['11']
C8H16,(E)-4-octene,CCC/C=C/CCC,112.1252005,566.3,0.0,"[566.3, 566.3]","['11', '10']",,,,,,,,,,,,
C8H16,1-methyl-1-ethylcyclopentane,CCC1(C)CCCC1,112.1252005,592.05,0.070710678,"[592.0, 592.15, 592.0]","['14', '19', '21']",29.9,0.0,[29.9],['19'],,,,,,,,
C9H18,1-methyl-1-ethylcyclohexane,CCC1(C)CCCCC1,126.1408506,612.15,0.0,[612.15],['9'],26.95245,0.0,[26.95245],['9'],469.0,0.0,[469.0],['9'],,,,
C10H20,"1-ethyl-2,3-dimethylcyclohexane",CCC1CCCC(C)C1C,140.1565006,612.5,0.0,[612.5],['9'],26.95245,0.0,[26.95245],['9'],469.0,0.0,[469.0],['9'],,,,
C7H14,ethylcyclopentane,CCC1CCCC1,98.188,569.503,0.018641352,"[569.5, 569.52, 569.483, 569.5, 569.5, 569.55, 569.5, 569.52, 569.483, 569.48, 569.5, 569.5]","['12', '9', '11', '14', '16', '19', '22', '2', '21', '23', '13', '18']",33.97905377,0.029984979,"[34.0, 33.977, 33.95843769, 33.9, 33.97, 34.0, 33.9851, 34.0, 34.0, 34.0]","['12', '9', '11', '19', '22', '2', '21', '23', '13', '18']",374.971,0.72576098,"[375.0, 374.52, 375.0, 375.0, 375.0, 373.97, 374.53, 376.93, 374.81, 374.95]","['12', '9', '16', '19', '22', '2', '21', '23', '13', '18']",0.270458803,0.000462487,"[0.27, 0.27083521, 0.271, 0.27]","['12', '11', '2', '18']"
C8H16,ethylcyclohexane,CCC1CCCCC1,112.1252005,608.575,0.968568531,"[609.15, 606.9, 609.2, 609.15, 609.15, 609.15, 609.0, 606.9]","['9', '11', '16', '19', '2', '13', '21', '23']",31.1764483,1.134895271,"[30.4, 32.85868977, 30.3, 30.4, 30.4, 32.7]","['9', '11', '19', '2', '13', '23']",436.8116667,9.333460267,"[430.0, 450.0, 450.0, 429.92, 429.92, 431.03]","['9', '16', '19', '2', '13', '23']",0.262045429,0.022691664,"[0.294136288, 0.246, 0.246]","['11', '2', '13']"
C6H12,2-methyl-2-pentene,CCC=C(C)C,84.09390038,515.125,4.1192384,"[518.0, 509.3, 518.0, 518.15, 509.3, 518.0]","['9', '11', '14', '19', '23', '24']",32.81594687,0.135871913,"[32.83, 33.02853437, 32.8, 32.6, 32.8212]","['9', '11', '19', '23', '24']",350.2375,1.320688741,"[351.0, 351.0, 347.95, 351.0]","['9', '19', '23', '24']",0.265754557,0.036754556,"[0.302509113, 0.229]","['11', '24']"
C6H12,3-hexene,CCC=CCC,84.09390038,509.625,7.375,"[502.25, 517.0]","['11', '14']",33.39428191,0.0,[33.39428191],['11'],,,,,0.355561411,0.0,[0.355561411],['11']
C3H6O,propionaldehyde,CCC=O,58.08,504.5475,4.875158331,"[504.4, 503.73, 515.3, 504.45, 504.4, 503.7, 496.0, 504.4]","['12', '11', '14', '19', '2', '23', '24', '18']",52.07548254,3.641955007,"[55.16, 50.3780378, 52.7, 49.2, 59.07934, 50.4, 47.611]","['12', '11', '19', '2', '21', '23', '24']",208.6714286,7.610084341,"[204.0, 204.0, 204.0, 203.67, 218.01, 223.02, 204.0]","['12', '19', '2', '21', '23', '24', '18']",0.279137078,0.024474923,"[0.268411235, 0.256, 0.313]","['11', '2', '24']"
C3H7Br,1-bromopropane,CCCBr,122.993,539.2,3.030036303,"[536.94, 536.94, 544.5, 540.72, 536.9]","['12', '11', '19', '21', '23']",45.48550874,2.504041077,"[47.98, 42.68203498, 47.98, 43.3]","['12', '11', '21', '23']",267.5055328,3.4944672,"[264.0110656, 271.0]","['19', '23']",0.258922067,0.026077933,"[0.285, 0.232844134]","['12', '11']"
C4H10,butane,CCCC,58.123,425.1681333,0.119007488,"[425.12, 425.125, 425.157, 425.18, 425.15, 425.1, 425.1, 425.6, 425.12, 425.12, 425.12, 425.13, 425.2, 425.18, 425.12]","['12', '1', '7', '9', '11', '14', '16', '17', '19', '22', '2', '13', '23', '24', '18']",37.89616686,0.11197398,"[37.96, 37.96, 37.9379, 37.969, 37.94626919, 37.6, 37.84, 37.96, 37.7, 37.96, 37.9, 37.957, 37.96]","['12', '1', '7', '9', '11', '17', '19', '22', '2', '13', '23', '24', '18']",255.1492663,0.586345391,"[255.0, 254.9219298, 254.9, 255.0, 255.0, 255.0, 254.97, 254.91, 257.0, 254.97, 254.97]","['12', '1', '9', '16', '19', '22', '2', '13', '23', '24', '18']",0.199651126,0.001272987,"[0.2, 0.201, 0.199557879, 0.197, 0.201, 0.199, 0.2]","['12', '1', '11', '2', '13', '24', '18']"
C4H7N,butyronitrile,CCCC#N,69.107,583.1882727,1.379444163,"[582.35, 585.396, 582.2, 582.2, 585.45, 582.25, 582.3, 582.975, 585.4, 582.2, 582.35]","['12', '11', '14', '17', '19', '2', '13', '21', '23', '24', '18']",38.0719085,0.291485022,"[37.9, 38.26117647, 37.9, 38.8, 37.9, 37.9, 38.2, 37.886, 37.9]","['12', '11', '17', '19', '2', '13', '23', '24', '18']",278.102,7.316445585,"[285.0, 278.01, 277.55, 264.97, 284.98]","['19', '2', '13', '23', '24']",0.368236908,0.007110492,"[0.371, 0.352421446, 0.371, 0.371, 0.373, 0.371]","['12', '11', '2', '13', '24', '18']"
C7H14O,2-methyl-3-hexanone,CCCC(=O)C(C)C,114.1044651,593.15,0.15,"[593.3, 593.0]","['11', '23']",29.0,0.0,[29.0],['23'],428.08,0.0,[428.08],['23'],,,,
C6H12O,3-hexanone,CCCC(=O)CC,100.161,582.90125,0.116880013,"[582.82, 583.08, 582.8, 582.85, 582.8, 582.94, 583.1, 582.82]","['12', '11', '14', '19', '22', '21', '23', '18']",33.2034188,0.008374323,"[33.2, 33.22393162, 33.2, 33.2, 33.2, 33.2, 33.2]","['12', '11', '19', '22', '21', '23', '18']",377.844,0.244016393,"[378.0, 378.0, 377.36, 377.93, 377.93]","['12', '22', '21', '23', '18']",0.37905484,0.001336658,"[0.38, 0.37716452, 0.38]","['12', '11', '18']"
C7H14O,4-heptanone,CCCC(=O)CCC,114.188,602.0,0.0,"[602.0, 602.0, 602.0, 602.0, 602.0, 602.0]","['12', '11', '13', '21', '23', '18']",29.6429777,0.650344712,"[28.86, 30.5119108, 29.2, 30.0]","['12', '11', '13', '23']",434.212,0.294577664,"[434.0, 434.22, 434.78, 434.03, 434.03]","['12', '13', '21', '23', '18']",0.418984366,0.006984366,"[0.425968732, 0.412]","['11', '13']"
C4H8O2,butanoic acid,CCCC(=O)O,88.106,621.4834091,4.713272154,"[615.7, 621.6, 628.0, 624.15, 624.0, 615.7, 615.75, 624.7175, 623.0, 628.0, 615.7]","['12', '11', '14', '19', '22', '2', '13', '21', '23', '24', '18']",41.72759519,3.886218998,"[40.64, 39.59235669, 40.3, 40.7, 40.64, 40.36, 40.0, 52.676, 40.64]","['12', '11', '19', '2', '13', '21', '23', '24', '18']",291.27125,0.777904838,"[291.7, 290.0, 292.0, 291.04, 291.72, 291.97, 290.02, 291.72]","['12', '19', '22', '2', '13', '23', '24', '18']",0.670398954,0.025056944,"[0.681, 0.614393726, 0.682, 0.681, 0.683, 0.681]","['12', '11', '2', '13', '24', '18']"
C5H10O2,methyl butanoate,CCCC(=O)OC,102.133,554.1540909,0.927280526,"[554.5, 554.42, 554.4, 554.45, 554.4, 554.5, 554.5, 551.225, 554.4, 554.4, 554.5]","['12', '11', '14', '19', '22', '2', '13', '21', '23', '24', '18']",34.84761798,0.173397717,"[34.73, 34.97917981, 34.75, 34.8, 34.8, 34.73, 35.311, 34.9, 34.746, 34.73]","['12', '11', '19', '22', '2', '13', '21', '23', '24', '18']",340.57,1.128401032,"[340.0, 340.0, 340.0, 340.02, 340.48, 343.64, 340.95, 340.02, 340.02]","['12', '19', '22', '2', '13', '21', '23', '24', '18']",0.377952984,0.001237922,"[0.378, 0.375717904, 0.378, 0.378, 0.38, 0.378]","['12', '11', '2', '13', '24', '18']"
C6H12O2,ethyl butanoate,CCCC(=O)OCC,116.16,569.0109091,3.362738209,"[571.0, 566.12, 577.0, 566.15, 566.0, 571.0, 571.0, 567.75, 566.1, 566.0, 571.0]","['12', '11', '17', '19', '22', '2', '13', '21', '23', '24', '18']",30.51091208,0.912724963,"[29.21, 31.96612084, 30.6, 30.6, 30.6, 29.4, 29.5, 30.64, 32.0, 30.593]","['12', '11', '17', '19', '22', '2', '13', '21', '23', '24']",415.8171429,7.969724344,"[421.0, 421.0, 403.06, 403.39, 420.17, 421.05, 421.05]","['19', '22', '2', '13', '21', '23', '24']",0.433342525,0.033591425,"[0.472370099, 0.399, 0.401, 0.461]","['11', '2', '13', '24']"
C8H16O2,2-methylpropyl butanoate,CCCC(=O)OCC(C)C,144.214,611.13125,0.191926907,"[611.0, 611.5, 611.0, 611.15, 611.0, 611.4, 611.0, 611.0]","['12', '11', '14', '19', '22', '21', '23', '18']",24.25,0.99079093,"[22.85, 24.9, 25.0]","['12', '22', '23']",524.11,0.0,[524.11],['23'],,,,
C9H18O2,2-methylbutyl butanoate,CCCC(=O)OCC(C)CC,158.241,620.0,0.0,"[620.0, 620.0]","['12', '18']",20.96,0.0,[20.96],['12'],,,,,,,,
C9H18O2,3-methylbutyl butanoate,CCCC(=O)OCCC(C)C,158.1306798,618.9828571,0.092073617,"[618.9, 619.0, 619.15, 619.0, 618.83, 619.0, 619.0]","['11', '14', '19', '22', '21', '23', '3']",23.3,0.0,[23.3],['22'],,,,,,,,
C10H22,3-Isopropyl-2-methylhexane,CCCC(C(C)C)C(C)C,142.1721507,632.45,0.0,[632.45],['19'],22.9,0.0,[22.9],['19'],529.0,0.0,[529.0],['19'],,,,
C7H16,"2,2-dimethylpentane",CCCC(C)(C)C,100.204,520.5007,0.065957638,"[520.5, 520.5, 520.46, 520.4, 520.5, 520.55, 520.4, 520.597, 520.6, 520.5]","['12', '9', '11', '14', '16', '19', '22', '21', '23', '18']",27.7501656,0.12194172,"[27.7, 27.733, 27.66932483, 27.73, 27.7, 28.069, 27.7, 27.7]","['12', '9', '11', '19', '22', '21', '23', '18']",414.96375,2.279637786,"[416.0, 416.0, 416.0, 416.0, 415.8, 414.94, 409.0, 415.97]","['12', '9', '16', '19', '22', '21', '23', '18']",0.286836486,0.000231244,"[0.287, 0.286509457, 0.287]","['12', '11', '18']"
C10H22,"2,2,3,3-tetramethylhexane",CCCC(C)(C)C(C)(C)C,142.285,623.0385,0.069571905,"[623.0, 623.0, 623.01, 623.2, 623.0, 623.15, 623.0, 623.025, 623.0, 623.0]","['12', '9', '11', '14', '16', '19', '22', '21', '23', '18']",25.10014102,0.000373091,"[25.1, 25.1, 25.10112812, 25.1, 25.1, 25.1, 25.1, 25.1]","['12', '9', '11', '19', '22', '21', '23', '18']",555.0166667,26.17824585,"[518.0, 573.0, 574.05]","['9', '19', '23']",0.363178493,0.003990213,"[0.366, 0.35753548, 0.366]","['12', '11', '18']"
C9H20,"2,3,3-trimethylhexane",CCCC(C)(C)C(C)C,128.258,,,,,,,,,490.96,0.04,"[491.0, 490.92]","['12', '18']",,,,
C10H22,"3,4,4-Trimethylheptane",CCCC(C)(C)C(C)CC,142.1721507,620.95,0.0,[620.95],['19'],23.7,0.0,[23.7],['19'],524.0,0.0,[524.0],['19'],,,,
C8H18,"3,3-dimethylhexane",CCCC(C)(C)CC,114.231,562.0125,0.047289005,"[562.0, 562.02, 561.98, 562.0, 562.0, 562.15, 562.0, 561.975, 562.0, 562.0]","['12', '9', '11', '14', '16', '19', '22', '21', '23', '18']",26.5191901,0.021837226,"[26.5, 26.5379197, 26.55860113, 26.54, 26.5, 26.517, 26.5, 26.5]","['12', '9', '11', '19', '22', '21', '23', '18']",443.8,2.369013508,"[443.0, 443.0, 443.0, 443.0, 442.8, 442.48, 450.05, 443.07]","['12', '9', '16', '19', '22', '21', '23', '18']",0.320190701,0.000269692,"[0.32, 0.320572103, 0.32]","['12', '11', '18']"
C10H22,"2,4,4-Trimethylheptane",CCCC(C)(C)CC(C)C,142.1721507,600.35,0.0,[600.35],['19'],22.2,0.0,[22.2],['19'],541.0,0.0,[541.0],['19'],,,,
C9H20,"4,4-dimethylheptane",CCCC(C)(C)CCC,128.258,,,,,,,,,501.0,0.0,"[501.0, 501.0]","['12', '18']",,,,
C6H14O,2-methyl-2-pentanol,CCCC(C)(C)O,102.177,559.50125,0.022603927,"[559.5, 559.46, 559.5, 559.55, 559.5, 559.5, 559.5, 559.5]","['12', '11', '14', '19', '22', '21', '23', '18']",35.13333333,0.612825877,"[34.7, 36.0, 34.7]","['12', '23', '18']",389.98,14.15629895,"[380.0, 410.0, 379.94]","['12', '23', '18']",0.579,0.0,"[0.579, 0.579]","['12', '18']"
C10H22,"3-Ethyl-2,3-dimethylhexane",CCCC(C)(CC)C(C)C,142.1721507,626.85,0.0,[626.85],['19'],24.2,0.0,[24.2],['19'],516.0,0.0,[516.0],['19'],,,,
C9H20,3-ethyl-3-methylhexane,CCCC(C)(CC)CC,128.258,,,,,,,,,487.045,0.045,"[487.0, 487.09]","['12', '18']",,,,
C10H22,4-Ethyl-4-methylheptane,CCCC(C)(CC)CCC,142.1721507,615.55,0.0,[615.55],['19'],23.1,0.0,[23.1],['19'],525.0,0.0,[525.0],['19'],,,,
C5H10O,methyl propyl ketone,CCCC(C)=O,86.134,561.18,0.312552218,"[561.08, 561.04, 561.1, 561.08, 561.1, 561.08, 562.06, 561.0, 561.08]","['12', '11', '14', '19', '22', '2', '21', '23', '18']",37.10266193,0.31612758,"[36.94, 37.08129544, 36.94, 36.9, 37.1, 37.92, 37.0, 36.94]","['12', '11', '19', '22', '2', '21', '23', '18']",304.3257143,8.048600335,"[301.0, 301.0, 301.0, 301.02, 301.2, 324.04, 301.02]","['12', '19', '22', '2', '21', '23', '18']",0.344930496,0.002336336,"[0.343, 0.348721986, 0.345, 0.343]","['12', '11', '2', '18']"
C6H14,2-methylpentane,CCCC(C)C,86.177,497.6454545,0.117656174,"[497.7, 497.7, 497.5, 497.85, 497.5, 497.7, 497.75, 497.5, 497.5, 497.7, 497.7]","['12', '1', '9', '11', '14', '16', '19', '22', '2', '13', '18']",30.29585911,0.122947157,"[30.4, 30.4, 30.103, 30.31973203, 30.31, 30.1, 30.2, 30.43, 30.4]","['12', '1', '9', '11', '19', '22', '2', '13', '18']",367.2593472,1.022755462,"[368.0, 368.3241252, 368.0, 368.0, 367.0, 366.7, 366.03, 365.23, 368.05]","['12', '1', '9', '16', '19', '22', '2', '13', '18']",0.279065869,0.000726457,"[0.279, 0.2797, 0.277695213, 0.279, 0.28, 0.279]","['12', '1', '11', '2', '13', '18']"
C9H20,"2,2,3-trimethylhexane",CCCC(C)C(C)(C)C,128.258,588.05,0.070710678,"[588.0, 588.0, 588.15]","['9', '14', '19']",24.915,0.015,"[24.93, 24.9]","['9', '19']",498.6333333,0.449691252,"[498.9, 498.0, 499.0]","['12', '9', '18']",,,,
C10H22,"3,3,4-Trimethylheptane",CCCC(C)C(C)(C)CC,142.1721507,622.55,0.0,[622.55],['19'],23.7,0.0,[23.7],['19'],526.0,0.0,[526.0],['19'],,,,
C8H18,"2,3-dimethylhexane",CCCC(C)C(C)C,114.231,563.474,0.046733286,"[563.5, 563.4, 563.45, 563.5, 563.5, 563.55, 563.4, 563.44, 563.5, 563.5]","['12', '9', '11', '14', '16', '19', '22', '21', '23', '18']",26.29391465,0.008456963,"[26.3, 26.3, 26.28031716, 26.28, 26.3, 26.291, 26.3, 26.3]","['12', '9', '11', '19', '22', '21', '23', '18']",467.7025,0.703469082,"[468.0, 468.2, 468.0, 468.0, 468.2, 467.29, 465.98, 467.95]","['12', '9', '16', '19', '22', '21', '23', '18']",0.346133873,0.000189325,"[0.346, 0.346401618, 0.346]","['12', '11', '18']"
C10H22,"2,3,4-Trimethylheptane",CCCC(C)C(C)C(C)C,142.1721507,613.75,0.0,[613.75],['19'],22.9,0.0,[22.9],['19'],538.0,0.0,[538.0],['19'],,,,
C9H20,"3,4-dimethylheptane",CCCC(C)C(C)CC,128.258,591.927,0.0,[591.927],['9'],24.61428249,0.0,[24.61428249],['9'],503.0066667,0.00942809,"[503.0, 503.0, 503.02]","['12', '9', '18']",,,,
C10H22,"4,5-Dimethyloctane",CCCC(C)C(C)CCC,142.1721507,612.25,0.0,[612.25],['19'],22.4,0.0,[22.4],['19'],546.0,0.0,[546.0],['19'],,,,
C10H22,3-Ethyl-4-methylheptane,CCCC(C)C(CC)CC,142.1721507,615.55,0.0,[615.55],['19'],22.8,0.0,[22.8],['19'],533.0,0.0,[533.0],['19'],,,,
C8H18O,4-methyl-3-heptanol,CCCC(C)C(O)CC,130.1357652,623.49,0.017320508,"[623.46, 623.5, 623.5, 623.5]","['11', '14', '21', '23']",28.0,0.0,[28.0],['23'],505.05,0.0,[505.05],['23'],,,,
C7H16,3-methylhexane,CCCC(C)CC,100.204,535.2465,0.049600907,"[535.2, 535.25, 535.22, 535.3, 535.2, 535.35, 535.2, 535.26, 535.285, 535.2]","['12', '9', '11', '14', '16', '19', '22', '24', '21', '18']",28.11650562,0.068669087,"[28.1, 28.138, 27.97804496, 28.14, 28.1, 28.131, 28.245, 28.1]","['12', '9', '11', '19', '22', '24', '21', '18']",404.015,0.019364917,"[404.0, 404.0, 404.0, 404.0, 404.0, 404.04, 404.04, 404.04]","['12', '9', '16', '19', '22', '24', '21', '18']",0.320666122,0.001354409,"[0.32, 0.319664487, 0.323, 0.32]","['12', '11', '24', '18']"
C10H22,"2,2,4-Trimethylheptane",CCCC(C)CC(C)(C)C,142.1721507,594.55,0.0,[594.55],['19'],21.7,0.0,[21.7],['19'],552.0,0.0,[552.0],['19'],,,,
C9H20,"2,4-dimethylheptane",CCCC(C)CC(C)C,128.258,578.0,0.0,[578.0],['9'],23.9,0.0,[23.9],['9'],517.3533333,0.457917994,"[517.0, 518.0, 517.06]","['12', '9', '18']",,,,
C10H22,"3,5-Dimethyloctane",CCCC(C)CC(C)CC,142.1721507,606.35,0.0,[606.35],['19'],21.9,0.0,[21.9],['19'],555.0,0.0,[555.0],['19'],,,,
C8H18,4-methylheptane,CCCC(C)CCC,114.231,561.7272727,0.043503586,"[561.74, 561.74, 561.7, 561.7, 561.7, 561.85, 561.7, 561.69, 561.7, 561.74, 561.74]","['12', '9', '11', '14', '16', '19', '22', '21', '23', '24', '18']",25.4137544,0.00811685,"[25.42, 25.422, 25.41628959, 25.42, 25.4, 25.4095, 25.4, 25.416, 25.42]","['12', '9', '11', '19', '22', '21', '23', '24', '18']",476.4655556,1.279540813,"[476.0, 476.0, 476.0, 476.0, 476.0, 476.19, 480.08, 475.96, 475.96]","['12', '9', '16', '19', '22', '21', '23', '24', '18']",0.3708976,0.000177362,"[0.371, 0.370590401, 0.371, 0.371]","['12', '11', '24', '18']"
C10H22,"2,5-dimethyloctane",CCCC(C)CCC(C)C,142.1721507,603.15,0.0,"[603.15, 603.15]","['9', '19']",21.5058209,0.0058209,"[21.5116418, 21.5]","['9', '19']",569.0,0.0,"[569.0, 569.0]","['9', '19']",,,,
C6H14O,2-methyl-1-pentanol,CCCC(C)CO,102.177,604.4,0.0,"[604.4, 604.4, 604.4, 604.4, 604.4, 604.4, 604.4]","['12', '11', '14', '22', '21', '23', '18']",34.62721894,0.539884761,"[34.5, 35.76331361, 34.5, 34.5, 34.0, 34.5]","['12', '11', '22', '21', '23', '18']",410.0,0.0,[410.0],['23'],0.51,0.0,"[0.51, 0.51]","['12', '18']"
C5H12O,2-pentanol,CCCC(C)O,88.15,560.3366667,0.045338235,"[560.3, 560.32, 560.4, 560.3, 560.4, 560.3]","['12', '11', '14', '22', '23', '18']",37.6444007,1.948206587,"[36.75, 36.7664042, 36.75, 36.85, 42.0, 36.75]","['12', '11', '22', '21', '23', '18']",331.184,4.418056586,"[329.0, 329.0, 328.95, 340.02, 328.95]","['12', '22', '21', '23', '18']",0.560294636,0.001830891,"[0.559, 0.562883907, 0.559]","['12', '11', '18']"
C5H12S,2-pentanethiol,CCCC(C)S,104.216,580.0,0.0,"[580.0, 580.0]","['12', '18']",34.0,0.0,"[34.0, 34.0]","['12', '18']",362.03,0.03,"[362.0, 362.06]","['12', '18']",0.302,0.0,"[0.302, 0.302]","['12', '18']"
C10H22,"3-Ethyl-2,2-dimethylhexane",CCCC(CC)C(C)(C)C,142.1721507,611.75,0.0,[611.75],['19'],23.1,0.0,[23.1],['19'],526.0,0.0,[526.0],['19'],,,,
C9H20,3-ethyl-2-methylhexane,CCCC(CC)C(C)C,128.258,,,,,,,,,497.01,0.01,"[497.0, 497.02]","['12', '18']",,,,
C10H22,4-Ethyl-3-methylheptane,CCCC(CC)C(C)CC,142.1721507,614.35,0.0,[614.35],['19'],22.8,0.0,[22.8],['19'],530.0,0.0,[530.0],['19'],,,,
C8H18,3-ethylhexane,CCCC(CC)CC,114.231,565.4736364,0.044163483,"[565.5, 565.48, 565.45, 565.4, 565.5, 565.55, 565.4, 565.44, 565.5, 565.49, 565.5]","['12', '9', '11', '14', '16', '19', '22', '21', '23', '24', '18']",26.31417827,0.644865465,"[26.1, 28.1375033, 26.04560111, 26.08, 26.1, 26.0895, 26.1, 26.075, 26.1]","['12', '9', '11', '19', '22', '21', '23', '24', '18']",453.8911111,3.998492617,"[455.0, 445.0, 455.0, 455.0, 460.5, 454.55, 450.05, 454.96, 454.96]","['12', '9', '16', '19', '22', '21', '23', '24', '18']",0.360853478,0.000253783,"[0.361, 0.360413913, 0.361, 0.361]","['12', '11', '24', '18']"
C10H22,4-Ethyl-2-methylheptane,CCCC(CC)CC(C)C,142.1721507,601.85,0.0,[601.85],['19'],21.9,0.0,[21.9],['19'],545.0,0.0,[545.0],['19'],,,,
C9H20,4-ethylheptane,CCCC(CC)CCC,128.1565006,561.738,0.0,[561.738],['9'],23.92480679,0.0,[23.92480679],['9'],505.0,0.0,[505.0],['9'],,,,
C10H22,4-Isopropylheptane,CCCC(CCC)C(C)C,142.1721507,607.65,0.0,[607.65],['19'],22.3,0.0,[22.3],['19'],537.0,0.0,[537.0],['19'],,,,
C4H8Cl2,"1,1-Dichlorobutane",CCCC(Cl)Cl,126.0003056,591.0,0.0,[591.0],['7'],37.3284,0.0,[37.3284],['7'],,,,,,,,
C4H7F3,"1,1,1-Trifluorobutane",CCCC(F)(F)F,112.0499849,435.0,0.0,[435.0],['7'],30.6595,0.0,[30.6595],['7'],,,,,,,,
C6H14O,3-hexanol,CCCC(O)CC,102.177,582.441,0.034409301,"[582.44, 582.5, 582.45, 582.4, 582.415]","['11', '14', '19', '22', '21']",33.46859739,0.227596001,"[33.07438955, 33.6, 33.6, 33.6]","['11', '19', '22', '21']",382.304,2.507888355,"[384.0, 383.0, 383.14, 384.02, 377.36]","['12', '22', '21', '18', '18']",0.530177984,0.0,[0.530177984],['11']
C7H16O,4-heptanol,CCCC(O)CCC,116.1201151,602.592,0.016,"[602.56, 602.6, 602.6, 602.6, 602.6]","['11', '14', '22', '21', '23']",31.0,0.0,[31.0],['23'],439.9533333,10.61767499,"[432.0, 432.9, 454.96]","['22', '21', '23']",,,,
C8H16,n-propylcyclopentane,CCCC1CCCC1,112.1252005,605.71,13.5165972,"[594.7, 603.0, 631.85, 596.0, 603.0]","['9', '14', '19', '13', '24']",29.9512,0.209227914,"[29.62, 30.0, 30.2, 29.9848]","['9', '19', '13', '24']",426.065,1.337544392,"[426.0, 425.0, 428.27, 424.99]","['9', '19', '13', '24']",0.335,0.0,[0.335],['24']
C9H18,n-Propylcyclohexane,CCCC1CCCCC1,126.23922,633.0777778,9.042249939,"[630.8, 639.15, 630.8, 639.0, 639.1, 609.85, 639.2, 630.8, 639.0]","['1', '9', '11', '14', '16', '19', '13', '23', '24']",28.32653804,0.292107059,"[28.6, 28.07, 28.68576626, 28.1, 28.07, 28.7, 28.06]","['1', '9', '11', '19', '13', '23', '24']",481.9642233,5.407021245,"[485.4368932, 477.0, 476.42, 489.0]","['1', '9', '13', '23']",0.303967381,0.032513121,"[0.326, 0.327902142, 0.258]","['1', '11', '24']"
C4H8O,butyraldehyde,CCCC=O,72.107,534.0311111,5.836234411,"[537.2, 522.28, 537.0, 537.25, 537.2, 537.15, 537.0, 524.0, 537.2]","['12', '11', '14', '19', '2', '21', '23', '24', '18']",42.94735521,1.039670408,"[43.2, 44.11148649, 43.2, 43.2, 43.2, 40.52, 43.2]","['12', '11', '19', '2', '21', '24', '18']",260.82,7.018406413,"[258.0, 258.0, 258.0, 257.73, 258.0, 278.01, 258.0]","['12', '19', '2', '21', '23', '24', '18']",0.31881008,0.054014803,"[0.277, 0.410050399, 0.278, 0.352, 0.277]","['12', '11', '2', '24', '18']"
C4H9Br,1-bromobutane,CCCCBr,137.02,577.5,0.0,[577.5],['21'],,,,,,,,,,,,
C5H12,pentane,CCCCC,72.15,469.7,0.016329932,"[469.7, 469.7, 469.7, 469.74, 469.7, 469.7, 469.7, 469.7, 469.66, 469.7, 469.7, 469.7]","['12', '1', '9', '11', '14', '16', '22', '2', '13', '23', '24', '18']",33.68080534,0.029801826,"[33.7, 33.675, 33.7, 33.66105339, 33.7, 33.6, 33.69, 33.7, 33.682, 33.7]","['12', '1', '9', '11', '22', '2', '13', '23', '24', '18']",310.852648,3.048682581,"[313.0, 311.5264798, 313.0, 311.0, 311.0, 314.96, 307.03, 309.98, 304.04, 312.99]","['12', '1', '9', '16', '22', '2', '13', '23', '24', '18']",0.251345466,0.000597971,"[0.252, 0.251, 0.250418265, 0.251, 0.252, 0.251, 0.252]","['12', '1', '11', '2', '13', '24', '18']"
C5H9N,pentanenitrile,CCCCC#N,83.07349929,610.29,0.017320508,"[610.26, 610.3, 610.3, 610.3]","['11', '14', '21', '23']",35.80446009,0.006307524,"[35.81338028, 35.8, 35.8]","['11', '21', '23']",320.0,0.0,[320.0],['23'],0.404173223,0.0,[0.404173223],['11']
C8H16O,2-methyl-3-heptanone,CCCCC(=O)C(C)C,128.1201151,614.95,0.05,"[614.9, 615.0]","['11', '23']",27.0,0.0,[27.0],['23'],487.09,0.0,[487.09],['23'],,,,
C7H14O,3-heptanone,CCCCC(=O)CC,114.188,606.62,0.04,"[606.6, 606.7, 606.6, 606.6, 606.6]","['12', '11', '21', '23', '18']",29.94781377,0.639338057,"[29.14, 30.7034413, 30.0]","['12', '11', '23']",433.02,0.078421936,"[433.0, 432.9, 433.09, 433.09]","['12', '21', '23', '18']",0.428291168,0.0,[0.428291168],['11']
C8H16O,4-octanone,CCCCC(=O)CCC,128.1201151,623.8,0.0,"[623.8, 623.8, 623.8]","['11', '21', '23']",27.0,0.0,[27.0],['23'],497.265,0.245,"[497.51, 497.02]","['21', '23']",,,,
C9H18O,5-nonanone,CCCCC(=O)CCCC,142.241,640.5833333,0.628269227,"[640.0, 641.4, 640.0, 640.7, 641.4, 640.0]","['12', '11', '14', '21', '23', '18']",23.50773138,0.38007496,"[23.2, 24.13092551, 23.5, 23.2]","['12', '11', '23', '18']",559.62,0.555472772,"[560.0, 558.66, 559.91, 559.91]","['12', '21', '23', '18']",0.515662526,0.002351167,"[0.514, 0.518987579, 0.514]","['12', '11', '18']"
C5H10O2,pentanoic acid,CCCCC(=O)O,102.133,641.02,4.589861109,"[639.16, 639.79, 643.0, 643.0, 634.05, 639.0, 651.0, 639.16]","['12', '11', '14', '22', '13', '23', '24', '18']",36.7341036,1.258086957,"[35.72, 36.24872521, 38.9, 36.056, 36.0, 38.494, 35.72]","['12', '11', '13', '21', '23', '24', '18']",338.8142857,3.752514803,"[336.2, 336.2, 335.91, 340.14, 346.98, 340.02, 336.25]","['12', '22', '13', '21', '23', '24', '18']",0.672862675,0.035267719,"[0.698, 0.705313376, 0.647, 0.616, 0.698]","['12', '11', '13', '24', '18']"
C6H12O2,methyl pentanoate,CCCCC(=O)OC,116.0837296,574.754,11.71781823,"[588.92, 567.15, 567.0, 561.8, 588.9]","['11', '19', '22', '21', '23']",31.95598151,0.056617018,"[32.02392605, 31.9, 31.9, 32.0]","['11', '22', '21', '23']",410.3,8.748215056,"[416.3, 416.67, 397.93]","['22', '21', '23']",0.358426747,0.0,[0.358426747],['11']
C7H14O2,ethyl pentanoate,CCCCC(=O)OCC,130.0993797,586.27,9.265829698,"[593.3, 593.3, 570.0, 581.75, 593.0]","['11', '14', '22', '21', '23']",27.87176121,0.09089293,"[27.81528364, 27.8, 28.0]","['11', '22', '23']",465.98,0.0,[465.98],['23'],0.473014931,0.0,[0.473014931],['11']
C8H16O2,propyl valerate,CCCCC(=O)OCCC,144.1150298,613.0,0.0,"[613.0, 613.0]","['14', '22']",25.2,0.0,[25.2],['22'],,,,,,,,
C6H12Br2,"1,2-dibromohexane",CCCCC(Br)CBr,241.9305746,708.0,0.0,[708.0],['11'],31.49466192,0.0,[31.49466192],['11'],,,,,0.360214787,0.0,[0.360214787],['11']
C8H18,"2,2-dimethylhexane",CCCCC(C)(C)C,114.231,549.833,0.052924474,"[549.8, 549.8, 549.88, 549.8, 549.8, 549.95, 549.8, 549.8, 549.9, 549.8]","['12', '9', '11', '14', '16', '19', '22', '21', '23', '18']",25.29452757,0.009767508,"[25.3, 25.3, 25.27022059, 25.29, 25.3, 25.296, 25.3, 25.3]","['12', '9', '11', '19', '22', '21', '23', '18']",478.435,0.981529419,"[478.0, 478.0, 478.0, 478.0, 478.0, 478.47, 481.0, 478.01]","['12', '9', '16', '19', '22', '21', '23', '18']",0.337653008,0.00049072,"[0.338, 0.336959025, 0.338]","['12', '11', '18']"
C10H22,"2,3,3-Trimethylheptane",CCCCC(C)(C)C(C)C,142.1721507,617.55,0.0,[617.55],['19'],23.2,0.0,[23.2],['19'],538.0,0.0,[538.0],['19'],,,,
C9H20,"3,3-dimethylheptane",CCCCC(C)(C)CC,128.1565006,588.1,0.0,[588.1],['9'],24.8,0.0,[24.8],['9'],515.0,0.0,[515.0],['9'],,,,
C10H22,"4,4-Dimethyloctane",CCCCC(C)(C)CCC,142.1721507,606.95,0.0,[606.95],['19'],22.1,0.0,[22.1],['19'],548.0,0.0,[548.0],['19'],,,,
C10H22,3-Ethyl-3-methylheptane,CCCCC(C)(CC)CC,142.1721507,620.15,0.0,[620.15],['19'],23.1,0.0,[23.1],['19'],532.0,0.0,[532.0],['19'],,,,
C6H12O,2-hexanone,CCCCC(C)=O,100.161,587.0696667,0.312837906,"[587.61, 586.74, 587.0, 587.05, 587.0, 587.05, 586.867, 586.7, 587.61]","['12', '11', '14', '19', '22', '2', '21', '23', '18']",33.1382952,0.206627965,"[32.87, 33.56636156, 33.2, 33.2, 33.1, 33.2, 33.1, 32.87]","['12', '11', '19', '22', '2', '21', '23', '18']",375.7316667,3.248555662,"[378.0, 378.0, 369.0, 374.53, 376.93, 377.93]","['12', '22', '2', '21', '23', '18']",0.391279232,0.006534648,"[0.385, 0.400116928, 0.395, 0.385]","['12', '11', '2', '18']"
C7H16,2-methylhexane,CCCCC(C)C,100.204,530.336,0.120099958,"[530.4, 530.37, 530.37, 530.1, 530.4, 530.45, 530.1, 530.4, 530.37, 530.4]","['12', '9', '11', '14', '16', '19', '22', '23', '24', '18']",27.35337944,0.047827241,"[27.4, 27.338, 27.32457496, 27.34, 27.3, 27.4471, 27.3, 27.33074, 27.4]","['12', '9', '11', '19', '22', '21', '23', '24', '18']",420.8066667,0.391237353,"[421.0, 421.0, 421.0, 421.0, 421.0, 420.17, 419.99, 421.05, 421.05]","['12', '9', '16', '19', '22', '21', '23', '24', '18']",0.328456789,0.000460859,"[0.328, 0.328827157, 0.329, 0.328]","['12', '11', '24', '18']"
C10H22,"2,2,3-Trimethylheptane",CCCCC(C)C(C)(C)C,142.1721507,611.75,0.0,[611.75],['19'],22.7,0.0,[22.7],['19'],546.0,0.0,[546.0],['19'],,,,
C9H20,"2,3-dimethylheptane",CCCCC(C)C(C)C,128.258,588.8,0.0,[588.8],['9'],23.9,0.0,[23.9],['9'],515.9766667,1.430998098,"[515.0, 518.0, 514.93]","['12', '9', '18']",,,,
C10H22,"3,4-Dimethyloctane",CCCCC(C)C(C)CC,142.1721507,614.15,0.0,[614.15],['19'],22.4,0.0,[22.4],['19'],551.0,0.0,[551.0],['19'],,,,
C8H18,3-methylheptane,CCCCC(C)CC,114.231,563.6573,0.046750508,"[563.67, 563.67, 563.68, 563.6, 563.6, 563.75, 563.6, 563.633, 563.7, 563.67]","['12', '9', '11', '14', '16', '19', '22', '21', '23', '18']",25.4560437,0.028905954,"[25.46, 25.463, 25.42534957, 25.46, 25.5, 25.48, 25.4, 25.46]","['12', '9', '11', '19', '22', '21', '23', '18']",464.9025,2.403943375,"[464.0, 464.0, 464.0, 464.0, 471.1, 465.12, 462.96, 464.04]","['12', '9', '16', '19', '22', '21', '23', '18']",0.370852077,0.001623408,"[0.372, 0.368556231, 0.372]","['12', '11', '18']"
C10H22,"2,4-dimethyloctane",CCCCC(C)CC(C)C,142.1721507,599.435,0.015,"[599.42, 599.45]","['9', '19']",21.38687335,0.01312665,"[21.3737467, 21.4]","['9', '19']",566.0,0.0,"[566.0, 566.0]","['9', '19']",,,,
C9H20,4-methyloctane,CCCCC(C)CCC,128.1565006,587.65,0.0,[587.65],['9'],23.406,0.0,[23.406],['9'],523.0,0.0,[523.0],['9'],,,,
C10H22,5-methylnonane,CCCCC(C)CCCC,142.1721507,609.7805,0.0195,"[609.761, 609.8]","['9', '21']",21.3737467,0.0,[21.3737467],['9'],573.0,0.0,[573.0],['9'],,,,
C6H14O,2-hexanol,CCCCC(C)O,102.177,584.9675,1.83214867,"[585.9, 585.99, 586.2, 585.95, 586.2, 585.9, 581.8, 581.8]","['12', '11', '14', '19', '22', '18', '18', '18']",33.21779661,0.26038104,"[33.1, 33.10677966, 33.1, 33.8, 33.1, 33.1]","['12', '11', '19', '22', '21', '18']",381.472,3.364820352,"[384.0, 384.62, 384.02, 377.36, 377.36]","['12', '21', '18', '18', '18']",0.555977602,2.24e-05,"[0.556, 0.555955204]","['12', '11']"
C8H16O2,2-ethylhexanoic acid,CCCCC(CC)C(=O)O,144.214,674.0333333,0.657436097,"[673.2, 674.4, 675.0, 674.4, 674.0, 673.2]","['12', '11', '22', '21', '23', '18']",27.15398682,0.933253237,"[25.55, 27.77594728, 27.79, 27.5]","['12', '11', '21', '23']",539.052,10.10708148,"[528.0, 554.68, 541.71, 542.89, 527.98]","['12', '22', '21', '23', '18']",0.808828544,0.0,[0.808828544],['11']
C10H22,3-Ethyl-2-methylheptane,CCCCC(CC)C(C)C,142.1721507,610.95,0.0,[610.95],['19'],22.3,0.0,[22.3],['19'],544.0,0.0,[544.0],['19'],,,,
C9H20,3-ethylheptane,CCCCC(CC)CC,128.1565006,591.0,0.0,[591.0],['9'],23.9937544,0.0,[23.9937544],['9'],533.5,0.0,[533.5],['9'],,,,
C10H22,4-Ethyloctane,CCCCC(CC)CCC,142.1721507,610.15,0.0,[610.15],['19'],21.8,0.0,[21.8],['19'],552.0,0.0,[552.0],['19'],,,,
C8H18O,2-ethyl-1-hexanol,CCCCC(CC)CO,130.23,640.417875,0.231417608,"[640.6, 640.16, 640.2, 640.65, 640.2, 640.733, 640.2, 640.6]","['12', '11', '14', '19', '24', '21', '23', '18']",28.19233333,0.830357687,"[28.0, 27.6, 27.554, 28.0, 30.0, 28.0]","['12', '19', '24', '21', '23', '18']",498.6466667,6.521944155,"[494.0, 494.07, 507.87]","['19', '24', '23']",0.556,0.0,"[0.556, 0.556]","['12', '18']"
C24H38O4,bis(2-ethylhexyl)phthalate,CCCCC(CC)COC(=O)c1ccccc1C(=O)OCC(CC)CCCC,390.2770097,858.0,0.0,[858.0],['14'],,,,,,,,,,,,
C10H20O2,2-ethylhexyl acetate,CCCCC(CC)COC(C)=O,172.268,642.3,0.173205081,"[642.4, 642.4, 642.0, 642.4]","['12', '11', '23', '18']",20.03836048,0.798219075,"[18.99, 20.92508143, 20.2]","['12', '11', '23']",643.92,0.0,[643.92],['23'],0.581698709,0.0,[0.581698709],['11']
C7H16O,3-heptanol,CCCCC(O)CC,116.1201151,605.29425,0.173534399,"[605.36, 605.0, 605.45, 605.367]","['11', '14', '19', '21']",,,,,432.9,0.0,[432.9],['21'],,,,
C8H18O,4-octanol,CCCCC(O)CCC,130.1357652,625.09,0.017320508,"[625.06, 625.1, 625.1, 625.1]","['11', '14', '22', '21']",,,,,515.23,0.23,"[515.0, 515.46]","['22', '21']",,,,
C19H34O2,"Methyl (Z,Z)-9,12-octadecadienoate",CCCCC/C=C\C/C=C\CCCCCCCC(=O)OC,294.47206,799.0,0.0,[799.0],['1'],13.41,0.0,[13.41],['1'],1237.011381,0.0,[1237.011381],['1'],0.805,0.0,[0.805],['1']
C9H18,n-butylcyclopentane,CCCCC1CCCC1,126.1408506,624.07,7.044543988,"[612.2, 625.1, 631.05, 621.0, 631.0]","['9', '14', '19', '13', '21']",27.15,0.05,"[27.1, 27.2]","['9', '13']",482.895,0.895,"[482.0, 483.79]","['9', '13']",,,,
C10H20,butylcyclohexane,CCCCC1CCCCC1,140.1565006,659.5916667,7.595855047,"[667.2, 653.1, 650.0, 667.15, 667.0, 653.1]","['9', '11', '14', '19', '13', '23']",26.45234375,2.61793217,"[23.85, 25.51171875, 31.5, 25.7, 25.7]","['9', '11', '19', '13', '23']",537.095,5.754026851,"[534.0, 534.0, 533.33, 547.05]","['9', '19', '13', '23']",0.369572125,0.0,[0.369572125],['11']
C8H16,2-methyl-2-heptene,CCCCC=C(C)C,112.1252005,568.95,0.05,"[568.9, 569.0]","['11', '23']",26.0,0.0,[26.0],['23'],464.9,0.0,[464.9],['23'],,,,
C5H10O,pentanal,CCCCC=O,86.134,563.07625,6.131838912,"[566.1, 551.11, 567.0, 566.1, 567.2, 567.0, 554.0, 566.1]","['12', '11', '14', '2', '21', '23', '24', '18']",37.6733541,3.082214995,"[39.7, 38.45847872, 39.7, 39.7, 31.0, 35.455, 39.7]","['12', '11', '2', '21', '23', '24', '18']",316.4083333,7.422154711,"[313.0, 312.99, 313.48, 312.99, 333.0, 312.99]","['12', '2', '21', '23', '24', '18']",0.378990227,0.042733294,"[0.347, 0.453951134, 0.347, 0.4, 0.347]","['12', '11', '2', '24', '18']"
C6H14,hexane,CCCCCC,86.177,507.6158333,0.095259149,"[507.6, 507.82, 507.6, 507.53, 507.5, 507.6, 507.65, 507.6, 507.6, 507.79, 507.5, 507.6]","['12', '1', '9', '11', '14', '16', '19', '22', '2', '13', '24', '18']",30.29097096,0.0948461,"[30.25, 30.441, 30.25, 30.28221957, 30.25, 30.25, 30.4, 30.42, 30.11649, 30.25]","['12', '1', '9', '11', '19', '22', '2', '13', '24', '18']",371.596915,5.174814881,"[371.0, 369.54915, 371.0, 368.0, 368.0, 368.0, 373.0, 386.4, 369.96, 371.06]","['12', '1', '9', '16', '19', '22', '2', '13', '24', '18']",0.30077463,0.00146278,"[0.301, 0.3, 0.300422409, 0.304, 0.3, 0.299, 0.301]","['12', '1', '11', '2', '13', '24', '18']"
C6H11N,hexanenitrile,CCCCCC#N,97.16,629.885,5.540242925,"[622.05, 633.76, 633.8, 633.85, 622.05, 633.8]","['12', '11', '14', '19', '18', '5']",33.23458333,0.401513413,"[33.93, 33.00833333, 33.0, 33.0]","['12', '11', '19', '5']",,,,,0.43450637,0.0,[0.43450637],['11']
C8H16O,3-octanone,CCCCCC(=O)CC,128.1201151,627.7,0.0,"[627.7, 627.7, 627.7]","['11', '21', '23']",27.0,0.0,[27.0],['23'],497.265,0.245,"[497.51, 497.02]","['21', '23']",,,,
C9H18O,4-nonanone,CCCCCC(=O)CCC,142.1357652,643.7,0.0,"[643.7, 643.7, 643.7]","['11', '21', '23']",24.0,0.0,[24.0],['23'],559.285,0.625,"[558.66, 559.91]","['21', '23']",,,,
C10H20O,5-decanone,CCCCCC(=O)CCCC,156.1514153,661.0,0.0,"[661.0, 661.0, 661.0]","['11', '21', '23']",22.0,0.0,[22.0],['23'],628.535,0.395,"[628.93, 628.14]","['21', '23']",,,,
C11H22O,6-undecanone,CCCCCC(=O)CCCCC,170.1670653,678.3333333,0.23570226,"[678.5, 678.5, 678.0]","['11', '21', '23']",20.54810595,0.348105945,"[20.89621189, 20.2]","['11', '23']",693.24,1.2,"[694.44, 692.04]","['21', '23']",0.593971055,0.0,[0.593971055],['11']
C6H12O2,hexanoic acid,CCCCCC(=O)O,116.16,661.103375,0.8583369,"[660.2, 661.0, 661.5, 662.15, 660.2, 662.577, 661.0, 660.2]","['12', '11', '14', '19', '13', '21', '23', '18']",33.25751389,0.840726909,"[33.8, 34.42708333, 32.0, 33.08, 32.438, 33.8]","['12', '11', '19', '13', '21', '18']",405.938,14.36967557,"[413.0, 377.2, 413.39, 413.05, 413.05]","['12', '22', '13', '23', '18']",0.731887228,0.003268774,"[0.73, 0.73754891, 0.73, 0.73]","['12', '11', '13', '18']"
C7H14O2,methyl hexanoate,CCCCCC(=O)OC,130.187,612.0,0.0,[612.0],['10'],28.8,0.0,[28.8],['10'],,,,,,,,
C8H16O2,ethyl hexanoate,CCCCCC(=O)OCC,144.1150298,615.2,0.0,"[615.2, 615.2]","['11', '3']",,,,,,,,,,,,
C7H14Br2,"1,2-dibromoheptane",CCCCCC(Br)CBr,255.9462246,724.0,0.0,[724.0],['11'],28.39215686,0.0,[28.39215686],['11'],,,,,0.408045445,0.0,[0.408045445],['11']
C9H20,"2,2-dimethylheptane",CCCCCC(C)(C)C,128.258,577.0772222,0.513631467,"[576.7, 577.8, 576.65, 577.8, 576.85, 577.8, 576.695, 576.7, 576.7]","['12', '9', '11', '14', '19', '22', '21', '23', '18']",23.4985998,0.003704591,"[23.5, 23.5, 23.48879837, 23.5, 23.5, 23.5, 23.5, 23.5]","['12', '9', '11', '19', '22', '21', '23', '18']",529.95,11.50673716,"[525.0, 519.0, 545.85]","['9', '19', '23']",0.389034261,0.002779974,"[0.391, 0.385102784, 0.391]","['12', '11', '18']"
C10H22,"3,3-dimethyloctane",CCCCCC(C)(C)CC,142.1721507,612.20555,0.05555,"[612.2611, 612.15]","['9', '19']",22.2,0.0,[22.2],['19'],557.0,0.0,"[557.0, 557.0]","['9', '19']",,,,
C7H14O,2-heptanone,CCCCCC(C)=O,114.188,611.4457143,0.05447336,"[611.4, 611.42, 611.5, 611.55, 611.45, 611.4, 611.4]","['12', '11', '14', '19', '21', '23', '18']",31.19029713,2.261134496,"[29.4, 29.78178276, 34.36, 34.4, 29.8, 29.4]","['12', '11', '19', '21', '23', '18']",432.326,5.759484699,"[434.0, 421.0, 436.68, 435.92, 434.03]","['12', '19', '21', '23', '18']",0.420552883,0.002196109,"[0.419, 0.42365865, 0.419]","['12', '11', '18']"
C8H18,2-methylheptane,CCCCCC(C)C,114.231,559.6423636,0.043416111,"[559.64, 559.64, 559.63, 559.6, 559.7, 559.75, 559.6, 559.626, 559.6, 559.64, 559.64]","['12', '9', '11', '14', '16', '19', '22', '21', '23', '24', '18']",24.88657503,0.077861589,"[24.84, 24.845, 25.02817531, 24.84, 24.8, 24.947, 25.0, 24.839, 24.84]","['12', '9', '11', '19', '22', '21', '23', '24', '18']",483.4622222,12.53079653,"[488.0, 488.0, 488.0, 488.0, 488.2, 487.8, 487.09, 448.03, 488.04]","['12', '9', '16', '19', '22', '21', '23', '24', '18']",0.378226667,0.001600251,"[0.377, 0.380906669, 0.378, 0.377]","['12', '11', '24', '18']"
C10H22,"2,3-dimethyloctane",CCCCCC(C)C(C)C,142.1721507,612.925,0.325,"[612.6, 613.25]","['9', '19']",21.95,0.05,"[22.0, 21.9]","['9', '19']",569.5,2.5,"[572.0, 567.0]","['9', '19']",,,,
C9H20,3-methyloctane,CCCCCC(C)CC,128.1565006,590.15,0.0,[590.15],['9'],23.406,0.0,[23.406],['9'],529.0,0.0,[529.0],['9'],,,,
C7H17N,1-methylhexylamine,CCCCCC(C)N,115.1360995,598.0,0.0,"[598.0, 598.0]","['11', '23']",29.0,0.0,[29.0],['23'],454.96,0.0,[454.96],['23'],,,,
C7H16O,2-heptanol,CCCCCC(C)O,116.203,608.6694286,0.629327727,"[608.32, 610.1, 608.3, 608.35, 608.3, 608.996, 608.32]","['12', '11', '14', '19', '22', '21', '18']",30.20832838,0.002634732,"[30.21, 30.2029703, 30.21, 30.21, 30.207, 30.21]","['12', '11', '19', '22', '21', '18']",440.114,4.060874783,"[442.0, 432.0, 442.0, 442.48, 442.09]","['12', '19', '22', '21', '18']",0.553375446,0.003624554,"[0.557, 0.549750892]","['12', '11']"
C10H22,3-ethyloctane,CCCCCC(CC)CC,142.1721507,613.455,0.305,"[613.76, 613.15]","['9', '19']",21.87818985,0.02181015,"[21.8563797, 21.9]","['9', '19']",561.0,0.0,"[561.0, 561.0]","['9', '19']",,,,
C8H18O,3-octanol,CCCCCC(O)CC,130.1357652,628.4586,0.044315234,"[628.41, 628.5, 628.5, 628.483, 628.4]","['11', '14', '22', '21', '23']",28.0,0.0,[28.0],['23'],515.13,0.235088636,"[515.0, 515.46, 514.93]","['22', '21', '23']",,,,
C9H20O,4-nonanol,CCCCCC(O)CCC,144.1514153,645.0866667,0.018856181,"[645.06, 645.1, 645.1]","['11', '14', '23']",25.0,0.0,[25.0],['23'],577.03,0.0,[577.03],['23'],,,,
C10H22O,5-decanol,CCCCCC(O)CCCC,158.1670653,663.18075,0.023274181,"[663.18, 663.2, 663.143, 663.2]","['11', '14', '21', '23']",23.0,0.0,[23.0],['23'],645.575,0.415,"[645.16, 645.99]","['21', '23']",,,,
C10H20,pentylcyclopentane,CCCCCC1CCCC1,140.1565006,648.5,7.7,"[640.8, 656.2]","['9', '13']",24.26,0.41,"[23.85, 24.67]","['9', '13']",544.425,1.425,"[543.0, 545.85]","['9', '13']",,,,
C11H22,pentylcyclohexane,CCCCCC1CCCCC1,154.297,667.85,0.0,[667.85],['13'],22.04,0.0,[22.04],['13'],584.45,0.0,[584.45],['13'],,,,
C6H12O,hexanal,CCCCCC=O,100.161,591.5142857,0.454905238,"[591.0, 591.7, 592.0, 591.0, 591.9, 592.0, 591.0]","['12', '11', '14', '2', '21', '23', '18']",34.50038986,0.22378278,"[34.6, 34.60233918, 34.6, 34.6, 34.0, 34.6]","['12', '11', '2', '21', '23', '18']",374.7633333,4.081930371,"[369.0, 377.36, 377.93]","['2', '21', '23']",0.388923739,0.003332013,"[0.387, 0.394694954, 0.387, 0.387]","['12', '11', '2', '18']"
C7H16,heptane,CCCCCCC,100.204,540.2815385,0.280297813,"[540.2, 540.2, 540.2, 540.08, 540.3, 540.2, 540.25, 540.2, 540.2, 541.23, 540.1, 540.3, 540.2]","['12', '1', '9', '11', '14', '16', '19', '22', '2', '13', '23', '24', '18']",27.40072507,0.121147749,"[27.4, 27.3573, 27.4, 27.35967579, 27.4, 27.4, 27.2, 27.74, 27.4, 27.351, 27.4]","['12', '1', '9', '11', '19', '22', '2', '13', '23', '24', '18']",430.2824549,5.18548119,"[428.0, 429.1845494, 428.0, 428.0, 428.0, 428.08, 445.43, 428.08, 431.97, 428.08]","['12', '1', '9', '16', '19', '2', '13', '23', '24', '18']",0.348555262,0.001664844,"[0.35, 0.349, 0.349886836, 0.346, 0.346, 0.349, 0.35]","['12', '1', '11', '2', '13', '24', '18']"
C9H18O,3-nonanone,CCCCCCC(=O)CC,142.1357652,648.0666667,0.047140452,"[648.1, 648.1, 648.0]","['11', '21', '23']",24.0,0.0,[24.0],['23'],559.285,0.625,"[558.66, 559.91]","['21', '23']",,,,
C10H20O,4-decanone,CCCCCCC(=O)CCC,156.1514153,662.9,0.0,"[662.9, 662.9, 662.9]","['11', '21', '23']",22.0,0.0,[22.0],['23'],632.53,3.6,"[628.93, 636.13]","['21', '23']",,,,
C11H22O,5-undecanone,CCCCCCC(=O)CCCC,170.1670653,679.2666667,0.188561808,"[679.4, 679.4, 679.0]","['11', '21', '23']",20.0,0.0,[20.0],['23'],693.24,1.2,"[694.44, 692.04]","['21', '23']",,,,
C12H24O,6-dodecanone,CCCCCCC(=O)CCCCC,184.1827154,694.1333333,0.094280904,"[694.2, 694.2, 694.0]","['11', '21', '23']",19.0,0.0,[19.0],['23'],720.205,43.155,"[763.36, 677.05]","['21', '23']",,,,
C13H26O,7-tridecanone,CCCCCCC(=O)CCCCCC,198.1983655,708.1333333,0.094280904,"[708.2, 708.2, 708.0]","['11', '21', '23']",17.0,0.0,[17.0],['23'],831.605,1.725,"[833.33, 829.88]","['21', '23']",,,,
C7H14O2,heptanoic acid,CCCCCCC(=O)O,130.187,678.2414,1.03711901,"[677.3, 678.5, 680.107, 678.0, 677.3]","['12', '11', '21', '23', '18']",30.17100179,0.343754731,"[30.43, 30.42600897, 29.569, 30.0, 30.43]","['12', '11', '21', '23', '18']",460.4025,18.02336036,"[468.0, 429.7, 475.96, 467.95]","['12', '22', '23', '18']",0.749060726,0.009813616,"[0.756, 0.735182177, 0.756]","['12', '11', '18']"
C8H16O2,methyl heptanoate,CCCCCCC(=O)OC,144.1150298,628.0,0.0,"[628.0, 628.0]","['11', '23']",26.0,0.0,[26.0],['23'],521.1,0.0,[521.1],['23'],,,,
C9H18O2,ethyl heptanoate,CCCCCCC(=O)OCC,158.1306798,634.2,0.141421356,"[634.3, 634.3, 634.0]","['11', '21', '23']",23.0,0.0,[23.0],['23'],586.85,0.0,[586.85],['23'],,,,
C8H16Br2,"octane, 1,2-dibromo-",CCCCCCC(Br)CBr,269.9618747,739.0,0.0,[739.0],['11'],25.79406632,0.0,[25.79406632],['11'],,,,,0.453827632,0.0,[0.453827632],['11']
C10H22,"2,2-dimethyloctane",CCCCCCC(C)(C)C,142.1721507,602.3,0.0,[602.3],['9'],21.7,0.0,[21.7],['9'],580.0,0.0,[580.0],['9'],,,,
C8H16O,2-octanone,CCCCCCC(C)=O,128.214,632.7,0.0,"[632.7, 632.7, 632.7, 632.7, 632.7]","['12', '11', '21', '23', '18']",26.515,0.485,"[26.03, 27.0]","['12', '23']",497.1375,0.215217913,"[497.0, 497.51, 497.02, 497.02]","['12', '21', '23', '18']",,,,
C9H20,2-methyloctane,CCCCCCC(C)C,128.258,584.6979091,2.066297983,"[582.8, 586.75, 582.83, 587.0, 582.8, 587.05, 587.0, 587.0, 582.847, 582.8, 582.8]","['12', '9', '11', '14', '16', '19', '22', '24', '21', '23', '18']",23.05300713,0.068538151,"[23.1, 22.9, 23.02765705, 23.1, 23.0964, 23.1, 23.0, 23.1]","['12', '9', '11', '19', '24', '21', '23', '18']",544.025,3.025,"[541.0, 547.05]","['9', '23']",0.448423221,0.014740066,"[0.458, 0.454692884, 0.423, 0.458]","['12', '11', '24', '18']"
C10H22,3-methylnonane,CCCCCCC(C)CC,142.1721507,613.9,0.3,"[614.2, 613.6]","['9', '21']",21.8,0.0,[21.8],['9'],579.0,0.0,[579.0],['9'],,,,
C11H24,4-methyldecane,CCCCCCC(C)CCC,156.1878008,632.85,6.15,"[639.0, 626.7]","['9', '21']",19.3,0.0,[19.3],['9'],645.0,0.0,[645.0],['9'],,,,
C8H18O,2-octanol,CCCCCCC(C)O,130.23,632.7828571,3.65218805,"[629.6, 629.63, 637.0, 629.65, 637.0, 637.0, 629.6]","['12', '11', '14', '19', '22', '24', '18']",27.62598138,0.223467369,"[27.54, 27.54286964, 27.54, 28.1, 27.768, 27.351, 27.54]","['12', '11', '19', '22', '21', '24', '18']",508.414,11.7407131,"[518.0, 494.0, 518.13, 494.07, 517.87]","['12', '19', '21', '24', '18']",0.564070665,0.031210072,"[0.584, 0.588211995, 0.52]","['12', '11', '24']"
C9H20O,3-nonanol,CCCCCCC(O)CC,144.1514153,647.9866667,0.018856181,"[647.96, 648.0, 648.0]","['11', '14', '23']",25.0,0.0,[25.0],['23'],577.03,0.0,[577.03],['23'],,,,
C10H22O,4-decanol,CCCCCCC(O)CCC,158.1670653,661.21925,4.279482058,"[663.67, 663.7, 653.807, 663.7]","['11', '14', '21', '23']",23.0,0.0,[23.0],['23'],644.125,1.035,"[645.16, 643.09]","['21', '23']",,,,
C11H22,hexylcyclopentane,CCCCCCC1CCCC1,154.1721507,660.2625,0.253414187,"[660.7, 660.1, 660.15, 660.1]","['9', '14', '19', '13']",21.46666667,0.108730043,"[21.62, 21.4, 21.38]","['9', '19', '13']",599.295,3.705,"[603.0, 595.59]","['9', '13']",,,,
C12H24,hexylcyclohexane,CCCCCCC1CCCCC1,168.324,693.6,0.0,[693.6],['13'],22.6,0.0,[22.6],['13'],676.13,0.0,[676.13],['13'],,,,
C7H14O,1-heptanal,CCCCCCC=O,114.188,616.8385714,0.107228537,"[616.8, 616.77, 617.0, 617.0, 616.7, 616.8, 616.8]","['12', '11', '14', '2', '21', '23', '18']",31.7048718,0.149925469,"[31.6, 31.62923077, 31.8, 31.6, 32.0, 31.6]","['12', '11', '2', '21', '23', '18']",431.578,5.272234441,"[434.0, 421.05, 434.78, 434.03, 434.03]","['12', '2', '21', '23', '18']",0.425518756,0.003742623,"[0.428, 0.419075024, 0.427, 0.428]","['12', '11', '2', '18']"
C8H18,octane,CCCCCCCC,114.231,568.8058333,0.23450154,"[568.7, 568.74, 568.7, 568.78, 568.8, 568.7, 568.75, 568.7, 568.7, 569.57, 568.83, 568.7]","['12', '1', '9', '11', '14', '16', '19', '22', '2', '13', '24', '18']",24.88241657,0.085590491,"[24.9, 24.8359, 24.9, 24.85926573, 24.9, 24.9, 24.7, 25.07, 24.859, 24.9]","['12', '1', '9', '11', '19', '22', '2', '13', '24', '18']",490.5068292,4.528030993,"[486.0, 492.3682915, 486.0, 492.0, 492.0, 492.0, 485.91, 501.0, 491.88, 485.91]","['12', '1', '9', '16', '19', '22', '2', '13', '24', '18']",0.397643704,0.001976847,"[0.4, 0.398, 0.397505931, 0.396, 0.394, 0.398, 0.4]","['12', '1', '11', '2', '13', '24', '18']"
C8H15N,octanenitrile,CCCCCCCC#N,125.1204495,674.4,0.031622777,"[674.35, 674.4, 674.45, 674.4, 674.4]","['11', '14', '19', '21', '23']",28.50042266,0.00073206,"[28.50169062, 28.5, 28.5, 28.5]","['11', '19', '21', '23']",494.07,0.0,[494.07],['23'],0.479516467,0.0,[0.479516467],['11']
C10H20O,3-decanone,CCCCCCCC(=O)CC,156.1514153,667.7333333,0.188561808,"[667.6, 667.6, 668.0]","['11', '21', '23']",22.0,0.0,[22.0],['23'],628.535,0.395,"[628.93, 628.14]","['21', '23']",,,,
C11H22O,4-undecanone,CCCCCCCC(=O)CCC,170.1670653,680.9333333,0.047140452,"[680.9, 680.9, 681.0]","['11', '21', '23']",20.0,0.0,[20.0],['23'],693.24,1.2,"[694.44, 692.04]","['21', '23']",,,,
C12H24O,5-dodecanone,CCCCCCCC(=O)CCCC,184.1827154,695.1333333,0.094280904,"[695.2, 695.2, 695.0]","['11', '21', '23']",19.0,0.0,[19.0],['23'],717.775,39.805,"[757.58, 677.97]","['21', '23']",,,,
C13H26O,6-tridecanone,CCCCCCCC(=O)CCCCC,198.1983655,709.15,0.15,"[709.3, 709.0]","['11', '3']",,,,,826.45,0.0,[826.45],['3'],,,,
C14H28O,7-tetradecanone,CCCCCCCC(=O)CCCCCC,212.2140155,722.95,0.05,"[722.9, 723.0]","['11', '3']",,,,,903.34,0.0,[903.34],['3'],,,,
C8H16O2,octanoic acid,CCCCCCCC(=O)O,144.214,693.729,1.584338618,"[694.26, 693.7, 690.0, 695.15, 694.733, 694.0, 694.26]","['12', '11', '14', '19', '21', '23', '18']",27.77368752,0.858685018,"[27.79, 28.5473251, 26.4, 27.1148, 29.0, 27.79]","['12', '11', '19', '21', '23', '18']",506.64,10.80459162,"[499.0, 521.92, 499.0]","['12', '23', '18']",0.774838685,0.005428721,"[0.771, 0.782516056, 0.771]","['12', '11', '18']"
C9H18O2,methyl octanoate,CCCCCCCC(=O)OC,158.241,646.0,0.0,[646.0],['10'],23.4,0.0,[23.4],['10'],,,,,,,,
C10H20O2,ethyl octanoate,CCCCCCCC(=O)OCC,172.1463299,654.1675,3.750004167,"[652.0, 659.0, 659.15, 653.855, 652.0, 649.0]","['11', '14', '19', '21', '23', '3']",,,,,657.03,0.0,[657.03],['23'],,,,
C9H18O,2-nonanone,CCCCCCCC(C)=O,142.241,652.286,0.177718879,"[652.5, 652.13, 652.2, 652.1, 652.5]","['12', '11', '21', '23', '18']",24.53011451,0.649871128,"[23.41, 24.89045802, 24.82, 25.0]","['12', '11', '21', '23']",559.62,0.555472772,"[560.0, 558.66, 559.91, 559.91]","['12', '21', '23', '18']",0.512861625,0.0,[0.512861625],['11']
C10H22,2-methylnonane,CCCCCCCC(C)C,142.1721507,610.55,0.15,"[610.4, 610.7]","['9', '21']",20.97,0.0,[20.97],['9'],596.0,0.0,[596.0],['9'],,,,
C9H20O,2-nonanol,CCCCCCCC(C)O,144.257,649.4942857,0.238258991,"[649.6, 649.3, 649.6, 649.6, 649.0, 649.76, 649.6]","['12', '11', '14', '22', '23', '21', '18']",25.29409857,0.013195991,"[25.3, 25.26459144, 25.3, 25.3, 25.3, 25.3]","['12', '11', '22', '23', '21', '18']",574.958,0.125283678,"[575.0, 575.0, 575.04, 574.71, 575.04]","['12', '22', '23', '21', '18']",0.59422991,0.00077009,"[0.595, 0.59345982]","['12', '11']"
C10H22O,1-ethyl-1-octanol,CCCCCCCC(O)CC,158.1670653,666.0825,0.017853571,"[666.06, 666.1, 666.07, 666.1]","['11', '14', '21', '23']",23.0,0.0,[23.0],['23'],644.125,1.035,"[645.16, 643.09]","['21', '23']",,,,
C19H36O2,Methyl cis-9-octadecenoate,CCCCCCCC/C=C\CCCCCCCC(=O)OC,296.48794,782.0,0.0,[782.0],['1'],12.46,0.0,[12.46],['1'],1230.239282,0.0,[1230.239282],['1'],0.906,0.0,[0.906],['1']
C12H24,heptylcyclopentane,CCCCCCCC1CCCC1,168.323,679.0125,0.089267855,"[678.9, 679.0, 679.15, 679.0]","['9', '14', '19', '18']",19.4775,0.134233938,"[19.4, 19.71, 19.4, 19.4]","['12', '9', '19', '18']",657.0,8.0,"[665.0, 649.0]","['9', '19']",0.515,0.0,[0.515],['18']
C8H16O,1-octanal,CCCCCCCC=O,128.214,638.8857143,0.379580864,"[638.9, 639.3, 639.0, 638.1, 638.7, 639.3, 638.9]","['12', '11', '14', '2', '21', '23', '18']",29.70581395,0.142017641,"[29.6, 29.73488372, 29.7, 29.6, 30.0, 29.6]","['12', '11', '2', '21', '23', '18']",485.354,5.727127028,"[488.0, 473.93, 487.8, 489.0, 488.04]","['12', '2', '21', '23', '18']",0.463556324,0.007711295,"[0.464, 0.452225295, 0.474, 0.464]","['12', '11', '2', '18']"
C9H20,nonane,CCCCCCCCC,128.258,594.5284615,0.159655695,"[594.6, 594.55, 594.6, 594.12, 594.6, 594.6, 594.65, 594.6, 594.6, 594.55, 594.2, 594.6, 594.6]","['12', '1', '9', '11', '14', '16', '19', '22', '2', '13', '23', '24', '18']",22.90390874,0.071686589,"[22.9, 22.81, 22.9, 22.93899614, 22.9, 22.9, 23.1, 22.82, 22.9, 22.874, 22.9]","['12', '1', '9', '11', '19', '22', '2', '13', '23', '24', '18']",549.6266188,4.847896394,"[552.4861878, 544.0, 555.0, 555.0, 555.0, 539.96, 548.25, 551.57, 547.05, 547.95]","['1', '9', '16', '19', '22', '2', '13', '21', '23', '24']",0.444978572,0.001668588,"[0.444, 0.4433, 0.448550002, 0.446, 0.444, 0.445, 0.444]","['12', '1', '11', '2', '13', '24', '18']"
C11H22O,3-undecanone,CCCCCCCCC(=O)CC,170.1670653,684.7333333,0.188561808,"[684.6, 684.6, 685.0]","['11', '21', '23']",20.0,0.0,[20.0],['23'],693.24,1.2,"[694.44, 692.04]","['21', '23']",,,,
C12H24O,4-dodecanone,CCCCCCCCC(=O)CCC,184.1827154,696.7333333,0.188561808,"[696.6, 696.6, 697.0]","['11', '21', '23']",19.0,0.0,[19.0],['23'],714.81,42.77,"[757.58, 672.04]","['21', '23']",,,,
C13H26O,5-tridecanone,CCCCCCCCC(=O)CCCC,198.1983655,709.85,0.15,"[709.7, 710.0]","['11', '3']",,,,,826.45,0.0,[826.45],['3'],,,,
C9H18O2,nonanoic acid,CCCCCCCCC(=O)O,158.241,711.2066667,0.54777327,"[710.7, 711.9, 711.15, 710.79, 712.0, 710.7]","['12', '11', '19', '21', '23', '18']",24.29836,0.706475448,"[25.14, 23.73, 24.0, 23.4818, 25.14]","['12', '11', '19', '21', '18']",592.07,0.0,[592.07],['23'],0.759727392,0.017356088,"[0.772, 0.735182177, 0.772]","['12', '11', '18']"
C10H20O2,methyl nonanoate,CCCCCCCCC(=O)OC,172.268,665.0,0.0,[665.0],['10'],20.6,0.0,[20.6],['10'],,,,,,,,
C11H22O2,ethyl nonanoate,CCCCCCCCC(=O)OCC,186.1619799,667.745,4.220109596,"[663.9, 674.15, 668.93, 664.0]","['11', '19', '21', '23']",20.0,0.0,[20.0],['23'],714.8,0.0,[714.8],['23'],,,,
C10H20O,2-decanone,CCCCCCCCC(C)=O,156.1514153,671.8,0.0,"[671.8, 671.8, 671.8]","['11', '21', '23']",22.0,0.0,[22.0],['23'],625.0,0.0,"[625.0, 625.0]","['21', '23']",,,,
C10H22O,2-decanol,CCCCCCCCC(C)O,158.1670653,668.6233333,0.079302515,"[668.54, 668.6, 668.73]","['11', '14', '21']",,,,,645.16,0.0,[645.16],['21'],,,,
C13H26,octylcyclopentane,CCCCCCCCC1CCCC1,182.2034508,694.55,0.674536878,"[695.5, 694.0, 694.15]","['9', '14', '19']",17.98,0.08,"[18.06, 17.9]","['9', '19']",727.0,0.0,[727.0],['9'],,,,
C9H18O,nonanal,CCCCCCCCC=O,142.1357652,658.4,0.374165739,"[658.5, 659.0, 658.0, 658.5, 658.0]","['11', '14', '2', '21', '23']",24.49207317,4.446765688,"[26.76829268, 27.4, 16.8, 27.0]","['11', '2', '21', '23']",538.7333333,8.444257746,"[526.87, 543.48, 545.85]","['2', '21', '23']",0.507156459,0.006843541,"[0.500312917, 0.514]","['11', '2']"
C10H22,decane,CCCCCCCCCC,142.285,617.7333333,0.096465308,"[617.7, 617.7, 617.7, 618.05, 617.7, 617.7, 617.75, 617.7, 617.7, 617.7, 617.7, 617.7]","['12', '1', '9', '11', '14', '16', '19', '22', '2', '13', '24', '18']",21.04919888,0.061786984,"[21.1, 21.03, 21.1, 21.02210884, 21.1, 21.1, 20.9, 21.01, 21.02988, 21.1]","['12', '1', '9', '11', '19', '22', '2', '13', '24', '18']",611.7195122,9.984969396,"[609.7560976, 600.0, 624.0, 624.0, 624.0, 600.96, 607.9, 603.14]","['1', '9', '16', '19', '22', '2', '13', '24']",0.488978892,0.002169379,"[0.492, 0.4884, 0.485452247, 0.488, 0.488, 0.489, 0.492]","['12', '1', '11', '2', '13', '24', '18']"
C10H19N,Decanenitrile,CCCCCCCCCC#N,153.1517496,621.95,0.0,[621.95],['19'],32.5,0.0,[32.5],['19'],,,,,,,,
C12H24O,3-dodecanone,CCCCCCCCCC(=O)CC,184.1827154,700.8,0.141421356,"[700.7, 700.7, 701.0]","['11', '21', '23']",19.0,0.0,[19.0],['23'],715.845,36.035,"[751.88, 679.81]","['21', '23']",,,,
C13H26O,4-tridecanone,CCCCCCCCCC(=O)CCC,198.1983655,711.8,0.2,"[711.6, 712.0]","['11', '3']",,,,,823.05,0.0,[823.05],['3'],,,,
C10H20O2,decanoic acid,CCCCCCCCCC(=O)O,172.268,723.053,0.814393026,"[722.1, 723.8, 723.265, 724.0, 722.1]","['12', '11', '21', '23', '18']",21.747175,0.78495442,"[22.5, 20.68, 21.3087, 22.5]","['12', '11', '21', '18']",638.16,0.0,[638.16],['23'],0.787193333,0.026596644,"[0.806, 0.749579998, 0.806]","['12', '11', '18']"
C11H22O2,methyl decanoate,CCCCCCCCCC(=O)OC,186.295,675.0,0.0,[675.0],['10'],19.3,0.0,[19.3],['10'],,,,,,,,
C11H22O,2-undecanone,CCCCCCCCCC(C)=O,170.1670653,687.8666667,0.094280904,"[687.8, 687.8, 688.0]","['11', '21', '23']",21.19748823,0.397488225,"[21.59497645, 20.8]","['11', '23']",693.24,1.2,"[694.44, 692.04]","['21', '23']",0.597051171,0.0,[0.597051171],['11']
C12H26O2,"1,1-Dimethoxydecane",CCCCCCCCCC(OC)OC,202.1932801,674.0,0.0,[674.0],['14'],,,,,,,,,,,,
C14H28,nonylcyclopentane,CCCCCCCCCC1CCCC1,196.2191009,710.5833333,0.084983659,"[710.7, 710.5, 710.55]","['9', '14', '19']",16.565,0.065,"[16.63, 16.5]","['9', '19']",789.0,0.0,[789.0],['9'],,,,
C10H20O,decanal,CCCCCCCCCC=O,156.268,674.15,0.076376262,"[674.2, 674.2, 674.2, 674.1, 674.0, 674.2]","['12', '11', '2', '21', '23', '18']",26.00514801,0.011511289,"[26.0, 26.03088803, 26.0, 26.0, 26.0, 26.0]","['12', '11', '2', '21', '23', '18']",593.27,9.389451528,"[580.05, 598.8, 600.96]","['2', '21', '23']",0.571275539,0.018575311,"[0.582, 0.539102157, 0.582, 0.582]","['12', '11', '2', '18']"
C11H24,undecane,CCCCCCCCCCC,156.312,638.9258333,0.097933509,"[639.0, 638.8, 639.0, 638.81, 638.8, 639.0, 638.85, 639.0, 639.0, 639.05, 638.8, 639.0]","['12', '1', '9', '11', '14', '16', '19', '22', '2', '13', '24', '18']",19.63188125,0.199145366,"[19.5, 19.904, 19.3, 19.9628125, 19.7, 19.8, 19.5, 19.5, 19.652, 19.5]","['12', '1', '9', '11', '19', '22', '2', '13', '24', '18']",664.7124473,14.76037192,"[660.1095782, 645.0, 689.0, 657.0, 689.0, 657.89, 659.63, 660.07]","['1', '9', '16', '19', '22', '2', '13', '24']",0.533658216,0.004405216,"[0.53, 0.539, 0.540607512, 0.53, 0.53, 0.536, 0.53]","['12', '1', '11', '2', '13', '24', '18']"
C13H26O,3-tridecanone,CCCCCCCCCCC(=O)CC,198.1983655,716.0666667,0.047140452,"[716.1, 716.1, 716.0]","['11', '21', '23']",17.0,0.0,[17.0],['23'],821.36,1.69,"[819.67, 823.05]","['21', '23']",,,,
C14H28O,4-tetradecanone,CCCCCCCCCCC(=O)CCC,212.2140155,725.1,0.1,"[725.2, 725.0]","['11', '3']",,,,,900.09,0.0,[900.09],['3'],,,,
C11H22O2,undecanoic acid,CCCCCCCCCCC(=O)O,186.1619799,728.815,1.411621408,"[728.0, 728.0, 731.26, 728.0]","['11', '14', '21', '23']",20.7756499,0.532898989,"[21.28654971, 20.0404, 21.0]","['11', '21', '23']",740.74,0.0,[740.74],['23'],0.89279003,0.0,[0.89279003],['11']
C12H24O2,methyl undecanoate,CCCCCCCCCCC(=O)OC,200.322,694.0,0.0,[694.0],['10'],17.5,0.0,[17.5],['10'],,,,,,,,
C12H24O,2-dodecanone,CCCCCCCCCCC(C)=O,184.1827154,702.05,0.05,"[702.1, 702.1, 702.0, 702.0]","['11', '21', '23', '3']",,,,,748.7233333,4.87281119,"[751.88, 741.84, 752.45]","['21', '23', '3']",,,,
C15H30,decylcyclopentane,CCCCCCCCCCC1CCCC1,210.234751,723.9166667,0.678642436,"[724.8, 723.8, 723.15]","['9', '14', '19']",15.285,0.085,"[15.37, 15.2]","['9', '19']",852.0,0.0,[852.0],['9'],,,,
C16H32,n-decylcyclohexane,CCCCCCCCCCC1CCCCC1,224.250401,750.075,0.075,"[750.0, 750.15]","['14', '19']",13.6,0.0,[13.6],['19'],,,,,,,,
C12H26,dodecane,CCCCCCCCCCCC,170.338,658.1376923,0.210060572,"[658.0, 658.1, 658.0, 658.24, 658.2, 658.0, 658.15, 658.0, 658.0, 658.1, 658.8, 658.2, 658.0]","['12', '1', '9', '11', '14', '16', '19', '22', '2', '13', '23', '24', '18']",18.18111111,0.061748794,"[18.2, 18.17, 18.2, 18.13333333, 18.2, 18.2, 18.2, 18.18, 18.256, 18.0, 18.234, 18.2]","['12', '1', '9', '11', '19', '22', '2', '13', '21', '23', '24', '18']",742.1629699,17.77522929,"[751.8796992, 754.0, 754.0, 754.0, 754.0, 717.88, 715.82, 760.46, 746.83, 712.76]","['1', '9', '16', '19', '22', '2', '13', '21', '23', '24']",0.572980744,0.004755225,"[0.576, 0.574, 0.571865206, 0.577, 0.574, 0.562, 0.576]","['12', '1', '11', '2', '13', '24', '18']"
C14H28O,3-tetradecanone,CCCCCCCCCCCC(=O)CC,212.2140155,726.9,0.1,"[726.8, 726.8, 727.0, 727.0]","['11', '21', '23', '3']",,,,,894.9933333,1.508494467,"[892.86, 896.06, 896.06]","['21', '23', '3']",,,,
C12H24O2,dodecanoic acid,CCCCCCCCCCCC(=O)O,200.17763,743.1075,0.186195462,"[743.0, 743.0, 743.43, 743.0]","['11', '14', '21', '23']",18.99220043,0.25350107,"[19.2987013, 18.6779, 19.0]","['11', '21', '23']",786.78,0.0,[786.78],['23'],0.879426069,0.0,[0.879426069],['11']
C13H26O2,methyl dodecanoate,CCCCCCCCCCCC(=O)OC,214.348,712.0928571,0.082065181,"[712.15, 712.2, 712.0, 712.15, 712.15, 712.0, 712.0]","['12', '11', '14', '19', '21', '23', '18']",14.675,0.675,"[15.35, 14.0]","['12', '23']",799.875,41.875,"[758.0, 841.75]","['19', '23']",,,,
C13H26O,2-tridecanone,CCCCCCCCCCCC(C)=O,198.1983655,717.0,0.0,"[717.0, 717.0, 717.0]","['11', '21', '23']",18.0,0.0,[18.0],['23'],819.67,0.0,"[819.67, 819.67]","['21', '23']",,,,
C13H28,tridecane,CCCCCCCCCCCCC,184.365,675.3408333,0.449359884,"[675.0, 675.0, 675.89, 676.0, 675.0, 675.15, 675.0, 675.0, 675.05, 676.0, 676.0, 675.0]","['12', '9', '11', '14', '16', '19', '22', '2', '13', '23', '24', '18']",16.85931491,0.137164287,"[16.8, 16.8, 16.77146402, 16.8, 16.8, 16.8, 16.8, 17.06, 16.8, 17.221, 16.8]","['12', '9', '11', '19', '22', '2', '13', '21', '23', '24', '18']",803.6233333,22.66702304,"[823.0, 823.0, 780.0, 823.0, 778.82, 774.59, 826.45, 823.72, 780.03]","['9', '16', '19', '22', '2', '13', '21', '23', '24']",0.616177482,0.003263605,"[0.617, 0.609064893, 0.617, 0.618, 0.619, 0.617]","['12', '11', '2', '13', '24', '18']"
C13H26O2,tridecanoic acid,CCCCCCCCCCCCC(=O)O,214.349,754.01,0.0,[754.01],['21'],17.4888,0.0,[17.4888],['21'],,,,,,,,
C14H28O,2-tetradecanone,CCCCCCCCCCCCC(C)=O,212.2140155,727.85,0.15,"[727.7, 727.7, 728.0, 728.0]","['11', '21', '23', '3']",,,,,894.9933333,1.508494467,"[892.86, 896.06, 896.06]","['21', '23', '3']",,,,
C17H34,dodecylcyclopentane,CCCCCCCCCCCCC1CCCC1,238.2660511,749.95,0.187082869,"[749.7, 750.0, 750.15]","['9', '14', '19']",13.13,0.13,"[13.26, 13.0]","['9', '19']",979.0,0.0,[979.0],['9'],,,,
C14H30,tetradecane,CCCCCCCCCCCCCC,198.392,692.95,0.480017361,"[693.0, 693.0, 692.5, 691.8, 693.0, 694.05, 693.0, 693.0, 693.05, 693.0, 693.0, 693.0]","['12', '9', '11', '14', '16', '19', '22', '2', '13', '24', '23', '18']",15.56185644,0.437716214,"[15.7, 15.7, 15.66742081, 16.2, 15.7, 15.7, 15.7, 14.385, 15.128, 15.6, 15.7]","['12', '9', '11', '19', '22', '2', '13', '24', '21', '23', '18']",857.5218182,31.05510464,"[830.0, 894.0, 894.0, 830.0, 894.0, 829.88, 829.88, 829.88, 900.9, 870.32, 829.88]","['12', '9', '16', '19', '22', '2', '13', '24', '21', '23', '18']",0.633148594,0.023345449,"[0.643, 0.645891561, 0.643, 0.643, 0.581, 0.643]","['12', '11', '2', '13', '24', '18']"
C14H28O2,tetradecanoic acid,CCCCCCCCCCCCCC(=O)O,228.2089301,763.5475,0.948297817,"[763.0, 763.0, 765.19, 763.0]","['11', '14', '21', '23']",16.28353405,0.200951938,"[16.40860215, 16.442, 16.0]","['11', '21', '23']",920.81,0.0,[920.81],['23'],0.93930216,0.0,[0.93930216],['11']
C15H30O2,methyl tetradecanoate,CCCCCCCCCCCCCC(=O)OC,242.403,730.0,0.0,[730.0],['10'],13.2,0.0,[13.2],['10'],,,,,,,,
C18H36,tridecylcyclopentane,CCCCCCCCCCCCCC1CCCC1,252.2817012,760.9833333,0.143372088,"[760.8, 761.0, 761.15]","['9', '14', '19']",12.24,0.14,"[12.38, 12.1]","['9', '19']",1043.0,0.0,[1043.0],['9'],,,,
C15H32,pentadecane,CCCCCCCCCCCCCCC,212.419,707.5833333,0.502631962,"[708.0, 708.0, 706.9, 707.0, 708.0, 707.05, 708.0, 708.0, 708.05, 707.0, 707.0, 708.0]","['12', '9', '11', '14', '16', '19', '22', '2', '13', '23', '24', '18']",14.89509388,0.254753388,"[14.8, 14.8, 14.45603272, 15.2, 14.8, 14.7, 14.8, 14.895, 15.4, 15.195, 14.8]","['12', '9', '11', '19', '22', '2', '13', '21', '23', '24', '18']",928.1944444,40.66254135,"[966.0, 966.0, 880.0, 966.0, 888.1, 888.89, 980.39, 938.09, 880.28]","['9', '16', '19', '22', '2', '13', '21', '23', '24']",0.688504943,0.007407584,"[0.686, 0.684029655, 0.685, 0.685, 0.705, 0.686]","['12', '11', '2', '13', '24', '18']"
C15H30O2,pentadecanoic acid,CCCCCCCCCCCCCCC(=O)O,242.2245802,776.6075,0.679829942,"[777.0, 777.0, 775.43, 777.0]","['11', '14', '21', '23']",15.7367899,0.200639189,"[15.6969697, 15.5134, 16.0]","['11', '21', '23']",1002.0,0.0,[1002.0],['23'],0.928117993,0.0,[0.928117993],['11']
C19H38,tetradecylcyclopentane,CCCCCCCCCCCCCCC1CCCC1,266.2973512,771.8125,0.415895119,"[771.1, 772.0, 772.15, 772.0]","['9', '14', '19', '18']",11.32666667,0.179133718,"[11.58, 11.2, 11.2]","['9', '19', '18']",1107.0,0.0,[1107.0],['9'],0.789,0.0,[0.789],['18']
C16H34,hexadecane,CCCCCCCCCCCCCCCC,226.446,722.2115385,1.523047785,"[723.0, 722.1, 723.0, 722.25, 722.0, 723.0, 717.15, 723.0, 723.0, 723.05, 722.2, 722.0, 723.0]","['12', '1', '9', '11', '14', '16', '19', '22', '2', '13', '23', '24', '18']",14.14420833,0.236153857,"[14.0, 14.7985, 14.0, 14.445, 14.2, 14.0, 14.1, 14.0, 14.005, 14.0, 14.182, 14.0]","['12', '1', '9', '11', '19', '22', '2', '13', '21', '23', '24', '18']",993.8511111,40.55018193,"[1000.0, 1034.0, 1034.0, 930.0, 1034.0, 943.4, 943.4, 1016.78, 1009.08]","['1', '9', '16', '19', '22', '2', '13', '21', '23']",0.727975467,0.012376868,"[0.717, 0.749, 0.732828272, 0.721, 0.717, 0.742, 0.717]","['12', '1', '11', '2', '13', '24', '18']"
C16H32O2,hexadecanoic acid,CCCCCCCCCCCCCCCC(=O)O,256.2402303,785.055,0.095262794,"[785.0, 785.0, 785.22, 785.0]","['11', '14', '21', '23']",14.85991189,0.131416244,"[14.89563567, 14.6841, 15.0]","['11', '21', '23']",1059.32,0.0,[1059.32],['23'],0.970616222,0.0,[0.970616222],['11']
C17H34O2,Methyl hexadecanoate,CCCCCCCCCCCCCCCC(=O)OC,270.45066,757.5,2.5,"[755.0, 760.0]","['1', '10']",12.6,0.9,"[13.5, 11.7]","['1', '10']",1114.827202,0.0,[1114.827202],['1'],0.91,0.0,[0.91],['1']
C20H40,pentadecylcyclopentane,CCCCCCCCCCCCCCCC1CCCC1,280.3130013,780.1625,0.253414187,"[780.6, 780.0, 780.05, 780.0]","['9', '14', '19', '18']",10.42333333,0.315841029,"[10.87, 10.2, 10.2]","['9', '19', '18']",1120.83,34.7690159,"[1170.0, 1096.0, 1096.49]","['9', '19', '18']",0.833,0.0,[0.833],['18']
C17H36,heptadecane,CCCCCCCCCCCCCCCCC,240.473,735.3258333,1.145829091,"[734.0, 736.0, 735.71, 736.0, 736.0, 733.15, 736.0, 736.0, 736.05, 736.0, 733.0, 736.0]","['12', '9', '11', '14', '16', '19', '22', '2', '13', '23', '24', '18']",13.3167671,0.09586975,"[13.4, 13.4, 13.20843806, 13.2, 13.4, 13.4, 13.4, 13.207, 13.3, 13.169, 13.4]","['12', '9', '11', '19', '22', '2', '13', '21', '23', '24', '18']",1055.432222,49.6641623,"[1103.0, 1103.0, 1006.0, 1103.0, 998.0, 998.0, 1106.81, 1081.08, 1000.0]","['9', '16', '19', '22', '2', '13', '21', '23', '24']",0.766596666,0.007631955,"[0.77, 0.749579998, 0.771, 0.769, 0.77, 0.77]","['12', '11', '2', '13', '24', '18']"
C17H34O2,heptadecanoic acid,CCCCCCCCCCCCCCCCC(=O)O,270.2558803,792.77,1.333679122,"[792.0, 792.0, 795.08, 792.0]","['11', '14', '21', '23']",13.88047405,0.128340976,"[13.70242215, 13.939, 14.0]","['11', '21', '23']",1129.94,0.0,[1129.94],['23'],1.004364805,0.0,[1.004364805],['11']
C21H42,Hexadecylcyclopentane,CCCCCCCCCCCCCCCCC1CCCC1,294.3286513,791.075,0.075,"[791.15, 791.0]","['19', '24']",9.7125,0.0125,"[9.7, 9.725]","['19', '24']",,,,,0.861,0.0,[0.861],['24']
C18H38,octadecane,CCCCCCCCCCCCCCCCCC,254.5,747.2976923,0.771902284,"[747.0, 747.0, 747.6, 748.0, 747.0, 745.45, 747.0, 747.0, 747.05, 748.77, 748.0, 748.0, 747.0]","['12', '9', '11', '14', '16', '19', '22', '2', '13', '21', '23', '24', '18']",12.7425,0.283841945,"[12.95, 12.9, 12.46, 12.9, 12.9, 12.6, 12.7, 12.96, 13.0, 12.055]","['12', '9', '11', '19', '22', '2', '13', '21', '23', '24']",1142.8,63.05148432,"[1189.0, 1189.0, 1070.0, 1189.0, 1059.32, 1060.45, 1218.77, 1166.86]","['9', '16', '19', '22', '2', '13', '21', '23']",0.799371246,0.009299922,"[0.790484985, 0.806, 0.811, 0.79]","['11', '2', '13', '24']"
C18H36O2,octadecanoic acid,CCCCCCCCCCCCCCCCCC(=O)O,284.2715304,803.5225,0.904996547,"[803.0, 803.0, 805.09, 803.0]","['11', '14', '21', '23']",13.186834,0.132637446,"[13.29470199, 13.2658, 13.0]","['11', '21', '23']",1251.56,0.0,[1251.56],['23'],1.026872146,0.0,[1.026872146],['11']
C19H38O2,Methyl octadecanoate,CCCCCCCCCCCCCCCCCC(=O)OC,298.50382,780.0,5.0,"[775.0, 785.0]","['1', '10']",11.595,0.795,"[12.39, 10.8]","['1', '10']",1258.970162,0.0,[1258.970162],['1'],1.02,0.0,[1.02],['1']
C19H40,n-nonadecane,CCCCCCCCCCCCCCCCCCC,268.3130013,756.0045455,1.046086765,"[755.0, 755.7, 756.0, 755.0, 756.15, 755.0, 758.0, 758.05, 755.15, 756.0, 756.0]","['9', '11', '14', '16', '19', '22', '2', '13', '21', '23', '24']",11.64101709,0.315240897,"[11.6, 11.62615385, 11.2, 11.6, 12.1, 12.1, 11.8, 11.6, 11.143]","['9', '11', '19', '22', '2', '13', '21', '23', '24']",1166.538,55.20519012,"[1249.0, 1130.0, 1118.57, 1118.57, 1216.55]","['9', '19', '2', '13', '23']",0.843665991,0.010024901,"[0.844663963, 0.851, 0.852, 0.827]","['11', '2', '13', '24']"
C20H42,n-eicosane,CCCCCCCCCCCCCCCCCCCC,282.3286513,767.9754545,0.637842438,"[768.0, 768.2, 768.0, 768.0, 767.15, 768.0, 768.0, 769.63, 767.75, 768.0, 767.0]","['9', '11', '14', '16', '19', '22', '2', '13', '21', '23', '24']",10.96379512,0.363590797,"[10.7, 11.10115607, 10.4, 10.7, 11.7, 11.28, 10.85, 10.8, 11.143]","['9', '11', '19', '22', '2', '13', '21', '23', '24']",1242.164,66.11619547,"[1319.0, 1190.0, 1169.59, 1207.73, 1324.5]","['9', '19', '2', '13', '23']",0.894182176,0.015659736,"[0.882728704, 0.912, 0.875, 0.907]","['11', '2', '13', '24']"
C20H40O2,eicosanoic acid,CCCCCCCCCCCCCCCCCCCC(=O)O,312.3028305,820.0,0.0,"[820.0, 820.0, 820.0]","['11', '14', '23']",12.00292826,0.00292826,"[12.00585652, 12.0]","['11', '23']",1345.9,0.0,[1345.9],['23'],,,,
C21H44,n-heneicosane,CCCCCCCCCCCCCCCCCCCCC,296.3443014,777.8571429,0.176126114,"[778.0, 777.6, 777.6, 778.0, 778.0, 777.8, 778.0]","['9', '11', '14', '16', '22', '21', '23']",10.20986755,0.119900914,"[10.3, 10.29933775, 10.3, 10.15, 10.0]","['9', '11', '22', '21', '23']",1378.06,11.94,"[1390.0, 1366.12]","['9', '23']",0.924453039,0.0,[0.924453039],['11']
C22H46,Docosane,CCCCCCCCCCCCCCCCCCCCCC,310.601,785.69375,3.502895008,"[792.2, 786.0, 785.5, 785.6, 786.0, 786.0, 778.25, 786.0]","['1', '9', '11', '14', '16', '22', '21', '23']",10.19883966,0.693027345,"[11.74, 9.8, 9.943037975, 9.8, 9.91, 10.0]","['1', '9', '11', '22', '21', '23']",1426.281955,32.34703202,"[1383.125864, 1461.0, 1434.72]","['1', '9', '23']",0.968303657,0.009696343,"[0.978, 0.958607315]","['1', '11']"
C22H44O2,behenic acid,CCCCCCCCCCCCCCCCCCCCCC(=O)O,340.3341306,837.0,0.0,"[837.0, 837.0, 837.0]","['11', '14', '10']",11.10039788,0.00039788,"[11.10079576, 11.1]","['11', '10']",,,,,,,,
C23H48,n-tricosane,CCCCCCCCCCCCCCCCCCCCCCC,324.3756015,789.8928571,0.132094586,"[790.0, 789.7, 789.7, 790.0, 790.0, 789.85, 790.0]","['9', '11', '14', '16', '22', '21', '23']",9.131511628,0.08059272,"[9.2, 9.18255814, 9.2, 9.075, 9.0]","['9', '11', '22', '21', '23']",1528.36,1.64,"[1530.0, 1526.72]","['9', '23']",1.050609993,0.0,[1.050609993],['11']
C24H50,n-tetracosane,CCCCCCCCCCCCCCCCCCCCCCCC,338.3912516,799.9,0.141421356,"[800.0, 799.6, 799.8, 800.0, 800.0, 799.9, 800.0]","['9', '11', '14', '16', '22', '21', '23']",8.78426087,0.119562656,"[8.7, 8.691304348, 8.7, 8.83, 9.0]","['9', '11', '22', '21', '23']",1592.395,7.605,"[1600.0, 1584.79]","['9', '23']",1.055517328,0.0,[1.055517328],['11']
C25H52,n-pentacosane,CCCCCCCCCCCCCCCCCCCCCCCCC,352.4069017,812.45,4.45,"[808.0, 816.9]","['9', '14']",8.46,0.0,[8.46],['9'],1669.0,0.0,[1669.0],['9'],,,,
C26H54,n-hexacosane,CCCCCCCCCCCCCCCCCCCCCCCCCC,366.4225517,816.0,0.0,"[816.0, 816.0, 816.0, 816.0, 816.0]","['9', '11', '14', '16', '23']",7.957443366,0.032142456,"[7.95, 7.922330097, 8.0]","['9', '11', '23']",1738.065,1.065,"[1737.0, 1739.13]","['9', '23']",1.13667714,0.0,[1.13667714],['11']
C27H56,n-heptacosane,CCCCCCCCCCCCCCCCCCCCCCCCCCC,380.4382018,843.1,0.0,[843.1],['14'],,,,,,,,,,,,
C28H58,n-octacosane,CCCCCCCCCCCCCCCCCCCCCCCCCCCC,394.4538519,824.0,0.0,"[824.0, 824.0, 824.0, 824.0, 824.0]","['9', '11', '14', '16', '23']",7.643636364,0.25284279,"[7.44, 7.490909091, 8.0]","['9', '11', '23']",1894.355,21.355,"[1873.0, 1915.71]","['9', '23']",1.26760624,0.0,[1.26760624],['11']
C30H62,triacontane,CCCCCCCCCCCCCCCCCCCCCCCCCCCCCC,422.485152,843.0,0.0,"[843.0, 843.0, 843.0, 843.0]","['11', '14', '16', '23']",6.242307693,0.242307692,"[6.484615385, 6.0]","['11', '23']",2053.39,0.0,[2053.39],['23'],1.142667504,0.0,[1.142667504],['11']
C32H66,n-dotriacontane,CCCCCCCCCCCCCCCCCCCCCCCCCCCCCCCC,450.5164521,847.0,0.0,[847.0],['9'],5.88,0.0,[5.88],['9'],2136.0,0.0,[2136.0],['9'],,,,
C36H74,n-hexatriacontane,CCCCCCCCCCCCCCCCCCCCCCCCCCCCCCCCCCCC,506.5790524,875.2,6.4,"[872.0, 872.0, 872.0, 872.0, 888.0]","['9', '11', '14', '16', '10']",5.077837838,0.510652628,"[4.72, 4.713513514, 5.8]","['9', '11', '10']",2389.0,0.0,[2389.0],['9'],1.420216403,0.0,[1.420216403],['11']
C40H82,tetracontane,CCCCCCCCCCCCCCCCCCCCCCCCCCCCCCCCCCCCCCCC,563.096,904.0,0.0,[904.0],['10'],5.2,0.0,[5.2],['10'],,,,,,,,
C44H90,tetratetracontane,CCCCCCCCCCCCCCCCCCCCCCCCCCCCCCCCCCCCCCCCCCCC,619.204,919.0,0.0,[919.0],['10'],4.8,0.0,[4.8],['10'],,,,,,,,
C60H122,hexacontane,CCCCCCCCCCCCCCCCCCCCCCCCCCCCCCCCCCCCCCCCCCCCCCCCCCCCCCCCCCCC,843.636,974.0,0.0,[974.0],['10'],3.6,0.0,[3.6],['10'],,,,,,,,
C22H46O,1-docosanol,CCCCCCCCCCCCCCCCCCCCCCO,326.3548661,827.0,0.0,"[827.0, 827.0, 827.0]","['11', '14', '10']",10.7,0.0,[10.7],['10'],,,,,,,,
C20H42O,1-eicosanol,CCCCCCCCCCCCCCCCCCCCO,298.323566,795.3833333,17.84266111,"[808.0, 770.15, 808.0]","['11', '19', '23']",11.58095238,0.490637976,"[11.54285714, 12.2, 11.0]","['11', '19', '23']",1129.94,0.0,[1129.94],['23'],0.974694135,0.0,[0.974694135],['11']
C18H38O,1-octadecanol,CCCCCCCCCCCCCCCCCCO,270.2922658,775.7166667,20.19968372,"[790.0, 747.15, 790.0]","['11', '19', '10']",13.24731183,0.674069205,"[12.74193548, 14.2, 12.8]","['11', '19', '10']",,,,,0.841637508,0.0,[0.841637508],['11']
C17H36O,1-heptadecanol,CCCCCCCCCCCCCCCCCO,256.2766158,758.0,22.0,"[780.0, 780.0, 736.0, 736.0]","['11', '14', '19', '24']",13.96673252,0.317247226,"[13.51819757, 14.2, 14.182]","['11', '19', '24']",960.0,0.0,[960.0],['19'],,,,
C16H34O,1-hexadecanol,CCCCCCCCCCCCCCCCO,242.2609657,770.0,0.0,"[770.0, 770.0, 770.0]","['11', '14', '10']",14.73243243,0.13243243,"[14.86486486, 14.6]","['11', '10']",,,,,0.782516056,0.0,[0.782516056],['11']
C22H38,1-Phenylhexadecane,CCCCCCCCCCCCCCCCc1ccccc1,302.2973512,808.15,0.0,[808.15],['19'],12.9,0.0,[12.9],['19'],1200.0,0.0,[1200.0],['19'],,,,
C15H32O,1-pentadecanol,CCCCCCCCCCCCCCCO,228.2453156,757.0,0.0,"[757.0, 757.0, 757.0]","['11', '14', '10']",16.00211417,0.002114165,"[16.00422833, 16.0]","['11', '10']",,,,,0.838631998,0.0,[0.838631998],['11']
C21H36,1-Phenylpentadecane,CCCCCCCCCCCCCCCc1ccccc1,288.2817012,800.05,0.0,[800.05],['19'],13.5,0.0,[13.5],['19'],1140.0,0.0,[1140.0],['19'],,,,
C14H30O,1-tetradecanol,CCCCCCCCCCCCCCO,214.2296656,743.0,0.0,"[743.0, 743.0, 743.0]","['11', '14', '10']",17.1952381,0.495238095,"[17.69047619, 16.7]","['11', '10']",,,,,0.76700389,0.0,[0.76700389],['11']
C20H34,1-Phenyltetradecane,CCCCCCCCCCCCCCc1ccccc1,274.2660511,792.15,0.0,[792.15],['19'],14.2,0.0,[14.2],['19'],1110.0,0.0,[1110.0],['19'],,,,
C13H28O,1-tridecanol,CCCCCCCCCCCCCO,200.2140155,732.0,0.0,"[732.0, 732.0]","['11', '23']",17.94865526,0.051344745,"[17.89731051, 18.0]","['11', '23']",827.81,0.0,[827.81],['23'],,,,
C19H32,tridecylbenzene,CCCCCCCCCCCCCc1ccccc1,260.250401,788.1,3.290896534,"[782.4, 790.0, 790.0, 790.0]","['9', '11', '14', '10']",14.86335917,0.696308342,"[13.88, 15.31007752, 15.4]","['9', '11', '10']",1066.0,0.0,[1066.0],['9'],0.798602876,0.0,[0.798602876],['11']
C12H26O,1-dodecanol,CCCCCCCCCCCCO,186.338,709.29875,17.47857291,"[719.4, 719.34, 719.4, 679.05, 679.0, 719.4, 719.4, 719.4]","['12', '11', '14', '19', '24', '21', '23', '18']",20.06459502,0.86379514,"[19.94, 21.99816514, 19.2, 19.247, 19.927, 20.2, 19.94]","['12', '11', '19', '24', '21', '23', '18']",739.7575,37.75440926,"[718.0, 718.0, 717.88, 805.15]","['19', '22', '24', '23']",0.681399423,0.021778073,"[0.666, 0.71219827, 0.666]","['12', '11', '18']"
C12H26S,1-dodecanethiol,CCCCCCCCCCCCS,202.1755218,733.8,0.141421356,"[733.7, 733.7, 734.0]","['11', '14', '10']",18.10802469,0.00802469,"[18.11604938, 18.1]","['11', '10']",,,,,0.623423043,0.0,[0.623423043],['11']
C18H30,dodecylbenzene,CCCCCCCCCCCCc1ccccc1,246.234751,773.425,0.725,"[772.7, 774.15]","['9', '19']",15.325,0.475,"[14.85, 15.8]","['9', '19']",1000.5,0.5,"[1001.0, 1000.0]","['9', '19']",,,,
C11H24O,1-undecanol,CCCCCCCCCCCO,172.311,703.38,0.271293199,"[703.6, 703.1, 703.6, 703.0, 703.6]","['12', '11', '14', '23', '18']",21.66234395,0.364852387,"[21.47, 22.39171975, 21.48, 21.5, 21.47]","['12', '11', '21', '23', '18']",715.6275,4.897445125,"[718.0, 719.42, 707.21, 717.88]","['12', '21', '23', '18']",0.636518628,0.0162898,"[0.625, 0.659555885, 0.625]","['12', '11', '18']"
C30H50O4,"1,2-benzenedicarboxylic acid, diundecyl ester",CCCCCCCCCCCOC(=O)c1ccccc1C(=O)OCCCCCCCCCCC,474.3709101,886.0,0.0,"[886.0, 886.0]","['11', '14']",8.86,0.0,[8.86],['11'],,,,,,,,
C17H28,undecylbenzene,CCCCCCCCCCCc1ccccc1,232.2191009,763.05,0.638357267,"[762.2, 763.0, 763.0, 764.0]","['9', '11', '14', '18']",16.31288557,0.31590309,"[15.95, 16.26865672, 16.72]","['9', '11', '18']",922.46,12.54,"[935.0, 909.92]","['9', '18']",0.735414136,0.002585864,"[0.732828272, 0.738]","['11', '18']"
C10H22O,1-decanol,CCCCCCCCCCO,158.284,687.30625,2.178077923,"[687.3, 691.0, 684.4, 687.05, 684.4, 687.0, 690.0, 687.3]","['12', '11', '14', '19', '22', '24', '23', '18']",23.0230911,0.466462956,"[23.15, 23.42372881, 22.3, 23.7, 22.286, 23.175, 23.0, 23.15]","['12', '11', '19', '22', '24', '21', '23', '18']",620.67,20.36659871,"[649.0, 600.0, 600.0, 599.88, 623.05, 623.83, 648.93]","['12', '19', '22', '24', '21', '23', '18']",0.61419982,0.011031121,"[0.622, 0.598599459, 0.622]","['12', '11', '18']"
C28H46O4,didecyl phthalate,CCCCCCCCCCOC(=O)c1ccccc1C(=O)OCCCCCCCCCC,446.33961,870.0,0.0,"[870.0, 870.0, 870.0]","['11', '14', '23']",9.39762419,0.00237581,"[9.39524838, 9.4]","['11', '23']",1808.32,0.0,[1808.32],['23'],,,,
C20H42O,"decane, 1,1'-oxybis-",CCCCCCCCCCOCCCCCCCCCC,298.323566,768.0,0.0,"[768.0, 768.0]","['11', '10']",10.31129033,0.011290325,"[10.32258065, 10.3]","['11', '10']",,,,,,,,
C16H26,decylbenzene,CCCCCCCCCCc1ccccc1,218.2034508,751.725,0.476313972,"[750.9, 752.0, 752.0, 752.0]","['9', '11', '14', '23']",17.20256881,0.035852039,"[17.16, 17.24770642, 17.2]","['9', '11', '23']",874.365,4.365,"[870.0, 878.73]","['9', '23']",0.679853714,0.0,[0.679853714],['11']
C9H20O,1-nonanol,CCCCCCCCCO,144.257,671.55,2.460981221,"[670.7, 672.3, 670.5, 677.15, 668.9, 670.6, 670.7]","['12', '11', '14', '19', '22', '23', '18']",25.33196226,0.047886718,"[25.28, 25.36981132, 25.33, 25.4, 25.28]","['12', '11', '21', '23', '18']",557.8166667,11.13120788,"[572.0, 546.0, 544.0, 557.88, 554.94, 572.08]","['12', '19', '22', '21', '23', '18']",0.596688959,0.004682519,"[0.6, 0.590066877, 0.6]","['12', '11', '18']"
C26H42O4,dinonyl phthalate,CCCCCCCCCOC(=O)c1ccccc1C(=O)OCCCCCCCCC,418.3083098,834.5,23.5,"[858.0, 811.0]","['11', '14']",10.46341463,0.0,[10.46341463],['11'],,,,,,,,
C36H76O4Si,tetranonoxysilane,CCCCCCCCCO[Si](OCCCCCCCCC)(OCCCCCCCCC)OCCCCCCCCC,600.5512874,830.0,0.0,[830.0],['11'],6.098457017,0.0,[6.098457017],['11'],,,,,,,,
C15H24,nonylbenzene,CCCCCCCCCc1ccccc1,204.356,740.3166667,1.074192203,"[738.8, 741.15, 741.0]","['9', '19', '18']",18.835,0.171537168,"[18.95, 18.54, 18.9, 18.95]","['12', '9', '19', '18']",794.9633333,7.097137138,"[805.0, 790.0, 789.89]","['9', '19', '18']",0.638,0.0,[0.638],['18']
C8H17Cl,1-chlorooctane,CCCCCCCCCl,148.1018782,643.0,0.0,"[643.0, 643.0]","['11', '6']",,,,,,,,,,,,
C8H19N,1-octanamine,CCCCCCCCN,129.1517496,641.0,0.0,"[641.0, 641.0, 641.0, 641.0]","['11', '22', '21', '23']",27.18084358,0.828764875,"[27.17253073, 26.17, 28.2]","['11', '21', '23']",506.1,12.03,"[518.13, 494.07]","['21', '23']",0.462306806,0.0,[0.462306806],['11']
C16H35N,dioctylamine,CCCCCCCCNCCCCCCCC,241.461,734.0,0.0,"[734.0, 734.0]","['12', '18']",12.6,0.0,"[12.6, 12.6]","['12', '18']",1092.75,0.15,"[1092.6, 1092.9]","['12', '18']",0.819,0.0,"[0.819, 0.819]","['12', '18']"
C8H18O,1-octanol,CCCCCCCCO,130.23,652.3625,0.402142699,"[652.5, 651.3, 652.5, 652.55, 652.5, 652.55, 652.5, 652.5]","['12', '11', '14', '19', '22', '13', '24', '18']",28.18168646,0.379297901,"[27.77, 28.19480519, 27.77, 28.6, 28.6, 28.567, 27.77]","['12', '11', '19', '22', '13', '24', '18']",492.2433333,3.375330436,"[497.0, 490.0, 490.0, 489.48, 489.96, 497.02]","['12', '19', '22', '13', '24', '18']",0.588575896,0.005535104,"[0.583, 0.596879479, 0.593, 0.587, 0.583]","['12', '11', '13', '24', '18']"
C24H38O4,"dioctyl 1,2-benzenedicarboxylate",CCCCCCCCOC(=O)c1ccccc1C(=O)OCCCCCCCC,390.2770097,838.6333333,1.932758535,"[840.0, 835.9, 840.0]","['11', '14', '23']",10.8915276,0.1084724,"[10.7830552, 11.0]","['11', '23']",1510.57,0.0,[1510.57],['23'],,,,
C9H18O2,octyl formate,CCCCCCCCOC=O,158.241,654.0,0.0,[654.0],['10'],,,,,,,,,,,,
C16H34O,dioctyl ether,CCCCCCCCOCCCCCCCC,242.2609657,723.0,0.0,"[723.0, 723.0]","['11', '10']",11.89572369,0.004276315,"[11.89144737, 11.9]","['11', '10']",,,,,0.659555885,0.0,[0.659555885],['11']
C8H18S,octane-1-thiol,CCCCCCCCS,146.299,667.0,0.0,[667.0],['4'],,,,,504.54,0.0,[504.54],['4'],,,,
C10H22S,3-thiaundecane,CCCCCCCCSCC,174.351,700.0,0.0,"[700.0, 700.0, 700.0]","['12', '21', '18']",24.0,0.0,"[24.0, 24.0, 24.0]","['12', '21', '18']",591.72,0.0,[591.72],['21'],0.538,0.0,"[0.538, 0.538]","['12', '18']"
C16H34S,1-octylsulfanyloctane,CCCCCCCCSCCCCCCCC,258.515,780.0,0.0,[780.0],['21'],18.0,0.0,[18.0],['21'],1118.57,0.0,[1118.57],['21'],,,,
C14H22,octylbenzene,CCCCCCCCc1ccccc1,190.1721507,725.9,1.236931688,"[725.6, 725.0, 728.0, 725.0]","['9', '11', '14', '23']",19.94825613,0.141664225,"[20.09, 19.75476839, 20.0]","['9', '11', '23']",743.635,2.635,"[741.0, 746.27]","['9', '23']",0.588380294,0.0,[0.588380294],['11']
C7H15Cl,1-chloroheptane,CCCCCCCCl,134.0862282,614.0,0.0,"[614.0, 614.0]","['11', '23']",31.0,0.0,[31.0],['23'],491.88,0.0,[491.88],['23'],,,,
C7H16O,1-heptanol,CCCCCCCO,116.203,632.3555556,0.329515169,"[632.6, 632.65, 631.9, 632.65, 631.9, 631.9, 632.6, 632.4, 632.6]","['12', '11', '14', '19', '22', '2', '13', '23', '18']",30.95833607,0.425938204,"[30.58, 31.16502463, 30.58, 31.5, 31.8, 30.58, 30.84, 31.0, 30.58]","['12', '11', '19', '22', '2', '13', '21', '23', '18']",434.41,1.699874995,"[435.0, 435.0, 435.0, 434.97, 435.16, 435.26, 429.92, 434.97]","['12', '19', '22', '2', '13', '21', '23', '18']",0.573623673,0.009711258,"[0.567, 0.575118363, 0.592, 0.567, 0.567]","['12', '11', '2', '13', '18']"
C22H34O4,"1,2-benzenedicarboxylic acid, diheptyl ester",CCCCCCCOC(=O)c1ccccc1C(=O)OCCCCCCC,362.2457096,835.0,5.0,"[830.0, 840.0]","['11', '14']",12.36959762,0.0,[12.36959762],['11'],,,,,,,,
C28H60O4Si,tetraheptyl orthosilicate,CCCCCCCO[Si](OCCCCCCC)(OCCCCCCC)OCCCCCCC,488.4260869,778.0,0.0,[778.0],['11'],7.402473834,0.0,[7.402473834],['11'],,,,,,,,
C13H20,heptylbenzene,CCCCCCCc1ccccc1,176.1565006,708.825,1.428941916,"[711.3, 708.0, 708.0, 708.0]","['9', '11', '14', '23']",21.4051004,0.367696373,"[21.89, 21.3253012, 21.0]","['9', '11', '23']",678.405,1.405,"[677.0, 679.81]","['9', '23']",0.53165267,0.0,[0.53165267],['11']
C6H13Cl,1-chlorohexane,CCCCCCCl,120.0705781,596.8125,2.187571427,"[599.0, 594.65, 594.6, 599.0]","['11', '19', '21', '23']",33.0,0.0,[33.0],['23'],421.94,0.0,[421.94],['23'],,,,
C6H15N,1-hexanamine,CCCCCCN,101.1204495,592.3,0.0,"[592.3, 592.3, 592.3]","['11', '14', '5']",,,,,,,,,,,,
C7H17N,"1-hexanamine, N-methyl-",CCCCCCNC,115.1360995,592.0,0.0,"[592.0, 592.0, 592.0]","['11', '14', '23']",28.0,0.0,[28.0],['23'],458.09,0.0,[458.09],['23'],,,,
C6H14O,1-hexanol,CCCCCCO,102.177,610.8849,0.468638549,"[610.3, 610.399, 611.4, 610.35, 611.4, 611.35, 611.35, 611.0, 611.0, 610.3]","['12', '11', '14', '19', '22', '2', '13', '24', '23', '18']",35.01336465,1.874952497,"[34.17, 34.13864653, 34.17, 35.1, 34.6, 35.1, 40.52, 34.165, 34.0, 34.17]","['12', '11', '19', '22', '2', '13', '24', '21', '23', '18']",382.91,2.692421463,"[387.0, 381.0, 381.0, 380.95, 381.24, 380.95, 386.1, 380.95, 387.0]","['12', '19', '22', '2', '13', '24', '21', '23', '18']",0.572229888,0.00594514,"[0.576, 0.571379327, 0.572, 0.578, 0.56, 0.576]","['12', '11', '2', '13', '24', '18']"
C13H18O2,"benzoic acid, hexyl ester",CCCCCCOC(=O)c1ccccc1,206.1306798,748.0,0.0,"[748.0, 748.0]","['11', '10']",19.7941799,0.005820105,"[19.78835979, 19.8]","['11', '10']",,,,,,,,
C20H30O4,dihexyl phthalate,CCCCCCOC(=O)c1ccccc1C(=O)OCCCCCC,334.2144094,821.3333333,6.12825877,"[817.0, 830.0, 817.0]","['11', '14', '23']",13.25206612,0.252066115,"[13.50413223, 13.0]","['11', '23']",1060.45,0.0,[1060.45],['23'],,,,
C8H16O2,hexyl ethanoate,CCCCCCOC(C)=O,144.1150298,618.4,0.0,"[618.4, 618.4]","['11', '3']",,,,,,,,,,,,
C7H14O2,hexyl formate,CCCCCCOC=O,130.187,614.0,0.0,[614.0],['10'],,,,,,,,,,,,
C12H26O,7-oxatridecane,CCCCCCOCCCCCC,186.1983655,659.0375,3.442995607,"[665.0, 657.0, 657.15, 657.0]","['11', '14', '19', '24']",16.94264646,1.802261507,"[14.39393939, 18.2, 18.234]","['11', '19', '24']",719.97,0.03,"[720.0, 719.94]","['19', '24']",0.590086003,0.109913997,"[0.480172006, 0.7]","['11', '24']"
C12H18,hexylbenzene,CCCCCCc1ccccc1,162.1408506,693.45,5.000749944,"[695.8, 695.0, 685.0, 698.0]","['9', '11', '14', '13']",24.62004551,1.216628439,"[26.34, 23.72013652, 23.8]","['9', '11', '13']",603.21,10.79,"[614.0, 592.42]","['9', '13']",0.496209317,0.0,[0.496209317],['11']
C5H11Cl,1-chloropentane,CCCCCCl,106.054928,566.5833333,6.645717084,"[571.2, 568.55, 552.0, 568.05, 568.5, 571.2]","['11', '19', '22', '13', '21', '23']",33.25,0.25,"[33.5, 33.0]","['13', '23']",356.435,4.575,"[351.86, 361.01]","['13', '23']",0.318,0.0,[0.318],['13']
C5H12O,1-pentanol,CCCCCO,88.15,587.6644444,0.814113166,"[588.1, 588.03, 588.2, 588.15, 586.15, 586.15, 587.9, 588.2, 588.1]","['12', '11', '14', '22', '2', '13', '23', '24', '18']",38.979225,0.15313982,"[38.97, 39.202, 39.09, 38.7, 38.8, 39.0, 39.1018, 38.97]","['12', '11', '22', '2', '13', '23', '24', '18']",326.7525,1.668605331,"[326.0, 326.0, 327.01, 326.48, 325.41, 331.02, 326.05, 326.05]","['12', '22', '2', '13', '21', '23', '24', '18']",0.582679215,0.007505753,"[0.573, 0.578396073, 0.592, 0.591, 0.579]","['12', '11', '2', '13', '24']"
C6H14O,methyl pentyl ether,CCCCCOC,102.177,546.4957143,0.022587698,"[546.49, 546.45, 546.5, 546.51, 546.5, 546.53, 546.49]","['12', '11', '14', '21', '23', '24', '18']",30.41599109,0.008553103,"[30.42, 30.42594655, 30.42, 30.4, 30.41, 30.42]","['12', '11', '21', '23', '24', '18']",385.422,6.637313915,"[380.0, 380.23, 394.94, 392.0, 379.94]","['12', '21', '23', '24', '18']",0.344725449,0.001313824,"[0.344, 0.343901798, 0.347, 0.344]","['12', '11', '24', '18']"
C14H26O4,dipentyl butanedioate,CCCCCOC(=O)CCC(=O)OCCCCC,258.1831093,811.0,0.0,[811.0],['11'],17.63043478,0.0,[17.63043478],['11'],,,,,,,,
C12H16O2,pentyl benzoate,CCCCCOC(=O)c1ccccc1,192.1150298,736.0,0.0,"[736.0, 736.0]","['11', '10']",21.90238095,0.00238095,"[21.9047619, 21.9]","['11', '10']",,,,,,,,
C18H26O4,di-n-pentyl phthalate,CCCCCOC(=O)c1ccccc1C(=O)OCCCCC,306.1831093,817.0,0.0,[817.0],['14'],,,,,,,,,,,,
C7H14O2,pentyl acetate,CCCCCOC(C)=O,130.187,600.75,1.97188573,"[599.9, 599.6, 605.15, 599.95, 600.0, 599.9]","['12', '11', '19', '21', '23', '18']",27.68749071,0.221916082,"[27.7, 27.86245353, 27.275, 27.9, 27.7]","['12', '11', '21', '23', '18']",469.26,0.0,[469.26],['21'],0.456553574,0.012096581,"[0.448, 0.473660723, 0.448]","['12', '11', '18']"
C6H12O2,pentyl formate,CCCCCOC=O,116.16,575.96875,0.108793095,"[576.0, 575.8, 576.0, 576.15, 576.0, 575.8, 576.0, 576.0]","['12', '11', '14', '19', '22', '21', '23', '18']",32.87396825,1.757232042,"[31.25, 34.27380952, 30.9, 34.57, 35.0, 31.25]","['12', '11', '22', '21', '23', '18']",425.4733333,19.39457198,"[412.0, 411.52, 452.9]","['22', '21', '23']",0.515599159,0.017537437,"[0.528, 0.490797478, 0.528]","['12', '11', '18']"
C5H12S,pentane-1-thiol,CCCCCS,104.218,597.7,0.0,[597.7],['21'],,,,,,,,,,,,
C11H16,pentylbenzene,CCCCCc1ccccc1,148.1252005,677.75,2.276400668,"[678.9, 675.0, 675.0, 679.95, 679.9]","['9', '11', '14', '19', '13']",26.0358397,0.204976299,"[26.34, 25.76335878, 26.0, 26.04]","['9', '11', '19', '13']",550.3833333,1.194664062,"[552.0, 550.0, 549.15]","['9', '19', '13']",0.440848749,0.002848749,"[0.443697499, 0.438]","['11', '13']"
C4H9Cl,1-Chlorobutane,CCCCCl,92.03927797,540.8071429,1.391922764,"[539.2, 539.2, 542.0, 542.05, 542.0, 542.0, 539.2]","['7', '11', '14', '19', '13', '21', '23']",38.615,1.81897636,"[39.76, 36.9, 36.8, 41.0]","['7', '19', '13', '23']",304.87,5.234711071,"[312.0, 299.58, 303.03]","['19', '13', '23']",0.226,0.0,[0.226],['13']
C4H9F,1-Fluorobutane,CCCCF,76.06882851,466.0,0.0,[466.0],['7'],38.1178,0.0,[38.1178],['7'],,,,,,,,
C4H11N,butylamine,CCCCN,73.138,529.0675455,3.244756648,"[531.9, 531.86, 526.8, 524.0, 531.95, 526.8, 531.95, 524.0, 526.683, 531.9, 531.9]","['12', '11', '14', '17', '19', '22', '13', '24', '21', '23', '18']",41.60157085,0.795795017,"[42.0, 42.01105845, 39.8, 42.5, 40.4, 42.0, 41.533, 41.77165, 42.0, 42.0]","['12', '11', '17', '19', '22', '13', '24', '21', '23', '18']",291.4875,11.8402225,"[277.0, 309.89, 288.02, 291.04]","['19', '13', '24', '23']",0.341680989,0.027716699,"[0.329, 0.324404944, 0.329, 0.397, 0.329]","['12', '11', '13', '24', '18']"
C12H27N,tributyl amine,CCCCN(CCCC)CCCC,185.2143499,641.4833333,2.14489057,"[643.0, 638.45, 643.0]","['14', '19', '24']",18.217,0.017,"[18.2, 18.234]","['19', '24']",,,,,,,,
C7H17N,Butylisopropylamine,CCCCNC(C)C,115.1360995,563.65,0.0,[563.65],['19'],,,,,,,,,,,,
C6H15N,N-ethylbutan-1-amine,CCCCNCC,101.193,547.1,0.0,[547.1],['21'],,,,,,,,,,,,
C8H19N,dibutylamine,CCCCNCCCC,129.246,603.2622222,3.543503532,"[602.3, 607.46, 602.3, 607.55, 602.3, 596.0, 601.65, 607.5, 602.3]","['12', '11', '14', '19', '22', '24', '21', '23', '18']",28.35560963,2.751762892,"[25.7, 31.11987705, 31.1, 25.7, 25.325, 31.1, 31.1, 25.7]","['12', '11', '19', '22', '24', '21', '23', '18']",521.99,7.014542038,"[517.0, 517.06, 531.91]","['19', '24', '23']",0.548408492,0.024649517,"[0.53, 0.543633967, 0.59, 0.53]","['12', '11', '24', '18']"
C10H15N,N-butyl aniline,CCCCNc1ccccc1,149.1204495,721.0,0.0,"[721.0, 721.0]","['14', '24']",28.364,0.0,[28.364],['24'],517.87,0.0,[517.87],['24'],,,,
C4H10O,butanol,CCCCO,74.123,562.7309091,0.558332819,"[563.05, 562.09, 562.1, 563.1, 561.4, 563.05, 563.05, 563.05, 563.05, 563.05, 563.05]","['12', '7', '11', '14', '17', '19', '22', '2', '13', '24', '18']",44.06961814,0.254548033,"[44.23, 43.9394, 43.87978142, 44.2, 44.14, 44.23, 43.4, 44.23, 44.217, 44.23]","['12', '7', '11', '17', '19', '22', '2', '13', '24', '18']",275.0814286,0.418412939,"[275.0, 275.0, 275.0, 276.01, 274.5, 275.03, 275.03]","['12', '19', '22', '2', '13', '24', '18']",0.592027714,0.003391675,"[0.594, 0.595166283, 0.585, 0.591, 0.593, 0.594]","['12', '11', '2', '13', '24', '18']"
C12H27BO3,Tributoxyborane,CCCCOB(OCCCC)OCCCC,230.2053251,745.15,0.0,[745.15],['19'],19.9,0.0,[19.9],['19'],863.0,0.0,[863.0],['19'],,,,
C5H12O,methyl butyl ether,CCCCOC,88.15,512.3538571,0.961389237,"[512.74, 512.73, 512.8, 510.0, 512.767, 512.7, 512.74]","['12', '11', '14', '2', '21', '23', '18']",33.56287927,0.228240782,"[33.71, 33.71227563, 33.1, 33.445, 33.7, 33.71]","['12', '11', '2', '21', '23', '18']",331.73,4.786277259,"[329.0, 328.95, 340.02, 328.95]","['12', '2', '23', '18']",0.319465717,0.009106313,"[0.313, 0.316862869, 0.335, 0.313]","['12', '11', '2', '18']"
C7H14O2,butyl propanoate,CCCCOC(=O)CC,130.187,594.46,0.233238076,"[594.6, 594.5, 594.6, 594.0, 594.6]","['12', '11', '21', '23', '18']",26.995,1.005,"[25.99, 28.0]","['12', '23']",464.04,0.0,[464.04],['23'],,,,
C8H16O2,butyl butanoate,CCCCOC(=O)CCC,144.1150298,611.8375,0.399022242,"[612.1, 611.15, 612.1, 612.0]","['11', '19', '21', '23']",24.0,0.0,[24.0],['23'],521.8023112,28.2576888,"[493.5446224, 550.06]","['19', '23']",,,,
C11H14O2,"benzoic acid, butyl ester",CCCCOC(=O)c1ccccc1,178.0993797,723.83,0.956869897,"[725.0, 723.0, 723.15, 725.0, 723.0]","['11', '14', '19', '23', '24']",25.22137291,1.101191283,"[24.24749164, 26.3, 24.0, 26.338]","['11', '19', '23', '24']",571.89,15.50697263,"[561.0, 593.82, 560.85]","['19', '23', '24']",0.552891868,0.027108132,"[0.525783736, 0.58]","['11', '24']"
C16H22O4,"dibutyl 1,2-benzenedicarboxylate",CCCCOC(=O)c1ccccc1C(=O)OCCCC,278.1518092,797.0,0.0,"[797.0, 797.0, 797.0]","['11', '14', '23']",16.0,0.0,[16.0],['23'],954.2,0.0,[954.2],['23'],,,,
C6H12O2,butyl acetate,CCCCOC(C)=O,116.16,577.2345455,2.547317176,"[575.4, 575.44, 579.0, 578.4, 579.85, 579.0, 579.15, 570.94, 578.0, 579.0, 575.4]","['12', '11', '14', '17', '19', '22', '2', '21', '23', '24', '18']",31.12532197,0.343237045,"[30.9, 31.60021966, 30.5, 31.4, 30.9, 31.1, 30.95, 31.6, 31.403, 30.9]","['12', '11', '17', '19', '22', '2', '21', '23', '24', '18']",400.962,7.624682026,"[400.0, 412.8, 388.95, 403.06, 400.0]","['19', '22', '2', '23', '24']",0.43071,0.014646379,"[0.439, 0.448550002, 0.41, 0.417, 0.439]","['12', '11', '2', '24', '18']"
C5H10O2,butyl formate,CCCCOC=O,102.0680796,563.6666667,2.753583524,"[559.8, 565.2, 566.0]","['17', '21', '10']",35.9,0.0,[35.9],['17'],,,,,,,,
C6H14O,ethyl n-butyl ether,CCCCOCC,102.1044651,531.0125,0.021650635,"[531.0, 531.05, 531.0, 531.0]","['14', '19', '21', '24']",30.395,0.005,"[30.4, 30.39]","['19', '24']",390.01,0.01,"[390.0, 390.02]","['19', '24']",0.4,0.0,[0.4],['24']
C7H16O2,1-butoxy-2-propanol,CCCCOCC(C)O,132.1150298,624.95,0.05,"[624.9, 625.0]","['11', '23']",27.20394737,0.20394737,"[27.40789474, 27.0]","['11', '23']",478.93,0.0,[478.93],['23'],0.515700161,0.0,[0.515700161],['11']
C8H18O,dibutyl ether,CCCCOCCCC,130.23,583.32625,2.025912989,"[584.1, 584.06, 580.0, 584.15, 586.1, 584.1, 580.0, 584.1]","['12', '11', '14', '19', '21', '23', '24', '18']",26.02238712,2.960991286,"[23.34, 23.26932271, 30.1, 30.1, 24.0, 25.325]","['12', '11', '19', '21', '23', '24']",507.0333333,9.946635389,"[500.0, 521.1, 500.0]","['19', '23', '24']",0.466486817,0.033513183,"[0.432973634, 0.5]","['11', '24']"
C6H14O2,2-butoxyethanol,CCCCOCCO,118.176,633.925,0.038188131,"[633.9, 634.0, 633.95, 633.9, 633.9, 633.9]","['12', '11', '19', '21', '23', '18']",32.78994819,0.119974135,"[32.7, 32.84974093, 32.7, 33.0, 32.7]","['12', '11', '21', '23', '18']",423.788,0.220762316,"[423.57, 424.0, 423.73, 424.09, 423.55]","['12', '19', '21', '23', '18']",0.524059328,0.004326543,"[0.521, 0.530177984, 0.521]","['12', '11', '18']"
C8H16O3,2-butoxyethyl acetate,CCCCOCCOC(C)=O,160.213,640.7,0.464758002,"[641.2, 640.4, 640.7, 640.0, 641.2]","['12', '11', '21', '23', '18']",25.97777426,1.748339444,"[22.95, 27.02109705, 26.94, 27.0]","['12', '11', '21', '23']",549.64,0.779134135,"[549.0, 549.45, 550.96, 549.15]","['12', '21', '23', '18']",0.634512015,0.0,[0.634512015],['11']
C8H18O3,diethylene glycol monobutyl ether,CCCCOCCOCCO,162.229,692.24,0.12,"[692.3, 692.3, 692.3, 692.0, 692.3]","['12', '11', '21', '23', '18']",27.925,0.04330127,"[27.9, 27.9, 28.0, 27.9]","['12', '21', '23', '18']",545.85,0.0,[545.85],['23'],0.655,0.0,"[0.655, 0.655]","['12', '18']"
C10H20O4,2-(2-butoxyethoxy)ethyl ethanoate,CCCCOCCOCCOC(C)=O,204.1361591,688.3333333,5.436502143,"[690.0, 681.0, 694.0]","['11', '21', '23']",21.2962963,0.0,[21.2962963],['11'],626.96,0.0,[626.96],['23'],0.782516056,0.0,[0.782516056],['11']
C16H36O4Si,tetrabutyl silicate,CCCCO[Si](OCCCC)(OCCCC)OCCCC,320.2382862,682.0,0.0,[682.0],['11'],11.0,0.0,[11.0],['11'],,,,,,,,
C4H10S,1-butanethiol,CCCCS,90.189,570.025,0.167705098,"[570.1, 570.1, 570.1, 569.65, 570.1, 570.1]","['12', '11', '2', '21', '23', '18']",39.74224053,0.350279467,"[39.19, 39.97896213, 39.7, 40.1]","['12', '11', '2', '23']",318.5833333,8.17361745,"[307.03, 324.68, 324.04]","['2', '21', '23']",0.272229372,0.000229371,"[0.272458743, 0.272]","['11', '2']"
C8H18S,Dibutyl sulfide,CCCCSCCCC,146.1129216,651.575,1.575,"[653.15, 650.0]","['19', '4']",24.8,0.0,[24.8],['4'],,,,,,,,
C6H14O,"2-hexanol, (R)",CCCC[C@@H](C)O,102.177,581.8,0.0,[581.8],['12'],32.56,0.0,[32.56],['12'],377.37,0.0,[377.37],['12'],,,,
C6H14O,(S)-(+)-2-hexanol,CCCC[C@H](C)O,102.177,,,,,,,,,377.365,0.005,"[377.37, 377.36]","['12', '18']",,,,
C4H9NO2,1-Nitrobutane,CCCC[N+](=O)[O-],103.0633285,624.0,0.0,[624.0],['17'],,,,,,,,,,,,
C10H14,butylbenzene,CCCCc1ccccc1,134.221,660.5027273,0.016006197,"[660.5, 660.5, 660.48, 660.5, 660.5, 660.55, 660.5, 660.5, 660.5, 660.5, 660.5]","['12', '9', '11', '14', '16', '19', '22', '13', '21', '23', '18']",28.89468143,0.010804647,"[28.9, 28.9, 28.86713287, 28.9, 28.9, 28.9, 28.885, 28.9, 28.9]","['12', '9', '11', '19', '22', '13', '21', '23', '18']",497.1877778,0.351687291,"[497.0, 497.0, 497.0, 497.0, 497.0, 497.02, 497.64, 498.01, 497.02]","['12', '9', '16', '19', '22', '13', '21', '23', '18']",0.393514992,0.000685904,"[0.394, 0.392544977, 0.394]","['12', '11', '18']"
C3H7Cl,1-chloropropane,CCCCl,78.541,503.1656667,0.080559847,"[503.15, 503.268, 503.27, 503.1, 503.15, 503.1, 503.15, 503.15, 503.2, 503.3, 503.0, 503.15]","['12', '7', '11', '14', '19', '22', '2', '13', '21', '23', '24', '18']",45.74725916,0.08164124,"[45.8, 45.6676, 45.58605072, 45.8, 45.8, 45.8, 45.8, 45.7786, 45.6, 45.7876, 45.8]","['12', '7', '11', '19', '22', '2', '13', '21', '23', '24', '18']",253.9933333,7.016669834,"[254.0, 254.0, 246.97, 246.97, 268.02, 254.0]","['19', '22', '2', '13', '23', '24']",0.22701607,0.005566065,"[0.228, 0.216096421, 0.228, 0.227, 0.235, 0.228]","['12', '11', '2', '13', '24', '18']"
C3H7F,1-Fluoropropane,CCCF,62.05317844,419.0,0.0,[419.0],['7'],44.5038,0.0,[44.5038],['7'],,,,,,,,
C3H7I,1-Iodopropane,CCCI,169.9592482,596.15,0.0,[596.15],['19'],,,,,,,,,,,,
C3H9N,propylamine,CCCN,59.111,497.2197273,0.787545565,"[496.95, 498.3, 497.0, 496.1, 497.05, 497.0, 496.95, 496.95, 496.967, 499.2, 496.95]","['12', '11', '14', '17', '19', '22', '2', '13', '21', '23', '18']",47.47182233,0.23146766,"[47.4, 47.63862333, 47.2, 47.2, 48.0, 47.4, 47.4, 47.3796, 47.7, 47.4]","['12', '11', '17', '19', '22', '2', '13', '21', '23', '18']",245.855,14.40010851,"[233.0, 260.01, 260.42, 229.99]","['19', '2', '13', '23']",0.278167042,0.003665916,"[0.28, 0.27083521, 0.28, 0.28, 0.28]","['12', '11', '2', '13', '18']"
C9H21N,tripropylamine,CCCN(CCC)CCC,143.273,610.155,24.16367263,"[628.22, 597.0, 577.5, 637.9]","['12', '11', '18', '5']",21.68,0.0,[21.68],['12'],,,,,,,,
C4H11N,n-methyl-1-propanamine,CCCNC,73.08914935,550.0,0.0,[550.0],['14'],,,,,,,,,,,,
C6H15N,di-propylamine,CCCNCCC,101.192,552.901,2.90107032,"[550.0, 555.76, 555.8, 555.85, 550.0, 550.0, 555.8, 555.8, 550.0, 550.0]","['12', '11', '14', '19', '22', '2', '21', '23', '24', '18']",33.51149525,2.430335605,"[31.4, 36.30045722, 36.3, 31.4, 31.1, 36.3, 36.0, 31.403, 31.4]","['12', '11', '19', '22', '2', '21', '23', '24', '18']",407.26,4.64590142,"[407.0, 400.96, 414.08, 407.0]","['19', '2', '23', '24']",0.450938577,0.003150191,"[0.45, 0.454692884, 0.446, 0.454, 0.45]","['12', '11', '2', '24', '18']"
C3H8O,propyl alcohol,CCCO,60.096,536.7939167,0.040046761,"[536.78, 536.767, 536.76, 536.8, 536.9, 536.85, 536.78, 536.78, 536.75, 536.8, 536.78, 536.78]","['12', '7', '11', '14', '17', '19', '22', '2', '13', '23', '24', '18']",51.49665887,0.269571465,"[51.75, 51.3745, 51.31548757, 51.2, 51.69, 51.75, 51.2, 51.75, 51.0, 51.68326, 51.75]","['12', '7', '11', '17', '19', '22', '2', '13', '23', '24', '18']",219.23875,0.499685839,"[219.0, 218.5, 219.0, 220.02, 219.35, 220.02, 219.01, 219.01]","['12', '19', '22', '2', '13', '23', '24', '18']",0.619898954,0.003119002,"[0.622, 0.614393726, 0.617, 0.621, 0.623, 0.622]","['12', '11', '2', '13', '24', '18']"
C4H10O,methyl propyl ether,CCCOC,74.123,476.2645,0.046607403,"[476.25, 476.21, 476.21, 476.3, 476.35, 476.3, 476.3, 476.275, 476.2, 476.25]","['12', '7', '11', '14', '19', '2', '13', '21', '23', '18']",37.97061103,0.102353612,"[38.01, 38.0102, 38.01468827, 37.7, 38.01, 38.01, 38.0, 38.01]","['12', '7', '11', '2', '13', '21', '23', '18']",276.912,2.041346614,"[276.0, 276.01, 275.56, 280.98, 276.01]","['12', '2', '13', '23', '18']",0.273248105,0.005133965,"[0.277, 0.271240525, 0.264, 0.277, 0.277]","['12', '11', '2', '13', '18']"
C7H14O2,propylisobutanoate,CCCOC(=O)C(C)C,130.187,585.7388889,6.436690738,"[579.4, 600.0, 589.0, 589.15, 589.0, 584.3, 582.0, 579.4, 579.4]","['12', '11', '14', '19', '22', '21', '23', '18', '3']",26.53,0.77,"[25.76, 27.3]","['12', '22']",462.96,0.0,[462.96],['23'],,,,
C6H12O2,propyl propanoate,CCCOC(=O)CC,116.16,572.791,4.378073663,"[568.6, 569.1, 578.0, 578.0, 578.15, 578.0, 568.6, 571.86, 569.0, 568.6]","['12', '11', '14', '17', '19', '22', '13', '21', '23', '18']",30.62861771,0.278404869,"[30.6, 30.72894168, 30.0, 30.9, 30.6, 30.6, 31.0, 30.6]","['12', '11', '17', '22', '13', '21', '23', '18']",395.78,7.28,"[388.5, 403.06]","['13', '23']",0.447674375,0.00229605,"[0.449, 0.443697499, 0.449, 0.449]","['12', '11', '13', '18']"
C8H16O2,"butanoic acid, 3-methyl-, propyl ester",CCCOC(=O)CC(C)C,144.1150298,609.03,0.042817442,"[609.1, 609.0, 609.0, 609.08, 609.0, 609.0]","['11', '14', '22', '21', '23', '3']",24.9,0.0,[24.9],['22'],523.01,0.0,[523.01],['23'],,,,
C7H14O2,propyl butanoate,CCCOC(=O)CCC,130.187,595.6261429,2.891341875,"[593.7, 593.5, 600.15, 600.0, 595.333, 593.0, 593.7]","['12', '11', '19', '22', '21', '23', '18']",27.26287879,0.253602374,"[27.2, 26.97727273, 27.8, 27.2, 27.2, 27.2]","['12', '11', '22', '21', '23', '18']",462.96,0.0,[462.96],['23'],0.434569045,0.002218965,"[0.433, 0.437707136, 0.433]","['12', '11', '18']"
C10H12O2,propyl benzoate,CCCOC(=O)c1ccccc1,164.0837296,710.0,0.0,"[710.0, 710.0]","['11', '23']",26.099631,0.099630995,"[26.19926199, 26.0]","['11', '23']",529.94,0.0,[529.94],['23'],0.482804102,0.0,[0.482804102],['11']
C14H18O4,"1,2-benzenedicarboxylic acid dipropyl ester",CCCOC(=O)c1ccccc1C(=O)OCCC,250.1205091,784.0,0.0,"[784.0, 784.0, 784.0]","['11', '14', '23']",18.99152543,0.008474575,"[18.98305085, 19.0]","['11', '23']",816.33,0.0,[816.33],['23'],,,,
C5H10O2,propyl acetate,CCCOC(C)=O,102.133,549.6064545,0.157139986,"[549.73, 549.691, 549.4, 549.4, 549.75, 549.4, 549.73, 549.75, 549.69, 549.4, 549.73]","['12', '11', '14', '17', '19', '22', '2', '13', '23', '24', '18']",33.60501259,0.228691832,"[33.6, 33.82713846, 33.3, 33.6, 33.3, 33.7, 33.6, 34.1, 33.7, 33.328, 33.6]","['12', '11', '17', '19', '22', '2', '13', '21', '23', '24', '18']",345.8188889,1.366759708,"[345.0, 345.0, 345.0, 349.04, 345.07, 347.34, 346.02, 344.95, 344.95]","['12', '19', '22', '2', '13', '21', '23', '24', '18']",0.389900932,0.000719446,"[0.389, 0.390405591, 0.39, 0.39, 0.391, 0.389]","['12', '11', '2', '13', '24', '18']"
C4H8O2,propyl formate,CCCOC=O,88.106,537.6241667,0.692404727,"[538.0, 536.2, 538.0, 536.8, 538.05, 538.0, 538.0, 538.0, 536.34, 538.1, 538.0, 538.0]","['12', '11', '14', '17', '19', '22', '2', '13', '21', '23', '24', '18']",40.63443289,0.312170089,"[40.63, 40.59046177, 40.6, 40.6, 40.6, 40.3, 40.2, 41.507, 40.7, 40.6213, 40.63]","['12', '11', '17', '19', '22', '2', '13', '21', '23', '24', '18']",284.7955556,1.413452126,"[285.0, 285.0, 285.0, 285.96, 285.14, 286.12, 280.98, 284.98, 284.98]","['12', '19', '22', '2', '13', '21', '23', '24', '18']",0.315384398,0.004968392,"[0.318, 0.32330639, 0.31, 0.309, 0.314, 0.318]","['12', '11', '2', '13', '24', '18']"
C5H12O,ethyl propyl ether,CCCOCC,88.15,500.3020909,0.145415051,"[500.23, 500.24, 500.6, 500.25, 500.6, 500.23, 500.2, 500.343, 500.2, 500.2, 500.23]","['12', '11', '14', '19', '22', '2', '13', '21', '23', '24', '18']",33.27130018,0.530266165,"[33.7, 33.59570181, 32.5, 32.5, 33.7, 33.7, 33.1, 33.7, 32.5173, 33.7]","['12', '11', '19', '22', '2', '13', '21', '23', '24', '18']",328.5422222,29.93699858,"[339.0, 244.0, 339.0, 336.02, 338.98, 338.87, 343.05, 338.98, 338.98]","['12', '19', '22', '2', '13', '21', '23', '24', '18']",0.350429271,0.015316953,"[0.346, 0.333575627, 0.347, 0.347, 0.383, 0.346]","['12', '11', '2', '13', '24', '18']"
C6H14O2,1-propoxy-2-propanol,CCCOCC(C)O,118.0993797,605.05,0.05,"[605.1, 605.0]","['11', '23']",30.75718608,0.24281392,"[30.51437216, 31.0]","['11', '23']",417.01,0.0,[417.01],['23'],0.477555766,0.0,[0.477555766],['11']
C6H14O,dipropyl ether,CCCOCCC,102.177,530.6455556,0.127114219,"[530.6, 530.56, 530.6, 530.65, 530.6, 530.6, 531.0, 530.6, 530.6]","['12', '11', '14', '19', '13', '21', '23', '24', '18']",30.14604997,0.357669412,"[30.28, 30.30039977, 30.28, 30.28, 30.28, 29.2, 30.268, 30.28]","['12', '11', '19', '13', '21', '23', '24', '18']",391.585,10.345,"[381.24, 401.93]","['13', '23']",0.369522214,0.001044428,"[0.369, 0.37161107, 0.369, 0.369, 0.369]","['12', '11', '13', '24', '18']"
C5H12O2,ethylene glycol monopropyl ether,CCCOCCO,104.149,615.025,0.204633819,"[615.2, 614.7, 615.2, 615.0]","['12', '11', '18', '3']",36.50309383,0.004103506,"[36.5, 36.5023753, 36.51, 36.5]","['12', '11', '18', '3']",363.905,0.265,"[363.64, 364.17]","['12', '3']",0.480600101,0.007636611,"[0.486, 0.469800302, 0.486]","['12', '11', '18']"
C7H16O3,2-(2-propoxyethoxy)ethanol,CCCOCCOCCO,148.1099444,680.689,1.118797867,"[679.8, 682.267, 680.0]","['11', '21', '23']",30.24659007,0.19075436,"[30.03977022, 30.2, 30.5]","['11', '21', '23']",500.05,5.0,"[505.05, 495.05]","['21', '23']",0.610833916,0.0,[0.610833916],['11']
C12H28O4Si,tetrapropyl silicate,CCCO[Si](OCCC)(OCCC)OCCC,264.1756859,649.0,0.0,[649.0],['11'],13.69198312,0.0,[13.69198312],['11'],,,,,,,,
C3H8S,1-propanethiol,CCCS,76.163,536.3928571,0.348904993,"[536.6, 536.6, 535.65, 536.6, 536.1, 536.6, 536.6]","['12', '11', '19', '2', '21', '23', '18']",46.26831196,0.455202127,"[45.91, 45.86324786, 46.3, 47.0]","['12', '11', '2', '23']",275.4966667,15.20221987,"[254.0, 286.53, 285.96]","['2', '21', '23']",0.228741517,0.003258483,"[0.225483034, 0.232]","['11', '2']"
C4H10S,Methyl propyl sulfide,CCCSC,90.05032132,574.125,0.025,"[574.15, 574.1]","['19', '21']",,,,,,,,,,,,
C7H16,"3-methylhexane, (S)-",CCC[C@@H](C)CC,100.204,540.6,0.0,[540.6],['12'],28.9,0.0,[28.9],['12'],416.0,0.0,[416.0],['12'],0.309,0.0,[0.309],['12']
C6H14O,"3-hexanol, (R)",CCC[C@H](O)CC,102.177,,,,,,,,,377.37,0.0,[377.37],['12'],,,,
C3H7NO2,1-Nitropropane,CCC[N+](=O)[O-],89.04767846,640.575,34.575,"[606.0, 675.15]","['17', '19']",40.4,0.0,[40.4],['17'],,,,,,,,
C9H12O,4-Propylphenol,CCCc1ccc(O)cc1,136.088815,715.0,0.0,[715.0],['17'],36.0,0.0,[36.0],['17'],,,,,,,,
C10H14,1-Methyl-3-propylbenzene,CCCc1cccc(C)c1,134.1095504,666.6,0.0,[666.6],['17'],29.0,0.0,[29.0],['17'],,,,,,,,
C9H12,propylbenzene,CCCc1ccccc1,120.194,638.3685714,0.105955324,"[638.35, 638.4, 638.29, 638.2, 638.4, 638.6, 638.35, 638.35, 638.32, 638.35, 638.6, 638.3, 638.3, 638.35]","['12', '9', '11', '14', '16', '17', '19', '22', '2', '13', '21', '23', '24', '18']",31.99846097,0.042625785,"[32.0, 32.0, 32.01053159, 32.1, 32.0, 32.0, 32.0, 31.96, 31.9, 32.0, 32.011, 32.0]","['12', '9', '11', '17', '19', '22', '2', '13', '21', '23', '24', '18']",440.0,0.540269293,"[440.0, 440.0, 440.0, 440.0, 440.0, 439.95, 438.6, 440.63, 440.92, 439.95, 439.95]","['12', '9', '16', '19', '22', '2', '13', '21', '23', '24', '18']",0.34415961,0.000356898,"[0.344, 0.344957659, 0.344, 0.344, 0.344, 0.344]","['12', '11', '2', '13', '24', '18']"
C9H12O,2-Propylphenol,CCCc1ccccc1O,136.088815,705.0,0.0,[705.0],['17'],38.5,0.0,[38.5],['17'],,,,,,,,
C2H5Cl,ethyl chloride,CCCl,64.514,460.3498333,0.040828571,"[460.35, 460.348, 460.35, 460.3, 460.45, 460.3, 460.35, 460.35, 460.35, 460.3, 460.4, 460.35]","['12', '7', '11', '14', '19', '22', '2', '13', '21', '23', '24', '18']",52.80698817,0.590765105,"[52.7, 52.4442, 52.55136986, 52.7, 53.0, 54.6, 52.7, 52.4053, 52.4, 52.676, 52.7]","['12', '7', '11', '19', '22', '2', '13', '21', '23', '24', '18']",193.71625,14.65074225,"[200.0, 199.0, 199.0, 154.99, 199.76, 197.98, 199.0, 200.0]","['12', '19', '22', '2', '13', '23', '24', '18']",0.193352356,0.005698122,"[0.19, 0.191114133, 0.206, 0.192, 0.191, 0.19]","['12', '11', '2', '13', '24', '18']"
C2H5F,ethyl fluoride,CCF,48.06,375.2873077,0.036512136,"[375.31, 375.25, 375.255, 375.26, 375.3, 375.35, 375.28, 375.31, 375.31, 375.2, 375.3, 375.3, 375.31]","['12', '1', '7', '11', '14', '19', '22', '2', '21', '23', '24', '13', '18']",50.22876104,0.11948081,"[50.28, 50.46, 50.0515, 50.00133245, 50.3, 50.27, 50.1, 50.2775, 50.2, 50.2448, 50.28, 50.28]","['12', '1', '7', '11', '19', '22', '2', '21', '23', '24', '13', '18']",164.7338345,3.159595718,"[159.1368418, 169.0, 164.0, 163.99, 163.99, 169.0, 164.02]","['1', '19', '22', '2', '23', '24', '13']",0.219093219,0.002101506,"[0.22, 0.22, 0.221559316, 0.218, 0.215, 0.22]","['12', '1', '11', '2', '24', '18']"
C2H5I,ethyl iodide,CCI,155.9435982,554.075,0.075,"[554.0, 554.15]","['14', '19']",,,,,,,,,,,,
C2H7N,ethylamine,CCN,45.085,456.2718182,0.168513187,"[456.15, 456.49, 456.4, 456.15, 456.4, 456.15, 456.15, 456.0, 456.45, 456.5, 456.15]","['12', '11', '14', '19', '22', '2', '13', '24', '21', '23', '18']",56.19233524,0.140319285,"[56.2, 56.42645241, 56.2, 56.3, 55.9, 56.2, 56.221, 56.2759, 56.0, 56.2]","['12', '11', '19', '22', '2', '13', '24', '21', '23', '18']",188.9371429,9.928390338,"[182.0, 181.8, 202.02, 206.83, 181.98, 184.91, 183.02]","['19', '22', '2', '13', '24', '21', '23']",0.284335709,0.002977175,"[0.285, 0.279014256, 0.283, 0.285, 0.289, 0.285]","['12', '11', '2', '13', '24', '18']"
C4H11N,dimethylethylamine,CCN(C)C,73.138,500.0,0.0,"[500.0, 500.0]","['12', '18']",36.63,0.0,"[36.63, 36.63]","['12', '18']",290.01,0.01,"[290.0, 290.02]","['12', '18']",0.097,0.0,[0.097],['18']
C5H11NO,"N,N-Diethyl formamide",CCN(C=O)CC,101.084064,660.0,0.0,[660.0],['17'],50.0,0.0,[50.0],['17'],,,,,,,,
C6H15N,triethylamine,CCN(CC)CC,101.192,535.304,0.256210851,"[535.15, 535.59, 535.0, 535.65, 535.0, 535.15, 535.15, 535.6, 535.6, 535.15]","['12', '11', '14', '19', '22', '2', '13', '23', '24', '18']",30.401125,0.259497321,"[30.4, 30.32, 30.0, 30.4, 30.4, 31.0, 30.289, 30.4]","['12', '19', '22', '2', '13', '23', '24', '18']",390.2088889,1.529353127,"[390.0, 389.0, 390.0, 388.95, 389.26, 393.7, 392.0, 388.95, 390.02]","['12', '19', '22', '2', '13', '21', '23', '24', '18']",0.3172,0.0016,"[0.316, 0.316, 0.318, 0.32, 0.316]","['12', '2', '13', '24', '18']"
C10H15N,"N,N-Diethyl aminobenzene",CCN(CC)c1ccccc1,149.1204495,698.5,3.5,"[695.0, 702.0]","['17', '13']",30.25,1.75,"[32.0, 28.5]","['17', '13']",556.79,0.0,[556.79],['13'],0.426,0.0,[0.426],['13']
C3H9N,methylethylamine,CCNC,59.111,482.2166667,10.20590788,"[475.0, 496.65, 475.0]","['12', '19', '18']",42.1,3.535533906,"[44.6, 37.1, 44.6]","['12', '19', '18']",237.6733333,3.766530971,"[235.0, 243.0, 235.02]","['12', '19', '18']",0.319,0.0,"[0.319, 0.319]","['12', '18']"
C5H13N,N-ethylpropan-2-amine,CCNC(C)C,87.166,508.0,0.0,[508.0],['21'],,,,,,,,,,,,
C4H11N,diethylamine,CCNCC,73.138,497.4063636,1.397954823,"[496.6, 499.53, 496.6, 496.2, 499.99, 496.6, 496.6, 496.65, 499.5, 496.6, 496.6]","['12', '11', '14', '17', '19', '22', '2', '13', '23', '24', '18']",37.41056166,0.623055312,"[37.1, 37.53042825, 39.2, 37.58, 37.1, 36.7, 37.1, 37.52995, 37.5, 37.0758, 37.1]","['12', '11', '17', '19', '22', '2', '13', '21', '23', '24', '18']",301.3688889,0.946249256,"[301.0, 301.0, 301.0, 301.02, 301.02, 301.2, 304.04, 301.02, 301.02]","['12', '19', '22', '2', '13', '21', '23', '24', '18']",0.298409791,0.011953718,"[0.304, 0.272458743, 0.3, 0.301, 0.309, 0.304]","['12', '11', '2', '13', '24', '18']"
C8H11N,N-ethylaniline,CCNc1ccccc1,121.182,698.74,0.667382949,"[698.55, 698.6, 698.0, 698.55, 700.0]","['12', '11', '14', '18', '5']",35.36,0.0,[35.36],['12'],,,,,,,,
C2H6O,ethyl alcohol,CCO,46.069,514.26,0.552343492,"[513.92, 514.71, 514.56, 514.6, 513.9, 515.8, 514.05, 513.92, 513.92, 513.9, 513.92, 513.92]","['12', '1', '7', '11', '14', '17', '19', '22', '2', '13', '24', '18']",61.83895,0.732385433,"[61.48, 62.68, 62.2625, 63.6, 61.37, 61.48, 61.2, 61.48, 61.357, 61.48]","['12', '1', '7', '17', '19', '22', '2', '13', '24', '18']",167.320508,0.599464594,"[167.0, 168.6340641, 167.0, 167.0, 168.01, 166.92, 167.0, 167.0]","['12', '1', '19', '22', '2', '13', '24', '18']",0.6445,0.000957427,"[0.645, 0.646, 0.643, 0.644, 0.644, 0.645]","['12', '1', '2', '13', '24', '18']"
C3H8O,methyl ethyl ether,CCOC,60.096,437.9472727,0.412875744,"[437.8, 437.814, 437.81, 437.8, 437.95, 437.8, 437.8, 437.8, 439.246, 437.8, 437.8]","['12', '7', '11', '14', '19', '22', '2', '24', '21', '23', '18']",44.12477382,0.323358401,"[44.0, 43.941, 43.91273821, 44.0, 44.0, 44.7, 43.964, 44.83, 43.9, 44.0]","['12', '7', '11', '19', '22', '2', '24', '21', '23', '18']",219.06125,4.414047002,"[221.0, 221.0, 221.0, 220.99, 220.99, 207.51, 219.01, 220.99]","['12', '19', '22', '2', '24', '21', '23', '18']",0.230117431,0.008219473,"[0.222, 0.233587153, 0.229, 0.244, 0.222]","['12', '11', '2', '24', '18']"
C6H10O4,diethyl oxalate,CCOC(=O)C(=O)OCC,146.143,622.6666667,10.43498389,"[618.0, 618.0, 618.0, 618.0, 618.0, 646.0]","['12', '11', '21', '23', '18', '10']",26.57296399,3.955069822,"[27.32, 21.39889197, 31.0]","['12', '11', '10']",452.694,6.723616884,"[452.2, 452.08, 464.04, 452.28, 442.87]","['12', '21', '23', '18', '10']",0.649751982,0.0,[0.649751982],['11']
C7H14O2,"ethyl 2,2-dimethylpropanoate",CCOC(=O)C(C)(C)C,130.0993797,565.75,0.25,"[565.5, 566.0]","['11', '23']",29.25031513,0.450315125,"[29.70063025, 28.8]","['11', '23']",461.04,0.0,[461.04],['23'],0.413412695,0.0,[0.413412695],['11']
C6H12O2,ethyl isobutanoate,CCOC(=O)C(C)C,116.16,555.165,3.845975169,"[553.15, 562.0, 553.0, 563.6, 553.15, 553.0, 553.6, 554.0, 553.0, 553.15]","['12', '11', '14', '17', '19', '22', '21', '23', '24', '18']",30.55936472,0.226333205,"[30.4, 30.71038251, 30.2, 30.4, 30.7, 30.53, 31.0, 30.6939, 30.4]","['12', '11', '17', '19', '22', '21', '23', '24', '18']",418.654,4.339938248,"[410.0, 421.0, 420.17, 421.05, 421.05]","['19', '22', '21', '23', '24']",0.427666667,0.002357023,"[0.426, 0.431, 0.426]","['12', '24', '18']"
C9H6F12O2,"2,2,3,3,4,4,5,5,6,6,7,7-dodecafluoroheptanoic acid ethyl ester",CCOC(=O)C(F)(F)C(F)(F)C(F)(F)C(F)(F)C(F)(F)C(F)F,374.121,575.6,0.0,[575.6],['8'],12.7,0.0,[12.7],['8'],754.15,0.0,[754.15],['8'],,,,
C5H10O2,ethyl propanoate,CCOC(=O)CC,102.133,546.1727273,0.327083279,"[546.0, 546.7, 546.0, 546.1, 546.05, 546.0, 546.0, 546.05, 547.0, 546.0, 546.0]","['12', '11', '14', '17', '19', '22', '2', '13', '23', '24', '18']",33.66415703,0.229590346,"[33.62, 33.5398773, 33.6, 33.62, 33.6, 33.4, 33.62, 34.35425, 33.7, 33.6316, 33.62]","['12', '11', '17', '19', '22', '2', '13', '21', '23', '24', '18']",345.3933333,1.927790906,"[345.0, 345.0, 345.0, 344.95, 345.07, 350.57, 343.05, 344.95, 344.95]","['12', '19', '22', '2', '13', '21', '23', '24', '18']",0.390158651,0.004074736,"[0.394, 0.381951903, 0.391, 0.389, 0.391, 0.394]","['12', '11', '2', '13', '24', '18']"
C7H12O4,diethyl propanedioate,CCOC(=O)CC(=O)OCC,160.169,652.0,0.0,[652.0],['10'],26.7,0.0,[26.7],['10'],,,,,,,,
C6H10O3,Ethyl acetoacetate,CCOC(=O)CC(C)=O,130.0629942,673.15,0.0,[673.15],['19'],,,,,,,,,,,,
C7H14O2,ethyl isopentanoate,CCOC(=O)CC(C)C,130.187,586.1288889,2.208873239,"[587.95, 583.5, 588.0, 588.15, 588.0, 585.21, 584.0, 587.95, 582.4]","['12', '11', '14', '19', '22', '21', '23', '18', '3']",26.38,0.92,"[25.46, 27.3]","['12', '22']",462.96,0.0,[462.96],['23'],,,,
C8H14O4,diethyl succinate,CCOC(=O)CCC(=O)OCC,174.197,663.1666667,0.372677996,"[663.0, 663.0, 663.0, 664.0, 663.0, 663.0]","['12', '11', '14', '21', '23', '18']",22.59699659,0.024223717,"[22.56, 22.62798635, 22.6, 22.6]","['12', '11', '21', '23']",567.535,0.645,"[568.18, 566.89]","['21', '23']",,,,
C9H16O4,diethyl pentanedioate,CCOC(=O)CCCC(=O)OCC,188.223,683.0,0.0,[683.0],['10'],21.1,0.0,[21.1],['10'],,,,,,,,
C10H18O4,diethyl hexanedioate,CCOC(=O)CCCCC(=O)OCC,202.25,696.0,0.0,[696.0],['10'],20.5,0.0,[20.5],['10'],,,,,,,,
C3H5ClO2,ethyl chloroformate,CCOC(=O)Cl,108.524,508.15,0.0,"[508.15, 508.15]","['12', '18']",42.6,0.0,[42.6],['12'],,,,,,,,
C9H10O2,ethyl benzoate,CCOC(=O)c1ccccc1,150.0680796,697.8583333,1.048974367,"[700.0, 697.0, 697.15, 698.0, 698.0, 697.0]","['11', '14', '19', '2', '13', '24']",31.81594535,0.807257109,"[30.26372676, 32.4, 32.2, 31.8, 32.416]","['11', '19', '2', '13', '24']",470.075,19.04520084,"[451.0, 489.0, 489.24, 451.06]","['19', '2', '13', '24']",0.466156522,0.020550034,"[0.43062609, 0.477, 0.477, 0.48]","['11', '2', '13', '24']"
C12H14O4,"diethyl 1,2-benzenedioate",CCOC(=O)c1ccccc1C(=O)OCC,222.0892089,776.0,0.0,"[776.0, 776.0, 776.0]","['11', '14', '10']",22.38571429,0.214285715,"[22.17142857, 22.6]","['11', '10']",,,,,0.619788758,0.0,[0.619788758],['11']
C6H14O,"ethyl 1,1-dimethylethyl ether",CCOC(C)(C)C,102.1044651,509.2666667,0.188561808,"[509.4, 509.4, 509.0]","['11', '14', '23']",29.89473684,0.10526316,"[29.78947368, 30.0]","['11', '23']",394.01,0.0,[394.01],['23'],0.327902142,0.0,[0.327902142],['11']
C7H16O,2-ethoxy-2-methylbutane,CCOC(C)(C)CC,116.203,546.0,0.0,"[546.0, 546.0, 546.0, 546.0]","['12', '11', '23', '18']",26.685,1.615,"[25.07, 28.3]","['12', '23']",450.7033333,1.890614245,"[452.0, 448.03, 452.08]","['12', '23', '18']",,,,
C7H16O2,"2,2-diethoxypropane ",CCOC(C)(C)OCC,132.203,510.7,0.0,[510.7],['3'],,,,,,,,,,,,
C4H8O2,ethyl acetate,CCOC(C)=O,88.106,523.3345455,0.247142345,"[523.3, 523.26, 523.2, 524.1, 523.35, 523.2, 523.3, 523.2, 523.27, 523.2, 523.3]","['12', '11', '14', '17', '19', '22', '2', '13', '23', '24', '18']",38.69821138,0.390755197,"[38.8, 38.84632517, 38.5, 38.82, 38.3, 38.5, 38.3, 39.723, 38.8, 38.291, 38.8]","['12', '11', '17', '19', '22', '2', '13', '21', '23', '24', '18']",286.6511111,1.024862532,"[286.0, 286.0, 286.0, 287.03, 286.04, 288.85, 288.02, 285.96, 285.96]","['12', '19', '22', '2', '13', '21', '23', '24', '18']",0.363954051,0.002039631,"[0.366, 0.365724305, 0.363, 0.361, 0.362, 0.366]","['12', '11', '2', '13', '24', '18']"
C5H12O,Ethyl  isopropyl ether,CCOC(C)C,88.088815,489.8833333,0.624944442,"[490.35, 489.0, 490.3]","['19', '2', '21']",34.1,0.0,[34.1],['2'],328.95,0.0,[328.95],['2'],0.306,0.0,[0.306],['2']
C4H9ClO,1-Chloroethyl-ethyl ether,CCOC(C)Cl,108.0341926,484.4,0.0,[484.4],['7'],32.9756,0.0,[32.9756],['7'],,,,,,,,
C6H14O2,acetal,CCOC(C)OCC,118.176,535.2285714,5.547705906,"[539.7, 539.7, 527.0, 527.15, 533.65, 539.7, 539.7]","['12', '11', '14', '19', '21', '23', '18']",32.20802867,0.016057348,"[32.2, 32.24014337, 32.2, 32.2, 32.2]","['12', '11', '21', '23', '18']",426.08,0.0,[426.08],['23'],0.481480442,0.007805833,"[0.487, 0.470441327, 0.487]","['12', '11', '18']"
C4H8Cl2O,"1,2-Dichloro-1-ethoxyethane",CCOC(Cl)CCl,141.9952202,619.0,0.0,[619.0],['7'],36.1225,0.0,[36.1225],['7'],,,,,,,,
C6H5F9O,"1-ethoxy-1,1,2,2,3,3,4,4,4-nonafluorobutane",CCOC(F)(F)C(F)(F)C(F)(F)C(F)(F)F,264.0196688,482.02,0.0,[482.02],['11'],19.74682507,0.0,[19.74682507],['11'],,,,,0.463946845,0.0,[0.463946845],['11']
C4H5F5O,Ethoxypentafluoroethane,CCOC(F)(F)C(F)(F)F,164.0260559,431.2116667,0.013123346,"[431.205, 431.23, 431.2]","['7', '11', '14']",25.3152548,0.015454795,"[25.2998, 25.33070959]","['7', '11']",,,,,0.387216143,0.0,[0.387216143],['11']
C4H6F4O,"1-Ethoxy-1,1,2,2-tetrafluoroethane",CCOC(F)(F)C(F)F,146.0354777,479.0,0.0,[479.0],['7'],28.4204,0.0,[28.4204],['7'],,,,,,,,
C3H6O2,ethyl formate,CCOC=O,74.079,508.5363636,0.433846909,"[508.4, 509.8, 508.5, 507.9, 508.55, 508.5, 508.4, 508.45, 508.5, 508.5, 508.4]","['12', '11', '14', '17', '19', '22', '2', '13', '23', '24', '18']",47.51439304,0.336181739,"[47.42, 47.44532341, 47.4, 47.4, 47.4, 47.1, 47.4, 48.465, 47.8, 47.408, 47.42]","['12', '11', '17', '19', '22', '2', '13', '21', '23', '24', '18']",229.47625,0.949617522,"[229.0, 229.0, 229.0, 231.0, 228.62, 231.21, 228.99, 228.99]","['12', '19', '22', '2', '13', '21', '24', '18']",0.280235206,0.00617748,"[0.285, 0.268411235, 0.282, 0.276, 0.285, 0.285]","['12', '11', '2', '13', '24', '18']"
C4H10O,diethyl ether,CCOCC,74.123,466.7194167,0.042234382,"[466.7, 466.7, 466.773, 466.75, 466.7, 466.74, 466.7, 466.7, 466.63, 466.8, 466.74, 466.7]","['12', '1', '7', '11', '14', '19', '22', '2', '13', '23', '24', '18']",36.49211785,0.228725916,"[36.4, 37.202, 36.4695, 36.48479637, 36.38, 36.4, 36.4, 36.51, 36.4, 36.367, 36.4]","['12', '1', '7', '11', '19', '22', '2', '13', '23', '24', '18']",280.2859596,0.388427714,"[280.0, 280.7636367, 280.0, 280.0, 280.98, 280.74, 280.03, 280.03, 280.03]","['12', '1', '19', '22', '2', '13', '23', '24', '18']",0.282678214,0.003066965,"[0.281, 0.29, 0.2817475, 0.281, 0.283, 0.281, 0.281]","['12', '1', '11', '2', '13', '24', '18']"
C7H14O3,ethyl-3-ethoxypropionate,CCOCCC(=O)OCC,146.186,620.69,0.447660586,"[621.0, 620.6, 619.85, 621.0, 621.0]","['12', '11', '21', '23', '18']",26.68475332,0.157891876,"[26.6, 26.62376662, 26.6, 27.0, 26.6]","['12', '11', '21', '23', '18']",463.205,8.552170777,"[458.0, 458.72, 478.01, 458.09]","['12', '21', '23', '18']",0.498563149,0.002210626,"[0.497, 0.501689446, 0.497]","['12', '11', '18']"
C4H9ClO,2-Chloroethoxyethane,CCOCCCl,108.0341926,555.9,0.0,[555.9],['7'],37.8397,0.0,[37.8397],['7'],,,,,,,,
C4H10O2,2-Ethoxyethanol,CCOCCO,90.06807956,599.0,0.0,[599.0],['7'],43.4628,0.0,[43.4628],['7'],,,,,,,,
C8H18O2,"2,2-dimethyl-3,6-dioxaoctane",CCOCCOC(C)(C)C,146.1306798,584.8,0.2,"[584.6, 585.0]","['11', '3']",,,,,,,,,,,,
C6H12O3,2-ethoxyethyl acetate,CCOCCOC(C)=O,132.159,608.4167143,1.130652999,"[607.3, 608.5, 607.35, 610.6, 608.867, 609.0, 607.3]","['12', '11', '19', '22', '21', '23', '18']",31.58680299,0.427705117,"[31.66, 32.11081794, 31.66, 31.73, 30.7, 31.66]","['12', '11', '19', '21', '23', '18']",446.89,4.952268167,"[453.0, 443.0, 442.48, 443.07, 452.9]","['12', '19', '21', '23', '18']",0.55022722,0.00250709,"[0.552, 0.54668166, 0.552]","['12', '11', '18']"
C6H14O2,"1,2-diethoxyethane",CCOCCOCC,118.0993797,542.0,0.0,"[542.0, 542.0, 542.0]","['11', '23', '3']",,,,,431.97,0.0,[431.97],['23'],,,,
C6H14O3,"3,6-dioxa-1-octanol",CCOCCOCCO,134.0942943,670.0,0.0,"[670.0, 670.0, 670.0]","['11', '21', '23']",32.4461139,0.874683032,"[33.66834171, 31.67, 32.0]","['11', '21', '23']",426.99,0.0,[426.99],['23'],0.539102157,0.0,[0.539102157],['11']
C8H16O4,2-(2-ethoxyethoxy)ethyl acetate,CCOCCOCCOC(C)=O,176.104859,667.6666667,3.299831646,"[670.0, 663.0, 670.0]","['11', '21', '23']",25.75114836,1.095368401,"[24.95344507, 27.3, 25.0]","['11', '21', '23']",524.11,0.0,[524.11],['23'],0.607303047,0.0,[0.607303047],['11']
C8H18O3,"1,1'-oxybis[2-ethoxyethane]",CCOCCOCCOCC,162.1255944,612.0,0.0,"[612.0, 612.0]","['11', '23']",24.0,0.0,[24.0],['23'],586.85,0.0,[586.85],['23'],,,,
C3H7ClO,Chloromethoxyethane,CCOCCl,94.01854252,530.0,0.0,[530.0],['7'],43.9797,0.0,[43.9797],['7'],,,,,,,,
C3H9NO,2-ethoxymethanamine,CCOCN,75.112,630.0,0.0,[630.0],['22'],,,,,259.01,0.0,[259.01],['22'],,,,
C5H12O2,diethoxymethane,CCOCOCC,104.0837296,531.85,0.15,"[531.7, 532.0]","['11', '23']",34.0,0.0,[34.0],['23'],369.96,0.0,[369.96],['23'],,,,
C8H20O4Si,tetraethoxysilane,CCO[Si](OCC)(OCC)OCC,208.1130857,587.0,0.0,[587.0],['11'],20.45296167,0.0,[20.45296167],['11'],,,,,0.692503962,0.0,[0.692503962],['11']
C8H10O,phenetole,CCOc1ccccc1,122.167,647.078125,0.065476021,"[647.15, 647.1, 647.0, 647.15, 647.075, 647.0, 647.0, 647.15]","['12', '11', '14', '19', '21', '23', '24', '18']",34.30282173,0.141537601,"[34.2, 34.54885211, 34.2, 34.2319, 34.5, 34.239, 34.2]","['12', '11', '19', '21', '23', '24', '18']",407.0,0.0,[407.0],['23'],0.418840197,0.001455265,"[0.418, 0.42136079, 0.418, 0.418]","['12', '11', '24', '18']"
C8H11NO,1-Amino-2-ethoxybenzene,CCOc1ccccc1N,137.084064,731.0,0.0,[731.0],['17'],50.0,0.0,[50.0],['17'],,,,,,,,
C2H6S,ethyl mercaptan,CCS,62.136,498.9584545,0.183154859,"[499.15, 498.76, 499.0, 498.65, 499.0, 499.15, 499.15, 498.833, 498.7, 499.0, 499.15]","['12', '11', '14', '19', '22', '2', '13', '21', '23', '24', '18']",54.96166022,0.129143589,"[54.9, 55.11160221, 54.9, 54.9, 54.9, 54.9, 54.9, 55.3, 54.905, 54.9]","['12', '11', '19', '22', '2', '13', '21', '23', '24', '18']",207.0522222,0.479207164,"[207.0, 207.0, 207.0, 206.02, 207.08, 207.38, 207.99, 207.0, 207.0]","['12', '19', '22', '2', '13', '21', '23', '24', '18']",0.189131505,0.001616318,"[0.188, 0.191789027, 0.188, 0.188, 0.191, 0.188]","['12', '11', '2', '13', '24', '18']"
C3H8S,2-thiabutane,CCSC,76.163,535.015,5.995166803,"[533.0, 533.0, 533.0, 533.15, 533.0, 533.0, 553.0, 533.0, 533.0, 533.0]","['12', '11', '14', '19', '22', '2', '21', '23', '24', '18']",43.04398941,1.192997183,"[42.6, 42.60591527, 42.6, 42.6, 42.6, 46.2, 42.546, 42.6]","['12', '11', '19', '22', '2', '23', '24', '18']",257.005,3.005,"[254.0, 260.01]","['2', '23']",0.210121662,0.002988182,"[0.209, 0.207608311, 0.209, 0.216, 0.209]","['12', '11', '2', '24', '18']"
C4H8OS,S-ethyl thioacetate,CCSC(C)=O,104.173,590.54,0.02,"[590.55, 590.55, 590.55, 590.5, 590.55]","['12', '11', '21', '23', '18']",40.80113872,0.099455091,"[40.75, 40.75569358, 40.75, 41.0, 40.75]","['12', '11', '21', '23', '18']",319.1125,0.554678961,"[319.0, 318.47, 320.0, 318.98]","['12', '21', '23', '18']",0.31,0.0,"[0.31, 0.31]","['12', '18']"
C4H10S,3-thiapentane,CCSCC,90.189,557.173,0.171350518,"[557.15, 557.48, 557.15, 557.0, 557.15, 557.15, 557.0, 557.0, 557.5, 557.15]","['12', '11', '19', '22', '2', '13', '24', '21', '23', '18']",39.71469397,0.239606003,"[39.6, 40.33863965, 39.6, 39.6, 39.6, 39.6, 39.6083, 39.6, 40.0, 39.6]","['12', '11', '19', '22', '2', '13', '24', '21', '23', '18']",318.5355556,1.402585795,"[318.0, 318.0, 318.0, 320.0, 317.56, 317.97, 317.36, 321.96, 317.97]","['12', '19', '22', '2', '13', '24', '21', '23', '18']",0.292261577,0.002787125,"[0.29, 0.297569464, 0.294, 0.29, 0.292, 0.29]","['12', '11', '2', '13', '24', '18']"
C4H10S2,"3,4-dithiahexane",CCSSCC,122.255,642.0083333,0.0186339,"[642.0, 642.0, 642.05, 642.0, 642.0, 642.0]","['12', '14', '19', '21', '18', '4']",36.14,0.0,[36.14],['12'],,,,,,,,
C6H15Al,triethyl aluminum,CC[Al](CC)CC,114.167,678.15,0.0,[678.15],['12'],37.71,0.0,[37.71],['12'],,,,,,,,
C4H10O,(R)-(-)-2-butanol,CC[C@@H](C)O,74.123,538.22,0.0,"[538.22, 538.22]","['12', '18']",42.19,0.0,"[42.19, 42.19]","['12', '18']",272.395,0.015,"[272.38, 272.41]","['12', '18']",0.593,0.0,"[0.593, 0.593]","['12', '18']"
C9H18,1-trans-methyl-2-ethylcyclohexane,CC[C@@H]1CCCC[C@H]1C,126.1408506,612.15,0.0,[612.15],['9'],26.95245,0.0,[26.95245],['9'],469.0,0.0,[469.0],['9'],,,,
C4H10O,(S)-(+)-2-butanol,CC[C@H](C)O,74.123,538.22,0.0,"[538.22, 538.22]","['12', '18']",42.19,0.0,"[42.19, 42.19]","['12', '18']",272.395,0.015,"[272.38, 272.41]","['12', '18']",0.593,0.0,"[0.593, 0.593]","['12', '18']"
C9H18,1-cis-methyl-3-ethylcyclohexane,CC[C@H]1CCC[C@@H](C)C1,126.1408506,612.15,0.0,[612.15],['9'],26.95245,0.0,[26.95245],['9'],469.0,0.0,[469.0],['9'],,,,
C2H5NO2,Nitroethane,CC[N+](=O)[O-],75.0320284,557.15,0.0,[557.15],['19'],37.5,0.0,[37.5],['19'],,,,,,,,
C8H20Si,tetraethylsilane,CC[Si](CC)(CC)CC,144.332,605.25,1.060660172,"[606.0, 606.0, 603.75]","['12', '11', '19']",23.83555342,1.614014165,"[22.17, 23.31666025, 26.02]","['12', '11', '19']",587.0,0.0,[587.0],['12'],0.388276692,0.0,[0.388276692],['11']
C12H30OSi2,"disiloxane, hexaethyl-",CC[Si](CC)(CC)O[Si](CC)(CC)CC,246.1835186,692.95,0.0,[692.95],['11'],,,,,,,,,,,,
C4H10Cl2Si,dichlorodiethylsilane,CC[Si](Cl)(Cl)CC,155.9928822,595.71,0.0,[595.71],['11'],30.61202467,0.0,[30.61202467],['11'],,,,,0.328549446,0.0,[0.328549446],['11']
C2H5Cl3Si,ethyl silicon trichloride,CC[Si](Cl)(Cl)Cl,161.9226097,559.91,0.0,[559.91],['11'],33.32797619,0.0,[33.32797619],['11'],,,,,0.27572413,0.0,[0.27572413],['11']
C10H14,"1,3-Dimethyl-2-ethylbenzene",CCc1c(C)cccc1C,134.1095504,665.1,0.0,[665.1],['17'],29.3,0.0,[29.3],['17'],,,,,,,,
C10H14,"3,5-Dimethyl 1-ethylbenzene",CCc1cc(C)cc(C)c1,134.1095504,649.1,0.0,[649.1],['17'],28.0,0.0,[28.0],['17'],,,,,,,,
C10H14,"1,4-Dimethyl-2-ethylbenzene",CCc1cc(C)ccc1C,134.1095504,662.6,0.0,[662.6],['17'],29.0,0.0,[29.0],['17'],,,,,,,,
C12H18,"1,3,5-triethylbenzene",CCc1cc(CC)cc(CC)c1,162.1408506,679.0,0.0,"[679.0, 679.0, 679.0, 679.0]","['11', '22', '21', '23']",23.81948357,0.473681583,"[23.9084507, 24.35, 23.2]","['11', '21', '23']",624.3233333,0.494929849,"[624.14, 625.0, 623.83]","['22', '21', '23']",0.518557371,0.0,[0.518557371],['11']
C10H14,"1,2-Dimethyl-4-ethylbenzene",CCc1ccc(C)c(C)c1,134.1095504,662.6,0.0,[662.6],['17'],29.0,0.0,[29.0],['17'],,,,,,,,
C9H12,p-ethyltoluene,CCc1ccc(C)cc1,120.194,640.06,0.430327571,"[640.2, 640.2, 640.2, 640.2, 640.2, 638.7, 640.15, 640.2, 640.21, 640.2, 640.2]","['12', '9', '11', '14', '16', '17', '19', '22', '21', '23', '18']",31.86148148,0.91425894,"[32.3, 32.3, 32.33333333, 31.4, 29.4, 32.3, 32.12, 32.3, 32.3]","['12', '9', '11', '17', '19', '22', '21', '23', '18']",456.5075,13.65989271,"[470.0, 470.0, 440.0, 446.03]","['9', '19', '22', '23']",0.366440416,0.000791371,"[0.367, 0.365321248, 0.367]","['12', '11', '18']"
C10H14,"1,3-Dimethyl-4-ethylbenzene",CCc1ccc(C)cc1C,134.1095504,662.6,0.0,[662.6],['17'],29.0,0.0,[29.0],['17'],,,,,,,,
C10H14,p-diethylbenzene,CCc1ccc(CC)cc1,134.221,657.9034545,0.015191886,"[657.9, 657.9, 657.901, 657.9, 657.9, 657.9, 657.95, 657.9, 657.887, 657.9, 657.9]","['12', '9', '11', '14', '16', '17', '19', '22', '21', '23', '18']",27.66838743,1.071056139,"[28.03, 28.07, 24.64048689, 28.1, 28.1, 28.03, 28.015, 28.0, 28.03]","['12', '9', '11', '17', '19', '22', '21', '23', '18']",483.6425,6.023779441,"[480.0, 480.0, 480.5, 494.07]","['9', '19', '22', '23']",0.384907329,0.025586901,"[0.403, 0.348721986, 0.403]","['12', '11', '18']"
C8H11N,4-Ethyl aminobenzene,CCc1ccc(N)cc1,121.0891494,715.0,0.0,[715.0],['17'],38.5,0.0,[38.5],['17'],,,,,,,,
C8H10O,p-ethylphenol,CCc1ccc(O)cc1,122.167,716.4277778,0.034246744,"[716.45, 716.5, 716.4, 716.4, 716.45, 716.4, 716.4, 716.45, 716.4]","['12', '11', '14', '17', '19', '22', '24', '18', '3']",40.975,0.475,"[41.45, 40.5]","['12', '17']",,,,,,,,
C8H9NO2,1-Ethyl-4-nitrobenzene,CCc1ccc([N+](=O)[O-])cc1,151.0633285,740.0,0.0,[740.0],['17'],30.0,0.0,[30.0],['17'],,,,,,,,
C12H12,2-ethylnaphthalene,CCc1ccc2ccccc2c1,156.0939004,771.0125,4.909986634,"[763.0, 774.9, 775.15, 771.0]","['11', '17', '19', '13']",30.63786765,1.498271197,"[28.05147059, 31.4, 31.4, 31.7]","['11', '17', '19', '13']",520.915,0.085,"[521.0, 520.83]","['19', '13']",0.419468319,0.001531681,"[0.417936637, 0.421]","['11', '13']"
C9H12,m-ethyltoluene,CCc1cccc(C)c1,120.0939004,638.69,3.205370493,"[637.1, 637.0, 637.1, 645.1, 637.15]","['9', '14', '16', '17', '19']",29.39,1.421337398,"[28.37, 31.4, 28.4]","['9', '17', '19']",490.0,0.0,"[490.0, 490.0]","['9', '19']",,,,
C10H14,"1,2-Dimethyl-3-ethylbenzene",CCc1cccc(C)c1C,134.1095504,665.1,0.0,[665.1],['17'],29.3,0.0,[29.3],['17'],,,,,,,,
C10H14,"1,3-Diethylbenzene",CCc1cccc(CC)c1,134.1095504,663.6,0.0,[663.6],['17'],29.3,0.0,[29.3],['17'],,,,,,,,
C8H10O,m-ethylphenol,CCc1cccc(O)c1,122.167,717.11,1.114405671,"[716.45, 716.5, 718.8, 716.4, 716.45, 718.8, 716.45, 716.0, 718.8, 716.45]","['12', '11', '14', '17', '19', '22', '21', '23', '24', '18']",40.67333333,1.93565378,"[42.52, 41.5, 38.0]","['12', '17', '23']",392.93,0.0,[392.93],['23'],,,,
C12H12,1-Ethyl-naphthalene,CCc1cccc2ccccc12,156.0939004,775.45,0.55,"[774.9, 776.0]","['17', '13']",32.3,0.9,"[31.4, 33.2]","['17', '13']",520.83,0.0,[520.83],['13'],0.407,0.0,[0.407],['13']
C8H10,ethylbenzene,CCc1ccccc1,106.167,617.2107692,0.203108972,"[617.15, 617.12, 617.15, 617.12, 617.2, 617.2, 617.9, 617.15, 617.15, 617.2, 617.05, 617.2, 617.15]","['12', '1', '9', '11', '14', '16', '17', '19', '22', '2', '13', '24', '18']",36.19715165,0.354489079,"[36.09, 36.224, 36.09, 36.10366817, 37.3, 36.09, 36.09, 36.0, 36.13, 35.961, 36.09]","['12', '1', '9', '11', '17', '19', '22', '2', '13', '24', '18']",373.2808224,2.846782495,"[374.0, 364.8282243, 374.0, 374.0, 374.0, 374.0, 374.95, 375.09, 373.97, 373.97]","['12', '1', '9', '16', '19', '22', '2', '13', '24', '18']",0.303352697,0.001273302,"[0.304, 0.305, 0.30346888, 0.301, 0.304, 0.302, 0.304]","['12', '1', '11', '2', '13', '24', '18']"
C9H12,o-ethyltoluene,CCc1ccccc1C,120.0939004,651.1416667,0.169353345,"[651.1, 651.0, 651.1, 651.5, 651.15, 651.0]","['9', '14', '16', '17', '19', '24']",30.6475,0.434475258,"[30.4, 31.4, 30.4, 30.39]","['9', '17', '19', '24']",459.9933333,0.00942809,"[460.0, 460.0, 459.98]","['9', '19', '24']",0.294,0.0,[0.294],['24']
C10H14,"1,2-Diethylbenzene",CCc1ccccc1CC,134.1095504,669.6,0.0,[669.6],['17'],29.9,0.0,[29.9],['17'],,,,,,,,
C8H10O,o-ethylphenol,CCc1ccccc1O,122.167,703.0,0.02236068,"[703.0, 703.0, 703.0, 703.0, 703.05, 703.0, 702.95, 703.0, 703.0, 703.0]","['12', '11', '14', '17', '19', '22', '21', '23', '24', '18']",39.535,2.535,"[42.07, 37.0]","['12', '23']",388.05,0.0,[388.05],['23'],,,,
C8H9NO2,1-Ethyl-2-nitrobenzene,CCc1ccccc1[N+](=O)[O-],151.0633285,720.0,0.0,[720.0],['17'],33.5,0.0,[33.5],['17'],,,,,,,,
CH3Cl,methyl chloride,CCl,50.487,416.2467583,0.029427749,"[416.25, 416.3, 416.2351, 416.236, 416.2, 416.25, 416.2, 416.25, 416.25, 416.24, 416.3, 416.25]","['12', '1', '7', '11', '14', '19', '22', '2', '13', '23', '24', '18']",66.81169857,0.869598559,"[66.8, 66.899, 64.4883, 66.82228287, 66.79, 66.8, 66.9, 66.8, 68.6841, 67.2, 66.7567, 66.8]","['12', '1', '7', '11', '19', '22', '2', '13', '21', '23', '24', '18']",140.4800224,2.490773703,"[143.0, 139.0002242, 139.0, 143.0, 142.01, 143.04, 137.75, 136.0, 139.0, 143.0]","['12', '1', '19', '22', '2', '13', '21', '23', '24', '18']",0.153315257,0.001714971,"[0.153, 0.15, 0.156206802, 0.154, 0.154, 0.153, 0.153]","['12', '1', '11', '2', '13', '24', '18']"
CH3F,methyl fluoride,CF,34.033,317.1041538,0.911638073,"[317.42, 317.28, 317.454, 317.46, 315.0, 317.85, 315.0, 317.42, 317.8, 317.28, 317.55, 317.42, 317.42]","['12', '1', '7', '11', '14', '19', '22', '2', '24', '13', '21', '23', '18']",58.54144491,0.927737289,"[58.75, 58.97, 58.8102, 58.78888889, 58.8, 55.48, 58.8, 58.754, 59.06, 58.73425, 58.8, 58.75]","['12', '1', '7', '11', '19', '22', '2', '24', '13', '21', '23', '18']",112.5976882,4.45128269,"[113.0, 107.5268817, 124.0, 113.3, 112.99, 112.99, 106.68, 110.1, 112.4, 112.99]","['12', '1', '19', '22', '2', '24', '13', '21', '23', '18']",0.196312434,0.004320485,"[0.198, 0.2004, 0.196474604, 0.198, 0.187, 0.198]","['12', '1', '11', '2', '24', '18']"
CH3I,iodomethane,CI,141.9279481,528.05,0.070710678,"[528.0, 528.15, 528.0]","['14', '19', '24']",65.8725,0.0275,"[65.9, 65.845]","['19', '24']",190.005,0.005,"[190.0, 190.01]","['19', '24']",0.172,0.0,[0.172],['24']
CH5N,methylamine,CN,31.058,430.3066364,0.304571912,"[430.05, 430.59, 430.0, 430.75, 430.0, 430.05, 430.05, 430.533, 430.6, 430.7, 430.05]","['12', '11', '14', '19', '22', '2', '13', '21', '23', '24', '18']",75.22303717,0.824795121,"[74.6, 76.07597173, 76.14, 74.2, 74.1, 74.6, 75.7384, 76.1, 76.076, 74.6]","['12', '11', '19', '22', '2', '13', '21', '23', '24', '18']",145.348,6.96817164,"[140.0, 153.99, 153.75, 139.0, 140.0]","['19', '2', '13', '23', '24']",0.281313773,0.004459269,"[0.281, 0.289882635, 0.279, 0.282, 0.275, 0.281]","['12', '11', '2', '13', '24', '18']"
C3H9N,trimethylamine,CN(C)C,59.111,433.1133636,0.186777589,"[433.25, 432.96, 433.3, 432.79, 433.3, 433.25, 433.25, 433.097, 433.0, 432.8, 433.25]","['12', '11', '14', '19', '22', '2', '13', '21', '23', '24', '18']",40.85713206,0.103452596,"[40.73, 40.88385269, 41.0, 40.87, 40.75, 41.0, 41.02, 40.8206, 40.8, 40.824, 40.73]","['12', '11', '17', '19', '22', '2', '13', '21', '23', '24', '18']",253.96,0.105830052,"[254.0, 254.0, 254.0, 254.0, 253.68, 254.0, 254.0, 254.0]","['12', '19', '22', '2', '13', '23', '24', '18']",0.207302568,0.00209058,"[0.209, 0.20481541, 0.21, 0.206, 0.205, 0.209]","['12', '11', '2', '13', '24', '18']"
C10H24N4,Tetrakis(dimethylamino)ethylene,CN(C)C(=C(N(C)C)N(C)C)N(C)C,200.326,680.0,0.0,[680.0],['22'],,,,,646.21,0.0,[646.21],['22'],,,,
C3H7NO,"N,N-dimethylformamide",CN(C)C=O,73.095,649.65625,0.130952043,"[649.6, 649.6, 650.0, 649.65, 649.6, 649.6, 649.6, 649.6]","['12', '11', '17', '19', '2', '21', '23', '18']",49.09342605,5.275811857,"[55.59, 44.07055631, 55.0, 52.2, 43.7, 44.0]","['12', '11', '17', '19', '2', '23']",261.925,0.095699181,"[261.8, 262.0, 261.99, 261.78, 261.99, 261.99]","['12', '19', '2', '21', '23', '18']",0.319029001,0.007029,"[0.326058001, 0.312]","['11', '2']"
C2H8N2,"1,1-dimethylhydrazine",CN(C)N,60.06874826,523.075,0.075,"[523.0, 523.15]","['14', '19']",54.3,0.0,[54.3],['19'],230.0,0.0,[230.0],['19'],,,,
C8H11N,"N,N-dimethylaniline",CN(C)c1ccccc1,121.182,687.32875,0.359215726,"[687.15, 688.13, 687.0, 687.15, 687.15, 687.2, 687.7, 687.15]","['12', '11', '14', '19', '2', '13', '23', '18']",36.29092003,0.022241286,"[36.3, 36.23644023, 36.3, 36.3, 36.3, 36.3, 36.3]","['12', '11', '19', '2', '13', '23', '18']",445.3833333,27.14241249,"[464.9, 464.25, 407.0]","['2', '13', '23']",0.400738991,0.003046735,"[0.402, 0.394694954, 0.403, 0.402, 0.402]","['12', '11', '2', '13', '18']"
C5H13NO2,N-methyldiethanolamine,CN(CCO)CCO,119.0946287,741.95,0.05,"[741.9, 742.0]","['11', '23']",41.83988764,0.16011236,"[41.67977528, 42.0]","['11', '23']",404.04,0.0,[404.04],['23'],0.605548319,0.0,[0.605548319],['11']
C5H11N,1-methylpyrrolidine,CN1CCCC1,85.15,548.6,0.0,[548.6],['10'],40.0,0.0,[40.0],['10'],301.93,0.0,[301.93],['10'],,,,
C5H9NO,N-methyl-2-pyrrolidone,CN1CCCC1=O,99.133,721.7066667,0.087876176,"[721.6, 721.74, 721.85, 721.75, 721.7, 721.6]","['12', '11', '19', '21', '23', '18']",45.18708543,0.107244188,"[45.2, 45.33542714, 45.2, 45.0, 45.2]","['12', '11', '21', '23', '18']",314.314,7.867171283,"[310.0, 311.0, 310.56, 330.03, 309.98]","['12', '19', '21', '23', '18']",0.373905968,0.001281232,"[0.373, 0.375717904, 0.373]","['12', '11', '18']"
C5H12N2,N-methyl piperazine,CN1CCNCC1,100.1000484,629.7,0.0,[629.7],['14'],,,,,,,,,,,,
C2H3NO,methyl isocyanate,CN=C=O,57.02146372,491.05,0.070710678,"[491.0, 491.15, 491.0]","['14', '19', '24']",55.7075,0.0075,"[55.7, 55.715]","['19', '24']",,,,,0.278,0.0,[0.278],['24']
C2H7N,dimethylamine,CNC,45.085,437.2915455,0.137034411,"[437.2, 437.48, 437.2, 437.22, 437.2, 437.2, 437.25, 437.557, 437.5, 437.2, 437.2]","['12', '11', '14', '19', '22', '2', '13', '21', '23', '24', '18']",53.70115127,1.234107186,"[57.12, 53.41636142, 53.4, 53.4, 52.6, 53.4, 53.189, 53.4, 53.385]","['12', '11', '19', '22', '2', '13', '21', '23', '24']",183.7283333,3.623117519,"[187.0, 180.0, 179.99, 180.38, 188.01, 186.99]","['19', '22', '2', '13', '23', '24']",0.296784072,0.003536041,"[0.294136288, 0.293, 0.298, 0.302]","['11', '2', '13', '24']"
C3H7NO,Methyl acetamide,CNC(C)=O,73.05276384,704.075,13.925,"[690.15, 718.0]","['19', '2']",50.0,0.0,[50.0],['2'],267.02,0.0,[267.02],['2'],0.437,0.0,[0.437],['2']
C4H11N,Isopropylmethylamine,CNC(C)C,73.08914935,490.725,0.025,"[490.75, 490.7]","['19', '21']",,,,,,,,,,,,
C3H9NO,2-(methylamino)ethanol,CNCCO,75.111,630.0,0.0,[630.0],['21'],53.0,0.0,[53.0],['21'],259.07,0.0,[259.07],['21'],,,,
CH6N2,methyl hydrazine,CNN,46.05309819,567.0833333,0.062360956,"[567.0, 567.1, 567.15]","['14', '17', '19']",80.35,0.0,[80.35],['19'],271.0,0.0,[271.0],['19'],,,,
C7H9N,N-methylaniline,CNc1ccccc1,107.155,701.47,0.311608729,"[701.55, 701.8, 701.0, 701.6, 701.15, 701.55, 701.5, 702.0, 701.0, 701.55]","['12', '11', '14', '17', '19', '2', '13', '23', '24', '18']",51.98296667,0.03142872,"[52.0, 52.0, 52.0, 51.9, 52.0, 51.9797, 52.0, 51.967, 52.0]","['12', '17', '19', '2', '13', '21', '23', '24', '18']",366.5975,11.32740565,"[373.0, 373.0, 373.41, 346.98]","['19', '2', '13', '23']",0.476,0.002,"[0.475, 0.48, 0.475, 0.475, 0.475]","['12', '2', '13', '24', '18']"
CH4O,methyl alcohol,CO,32.042,512.7426364,0.317109752,"[512.64, 513.38, 512.679, 512.68, 512.3, 512.55, 512.64, 512.64, 513.38, 512.64, 512.64]","['12', '1', '7', '11', '14', '19', '22', '2', '13', '24', '18']",81.12854989,0.580708231,"[80.97, 82.1585, 80.5587, 80.31959893, 80.84, 80.97, 81.4, 82.16, 80.9387, 80.97]","['12', '1', '7', '11', '19', '22', '2', '13', '24', '18']",116.8035238,1.807489811,"[118.0, 113.82819, 118.0, 118.0, 117.0, 113.62, 117.99, 117.99]","['12', '1', '19', '22', '2', '13', '24', '18']",0.56224197,0.003026137,"[0.564, 0.5625, 0.560193789, 0.566, 0.563, 0.556, 0.564]","['12', '1', '11', '2', '13', '24', '18']"
C2H6O,dimethyl ether,COC,46.069,400.1301818,0.101971313,"[400.1, 400.378, 400.054, 400.05, 400.1, 400.05, 400.1, 400.1, 400.3, 400.1, 400.1]","['12', '1', '7', '11', '14', '19', '22', '2', '13', '23', '18']",53.382209,0.378049738,"[53.7, 53.368, 53.0166, 53.12749004, 53.7, 54.0, 52.7, 53.41, 53.1, 53.7]","['12', '1', '7', '11', '19', '22', '2', '13', '23', '18']",173.6200187,7.842373685,"[170.0, 168.3501684, 190.0, 170.0, 171.0, 166.31, 185.91, 171.0, 170.01]","['12', '1', '19', '22', '2', '13', '21', '23', '18']",0.195537713,0.004324764,"[0.2, 0.196, 0.197226275, 0.192, 0.188, 0.2]","['12', '1', '11', '2', '13', '18']"
C4H6O4,dimethyl ethanedioate,COC(=O)C(=O)OC,118.0266087,629.3583333,1.868693096,"[632.0, 628.0, 628.15, 628.0, 632.0, 628.0]","['11', '14', '19', '21', '23', '24']",39.9647441,0.290698742,"[40.51282051, 39.7, 39.8, 40.0, 39.8109]","['11', '19', '21', '23', '24']",314.96,0.0,[314.96],['23'],0.54456619,0.01143381,"[0.53313238, 0.556]","['11', '24']"
C5H10O2,methyl isobutanoate,COC(=O)C(C)C,102.133,540.9563,0.594566405,"[540.7, 540.78, 540.8, 540.7, 540.85, 540.8, 542.733, 540.7, 540.8, 540.7]","['12', '11', '14', '17', '19', '22', '21', '23', '24', '18']",34.31663912,0.019332439,"[34.32, 34.3570521, 34.3, 34.3, 34.3, 34.312, 34.3, 34.3407, 34.32]","['12', '11', '17', '19', '22', '21', '23', '24', '18']",339.2371429,0.704287163,"[339.0, 339.0, 339.0, 338.75, 340.95, 338.98, 338.98]","['12', '19', '22', '21', '23', '24', '18']",0.363202644,0.000847293,"[0.364, 0.362810578, 0.362, 0.364]","['12', '11', '24', '18']"
C6H4F8O2,"2,2,3,3,4,4,5,5-octafluoropentanoic acid methyl ester",COC(=O)C(F)(F)C(F)(F)C(F)(F)C(F)F,260.08,559.0,0.0,[559.0],['8'],23.2,0.0,[23.2],['8'],502.01,0.0,[502.01],['8'],,,,
C5H8O4,"dimethyl 1,3-propanedioate",COC(=O)CC(=O)OC,132.0422587,646.5,0.5,"[647.0, 646.0]","['11', '10']",35.53574561,0.064254385,"[35.47149123, 35.6]","['11', '10']",377.5,0.0,[377.5],['10'],0.560667306,0.0,[0.560667306],['11']
C6H12O2,methyl 3-methylbutanoate,COC(=O)CC(C)C,116.0837296,567.0,0.0,[567.0],['17'],32.2,0.0,[32.2],['17'],,,,,,,,
C6H10O4,"dimethyl 1,4-butanedioate",COC(=O)CCC(=O)OC,146.0579088,662.0,0.0,"[662.0, 662.0]","['11', '23']",34.82984293,0.17015707,"[34.65968586, 35.0]","['11', '23']",426.08,0.0,[426.08],['23'],0.602059991,0.0,[0.602059991],['11']
C7H12O4,dimethyl pentanedioate,COC(=O)CCCC(=O)OC,160.0735589,682.0,0.0,"[682.0, 682.0]","['11', '10']",27.82540984,0.125409835,"[27.95081967, 27.7]","['11', '10']",,,,,0.543633967,0.0,[0.543633967],['11']
C8H14O4,"dimethyl 1,6-hexanedioate",COC(=O)CCCCC(=O)OC,174.0892089,692.0,0.0,"[692.0, 692.0]","['11', '10']",24.94604317,0.053956835,"[24.89208633, 25.0]","['11', '10']",,,,,0.585026652,0.0,[0.585026652],['11']
C9H16O4,"dimethyl 1,7-heptanedioate",COC(=O)CCCCCC(=O)OC,188.104859,711.0,0.0,"[711.0, 711.0]","['11', '10']",23.86013514,0.160135135,"[24.02027027, 23.7]","['11', '10']",,,,,,,,
C10H18O4,"1,8-octanedioic acid, dimethyl ester",COC(=O)CCCCCCC(=O)OC,202.1205091,723.0,0.0,"[723.0, 723.0]","['11', '10']",23.01273886,0.012738855,"[23.02547771, 23.0]","['11', '10']",,,,,,,,
C12H22O4,"decandioic acid, dimethyl ester",COC(=O)CCCCCCCCC(=O)OC,230.1518092,742.0,0.0,"[742.0, 742.0]","['11', '10']",20.82134832,0.021348315,"[20.84269663, 20.8]","['11', '10']",,,,,0.785156152,0.0,[0.785156152],['11']
C3H6O3,Dimethyl ester carbonic acid,COC(=O)OC,90.0779,557.0,0.0,"[557.0, 557.0, 557.0, 557.0, 557.0, 557.0]","['1', '11', '14', '22', '21', '23']",48.36266667,0.512888119,"[49.088, 48.0, 48.0]","['1', '21', '23']",253.01,3.174723085,"[250.0, 251.63, 257.4]","['1', '22', '21']",0.346,0.0,[0.346],['1']
C10H10O4,"dimethyl benzene-1,3-dicarboxylate",COC(=O)c1cccc(C(=O)OC)c1,194.186,766.0,0.0,[766.0],['21'],26.5,0.0,[26.5],['21'],567.86,0.0,[567.86],['21'],,,,
C8H8O2,methyl benzoate,COC(=O)c1ccccc1,136.0524295,698.8666667,6.903119263,"[702.0, 692.0, 711.15, 693.0, 693.05, 702.0]","['11', '14', '19', '2', '13', '23']",37.16095667,1.401028503,"[39.50478334, 36.5, 35.9, 35.9, 38.0]","['11', '19', '2', '13', '23']",419.055,17.57529729,"[396.0, 435.92, 436.3, 408.0]","['19', '2', '13', '23']",0.410951876,0.010264118,"[0.396855627, 0.421, 0.415]","['11', '2', '13']"
C10H10O4,"dimethyl 1,2-benzenedicarboxylate",COC(=O)c1ccccc1C(=O)OC,194.0579088,772.0,0.0,"[772.0, 772.0, 772.0]","['11', '14', '23']",27.49279887,0.107201135,"[27.38559773, 27.6]","['11', '23']",557.1,0.0,[557.1],['23'],0.586700236,0.0,[0.586700236],['11']
C8H8O3,methyl salicylate,COC(=O)c1ccccc1O,152.15,709.0214286,0.052489066,"[709.0, 709.0, 709.15, 709.0, 709.0, 709.0, 709.0]","['12', '11', '19', '13', '21', '23', '18']",39.74,4.036070696,"[34.32, 40.9, 44.0]","['12', '13', '23']",423.045,12.875,"[410.17, 435.92]","['13', '23']",0.581,0.0,[0.581],['13']
C5H3F9O,"1,1,1,3,3,3-hexafluoro-2-methoxy-2-(trifluoromethyl)propane",COC(C(F)(F)F)(C(F)(F)F)C(F)(F)F,250.0040187,462.7,0.0,"[462.7, 462.7]","['11', '14']",23.65541922,0.0,[23.65541922],['11'],,,,,0.408935393,0.0,[0.408935393],['11']
C4H4F6O,"1,1,1,3,3,3-Hexafluoro-2-methoxypropane",COC(C(F)(F)F)C(F)(F)F,182.0166341,459.61,0.0,[459.61],['7'],26.9914,0.0,[26.9914],['7'],,,,,,,,
C5H12O,methyl tert-butyl ether,COC(C)(C)C,88.15,496.9338571,0.232368198,"[497.1, 496.97, 496.4, 497.1, 496.867, 497.0, 497.1]","['12', '11', '14', '2', '21', '23', '18']",34.17792582,0.087416836,"[34.3, 34.13255495, 34.1, 34.135, 34.1, 34.3]","['12', '11', '2', '21', '23', '18']",331.98,3.03,"[328.95, 335.01]","['2', '23']",0.265300043,0.00081853,"[0.266, 0.26520017, 0.264, 0.266]","['12', '11', '2', '18']"
C5H12O2,"3,3-dimethyl-2,4-dioxapentane",COC(C)(C)OC,104.0837296,509.9,0.1,"[509.8, 510.0]","['11', '3']",,,,,,,,,,,,
C3H6O2,methyl acetate,COC(C)=O,74.079,506.66,0.135176652,"[506.55, 506.51, 506.8, 506.9, 506.55, 506.8, 506.55, 506.55, 506.7, 506.8, 506.55]","['12', '11', '14', '17', '19', '22', '2', '13', '23', '24', '18']",47.44311501,0.727799959,"[47.5, 47.38166511, 46.9, 47.5, 46.9, 46.9, 47.5, 49.5906, 47.3, 46.902, 47.5]","['12', '11', '17', '19', '22', '2', '13', '21', '23', '24', '18']",228.1633333,0.669411018,"[228.0, 228.0, 228.0, 228.99, 227.95, 229.52, 227.01, 228.0, 228.0]","['12', '19', '22', '2', '13', '21', '23', '24', '18']",0.328509667,0.002490408,"[0.331, 0.326058001, 0.326, 0.331, 0.326, 0.331]","['12', '11', '2', '13', '24', '18']"
C4H10O,methyl isopropyl ether,COC(C)C,74.123,464.466375,0.033421316,"[464.48, 464.441, 464.44, 464.5, 464.5, 464.49, 464.4, 464.48]","['12', '7', '11', '14', '2', '21', '23', '18']",37.79979456,0.449208704,"[37.62, 37.6199, 37.61866191, 38.9, 37.62, 37.6, 37.62]","['12', '7', '11', '2', '21', '23', '18']",281.52,5.51,"[276.01, 287.03]","['2', '23']",0.269560291,0.006028173,"[0.266, 0.266241164, 0.28, 0.266]","['12', '11', '2', '18']"
C4H10O2,"1,1-Dimethoxyethane",COC(C)OC,90.06807956,506.0,0.0,[506.0],['7'],37.1964,0.0,[37.1964],['7'],,,,,,,,
C3H6Cl2O,"1,2-Dichloroethyl methyl ether",COC(Cl)CCl,127.9795702,607.0,0.0,[607.0],['7'],42.69,0.0,[42.69],['7'],,,,,,,,
C2H4Cl2O,"1,1-Dichloromethyl methyl ether",COC(Cl)Cl,113.9639201,560.0,0.0,[560.0],['7'],47.8605,0.0,[47.8605],['7'],,,,,,,,
C4H3F7O,"1,1,1,2,3,3,3-Heptafluoro-2-methoxypropane",COC(F)(C(F)(F)F)C(F)(F)F,200.0072123,433.289,0.015556349,"[433.267, 433.3, 433.3]","['7', '11', '14']",25.45509259,0.07519259,"[25.3799, 25.53028518]","['7', '11']",,,,,0.388914267,0.0,[0.388914267],['11']
C4H3F7O,perfluoropropyl methyl ether,COC(F)(F)C(F)(F)C(F)(F)F,200.057,437.7018333,0.025822578,"[437.7, 437.7, 437.661, 437.7, 437.7, 437.75]","['12', '1', '7', '11', '14', '15']",24.77933891,0.017069477,"[24.76, 24.782, 24.7767, 24.76799457, 24.81]","['12', '1', '7', '11', '15']",378.7878788,0.0,[378.7878788],['1'],0.403280973,0.000397356,"[0.403, 0.403, 0.403842919]","['12', '1', '11']"
C4H4F6O,"1,1,2,2,3,3-Hexafluoro-1-methoxypropane",COC(F)(F)C(F)(F)C(F)F,182.0166341,486.98,0.0,"[486.98, 486.98]","['7', '11']",29.09157544,0.086375435,"[29.0052, 29.17795087]","['7', '11']",,,,,0.459670525,0.0,[0.459670525],['11']
C3H3F5O,methyl pentafluoroethyl ether,COC(F)(F)C(F)(F)F,150.049,406.8189167,0.015503808,"[406.81, 406.813, 406.8205, 406.82, 406.8, 406.85]","['12', '1', '7', '11', '14', '15']",28.8649221,0.004774804,"[28.86, 28.864, 28.8597, 28.87091051, 28.87]","['12', '1', '7', '11', '15']",300.5056805,0.1151728,"[300.3905077, 300.6208533]","['1', '15']",0.353996197,5.38e-06,"[0.354, 0.354, 0.35398859]","['12', '1', '11']"
C4H4F6O,"1,1,1,2,3,3-Hexafluoro-3-methoxypropane",COC(F)(F)C(F)C(F)(F)F,182.0166341,471.0,0.0,[471.0],['7'],24.6016,0.0,[24.6016],['7'],,,,,,,,
C3H4ClF3O,"2-Chloro-1,1,2-trifluoro-1-methoxyethane",COC(F)(F)C(F)Cl,147.9902771,503.0,0.0,[503.0],['7'],35.7533,0.0,[35.7533],['7'],,,,,,,,
C3H4F4O,"2-Methoxy-1,1,2,2-Tetrafluoroethane",COC(F)(F)C(F)F,132.0198276,450.0,0.0,[450.0],['7'],29.807,0.0,[29.807],['7'],,,,,,,,
C3H5F3O,"1,1,2-Trifluoro-1-methoxyethane",COC(F)(F)CF,114.0292494,471.0,0.0,[471.0],['7'],37.4788,0.0,[37.4788],['7'],,,,,,,,
C2H3F3O,methyl trifluoromethyl ether,COC(F)(F)F,100.041,377.9358571,0.047118175,"[377.92, 377.921, 377.92, 377.92, 377.9, 378.05, 377.92]","['12', '1', '7', '11', '14', '15', '8']",36.28828983,0.184291503,"[36.35, 36.35, 36.4193, 36.38043897, 35.88, 36.35]","['12', '1', '7', '11', '15', '8']",219.9035972,5.775305975,"[215.1397849, 228.0310066, 216.54]","['1', '15', '8']",0.283486248,0.007797623,"[0.289, 0.289, 0.272458743]","['12', '1', '11']"
C2H4F2O,Difluoro(methoxy)methane,COC(F)F,82.02302119,408.0,0.0,[408.0],['7'],36.0555,0.0,[36.0555],['7'],,,,,,,,
C2H4O2,methyl formate,COC=O,60.053,487.735,1.924263929,"[487.2, 487.16, 487.2, 486.7, 487.25, 487.2, 487.2, 487.25, 494.1, 487.16, 487.2, 487.2]","['12', '11', '14', '17', '19', '22', '2', '13', '21', '23', '24', '18']",60.06665861,0.261132352,"[59.98, 60.06164468, 60.0, 59.98, 60.0, 59.8, 60.0, 60.862, 60.1, 59.9696, 59.98]","['12', '11', '17', '19', '22', '2', '13', '21', '23', '24', '18']",172.1055556,0.322804072,"[172.0, 172.0, 172.0, 173.01, 172.06, 171.88, 172.0, 172.0, 172.0]","['12', '19', '22', '2', '13', '21', '23', '24', '18']",0.254496137,0.001262932,"[0.254, 0.252976823, 0.254, 0.255, 0.257, 0.254]","['12', '11', '2', '13', '24', '18']"
C5H12O,1-methoxy-2-methylpropane,COCC(C)C,88.15,497.0,0.0,[497.0],['2'],34.1,0.0,[34.1],['2'],331.02,0.0,[331.02],['2'],0.31,0.0,[0.31],['2']
C4H10O2,1-Methoxy-2-propanol,COCC(C)O,90.06807956,579.8,0.0,"[579.8, 579.8, 579.8, 579.8]","['7', '11', '21', '23']",41.12014185,0.012249913,"[41.13, 41.12056738, 41.13, 41.1]","['7', '11', '21', '23']",304.04,0.0,[304.04],['23'],0.440931666,0.0,[0.440931666],['11']
C5H12O2,"1,2-dimethoxypropane",COCC(C)OC,104.0837296,543.0,0.0,"[543.0, 543.0]","['11', '3']",,,,,,,,,,,,
C6H12O3,propylene glycol monomethyl ether acetate,COCC(C)OC(C)=O,132.159,597.9,0.063245553,"[597.9, 597.8, 597.9, 598.0, 597.9]","['12', '11', '21', '23', '18']",30.51568586,0.525824904,"[30.09, 31.29842932, 30.1, 31.0, 30.09]","['12', '11', '21', '23', '18']",431.97,0.0,[431.97],['23'],0.486980246,0.008457345,"[0.481, 0.498940738, 0.481]","['12', '11', '18']"
C3H6Cl2O,"2,2-Dichloroethyl methyl ether",COCC(Cl)Cl,127.9795702,579.0,0.0,[579.0],['7'],40.4744,0.0,[40.4744],['7'],,,,,,,,
C6H6F8O,"1,1,2,2,3,3,4,4-octafluoro-5-methoxypentane",COCC(F)(F)C(F)(F)C(F)(F)C(F)F,246.0290906,546.1,0.0,[546.1],['11'],23.92028033,0.0,[23.92028033],['11'],,,,,0.517126416,0.0,[0.517126416],['11']
C5H5F7O,"1,1,1,2,2,3,3-heptafluoro-4-methoxybutane",COCC(F)(F)C(F)(F)C(F)(F)F,214.0228623,481.54,0.0,[481.54],['11'],23.81503462,0.0,[23.81503462],['11'],,,,,0.468521083,0.0,[0.468521083],['11']
C4H5F5O,"1,1,1,2,2-Pentafluoro-3-methoxypropane",COCC(F)(F)C(F)(F)F,164.0260559,467.0,0.0,[467.0],['7'],27.4897,0.0,[27.4897],['7'],,,,,,,,
C4H6F4O,"1,1,2,2-Tetrafluoro-3-methoxypropane",COCC(F)(F)C(F)F,146.0354777,505.35,0.0,"[505.35, 505.35]","['7', '11']",32.77572418,0.00547582,"[32.7812, 32.77024836]","['7', '11']",,,,,0.418733195,0.0,[0.418733195],['11']
C3H5F3O,"2,2,2-Trifluoroethyl methyl ether",COCC(F)(F)F,114.0292494,448.994,0.00993311,"[449.002, 448.98, 449.0]","['7', '11', '14']",35.1232777,0.0081777,"[35.1151, 35.1314554]","['7', '11']",,,,,,,,
C3H6F2O,"1,1-Difluoro-2-methoxyethane",COCC(F)F,96.03867125,485.0,0.0,[485.0],['7'],38.6692,0.0,[38.6692],['7'],,,,,,,,
C3H7ClO,1-Chloro-2-methoxyethane,COCCCl,94.01854252,539.0,0.0,[539.0],['7'],44.6917,0.0,[44.6917],['7'],,,,,,,,
C3H8O2,1-Hydroxy-2-methoxyethane,COCCO,76.0524295,594.375,5.81909572,"[597.6, 597.6, 584.3, 598.0]","['7', '11', '21', '23']",50.72859907,3.639433273,"[52.8512, 52.83819629, 44.425, 52.8]","['7', '11', '21', '23']",259.225,3.795,"[255.43, 263.02]","['21', '23']",0.451487744,0.0,[0.451487744],['11']
C4H10O2,"1,2-dimethoxyethane",COCCOC,90.122,537.185,1.264327885,"[536.15, 539.0, 539.0, 536.0, 536.15, 537.0, 536.0, 537.4, 539.0, 536.15]","['12', '7', '11', '14', '19', '22', '24', '21', '23', '18']",38.87649638,0.175937559,"[38.71, 39.0704, 39.05797101, 38.7, 38.6966, 38.967, 39.1, 38.71]","['12', '7', '11', '19', '24', '21', '23', '18']",280.94,16.07518318,"[270.64, 271.0, 270.64, 271.0, 307.69, 304.97, 270.64]","['12', '19', '22', '24', '21', '23', '18']",0.344789506,0.005937813,"[0.346, 0.335358024, 0.3518, 0.346]","['12', '11', '24', '18']"
C7H16O2,"1-(1,1-dimethylethoxy)-2-methoxyethane",COCCOC(C)(C)C,132.1150298,574.2,0.2,"[574.4, 574.0]","['11', '3']",,,,,,,,,,,,
C5H10O3,2-methoxyethyl ethanoate,COCCOC(C)=O,118.0629942,603.0,0.0,[603.0],['11'],,,,,,,,,,,,
C5H12O3,2-(2-methoxyethoxy)ethanol,COCCOCCO,120.0786442,672.0,0.0,"[672.0, 672.0, 672.0]","['11', '21', '23']",36.80710383,0.136675394,"[36.72131148, 36.7, 37.0]","['11', '21', '23']",377.93,0.0,[377.93],['23'],0.527243551,0.0,[0.527243551],['11']
C6H14O3,"2,5,8-trioxanonane",COCCOCCOC,134.0942943,617.0,0.0,"[617.0, 617.0]","['11', '3']",,,,,,,,,,,,
C2H5ClO,Chloromethyl methyl ether,COCCl,80.00289246,523.3,0.0,[523.3],['7'],54.8789,0.0,[54.8789],['7'],,,,,,,,
C2H5FO,Fluoromethoxy methane,COCF,64.032443,433.0,0.0,[433.0],['7'],54.5516,0.0,[54.5516],['7'],,,,,,,,
C3H8O2,methylal,COCOC,76.095,487.8277778,10.33728718,"[480.6, 488.2, 488.0, 480.6, 515.25, 488.6, 488.0, 480.6, 480.6]","['12', '7', '11', '14', '19', '21', '23', '24', '18']",40.24786141,1.727594254,"[39.52, 39.5897, 39.54619125, 44.8, 39.5, 40.0, 39.507, 39.52]","['12', '7', '11', '19', '21', '23', '24', '18']",222.24,18.38021001,"[213.0, 213.22, 259.0, 212.99, 212.99]","['12', '21', '23', '24', '18']",0.288666667,0.001885618,"[0.29, 0.286, 0.29]","['12', '24', '18']"
C9H12O,"2,5-dimethylanisole",COc1cc(C)ccc1C,136.088815,677.3,0.0,[677.3],['11'],,,,,,,,,,,,
C8H10O,1-methoxy-4-methylbenzene,COc1ccc(C)cc1,122.0731649,666.7,0.0,[666.7],['11'],,,,,,,,,,,,
C9H12O,"1-methoxy-2,4-dimethylbenzene",COc1ccc(C)cc1C,136.088815,682.0,0.0,"[682.0, 682.0]","['11', '3']",,,,,,,,,,,,
C8H10O,1-methoxy-3-methylbenzene,COc1cccc(C)c1,122.0731649,665.3,0.0,[665.3],['11'],,,,,,,,,,,,
C7H8O,anisole,COc1ccccc1,108.14,645.48125,0.740750253,"[645.6, 646.1, 645.6, 643.6, 645.65, 645.6, 646.1, 645.6]","['12', '11', '14', '17', '19', '2', '23', '18']",42.2987436,0.307892424,"[42.5, 42.09120521, 41.8, 42.5, 42.7, 42.0, 42.5]","['12', '11', '17', '19', '2', '23', '18']",342.4894431,7.445372951,"[336.6277722, 337.04, 341.3, 354.99]","['19', '2', '21', '23']",0.34827095,0.004882944,"[0.35, 0.3400838, 0.353, 0.35]","['12', '11', '2', '18']"
C8H10O,1-methoxy-2-methylbenzene,COc1ccccc1C,122.0731649,662.0,0.0,[662.0],['11'],,,,,,,,,,,,
C7H9NO,2-Methoxy benzenamine,COc1ccccc1N,123.0684139,728.0,0.0,[728.0],['17'],58.5,0.0,[58.5],['17'],,,,,,,,
CH4S,methyl mercaptan,CS,48.109,469.9472727,0.041361139,"[469.95, 469.87, 470.0, 469.95, 470.0, 469.95, 469.95, 469.9, 469.9, 470.0, 469.95]","['12', '11', '14', '19', '22', '2', '13', '21', '23', '24', '18']",72.30048513,0.050997829,"[72.3, 72.17665131, 72.3, 72.3, 72.3, 72.3, 72.3, 72.4, 72.3282, 72.3]","['12', '11', '19', '22', '2', '13', '21', '23', '24', '18']",145.3322222,0.941013375,"[145.0, 145.0, 145.0, 144.99, 144.91, 145.12, 147.99, 144.99, 144.99]","['12', '19', '22', '2', '13', '21', '23', '24', '18']",0.15582779,0.003194325,"[0.158, 0.149966742, 0.158, 0.158, 0.153, 0.158]","['12', '11', '2', '13', '24', '18']"
C2H6OS,dimethyl sulfoxide,CS(C)=O,78.01393581,707.0,0.0,[707.0],['14'],,,,,,,,,,,,
C2H6S,dimethyl sulfide,CSC,62.136,502.997,0.068709534,"[503.04, 502.8, 503.0, 503.05, 503.0, 503.04, 503.0, 503.0, 503.0, 503.04]","['12', '11', '14', '19', '22', '2', '13', '21', '23', '18']",55.15030525,0.406961117,"[55.3, 55.25274725, 55.3, 55.3, 55.3, 55.3, 55.3, 54.0, 55.3]","['12', '11', '19', '22', '2', '13', '21', '23', '18']",201.2425,1.033607155,"[201.0, 201.0, 201.0, 200.0, 201.09, 203.83, 201.01, 201.01]","['12', '19', '22', '2', '13', '21', '23', '18']",0.193757805,0.001057838,"[0.194, 0.191789027, 0.194, 0.195, 0.194]","['12', '11', '2', '13', '18']"
C5H12S,tert-Butyl methyl sulfide,CSC(C)(C)C,104.0659714,569.825,0.025,"[569.85, 569.8]","['19', '21']",,,,,,,,,,,,
C4H10S,Isopropyl methyl sulfide,CSC(C)C,90.05032132,549.525,0.025,"[549.55, 549.5]","['19', '21']",,,,,,,,,,,,
C2H6S2,dimethyl disulfide,CSSC,94.202,610.325,3.558294301,"[615.0, 607.8, 605.8, 610.35, 608.0, 615.0]","['12', '11', '19', '21', '23', '18']",51.53231412,0.915073721,"[52.82, 50.77694236, 51.0]","['12', '11', '23']",266.03,0.0,[266.03],['23'],0.230622674,0.0,[0.230622674],['11']
C7H8S,1-phenyl-1-thiaethane,CSc1ccccc1,124.0346713,705.95,0.05,"[705.9, 706.0]","['11', '23']",41.11623832,0.11623832,"[41.23247664, 41.0]","['11', '23']",373.97,0.0,[373.97],['23'],0.344861565,0.0,[0.344861565],['11']
C8H16,"cis-1,2-dimethylcyclohexane",C[C@@H]1CCCC[C@@H]1C,112.215,606.1166667,0.05527708,"[606.15, 606.15, 606.1, 606.15, 606.0, 606.15]","['12', '9', '16', '19', '21', '18']",29.386,0.008246211,"[29.38, 29.384, 29.4, 29.38]","['12', '9', '19', '18']",459.995,0.008660254,"[460.0, 460.0, 460.0, 459.98]","['12', '9', '19', '18']",0.232,0.0,"[0.232, 0.232]","['12', '18']"
C8H16,"trans-1,2-dimethylcyclohexane",C[C@@H]1CCCC[C@H]1C,112.215,596.14,0.02,"[596.15, 596.15, 596.1, 596.15, 596.15]","['12', '9', '16', '19', '18']",29.461,0.137996377,"[29.38, 29.384, 29.7, 29.38]","['12', '9', '19', '18']",459.995,0.008660254,"[460.0, 460.0, 460.0, 459.98]","['12', '9', '19', '18']",0.238,0.0,"[0.238, 0.238]","['12', '18']"
C8H16,"1-trans,3-dimethylcyclohexane",C[C@@H]1CCC[C@@H](C)C1,112.1252005,598.075,0.075,"[598.15, 598.0]","['9', '18']",29.47372755,0.17372755,"[29.6474551, 29.3]","['9', '18']",459.99,0.01,"[460.0, 459.98]","['9', '18']",,,,
C7H14,"cis-1,2-dimethylcyclopentane",C[C@@H]1CCC[C@@H]1C,98.188,565.05,0.141421356,"[565.15, 564.85, 565.15]","['12', '19', '18']",34.43333333,0.023570226,"[34.45, 34.4, 34.45]","['12', '19', '18']",369.32,0.93352379,"[370.0, 368.0, 369.96]","['12', '19', '18']",0.266,0.0,"[0.266, 0.266]","['12', '18']"
C8H16,"cis-1,3-dimethylcyclohexane",C[C@@H]1CCC[C@H](C)C1,112.215,590.24,1.475872623,"[591.15, 591.1, 587.67, 591.1, 591.05, 591.0, 587.7, 591.15]","['12', '9', '11', '16', '19', '21', '23', '18']",29.48091611,0.433355144,"[29.38, 29.38, 30.24549665, 29.7, 28.8, 29.38]","['12', '9', '11', '19', '23', '18']",445.59,8.306286776,"[450.0, 448.9, 450.0, 429.0, 450.05]","['12', '9', '19', '23', '18']",0.264857368,0.039396267,"[0.237, 0.320572103, 0.237]","['12', '11', '18']"
C7H14,"trans-1,2-dimethylcyclopentane",C[C@@H]1CCC[C@H]1C,98.188,552.45,1.212435565,"[553.15, 553.15, 550.35, 553.15]","['12', '9', '19', '18']",34.43775,0.021798796,"[34.45, 34.451, 34.4, 34.45]","['12', '9', '19', '18']",360.4925,0.870441698,"[360.0, 360.0, 362.0, 359.97]","['12', '9', '19', '18']",0.27,0.0,"[0.27, 0.27]","['12', '18']"
C7H14,1-trans-3-dimethylcyclopentane,C[C@@H]1CC[C@@H](C)C1,98.10955045,553.0,0.0,[553.0],['9'],34.0,0.0,[34.0],['9'],373.0,0.0,[373.0],['9'],,,,
C7H14,"cis-1,3-dimethylcyclopentane",C[C@@H]1CC[C@H](C)C1,98.188,557.9916667,15.23489461,"[551.0, 551.0, 592.05, 551.0, 551.9, 551.0]","['12', '9', '19', '22', '21', '18']",34.3,0.212132034,"[34.45, 34.0, 34.45]","['12', '9', '18']",364.0675,5.331807269,"[360.0, 373.0, 363.3, 359.97]","['12', '9', '22', '18']",0.274,0.0,"[0.274, 0.274]","['12', '18']"
C8H16,"1-cis,2-trans,4-trimethylcyclopentane",C[C@@H]1C[C@@H](C)[C@@H](C)C1,112.1252005,579.81,0.0,[579.81],['9'],28.7787157,0.0,[28.7787157],['9'],416.0,0.0,[416.0],['9'],,,,
C9H18,1-cis-2-cis-3-cis-trimethylcyclohexane,C[C@@H]1[C@H](C)CCC[C@@H]1C,126.1408506,612.15,0.0,[612.15],['9'],26.95245,0.0,[26.95245],['9'],469.0,0.0,[469.0],['9'],,,,
C8H16,"trans-1,3-dimethylcyclohexane",C[C@H]1CCC[C@H](C)C1,112.215,598.05,0.070710678,"[598.0, 598.0, 598.15]","['12', '16', '19']",29.5,0.2,"[29.3, 29.7]","['12', '19']",460.0,0.0,"[460.0, 460.0]","['12', '19']",0.234,0.0,[0.234],['12']
C8H16,"cis-1,4-dimethylcyclohexane",C[C@H]1CC[C@@H](C)CC1,112.215,599.78,2.412011609,"[598.0, 603.19, 598.15]","['9', '11', '19']",29.93102564,0.942892752,"[29.38, 29.38, 31.56410256, 29.4]","['12', '9', '11', '19']",463.7666667,5.326871085,"[460.0, 471.3, 460.0]","['12', '9', '19']",0.225483034,0.0,[0.225483034],['11']
C7H14,"trans-1,3-dimethylcyclopentane",C[C@H]1CC[C@H](C)C1,98.188,553.0,0.0,[553.0],['22'],,,,,363.3,0.0,[363.3],['22'],,,,
C8H16,"trans-1,4-dimethylcyclohexane",C[C@H]1CC[C@H](C)CC1,112.215,588.8415,1.147591717,"[587.7, 589.816, 587.7, 590.15]","['12', '9', '16', '19']",29.48248503,0.116651453,"[29.4, 29.6474551, 29.4]","['12', '9', '19']",453.0,4.242640687,"[450.0, 450.0, 459.0]","['12', '9', '19']",0.255,0.0,[0.255],['12']
C9H18,"cis,trans-1,3,5-trimethylcyclohexane",C[C@H]1C[C@H](C)C[C@@H](C)C1,126.242,602.2,0.0,"[602.2, 602.2]","['12', '11']",22.51,0.0,[22.51],['12'],,,,,,,,
CH3NO2,nitromethane,C[N+](=O)[O-],61.041,588.07,0.087177979,"[588.0, 588.2, 588.0, 588.15, 588.0, 588.2, 588.0, 588.0, 588.0, 588.15]","['12', '11', '14', '19', '22', '13', '24', '21', '23', '18']",60.14412682,1.740293284,"[58.7, 59.41414141, 58.7, 58.7, 63.1, 58.653, 60.9, 60.0, 63.13]","['12', '11', '19', '22', '13', '24', '21', '23', '18']",173.36875,0.642737067,"[173.3, 173.0, 173.0, 172.92, 173.01, 173.31, 175.01, 173.4]","['12', '19', '22', '13', '24', '21', '23', '18']",0.334714421,0.016215773,"[0.348, 0.320572103, 0.347, 0.31, 0.348]","['12', '11', '13', '24', '18']"
C4H12O4Si,silicon tetramethoxide,C[O-].C[O-].C[O-].C[O-].[Si+4],152.0504854,558.0,0.0,[558.0],['11'],28.46938776,0.0,[28.46938776],['11'],,,,,0.48148606,0.0,[0.48148606],['11']
C21H24O3Si3,"cis-2,4,6-Trimethyl-2,4,6-triphenylcyclotrisiloxane",C[Si@]1(c2ccccc2)O[Si@@](C)(c2ccccc2)O[Si@@](C)(c2ccccc2)O1,408.1033242,824.0,0.0,[824.0],['11'],13.39837398,0.0,[13.39837398],['11'],,,,,,,,
C21H24O3Si3,"trans-1,3,5-trimethyl-1,3,5-triphenylcyclotrisiloxane",C[Si@]1(c2ccccc2)O[Si@](C)(c2ccccc2)O[Si@@](C)(c2ccccc2)O1,408.1033242,839.0,0.0,[839.0],['11'],12.90769231,0.0,[12.90769231],['11'],,,,,,,,
CH6Si,methyl silane,C[SiH3],46.144,352.5,0.0,[352.5],['12'],48.4,0.0,[48.4],['12'],,,,,,,,
C7H22O2Si3,"1,1,1,3,5,5,5-heptamethyltrisiloxane",C[SiH](O[Si](C)(C)C)O[Si](C)(C)C,222.0927595,553.36,0.0,[553.36],['11'],14.79967906,0.0,[14.79967906],['11'],,,,,0.524910197,0.0,[0.524910197],['11']
C4H12Si,tetramethylsilane,C[Si](C)(C)C,88.224,449.3133333,0.775686076,"[450.4, 448.9, 448.64]","['12', '11', '19']",28.18241206,0.030439184,"[28.14, 28.19723618, 28.21]","['12', '11', '19']",362.0,0.0,[362.0],['19'],0.232544054,0.008544054,"[0.224, 0.241088108]","['12', '11']"
C7H20Si2,bis(trimethylsilyl)methane,C[Si](C)(C)C[Si](C)(C)C,160.1103537,573.86,0.0,[573.86],['11'],19.89805825,0.0,[19.89805825],['11'],,,,,,,,
C3H9ClSi,trimethylchlorosilane,C[Si](C)(C)Cl,108.642,497.77,0.058878406,"[497.75, 497.71, 497.85]","['12', '11', '19']",32.00922351,0.013044013,"[32.0, 32.02767053, 32.0]","['12', '11', '19']",366.0,0.0,[366.0],['12'],0.270053298,5.33e-05,"[0.27, 0.270106596]","['12', '11']"
C6H18OSi2,hexamethyldisiloxane,C[Si](C)(C)O[Si](C)(C)C,162.378,518.7033333,0.03681787,"[518.75, 518.7, 518.66]","['12', '1', '11']",19.41217219,0.092748269,"[19.39, 19.3113, 19.53521657]","['12', '1', '11']",604.9606776,0.0,[604.9606776],['1'],0.419732701,0.00245041,"[0.418, 0.418, 0.423198104]","['12', '1', '11']"
C8H24O2Si3,octamethyltrisiloxane,C[Si](C)(C)O[Si](C)(C)O[Si](C)(C)C,236.532,564.6303,0.528240646,"[564.4, 565.3609, 564.13]","['12', '1', '11']",14.224745,0.106246786,"[14.15, 14.375, 14.14923501]","['12', '1', '11']",874.9171076,6.9171076,"[868.0, 881.8342152]","['12', '1']",0.527578851,0.002548432,"[0.529, 0.524, 0.529736553]","['12', '1', '11']"
C10H30O3Si4,decamethyltetrasiloxane,C[Si](C)(C)O[Si](C)(C)O[Si](C)(C)O[Si](C)(C)C,310.686,599.4,0.0,"[599.4, 599.4]","['12', '1']",11.855,0.415,"[12.27, 11.44]","['12', '1']",1157.203703,0.2037035,"[1157.0, 1157.407407]","['12', '1']",0.6515,0.0165,"[0.668, 0.635]","['12', '1']"
C12H36O4Si5,dodecamethylpentasiloxane,C[Si](C)(C)O[Si](C)(C)O[Si](C)(C)O[Si](C)(C)O[Si](C)(C)C,384.84,628.66,0.3,"[628.36, 628.96]","['12', '1']",9.5306,0.0806,"[9.45, 9.6112]","['12', '1']",1468.785715,40.2142855,"[1509.0, 1428.571429]","['12', '1']",0.7225,0.0005,"[0.722, 0.723]","['12', '1']"
C14H42O5Si6,tetradecamethylhexasiloxane,C[Si](C)(C)O[Si](C)(C)O[Si](C)(C)O[Si](C)(C)O[Si](C)(C)O[Si](C)(C)C,458.994,653.2,0.0,"[653.2, 653.2]","['12', '1']",8.58685,0.18315,"[8.77, 8.4037]","['12', '1']",1781.192983,26.8070175,"[1808.0, 1754.385965]","['12', '1']",0.8155,0.0095,"[0.825, 0.806]","['12', '1']"
C16H48O6Si7,hexadecamethylheptasiloxane,C[Si](C)(C)O[Si](C)(C)O[Si](C)(C)O[Si](C)(C)O[Si](C)(C)O[Si](C)(C)O[Si](C)(C)C,533.149,,,,,,,,,2133.0,0.0,[2133.0],['12'],,,,
C18H54O7Si8,octadecamethyloctasiloxane,C[Si](C)(C)O[Si](C)(C)O[Si](C)(C)O[Si](C)(C)O[Si](C)(C)O[Si](C)(C)O[Si](C)(C)O[Si](C)(C)C,607.303,688.9,0.0,[688.9],['12'],6.24,0.0,[6.24],['12'],2466.0,0.0,[2466.0],['12'],0.984,0.0,[0.984],['12']
C10H30O3Si4,"trisiloxane, 1,1,1,3,5,5,5-heptamethyl-3-[(trimethylsilyl)oxy]-",C[Si](C)(C)O[Si](C)(O[Si](C)(C)C)O[Si](C)(C)C,310.1272009,597.36,0.0,[597.36],['11'],13.01437908,0.0,[13.01437908],['11'],,,,,0.667965723,0.0,[0.667965723],['11']
C12H36O4Si5,"trisiloxane, 1,1,1,5,5,5-hexamethyl-3,3-bis[(trimethylsilyl)oxy]-",C[Si](C)(C)O[Si](O[Si](C)(C)C)(O[Si](C)(C)C)O[Si](C)(C)C,384.1459923,622.56,0.0,[622.56],['11'],10.82713043,0.0,[10.82713043],['11'],,,,,0.721017883,0.0,[0.721017883],['11']
C2H6Cl2Si,dichlorodimethylsilane,C[Si](C)(Cl)Cl,129.06,520.33,0.02,"[520.35, 520.31]","['12', '11']",34.85167224,0.04832776,"[34.9, 34.80334448]","['12', '11']",358.0,0.0,[358.0],['12'],0.268972424,0.000972424,"[0.268, 0.269944848]","['12', '11']"
C16H22OSi2,"1,3-diphenyltetramethyldisiloxane",C[Si](C)(O[Si](C)(C)c1ccccc1)c1ccccc1,286.1209184,750.0,0.0,[750.0],['11'],17.28110599,0.0,[17.28110599],['11'],,,,,,,,
CH3Cl3Si,methyl trichlorosilane,C[Si](Cl)(Cl)Cl,149.477,517.0,0.0,[517.0],['12'],35.3,0.0,[35.3],['12'],340.0,0.0,[340.0],['12'],0.263,0.0,[0.263],['12']
C26H26OSi2,"1,3-dimethyl-1,1,3,3-tetraphenyldisiloxane",C[Si](O[Si](C)(c1ccccc1)c1ccccc1)(c1ccccc1)c1ccccc1,410.1522185,893.0,0.0,[893.0],['11'],13.80216383,0.0,[13.80216383],['11'],,,,,,,,
C8H24O4Si4,octamethylcyclotetrasiloxane,C[Si]1(C)O[Si](C)(C)O[Si](C)(C)O[Si](C)(C)O1,296.616,586.2425,0.282699045,"[586.5, 586.5, 585.82, 586.15]","['12', '1', '11', '19']",13.374373,0.068897005,"[13.32, 13.472, 13.40549199, 13.3]","['12', '1', '11', '19']",966.2575903,5.292566554,"[970.0, 958.7727709, 970.0]","['12', '1', '19']",0.585676903,0.013410454,"[0.592, 0.598, 0.567030709]","['12', '1', '11']"
C10H30O5Si5,decamethylcyclopentasiloxane,C[Si]1(C)O[Si](C)(C)O[Si](C)(C)O[Si](C)(C)O[Si](C)(C)O1,370.77,618.27,0.731072272,"[619.15, 618.3, 617.36]","['12', '1', '11']",10.94111111,0.535101053,"[11.6, 10.934, 10.28933333]","['12', '1', '11']",1217.756098,1.7560975,"[1216.0, 1219.512195]","['12', '1']",0.628786498,0.034234092,"[0.666, 0.637, 0.583359493]","['12', '1', '11']"
C12H36O6Si6,dodecamethylcyclohexasiloxane,C[Si]1(C)O[Si](C)(C)O[Si](C)(C)O[Si](C)(C)O[Si](C)(C)O[Si](C)(C)O1,444.924,645.78,0.0,"[645.78, 645.78]","['12', '1']",9.61,0.0,"[9.61, 9.61]","['12', '1']",1594.151346,0.011346,"[1594.14, 1594.162692]","['12', '1']",0.736,0.0,"[0.736, 0.736]","['12', '1']"
C14H42O7Si7,tetradecamethylcycloheptasiloxane,C[Si]1(C)O[Si](C)(C)O[Si](C)(C)O[Si](C)(C)O[Si](C)(C)O[Si](C)(C)O[Si](C)(C)O1,518.1315394,683.25,0.0,[683.25],['11'],,,,,,,,,,,,
C12H18,hexamethylbenzene,Cc1c(C)c(C)c(C)c(C)c1C,162.1408506,759.81,3.670204354,"[757.9, 758.0, 767.15, 758.0, 758.0]","['11', '14', '19', '13', '18']",27.7,0.0,[27.7],['13'],596.21,3.79,"[600.0, 592.42]","['19', '13']",0.496,0.0,[0.496],['13']
C7H3F5,"2,3,4,5,6-pentafluorotoluene",Cc1c(F)c(F)c(F)c(F)c1F,182.0154912,559.8025,7.401352495,"[566.5, 548.65, 557.56, 566.5]","['14', '19', '21', '6']",31.3,0.0,[31.3],['6'],384.2633333,0.261576418,"[384.0, 384.62, 384.17]","['22', '21', '6']",,,,
C7H6F2,"2,6-difluorotoluene",Cc1c(F)cccc1F,128.0437566,581.8,0.0,[581.8],['11'],,,,,,,,,,,,
C7H6N2O4,"2-Methyl-1,3-dinitrobenzene",Cc1c([N+](=O)[O-])cccc1[N+](=O)[O-],182.0327567,780.0,0.0,[780.0],['17'],24.0,0.0,[24.0],['17'],,,,,,,,
C15H24,"1,3-ditert-butyl-5-methylbenzene",Cc1cc(C(C)(C)C)cc(C(C)(C)C)c1,204.357,695.5,0.0,[695.5],['10'],,,,,,,,,,,,
C10H14,"1,2,3,5-tetramethylbenzene",Cc1cc(C)c(C)c(C)c1,134.1095504,679.0,0.0,"[679.0, 679.0]","['14', '13']",29.7,0.0,[29.7],['13'],481.0,0.0,[481.0],['13'],,,,
C11H16,pentamethylbenzene,Cc1cc(C)c(C)c(C)c1C,148.248,719.125,0.075,"[719.15, 719.0, 719.2, 719.15]","['12', '14', '13', '18']",28.48,0.22,"[28.26, 28.7]","['12', '13']",537.06,0.0,[537.06],['13'],,,,
C10H14,"1,2,4,5-tetramethylbenzene",Cc1cc(C)c(C)cc1C,134.221,675.7416667,0.37155828,"[676.0, 675.7, 675.0, 675.15, 676.0, 676.0, 675.825, 676.0, 676.0]","['12', '11', '14', '19', '22', '13', '21', '23', '18']",29.0643125,0.133532051,"[29.0, 29.125, 29.4, 29.0, 29.0, 28.9895, 29.0, 29.0]","['12', '11', '19', '22', '13', '21', '23', '18']",483.3333333,4.027681991,"[480.0, 481.0, 489.0]","['19', '13', '23']",0.425266092,0.004618952,"[0.422, 0.431798276, 0.422]","['12', '11', '18']"
C9H13N,"2,4,5-Trimethyl aminobenzene",Cc1cc(C)c(N)cc1C,135.1047994,725.0,0.0,[725.0],['17'],,,,,,,,,,,,
C12H12,"1,3-dimethylnaphthalene",Cc1cc(C)c2ccccc2c1,156.0939004,772.0,0.0,"[772.0, 772.0]","['11', '10']",27.43665481,0.036654805,"[27.47330961, 27.4]","['11', '10']",,,,,0.416801226,0.0,[0.416801226],['11']
C9H12,mesitylene,Cc1cc(C)cc(C)c1,120.194,637.5491667,0.769463648,"[637.3, 637.36, 637.31, 637.3, 637.3, 640.1, 637.35, 637.3, 637.36, 637.31, 637.3, 637.3]","['12', '9', '11', '14', '16', '17', '19', '22', '2', '23', '13', '18']",31.35697308,0.424036825,"[31.27, 31.269, 30.63990385, 32.4, 31.27, 31.27, 31.1, 31.8678, 31.3, 31.27, 31.27]","['12', '9', '11', '17', '19', '22', '2', '21', '23', '13', '18']",432.81125,1.27709081,"[433.0, 433.0, 433.0, 430.0, 433.09, 434.97, 432.34, 433.09]","['12', '9', '19', '22', '2', '23', '13', '18']",0.396351398,0.003528579,"[0.399, 0.390405591, 0.397, 0.399]","['12', '11', '2', '18']"
C8H10O,"3,5-xylenol",Cc1cc(C)cc(O)c1,122.167,718.18,7.557552514,"[715.65, 715.6, 715.6, 715.6, 715.65, 715.6, 740.85, 716.0, 715.65, 715.6]","['12', '11', '14', '17', '19', '22', '21', '23', '18', '3']",37.82666667,1.876189993,"[40.48, 36.5, 36.5]","['12', '17', '19']",610.5,0.5,"[611.0, 610.0]","['19', '22']",,,,
C8H11N,"2,4,6-Trimethylpyridine",Cc1cc(C)nc(C)c1,121.0891494,653.05,0.0,[653.05],['19'],,,,,,,,,,,,
C7H6F2,"1,4-difluoro-2-methylbenzene",Cc1cc(F)ccc1F,128.0437566,587.8,0.0,[587.8],['11'],,,,,,,,,,,,
C7H6N2O4,"1-Methyl-3,5-dinitrobenzene",Cc1cc([N+](=O)[O-])cc([N+](=O)[O-])c1,182.0327567,800.0,0.0,[800.0],['17'],21.5,0.0,[21.5],['17'],,,,,,,,
C8H7N,4-cyanotoluene,Cc1ccc(C#N)cc1,117.0578492,722.3,1.33041347,"[723.2, 723.0, 720.0, 723.0]","['11', '14', '17', '5']",35.5,0.0,[35.5],['17'],,,,,,,,
C8H8O2,4-methylbenzoic acid,Cc1ccc(C(=O)O)cc1,136.15,775.0,0.0,[775.0],['10'],38.0,0.0,[38.0],['10'],,,,,,,,
C10H14O,3-methyl-6-isopropylphenol,Cc1ccc(C(C)C)c(O)c1,150.1044651,698.125,0.13462912,"[698.3, 698.0, 698.15, 698.3, 698.0, 698.0]","['11', '14', '19', '21', '23', '3']",,,,,527.98,0.0,[527.98],['23'],,,,
C10H14,p-cymene,Cc1ccc(C(C)C)cc1,134.221,652.4533,0.897957688,"[652.0, 651.2, 652.0, 652.0, 652.15, 652.0, 653.15, 654.033, 654.0, 652.0]","['12', '11', '14', '16', '19', '22', '2', '21', '23', '18']",28.09684096,0.167852411,"[28.0, 28.37472767, 28.4, 28.0, 28.0, 28.0, 28.0, 28.0]","['12', '11', '19', '22', '2', '21', '23', '18']",495.8483333,1.863924325,"[497.0, 492.0, 497.0, 497.02, 495.05, 497.02]","['12', '19', '22', '2', '23', '18']",0.376092231,0.009213969,"[0.374, 0.388276692, 0.366]","['12', '11', '2']"
C9H12,"1,2,4-trimethylbenzene",Cc1ccc(C)c(C)c1,120.194,649.1292308,0.044800676,"[649.1, 649.13, 649.12, 649.2, 649.1, 649.2, 649.15, 649.1, 649.13, 649.05, 649.1, 649.2, 649.1]","['12', '9', '11', '14', '16', '17', '19', '22', '2', '13', '21', '24', '18']",32.35609959,0.099616137,"[32.3, 32.323, 32.61909548, 32.3, 32.32, 32.32, 32.5, 32.32, 32.3, 32.315, 32.3]","['12', '9', '11', '17', '19', '22', '2', '13', '21', '24', '18']",430.4925,1.723047808,"[430.0, 430.0, 430.0, 435.0, 429.92, 429.18, 429.92, 429.92]","['12', '9', '19', '22', '2', '13', '24', '18']",0.378991984,0.001812611,"[0.379, 0.381951903, 0.38, 0.378, 0.376, 0.379]","['12', '11', '2', '13', '24', '18']"
C10H14,"1,2,3,4-tetramethylbenzene",Cc1ccc(C)c(C)c1C,134.222,693.0,0.0,[693.0],['13'],31.1,0.0,[31.1],['13'],474.38,0.0,[474.38],['13'],,,,
C8H11N,"2,3,6-Trimethylpyridine",Cc1ccc(C)c(C)n1,121.0891494,654.55,0.0,[654.55],['19'],,,,,,,,,,,,
C8H10O,"2,5-xylenol",Cc1ccc(C)c(O)c1,122.167,707.7425,2.411950715,"[707.05, 706.8, 706.9, 706.9, 706.95, 706.9, 714.975, 707.0, 707.05, 706.9]","['12', '11', '14', '17', '19', '22', '21', '23', '18', '3']",46.03333333,3.62981481,"[40.9, 48.6, 48.6]","['12', '17', '19']",445.66,34.42195811,"[470.0, 470.0, 396.98]","['19', '22', '23']",,,,
C12H12,"1,4-dimethylnaphthalene",Cc1ccc(C)c2ccccc12,156.0939004,778.0,0.0,"[778.0, 778.0]","['11', '10']",27.89265233,0.00734767,"[27.88530466, 27.9]","['11', '10']",,,,,0.397940009,0.0,[0.397940009],['11']
C8H10,p-xylene,Cc1ccc(C)cc1,106.167,616.2941429,0.307924355,"[616.2, 616.168, 616.26, 616.19, 616.2, 616.2, 617.4, 616.25, 616.2, 616.23, 616.25, 616.17, 616.2, 616.2]","['12', '1', '9', '11', '14', '16', '17', '19', '22', '2', '13', '23', '24', '18']",35.18194272,0.130439501,"[35.11, 35.315, 35.108, 35.25921263, 35.3, 35.11, 35.11, 35.0, 35.11, 35.5, 35.1511, 35.11]","['12', '1', '9', '11', '17', '19', '22', '2', '13', '23', '24', '18']",377.333856,2.727996325,"[378.0, 371.2062719, 379.11, 378.0, 379.0, 378.0, 380.95, 377.79, 377.07, 372.02, 378.93, 377.93]","['12', '1', '9', '16', '19', '22', '2', '13', '21', '23', '24', '18']",0.322446224,0.001302119,"[0.322, 0.324, 0.323123568, 0.32, 0.322, 0.324, 0.322]","['12', '1', '11', '2', '13', '24', '18']"
C7H9N,"2,5-dimethylpyridine",Cc1ccc(C)nc1,107.155,644.186875,0.020145952,"[644.2, 644.19, 644.2, 644.15, 644.2, 644.155, 644.2, 644.2]","['12', '11', '14', '19', '22', '21', '23', '18']",39.29444427,2.538017097,"[35.01, 41.26777707, 39.8, 41.1]","['12', '11', '22', '23']",371.06,0.0,[371.06],['23'],0.385102784,0.0,[0.385102784],['11']
C8H8O,4-methylbenzaldehyde,Cc1ccc(C=O)cc1,120.151,712.0,0.0,[712.0],['10'],38.0,0.0,[38.0],['10'],,,,,,,,
C7H7Cl,4-chlorotoluene,Cc1ccc(Cl)cc1,126.0236279,615.93,0.042426407,"[615.99, 615.9, 615.9]","['11', '21', '23']",,,,,376.93,0.0,[376.93],['23'],,,,
C7H6F2,"1,2-difluoro-4-methylbenzene",Cc1ccc(F)c(F)c1,128.0437566,598.5,0.0,"[598.5, 598.5]","['11', '6']",,,,,,,,,,,,
C7H7F,1-fluoro-4-methylbenzene,Cc1ccc(F)cc1,110.0531784,590.8125,1.287621354,"[592.1, 589.55, 589.5, 592.1]","['11', '19', '21', '23']",38.80416116,0.30416116,"[39.10832232, 38.5]","['11', '23']",332.01,0.0,[332.01],['23'],0.303643611,0.0,[0.303643611],['11']
C7H6F2,"2,4-difluoro-1-methylbenzene",Cc1ccc(F)cc1F,128.0437566,581.4,0.0,[581.4],['11'],,,,,,,,,,,,
C9H14N2,"N1,N1,4-Trimethylbenzene-1,2-diamine",Cc1ccc(N(C)C)c(N)c1,150.1156984,695.0,0.0,[695.0],['17'],37.5,0.0,[37.5],['17'],,,,,,,,
C8H11N,"2,4-Dimethyl aminobenzene",Cc1ccc(N)c(C)c1,121.0891494,714.0,0.0,[714.0],['17'],40.0,0.0,[40.0],['17'],,,,,,,,
C7H9N,p-toluidine,Cc1ccc(N)cc1,107.155,678.4,16.38410476,"[667.15, 667.0, 704.0, 706.15, 667.0, 667.15, 667.0, 693.15, 667.0]","['12', '11', '17', '19', '24', '21', '23', '18', '5']",36.53333333,9.194684455,"[39.8, 45.8, 24.0]","['12', '19', '5']",334.0,0.0,[334.0],['23'],0.443,0.0,[0.443],['24']
C7H10N2,"4-Methyl-1,3-diaminobenzene",Cc1ccc(N)cc1N,122.0843983,818.0,0.0,[818.0],['17'],46.0,0.0,[46.0],['17'],,,,,,,,
C8H10O,"2,4-xylenol",Cc1ccc(O)c(C)c1,122.167,707.65,0.120415946,"[707.65, 707.6, 707.6, 707.6, 707.65, 707.6, 707.55, 708.0, 707.65, 707.6]","['12', '11', '14', '17', '19', '22', '21', '23', '18', '3']",43.19,0.579827561,"[42.37, 43.6, 43.6]","['12', '17', '19']",469.3166667,56.82928138,"[509.0, 510.0, 388.95]","['19', '22', '23']",,,,
C7H8O,p-cresol,Cc1ccc(O)cc1,108.14,704.3715,0.765696687,"[704.65, 704.57, 704.6, 704.5, 704.65, 704.5, 704.65, 704.65, 704.6, 701.838, 704.6, 704.65]","['12', '11', '14', '17', '19', '22', '2', '13', '24', '21', '23', '18']",49.05541724,4.17443591,"[51.5, 40.7265896, 51.5, 51.5, 51.5, 51.5, 51.5, 51.46, 45.923, 41.0, 51.5]","['12', '11', '17', '19', '22', '2', '13', '24', '21', '23', '18']",287.23,25.23431337,"[277.0, 277.0, 277.0, 277.01, 276.55, 349.04, 277.01]","['12', '19', '22', '2', '13', '23', '18']",0.492285656,0.038380168,"[0.513, 0.406713933, 0.507, 0.509, 0.505, 0.513]","['12', '11', '2', '13', '24', '18']"
C8H10O,"3,4-xylenol",Cc1ccc(O)cc1C,122.167,731.855,5.948758274,"[729.95, 729.9, 729.8, 729.8, 729.85, 729.8, 749.7, 730.0, 729.95, 729.8]","['12', '11', '14', '17', '19', '22', '21', '23', '18', '3']",47.08666667,3.554390087,"[42.06, 49.6, 49.6]","['12', '17', '19']",466.6833333,67.09893607,"[552.0, 460.0, 388.05]","['19', '22', '23']",,,,
C7H7NO2,1-Methyl-4-nitrobenzene,Cc1ccc([N+](=O)[O-])cc1,137.0476785,739.025,4.025,"[735.0, 743.05]","['17', '13']",32.07,0.0,[32.07],['13'],440.92,0.0,[440.92],['13'],0.42,0.0,[0.42],['13']
C7H6N2O4,"2,4-Dinitro-1-methylbenzene",Cc1ccc([N+](=O)[O-])cc1[N+](=O)[O-],182.0327567,815.0,0.0,[815.0],['17'],21.5,0.0,[21.5],['17'],,,,,,,,
C12H12,"1,6-dimethylnaphthalene",Cc1ccc2c(C)cccc2c1,156.0939004,766.0,18.0,"[748.0, 784.0]","['14', '22']",31.0,0.0,[31.0],['22'],,,,,,,,
C10H12,5-methyl indan,Cc1ccc2c(c1)CCC2,132.0939004,711.2,0.0,"[711.2, 711.2]","['14', '22']",35.3,0.0,[35.3],['22'],,,,,,,,
C12H12,"2,7-dimethylnaphthalene",Cc1ccc2ccc(C)cc2c1,156.0939004,775.0,0.0,"[775.0, 775.0, 775.0, 775.0, 775.0]","['11', '14', '22', '21', '23']",31.37740848,0.888097497,"[30.8396339, 32.3, 32.17, 30.2]","['11', '22', '21', '23']",557.765,42.835,"[600.6, 514.93]","['21', '23']",0.420216403,0.0,[0.420216403],['11']
C11H10,2-methylnaphthalene,Cc1ccc2ccccc2c1,142.2,761.4439091,0.967902179,"[761.0, 761.2, 761.0, 764.3, 761.15, 761.0, 761.0, 761.0, 762.233, 761.0, 761.0]","['12', '11', '14', '17', '19', '22', '13', '24', '21', '23', '18']",34.39635933,1.078990203,"[35.0, 31.98319328, 34.8, 35.1, 35.4, 35.0, 35.0498, 32.9306, 33.7, 35.0]","['12', '11', '17', '19', '22', '13', '24', '21', '23', '18']",463.1525,1.229133333,"[462.0, 464.68, 461.89, 464.04]","['19', '13', '24', '23']",0.369150829,0.019759166,"[0.378, 0.329754147, 0.378, 0.382, 0.378]","['12', '11', '13', '24', '18']"
C10H9N,2-methylquinoline,Cc1ccc2ccccc2n1,143.0734993,778.0,0.0,"[778.0, 778.0]","['11', '23']",39.72634855,0.62634855,"[40.3526971, 39.1]","['11', '23']",447.03,0.0,[447.03],['23'],0.380906669,0.0,[0.380906669],['11']
C11H11N,"2,6-dimethylquinoline",Cc1ccc2nc(C)ccc2c1,157.0891494,786.0,0.0,"[786.0, 786.0]","['11', '23']",33.2386979,0.538697895,"[33.77739579, 32.7]","['11', '23']",505.05,0.0,[505.05],['23'],0.440093375,0.0,[0.440093375],['11']
C8H7N,3-Methyl benzonitrile,Cc1cccc(C#N)c1,117.0578492,710.0,0.0,[710.0],['17'],37.5,0.0,[37.5],['17'],,,,,,,,
C8H8O2,3-methylbenzoic acid,Cc1cccc(C(=O)O)c1,136.15,771.0,0.0,[771.0],['10'],38.5,0.0,[38.5],['10'],,,,,,,,
C10H14,"1,3-methyl-isopropylbenzene",Cc1cccc(C(C)C)c1,134.1095504,666.1166667,0.084983659,"[666.2, 666.0, 666.15]","['9', '14', '19']",29.39272715,0.00727285,"[29.3854543, 29.4]","['9', '19']",478.0,0.0,[478.0],['9'],,,,
C8H10,m-xylene,Cc1cccc(C)c1,106.167,617.1457143,0.519432579,"[617.0, 616.89, 617.05, 616.85, 617.1, 617.0, 619.0, 617.05, 617.0, 617.05, 617.05, 616.9, 617.1, 617.0]","['12', '1', '9', '11', '14', '16', '17', '19', '22', '2', '13', '23', '24', '18']",35.36954861,0.137119445,"[35.41, 35.346, 35.412, 35.39013196, 35.6, 35.41, 35.41, 35.3, 35.41, 34.952, 35.4, 35.354, 35.41]","['12', '1', '9', '11', '17', '19', '22', '2', '13', '21', '23', '24', '18']",375.3687101,0.890230983,"[375.0, 375.2345216, 375.8, 375.0, 375.0, 375.0, 376.93, 375.09, 373.55, 376.93, 375.94, 374.95]","['12', '1', '9', '16', '19', '22', '2', '13', '21', '23', '24', '18']",0.326309078,0.0009012,"[0.327, 0.326, 0.327163546, 0.325, 0.327, 0.325, 0.327]","['12', '1', '11', '2', '13', '24', '18']"
C9H12,"1,2,3-trimethylbenzene",Cc1cccc(C)c1C,120.194,664.5102083,0.075308106,"[664.5, 664.53, 664.42, 664.5, 664.5, 664.5, 664.55, 664.5, 664.5, 664.7225, 664.4, 664.5]","['12', '9', '11', '14', '16', '17', '19', '22', '13', '21', '23', '18']",34.34822221,0.549740276,"[34.54, 34.542, 34.55122205, 32.7, 34.54, 34.54, 34.54, 34.489, 34.5, 34.54]","['12', '9', '11', '17', '19', '22', '13', '21', '23', '18']",423.286,8.333156905,"[414.0, 430.0, 435.0, 414.42, 423.01]","['9', '19', '22', '13', '23']",0.366983932,2.78e-05,"[0.367, 0.366935727, 0.367, 0.367]","['12', '11', '13', '18']"
C8H11N,"2,6-Dimethyl aminobenzene",Cc1cccc(C)c1N,121.0891494,722.0,0.0,[722.0],['17'],42.0,0.0,[42.0],['17'],,,,,,,,
C8H10O,"2,6-xylenol",Cc1cccc(C)c1O,122.167,701.0611111,0.102137646,"[701.25, 701.0, 701.0, 701.0, 701.05, 701.0, 701.0, 701.25, 701.0]","['12', '11', '14', '17', '19', '22', '24', '18', '3']",41.92333333,0.956951177,"[40.57, 42.6, 42.6]","['12', '17', '19']",514.5,5.5,"[509.0, 520.0]","['19', '22']",,,,
C7H9N,"2,6-dimethylpyridine",Cc1cccc(C)n1,107.155,623.789375,0.030252841,"[623.75, 623.79, 623.8, 623.85, 623.8, 623.775, 623.8, 623.75]","['12', '11', '14', '19', '22', '21', '23', '18']",37.5301676,2.357774155,"[33.6, 38.72067039, 39.8, 38.0]","['12', '11', '22', '23']",334.49,18.49,"[316.0, 352.98]","['19', '23']",0.363512104,0.0,[0.363512104],['11']
C7H7Cl,1-chloro-3-methylbenzene,Cc1cccc(Cl)c1,126.586,660.75,0.0,[660.75],['13'],39.54,0.0,[39.54],['13'],364.83,0.0,[364.83],['13'],0.307,0.0,[0.307],['13']
C7H7F,1-fluoro-3-methylbenzene,Cc1cccc(F)c1,110.0531784,591.8,0.0,"[591.8, 591.8]","['11', '23']",39.0,0.0,[39.0],['23'],332.01,0.0,[332.01],['23'],,,,
C7H9N,m-toluidine,Cc1cccc(N)c1,107.155,708.7357143,0.662093156,"[709.15, 709.0, 709.0, 708.7, 707.15, 709.15, 709.0]","['12', '11', '14', '17', '19', '21', '23']",42.67666,1.733253075,"[41.54, 41.5, 42.8, 41.5433, 46.0]","['12', '17', '19', '21', '23']",344.51,1.51,"[343.0, 346.02]","['19', '23']",0.435,0.0,[0.435],['12']
C7H8O,m-cresol,Cc1cccc(O)c1,108.14,705.7408333,0.164896853,"[705.85, 705.77, 705.8, 705.4, 705.85, 705.7, 705.85, 705.37, 705.8, 705.85, 705.8, 705.85]","['12', '11', '14', '17', '19', '22', '2', '21', '23', '13', '24', '18']",45.32147847,0.471618441,"[45.6, 44.95350318, 45.6, 45.6, 45.6, 45.2, 45.19776, 44.0, 45.6, 45.585, 45.6]","['12', '11', '17', '19', '22', '2', '21', '23', '13', '24', '18']",314.3375,8.669741562,"[312.0, 309.0, 312.0, 312.01, 337.04, 311.62, 309.02, 312.01]","['12', '19', '22', '2', '23', '13', '24', '18']",0.4483395,0.003284363,"[0.448, 0.443697499, 0.448, 0.454, 0.448]","['12', '11', '13', '24', '18']"
C8H10O,"2,3-xylenol",Cc1cccc(O)c1C,122.167,722.8777778,0.071145825,"[722.95, 722.9, 722.8, 722.8, 722.85, 722.8, 722.85, 723.0, 722.95]","['12', '11', '14', '17', '19', '22', '21', '23', '18']",45.005,3.606670903,"[41.82, 48.6, 48.6, 41.0]","['12', '17', '19', '23']",445.66,34.42195811,"[470.0, 470.0, 396.98]","['19', '22', '23']",,,,
C7H7NO2,1-Methyl-3-nitrobenzene,Cc1cccc([N+](=O)[O-])c1,137.0476785,729.525,4.525,"[725.0, 734.05]","['17', '13']",38.0,0.0,[38.0],['13'],440.92,0.0,[440.92],['13'],0.495,0.0,[0.495],['13']
C10H12,4-methyl indan,Cc1cccc2c1CCC2,132.0939004,716.4,0.0,"[716.4, 716.4]","['14', '22']",35.3,0.0,[35.3],['22'],,,,,,,,
C12H12,"1,8-dimethylnaphthalene",Cc1cccc2cccc(C)c12,156.227,792.0,0.0,"[792.0, 792.0]","['12', '18']",31.0,0.0,"[31.0, 31.0]","['12', '18']",517.03,0.03,"[517.0, 517.06]","['12', '18']",0.395,0.0,"[0.395, 0.395]","['12', '18']"
C11H10,1-methylnaphthalene,Cc1cccc2ccccc12,142.2,771.785,0.474368001,"[772.0, 770.7, 772.0, 772.0, 772.15, 772.0, 772.0, 772.0, 771.0, 772.0]","['12', '11', '14', '17', '19', '22', '13', '21', '23', '18']",36.05990323,0.939110959,"[36.0, 35.51612903, 34.9, 36.0, 36.0, 36.0, 38.523, 35.6, 36.0]","['12', '11', '17', '19', '22', '13', '21', '23', '18']",462.87,13.91086626,"[445.0, 464.68, 478.93]","['19', '13', '23']",0.343438415,0.002491407,"[0.342, 0.347753659, 0.342, 0.342]","['12', '11', '13', '18']"
C10H9N,8-methylquinoline,Cc1cccc2cccnc12,143.0734993,787.0,0.0,"[787.0, 787.0, 787.0]","['11', '23', '5']",42.94982437,0.592807592,"[43.6494731, 42.2, 43.0]","['11', '23', '5']",433.84,0.0,[433.84],['5'],0.36251027,0.0,[0.36251027],['11']
C7H8,toluene,Cc1ccccc1,92.141,591.88,0.35435749,"[591.75, 591.75, 591.75, 591.89, 591.8, 591.8, 593.1, 591.75, 591.75, 591.8, 591.75, 591.8, 591.75]","['12', '1', '9', '11', '14', '16', '17', '19', '22', '2', '13', '24', '18']",41.20874454,0.29557495,"[41.08, 41.263, 41.08, 41.2466899, 42.1, 41.08, 41.08, 41.0, 41.26, 41.0265, 41.08]","['12', '1', '9', '11', '17', '19', '22', '2', '13', '24', '18']",315.7006958,0.601511111,"[316.0, 315.556958, 316.0, 316.0, 316.0, 316.0, 313.97, 315.56, 315.96, 315.96]","['12', '1', '9', '16', '19', '22', '2', '13', '24', '18']",0.264180114,0.001308074,"[0.264, 0.2657, 0.264560797, 0.262, 0.266, 0.263, 0.264]","['12', '1', '11', '2', '13', '24', '18']"
C8H10,o-xylene,Cc1ccccc1C,106.167,630.3677857,0.208164145,"[630.3, 630.259, 630.37, 630.43, 630.3, 630.3, 631.1, 630.35, 630.3, 630.33, 630.25, 630.26, 630.3, 630.3]","['12', '1', '9', '11', '14', '16', '17', '19', '22', '2', '13', '23', '24', '18']",37.35535289,0.048253177,"[37.32, 37.375, 37.342, 37.45870469, 37.4, 37.32, 37.32, 37.4, 37.32, 37.4, 37.28853, 37.32]","['12', '1', '9', '11', '17', '19', '22', '2', '13', '23', '24', '18']",370.5457373,1.421717386,"[370.0, 372.5088471, 369.17, 370.0, 370.0, 370.0, 373.97, 369.96, 369.96, 372.02, 369.0, 369.96]","['12', '1', '9', '16', '19', '22', '2', '13', '21', '23', '24', '18']",0.31095274,0.000880922,"[0.31, 0.312, 0.311669182, 0.311, 0.312, 0.31, 0.31]","['12', '1', '11', '2', '13', '24', '18']"
C8H7N,2-Methyl benzonitrile,Cc1ccccc1C#N,117.0578492,716.075,7.075,"[709.0, 723.15]","['17', '19']",39.5,0.0,[39.5],['17'],,,,,,,,
C8H8O2,2-methylbenzoic acid,Cc1ccccc1C(=O)O,136.15,763.0,0.0,[763.0],['10'],39.2,0.0,[39.2],['10'],,,,,,,,
C10H14,"1,2-methyl-isopropylbenzene",Cc1ccccc1C(C)C,134.1095504,667.3833333,3.80708404,"[662.0, 670.0, 670.15]","['9', '14', '19']",29.15,0.15,"[29.3, 29.0]","['9', '19']",489.0,0.0,[489.0],['9'],,,,
C7H7F,1-fluoro-2-methylbenzene,Cc1ccccc1F,110.0531784,591.2,0.0,"[591.2, 591.2]","['11', '23']",39.0,0.0,[39.0],['23'],323.0,0.0,[323.0],['23'],,,,
C7H9N,o-toluidine,Cc1ccccc1N,107.155,705.30625,9.18434257,"[694.15, 716.5, 710.0, 707.15, 694.15, 710.0, 694.0, 716.5]","['12', '11', '17', '19', '21', '23', '24', '18']",39.77686667,3.885567872,"[37.49, 46.5, 43.7, 37.4902, 36.0, 37.481]","['12', '17', '19', '21', '23', '24']",351.632,12.81270213,"[347.6, 343.0, 376.93, 343.05, 347.58]","['12', '19', '23', '24', '18']",0.411,0.027,"[0.384, 0.438]","['12', '24']"
C9H13N,"2-methyl-N,N-dimethylaniline",Cc1ccccc1N(C)C,135.1047994,668.005,0.073880534,"[667.98, 668.0, 668.0, 668.15, 667.9, 668.0]","['11', '14', '17', '19', '21', '23']",31.2009679,0.002226656,"[31.19943951, 31.2, 31.2, 31.2054, 31.2]","['11', '17', '19', '21', '23']",465.98,0.0,[465.98],['23'],0.388276692,0.0,[0.388276692],['11']
C7H8O,o-cresol,Cc1ccccc1O,108.14,697.2975,0.67871355,"[697.55, 697.57, 697.6, 695.3, 697.65, 697.6, 697.55, 697.55, 696.45, 697.6, 697.6, 697.55]","['12', '11', '14', '17', '19', '22', '2', '13', '21', '23', '24', '18']",48.32996897,3.18663675,"[50.06, 41.77065868, 50.1, 50.1, 50.0, 50.6, 50.1, 46.797, 42.0, 50.042, 50.06]","['12', '11', '17', '19', '22', '2', '13', '21', '23', '24', '18']",288.7975,17.84874488,"[282.0, 282.0, 282.0, 282.01, 282.33, 336.02, 282.01, 282.01]","['12', '19', '22', '2', '13', '23', '24', '18']",0.423586427,0.028852584,"[0.434, 0.359518563, 0.438, 0.433, 0.443, 0.434]","['12', '11', '2', '13', '24', '18']"
C7H7NO2,1-Methyl-2-nitrobenzene,Cc1ccccc1[N+](=O)[O-],137.0476785,720.025,0.025,"[720.0, 720.05]","['17', '13']",36.0,2.0,"[34.0, 38.0]","['17', '13']",440.92,0.0,[440.92],['13'],0.48,0.0,[0.48],['13']
C6H7N,2-methylpyridine,Cc1ccccn1,93.129,621.2,0.341869858,"[621.0, 621.5, 621.0, 621.05, 621.0, 621.05, 622.0, 621.0]","['12', '11', '14', '19', '22', '21', '23', '18']",46.04850992,0.078382885,"[46.0, 46.13956941, 46.0, 46.0, 46.0, 46.2, 46.0]","['12', '11', '19', '22', '21', '23', '18']",326.292,17.14733962,"[335.0, 292.0, 335.0, 334.45, 335.01]","['12', '19', '22', '21', '18']",0.298236207,0.001080166,"[0.299, 0.296708622, 0.299]","['12', '11', '18']"
C6H7N,3-methylpyridine,Cc1cccnc1,93.129,644.9242857,0.148695004,"[645.0, 644.82, 645.0, 645.05, 645.0, 645.0, 644.6]","['12', '11', '14', '19', '22', '18', '5']",45.39608925,1.258610614,"[43.71, 47.17044623, 44.8, 44.8, 46.5]","['12', '11', '19', '22', '5']",294.195,6.195,"[288.0, 300.39]","['19', '5']",0.302770657,0.0,[0.302770657],['11']
C7H9N,"2,3-dimethylpyridine",Cc1cccnc1C,107.155,655.432875,0.037654474,"[655.4, 655.48, 655.4, 655.45, 655.4, 655.433, 655.5, 655.4]","['12', '11', '14', '19', '22', '21', '23', '18']",39.83593571,2.035928597,"[36.42, 41.72374284, 40.9, 40.3]","['12', '11', '22', '23']",337.04,0.0,[337.04],['23'],0.35261703,0.0,[0.35261703],['11']
C5H6O,2-methylfuran,Cc1ccco1,82.102,527.6125,0.440702564,"[527.0, 528.0, 527.9, 527.15, 527.85, 528.0, 528.0, 527.0]","['12', '11', '14', '19', '22', '21', '23', '18']",47.3300657,0.207039578,"[47.2, 47.61045987, 47.2, 47.2, 47.2, 47.7, 47.2]","['12', '11', '19', '22', '21', '23', '18']",247.878,2.08359689,"[247.0, 247.0, 246.4, 252.02, 246.97]","['12', '19', '22', '23', '18']",0.273641736,0.013234584,"[0.283, 0.254925208, 0.283]","['12', '11', '18']"
C5H6S,2-methylthiophene,Cc1cccs1,98.169,606.2166667,0.023570226,"[606.2, 606.25, 606.2]","['12', '19', '21']",47.705,0.795,"[46.91, 48.5]","['12', '19']",275.0,0.0,[275.0],['19'],,,,
C7H9N,"2,4-dimethylpyridine",Cc1ccnc(C)c1,107.155,647.035625,0.038032675,"[647.0, 647.06, 647.0, 647.05, 647.0, 647.075, 647.1, 647.0]","['12', '11', '14', '19', '22', '21', '23', '18']",37.92420524,1.571644505,"[35.29, 39.40682095, 38.7, 38.3]","['12', '11', '22', '23']",362.98,0.0,[362.98],['23'],0.358525889,0.0,[0.358525889],['11']
C6H7N,4-methylpyridine,Cc1ccncc1,93.129,646.0,0.160356745,"[646.15, 645.85, 646.0, 646.15, 645.7, 646.0, 646.15]","['12', '11', '14', '19', '22', '24', '18']",46.7054438,0.157247289,"[46.6, 46.8346628, 47.0, 46.6, 46.598, 46.6]","['12', '11', '19', '22', '24', '18']",316.142,13.37196829,"[326.0, 292.0, 325.62, 311.04, 326.05]","['12', '19', '22', '24', '18']",0.294568263,0.014346917,"[0.301, 0.306273051, 0.27, 0.301]","['12', '11', '24', '18']"
C7H9N,"3,4-dimethylpyridine",Cc1ccncc1C,107.155,683.796625,0.026262795,"[683.8, 683.77, 683.8, 683.85, 683.8, 683.753, 683.8, 683.8]","['12', '11', '14', '19', '22', '21', '23', '18']",40.41796229,1.120447882,"[38.58, 41.59184915, 40.9, 40.6]","['12', '11', '22', '23']",352.98,0.0,[352.98],['23'],0.343901798,0.0,[0.343901798],['11']
C5H6S,3-methylthiophene,Cc1ccsc1,98.169,610.8166667,0.023570226,"[610.8, 610.85, 610.8]","['12', '19', '21']",48.44,1.06,"[47.38, 49.5]","['12', '19']",275.0,0.0,[275.0],['19'],,,,
C7H9N,"3,5-dimethylpyridine",Cc1cncc(C)c1,107.155,667.232875,0.037654474,"[667.2, 667.28, 667.2, 667.25, 667.2, 667.233, 667.3, 667.2]","['12', '11', '14', '19', '22', '21', '23', '18']",38.29967225,0.877120694,"[36.87, 39.22868901, 38.7, 38.4]","['12', '11', '22', '23']",369.0,0.0,[369.0],['23'],0.356547324,0.0,[0.356547324],['11']
C5H6N2,2-methyl pyrazine,Cc1cnccn1,94.05309819,634.15,0.15,"[634.3, 634.0]","['14', '5']",50.1,0.0,[50.1],['5'],285.23,0.0,[285.23],['5'],,,,
C6H8O,"3,4-dimethylfuran",Cc1cocc1C,96.129,,,,,,,,,290.385,0.025,"[290.41, 290.36]","['12', '18']",,,,
HCl,Hydrogen chloride,Cl,36.46094,324.6695714,0.019301052,"[324.68, 324.667, 324.69, 324.65, 324.65, 324.7, 324.65]","['1', '11', '22', '2', '13', '24', '20']",83.09892179,0.270183367,"[83.135, 82.59145256, 83.1, 83.6, 83.1, 83.066, 83.1]","['1', '11', '22', '2', '13', '24', '20']",81.71099972,1.190502799,"[84.24599832, 81.0, 82.0, 81.02, 81.0, 81.0]","['1', '22', '2', '13', '24', '20']",0.128931093,0.004140909,"[0.129, 0.127086558, 0.134, 0.131, 0.121, 0.1315]","['1', '11', '2', '13', '24', '20']"
C3H4Cl2,"(E)-1,3-Dichloro-1-propene",Cl/C=C/CCl,109.9690055,606.0,0.0,[606.0],['7'],49.9925,0.0,[49.9925],['7'],,,,,,,,
C2H2Cl2,"trans-1,2-dichloroethylene",Cl/C=C/Cl,96.943,517.8833333,8.578932853,"[516.5, 535.76, 515.49, 507.55, 515.5, 516.5]","['12', '7', '11', '19', '23', '18']",54.44516,0.853776143,"[55.1, 53.9258, 55.1, 53.0, 55.1]","['12', '7', '19', '23', '18']",219.99,4.01,"[224.0, 215.98]","['19', '23']",0.223,0.0,"[0.223, 0.223]","['12', '18']"
C3H4Cl2,"(Z)-1,3-Dichloro-1-propene",Cl/C=C\CCl,109.9690055,593.0,0.0,[593.0],['7'],48.2663,0.0,[48.2663],['7'],,,,,,,,
C2H2Cl2,"cis-1,2-dichloroethylene",Cl/C=C\Cl,96.943,536.5516667,10.12080434,"[544.0, 515.5, 535.76, 544.25, 535.8, 544.0]","['12', '7', '11', '19', '23', '18']",55.04033333,2.997972685,"[59.12, 52.001, 54.0]","['12', '7', '23']",222.01,1.99,"[224.0, 220.02]","['19', '23']",,,,
BCl3,boron trichloride,ClB(Cl)Cl,115.9158634,451.9,0.0,[451.9],['11'],,,,,,,,,,,,
CBrCl3,trichlorobromomethane,ClC(Cl)(Cl)Br,195.8248951,603.0,0.0,[603.0],['14'],,,,,,,,,,,,
C2Cl6,Perchloroethane,ClC(Cl)(Cl)C(Cl)(Cl)Cl,233.8131161,702.025,6.975,"[709.0, 695.05]","['7', '13']",34.54505,1.14505,"[35.6901, 33.4]","['7', '13']",411.69,0.0,[411.69],['13'],0.238,0.0,[0.238],['13']
CCl4,carbon tetrachloride,ClC(Cl)(Cl)Cl,153.821,556.424375,0.142661184,"[556.35, 556.44, 556.45, 556.3, 556.45, 556.3, 556.35, 556.35, 556.8525, 556.5, 556.4, 556.35]","['12', '7', '11', '14', '19', '22', '2', '13', '21', '23', '24', '18']",45.57510825,0.132749316,"[45.6, 45.6575, 45.76069079, 45.6, 45.57, 45.4, 45.6, 45.253, 45.7, 45.585, 45.6]","['12', '7', '11', '19', '22', '2', '13', '21', '23', '24', '18']",275.7977778,0.648258827,"[276.0, 276.0, 276.0, 273.97, 276.17, 276.01, 276.01, 276.01, 276.01]","['12', '19', '22', '2', '13', '21', '23', '24', '18']",0.192464838,0.000790365,"[0.193, 0.191789027, 0.191, 0.193, 0.193, 0.193]","['12', '11', '2', '13', '24', '18']"
C3Cl6,Perchloro-1-propene,ClC(Cl)=C(Cl)C(Cl)(Cl)Cl,245.8131161,711.5,31.5,"[743.0, 680.0]","['7', '21']",33.2343,8.2343,"[41.4686, 25.0]","['7', '21']",512.82,0.0,[512.82],['21'],,,,
C2Cl4,tetrachloroethylene,ClC(Cl)=C(Cl)Cl,165.832,619.75,0.788458412,"[620.0, 618.0, 620.2, 620.25, 620.05, 620.0]","['12', '7', '14', '19', '13', '21']",46.18435,1.340170798,"[48.01, 46.9274, 44.9, 44.9]","['12', '7', '19', '13']",268.945,21.055,"[290.0, 247.89]","['19', '13']",0.214,0.0,"[0.214, 0.214]","['12', '13']"
C2HCl5,"1,1,1,2,2-Pentachloroethane",ClC(Cl)C(Cl)(Cl)Cl,199.8520884,650.43,8.785192087,"[668.0, 646.0, 646.15, 646.0, 646.0]","['7', '14', '19', '13', '24']",36.6896,1.8896,"[38.5792, 34.8]","['7', '13']",369.14,0.0,[369.14],['13'],0.337,0.0,[0.337],['13']
C2H2Cl4,"1,1,2,2-Tetrachloroethane",ClC(Cl)C(Cl)Cl,165.8910608,653.78,7.510965317,"[657.0, 661.2, 661.15, 645.05, 644.5]","['7', '14', '19', '13', '21']",49.68955,8.78955,"[58.4791, 40.9]","['7', '13']",324.68,0.0,[324.68],['13'],0.253,0.0,[0.253],['13']
C3H3Cl5,"1,1,3,3,3-Pentachloropropane",ClC(Cl)CC(Cl)(Cl)Cl,213.8677385,683.0,0.0,[683.0],['7'],34.182,0.0,[34.182],['7'],,,,,,,,
CHCl3,chloroform,ClC(Cl)Cl,119.376,536.3294545,0.161367093,"[536.4, 536.124, 536.1, 536.4, 536.45, 536.5, 536.4, 536.45, 536.0, 536.4, 536.4]","['12', '7', '11', '14', '19', '22', '2', '13', '23', '24', '18']",55.0201872,0.971631401,"[54.72, 54.5318, 57.52145923, 54.7, 55.0, 55.5, 55.54, 53.2868, 55.0, 54.702, 54.72]","['12', '7', '11', '19', '22', '2', '13', '21', '23', '24', '18']",239.3322222,3.348474869,"[239.0, 239.0, 240.0, 237.98, 235.02, 247.95, 237.02, 239.01, 239.01]","['12', '19', '22', '2', '13', '21', '23', '24', '18']",0.227060649,0.008203199,"[0.222, 0.243363892, 0.228, 0.229, 0.218, 0.222]","['12', '11', '2', '13', '24', '18']"
C6H11Cl,chlorocyclohexane,ClC1CCCCC1,118.054928,613.5,27.5,"[641.0, 586.0]","['11', '6']",,,,,,,,,,,,
C2HCl3,trichloroethylene,ClC=C(Cl)Cl,131.387,565.66,10.72368407,"[571.0, 570.0, 572.0, 544.25, 571.05]","['12', '7', '14', '19', '13']",49.29535,0.998932864,"[47.74, 50.1414, 50.2, 49.1]","['12', '7', '19', '13']",256.075,0.075,"[256.0, 256.15]","['19', '13']",0.2135,0.0035,"[0.217, 0.21]","['12', '13']"
C2H2Cl2,"1,2-dichloroethylene",ClC=CCl,95.95335542,526.725,10.275,"[537.0, 516.45]","['14', '15']",54.82,0.0,[54.82],['15'],,,,,,,,
CH2BrCl,chlorobromomethane,ClCBr,127.9028398,558.0,0.0,[558.0],['14'],,,,,,,,,,,,
C3H3Cl5,"1,1,2,2,3-Pentachloropropane",ClCC(Cl)(Cl)C(Cl)Cl,213.8677385,713.0,0.0,[713.0],['7'],35.1532,0.0,[35.1532],['7'],,,,,,,,
C3H4Cl4,"1,2,2,3-Tetrachloropropane",ClCC(Cl)(Cl)CCl,179.9067108,664.0,0.0,[664.0],['7'],37.3554,0.0,[37.3554],['7'],,,,,,,,
C2H2Cl4,"1,1,1,2-Tetrachloroethane",ClCC(Cl)(Cl)Cl,165.8910608,626.0,0.0,[626.0],['7'],43.2843,0.0,[43.2843],['7'],,,,,,,,
C3H2Cl4,"1,1,2,3-Tetrachloro-1-propene",ClCC(Cl)=C(Cl)Cl,177.8910608,656.0,0.0,[656.0],['7'],43.3887,0.0,[43.3887],['7'],,,,,,,,
C3H4Cl4,"1,1,2,3-Tetrachloropropane",ClCC(Cl)C(Cl)Cl,179.9067108,697.0,0.0,[697.0],['7'],39.178,0.0,[39.178],['7'],,,,,,,,
C3H5Cl3,"1,2,3-Trichloropropane",ClCC(Cl)CCl,145.9456832,655.05,5.621832441,"[663.0, 651.0, 651.15]","['7', '14', '19']",41.26685,1.76685,"[43.0337, 39.5]","['7', '19']",348.0,0.0,[348.0],['19'],,,,
C2H3Cl3,"1,1,2-Trichloroethane",ClCC(Cl)Cl,131.9300331,604.7875,2.912982793,"[609.0, 606.0, 602.15, 602.0]","['7', '14', '19', '21']",47.51085,6.01085,"[53.5217, 41.5]","['7', '19']",294.0,0.0,[294.0],['19'],,,,
C3H5ClO,"1-Chloro-2,3-epoxypropane",ClCC1CO1,92.00289246,624.15,0.0,[624.15],['19'],,,,,,,,,,,,
C3H3Cl3,"1,1,3-Trichloro-1-propene",ClCC=C(Cl)Cl,143.9300331,628.0,0.0,[628.0],['7'],42.62,0.0,[42.62],['7'],,,,,,,,
C3H4Cl4,"1,1,1,3-Tetrachloropropane",ClCCC(Cl)(Cl)Cl,179.9067108,652.0,0.0,[652.0],['7'],37.8481,0.0,[37.8481],['7'],,,,,,,,
C3H5Cl3,"1,1,3-Trichloropropane",ClCCC(Cl)Cl,145.9456832,643.0,0.0,[643.0],['7'],41.5737,0.0,[41.5737],['7'],,,,,,,,
C4H8Cl2,"1,4-Dichlorobutane",ClCCCCCl,126.0003056,638.0,0.0,[638.0],['7'],38.9046,0.0,[38.9046],['7'],,,,,,,,
C3H6Cl2,"1,3-Dichloropropane",ClCCCCl,111.9846556,614.2333333,0.817856276,"[614.6, 613.1, 615.0]","['7', '11', '23']",47.79903292,0.92142079,"[49.09, 47.30709877, 47.0]","['7', '11', '23']",299.04,0.0,[299.04],['23'],0.27572413,0.0,[0.27572413],['11']
C2H4Cl2,"1,2-dichloroethane",ClCCCl,98.959,561.4401818,0.282062152,"[561.6, 561.6, 561.389, 561.42, 561.0, 561.15, 561.0, 561.6, 561.983, 561.5, 561.6]","['12', '1', '7', '11', '14', '19', '22', '13', '21', '23', '18']",53.64290638,0.755238037,"[53.7, 52.2612, 52.3344, 54.9334638, 54.0, 54.0, 53.7, 53.8, 54.0, 53.7]","['12', '1', '7', '11', '19', '22', '13', '21', '23', '18']",223.2046103,3.710830665,"[220.0, 230.9468822, 225.0, 220.0, 219.93, 224.72, 225.02, 220.02]","['12', '1', '19', '22', '13', '21', '23', '18']",0.28371582,0.008149098,"[0.287, 0.268, 0.2915791, 0.285, 0.287]","['12', '1', '11', '13', '18']"
C4H8Cl2O,Chloroethyl ether,ClCCOCCCl,141.9952202,666.0,0.0,[666.0],['7'],39.385,0.0,[39.385],['7'],,,,,,,,
CH2Cl2,dichloromethane,ClCCl,84.932,509.3745455,0.906796195,"[510.0, 507.96, 507.96, 510.0, 510.15, 510.0, 510.05, 510.0, 509.0, 508.0, 510.0]","['12', '7', '11', '14', '19', '22', '13', '24', '21', '23', '18']",62.21152681,1.33757282,"[63.55, 63.5608, 63.57446809, 61.0, 61.0, 60.8, 60.78, 63.55, 63.5, 60.8]","['12', '7', '11', '19', '22', '13', '24', '21', '23', '18']",187.0125,6.635549619,"[193.0, 185.05, 193.01, 176.99]","['19', '13', '24', '23']",0.204242711,0.010992247,"[0.199, 0.226213555, 0.198, 0.199, 0.199]","['12', '11', '13', '24', '18']"
C2H4Cl2O,Bis(chloromethyl)ether,ClCOCCl,113.9639201,584.0,0.0,[584.0],['7'],50.0776,0.0,[50.0776],['7'],,,,,,,,
C7H7Cl,chloromethylbenzene,ClCc1ccccc1,126.586,686.05,0.0,[686.05],['13'],39.1,0.0,[39.1],['13'],359.58,0.0,[359.58],['13'],0.314,0.0,[0.314],['13']
Cl2,Chlorine,ClCl,70.906,416.977925,0.107762885,"[416.8654, 416.87, 417.0, 416.96, 417.15, 416.928, 416.9, 417.15]","['1', '11', '22', '13', '2', '21', '24', '20']",78.46159151,1.404138317,"[76.424, 79.78373206, 77.0, 79.91, 77.9, 79.842, 79.723, 77.11]","['1', '11', '22', '13', '2', '21', '24', '20']",123.6613541,0.48101977,"[124.0694789, 124.0, 122.9, 123.99, 122.93, 123.99, 123.75]","['1', '22', '13', '2', '21', '24', '20']",0.077955589,0.009050948,"[0.07, 0.087777943, 0.073, 0.09, 0.069]","['1', '11', '2', '24', '20']"
Cl5P,pentachloro-lambda5-phosphane,ClP(Cl)(Cl)(Cl)Cl,208.239,646.15,0.0,[646.15],['20'],,,,,,,,,,,,
Cl3P,"phosphine, trichloro-",ClP(Cl)Cl,135.8803197,563.3166667,0.347211111,"[563.8, 563.15, 563.0]","['11', '13', '24']",56.7,0.0,[56.7],['13'],262.035,1.955,"[260.08, 263.99]","['13', '24']",0.22,0.0,[0.22],['13']
H2Cl2Si,Dichlorosilane,Cl[SiH2]Cl,99.93028195,449.15,0.0,[449.15],['19'],46.7,0.0,[46.7],['19'],,,,,,,,
Br3ClSi,"silane, tribromochloro-",Cl[Si](Br)(Br)Br,299.7007905,618.0,0.0,[618.0],['11'],,,,,,,,,,,,
Br2Cl2Si,dibromodichlorosilane,Cl[Si](Cl)(Br)Br,255.7513061,585.0,0.0,[585.0],['11'],,,,,,,,,,,,
BrCl3Si,bromotrichlorosilane,Cl[Si](Cl)(Cl)Br,211.8018217,540.0,0.0,[540.0],['11'],,,,,,,,,,,,
Cl4Si,silicon tetrachloride,Cl[Si](Cl)(Cl)Cl,167.8523373,508.06,0.0,[508.06],['11'],35.95612173,0.0,[35.95612173],['11'],,,,,0.221270076,0.0,[0.221270076],['11']
C6H4Cl2,p-dichlorobenzene,Clc1ccc(Cl)cc1,147.003,679.6416667,7.455614029,"[684.75, 669.2, 685.15, 669.0, 685.0, 684.75]","['12', '11', '19', '23', '24', '18']",39.03425,2.286660051,"[41.73, 39.5, 35.4, 39.507]","['12', '19', '23', '24']",369.35,3.761816937,"[372.0, 364.03, 372.02]","['19', '23', '24']",0.27,0.0,[0.27],['24']
C6H4Cl2,m-dichlorobenzene,Clc1cccc(Cl)c1,147.003,684.575,0.798305497,"[683.95, 685.7, 684.15, 685.7, 684.0, 683.95]","['12', '11', '19', '23', '24', '18']",40.526,2.066605429,"[43.11, 38.5, 42.0, 38.494]","['12', '19', '23', '24']",361.3233333,3.328206057,"[359.0, 366.03, 358.94]","['19', '23', '24']",0.26,0.0,[0.26],['24']
C6H5Cl,chlorobenzene,Clc1ccccc1,112.558,632.5016667,0.297540847,"[632.35, 632.35, 632.57, 632.4, 632.6, 632.45, 632.4, 632.35, 632.35, 633.45, 632.4, 632.35]","['12', '1', '11', '14', '17', '19', '22', '2', '13', '21', '23', '18']",45.18641558,0.066508371,"[45.19, 45.206, 45.18357143, 45.2, 45.2, 45.2, 45.3, 45.19, 45.191, 45.0, 45.19]","['12', '1', '11', '17', '19', '22', '2', '13', '21', '23', '18']",308.0927469,0.354209749,"[308.0, 308.6419753, 308.0, 308.0, 307.98, 307.5, 308.64, 307.98]","['12', '1', '19', '22', '2', '13', '21', '18']",0.249847956,0.002491203,"[0.25, 0.2532, 0.244887734, 0.251, 0.25, 0.25]","['12', '1', '11', '2', '13', '18']"
C6H4Cl2,o-dichlorobenzene,Clc1ccccc1Cl,145.9690055,708.2375,21.90523268,"[729.0, 677.6, 697.35, 729.0]","['14', '17', '19', '24']",41.01325,0.01325,"[41.0, 41.0265]","['19', '24']",359.985,0.015,"[360.0, 359.97]","['19', '24']",0.272,0.0,[0.272],['24']
HF,hydrogen floride,F,20.006,461.09,0.073484692,"[461.0, 461.15, 461.15, 461.0, 461.15]","['22', '2', '13', '24', '20']",64.8664,0.076130414,"[65.0, 64.9, 64.8, 64.832, 64.8]","['22', '2', '13', '24', '20']",69.0,0.0,"[69.0, 69.0, 69.0, 69.0, 69.0]","['22', '2', '13', '24', '20']",0.3688,0.022989563,"[0.383, 0.381, 0.329, 0.3822]","['2', '13', '24', '20']"
C3HClF4,"(Z)-1-Chloro-2,3,3,3-tetrafluoropropene",F/C(=C\Cl)C(F)(F)F,148.4867,428.69,0.0,[428.69],['1'],33.37,0.0,[33.37],['1'],281.6901408,0.0,[281.6901408],['1'],0.322,0.0,[0.322],['1']
C2Cl2F2,"(Z)-1,2-Dichloro-1,2-difluoroethylene",F/C(Cl)=C(\F)Cl,131.9345118,451.0,0.0,[451.0],['7'],43.3395,0.0,[43.3395],['7'],,,,,,,,
C2HCl2F,"(Z)-1,2-Dichloro-1-fluoroethylene",F/C(Cl)=C/Cl,113.9439336,491.0,0.0,[491.0],['7'],47.0113,0.0,[47.0113],['7'],,,,,,,,
C3HF5,"(E)-1,2,3,3,3-Pentafluoro-1-propene",F/C=C(/F)C(F)(F)F,131.9998411,386.75,0.0,[386.75],['7'],34.0,0.0,[34.0],['7'],,,,,,,,
C3H2F4,"(E)-1,2,3,3-Tetrafluoro-1-propene",F/C=C(/F)C(F)F,114.0092629,379.85,0.0,[379.85],['7'],35.3,0.0,[35.3],['7'],,,,,,,,
C2HClF2,"(Z)-1-Chloro-1,2-difluoroethylene",F/C=C(/F)Cl,97.97348415,408.0,0.0,[408.0],['7'],47.6281,0.0,[47.6281],['7'],,,,,,,,
C3HF5,"(Z)-1,2,3,3,3-Pentafluoro-1-propene",F/C=C(\F)C(F)(F)F,131.9998411,379.25,0.0,[379.25],['7'],33.4,0.0,[33.4],['7'],,,,,,,,
C3H2F4,"trans-1,3,3,3-Tetrafluoropropene",F/C=C/C(F)(F)F,114.0416,382.48325,0.048080011,"[382.513, 382.51, 382.51, 382.4]","['1', '7', '11', '10']",36.34760946,0.032403634,"[36.349, 36.3226, 36.31883783, 36.4]","['1', '7', '11', '10']",233.8651165,0.76488345,"[233.1002331, 234.63]","['1', '10']",0.313003217,3.22e-06,"[0.313, 0.313006434]","['1', '11']"
C2H2ClF,(E)-1-Chloro-2-fluoroethylene,F/C=C/Cl,79.98290596,445.0,0.0,[445.0],['7'],76.399,0.0,[76.399],['7'],,,,,,,,
C2H2F2,"(E)-1,2-Difluoroethylene",F/C=C/F,64.0124565,350.0,0.0,[350.0],['7'],69.3723,0.0,[69.3723],['7'],,,,,,,,
C3H2F4,"cis-1,3,3,3-Tetrafluoropropene",F/C=C\C(F)(F)F,114.0416,423.28,0.014142136,"[423.27, 423.27, 423.3]","['1', '7', '10']",35.32406667,0.013023398,"[35.306, 35.3362, 35.33]","['1', '7', '10']",246.33,3.67,"[250.0, 242.66]","['1', '10']",0.327,0.0,[0.327],['1']
C2H2ClF,(Z)-1-Chloro-2-fluoroethylene,F/C=C\Cl,79.98290596,462.0,0.0,[462.0],['7'],58.4863,0.0,[58.4863],['7'],,,,,,,,
C2H2F2,"(Z)-1,2-Difluoroethylene",F/C=C\F,64.0124565,365.0,0.0,[365.0],['7'],51.4439,0.0,[51.4439],['7'],,,,,,,,
F2N2,(E)-difluorodiazene  ,F/N=N/F,66.00295444,260.0666667,0.094280904,"[260.2, 260.0, 260.0]","['11', '22', '20']",55.7,0.0,[55.7],['20'],113.3,0.0,[113.3],['22'],,,,
F2N2,(Z)-difluorodiazene ,F/N=N\F,66.00295444,272.05,0.08660254,"[272.2, 272.0, 272.0, 272.0]","['11', '22', '21', '20']",70.9,0.0,[70.9],['20'],113.3,0.0,[113.3],['22'],,,,
BrF5,bromine pentafloride,FBr(F)(F)(F)F,174.896,470.0,0.0,[470.0],['22'],,,,,,,,,,,,
BrF3,bromine trifloride,FBr(F)F,136.899,600.0,0.0,[600.0],['22'],49.9,0.0,[49.9],['22'],114.7,0.0,[114.7],['22'],,,,
C6F12,"2-pentene, nonafluoro-4-(trifluoromethyl)-",FC(=C(F)C(F)(C(F)(F)F)C(F)(F)F)C(F)(F)F,299.9808386,438.99,0.0,[438.99],['11'],19.72988764,0.0,[19.72988764],['11'],,,,,0.508358207,0.0,[0.508358207],['11']
C3HCl4F,"1,3,3,3-Tetrachloro-2-fluoro-1-propene",FC(=CCl)C(Cl)(Cl)Cl,195.881639,639.0,0.0,[639.0],['7'],36.1917,0.0,[36.1917],['7'],,,,,,,,
C3HCl3F4,"1,1,3-Trichloro-1,2,3,3-tetrafluoropropane",FC(C(F)(F)Cl)C(F)(Cl)Cl,217.907996,540.0,0.0,[540.0],['7'],30.4876,0.0,[30.4876],['7'],,,,,,,,
C3HClF6,"1-Chloro-1,1,2,3,3,3-hexafluoropropane",FC(C(F)(F)F)C(F)(F)Cl,185.967097,430.15,2.238675203,"[427.0, 431.45, 432.0]","['7', '15', '6']",29.1946,0.811544815,"[28.0838, 29.5, 30.0]","['7', '15', '6']",319.771868,1.76813205,"[318.0037359, 321.54]","['15', '6']",,,,
C3HF7,"1,1,1,2,3,3,3-Heptafluoropropane",FC(C(F)(F)F)C(F)(F)F,170.02886,375.19725,0.46860211,"[374.9, 375.008, 375.01, 376.0, 376.0, 374.83, 375.0, 374.83]","['1', '7', '11', '14', '22', '21', '23', '18']",29.24930072,0.068847776,"[29.25, 29.292, 29.28850359, 29.116, 29.3]","['1', '7', '11', '21', '23']",288.0707582,9.337397638,"[286.1230329, 293.15, 299.04, 273.97]","['1', '22', '23', '18']",0.356477754,0.000522246,"[0.357, 0.355955507]","['1', '11']"
C4HF9O,"3-(Trifluoromethoxy)-1,1,1,2,3,3-Hexafluoropropane",FC(C(F)(F)F)C(F)(F)OC(F)(F)F,235.9883686,392.0,0.0,[392.0],['7'],20.4561,0.0,[20.4561],['7'],,,,,,,,
C6H3F11O,"1,1,1,2,3,3-hexafluoro-3-(2,2,3,3,3-pentafluoropropoxy)propane",FC(C(F)(F)F)C(F)(F)OCC(F)(F)C(F)(F)F,300.0008251,486.48,0.0,"[486.48, 486.48]","['11', '8']",19.46793848,0.032061525,"[19.43587695, 19.5]","['11', '8']",529.1,0.0,[529.1],['8'],0.589222767,0.0,[0.589222767],['11']
C5H3F9O,"1,1,1,2,3,3-hexafluoro-3-(2,2,2-trifluoroethoxy)propane",FC(C(F)(F)F)C(F)(F)OCC(F)(F)F,250.0040187,475.74,0.0,"[475.74, 475.74]","['11', '8']",22.32736508,0.002634915,"[22.32473017, 22.33]","['11', '8']",444.25,0.0,[444.25],['8'],0.53165267,0.0,[0.53165267],['11']
C4H2F8,"1,1,1,2,3,4,4,4-octafluorobutane ",FC(C(F)C(F)(F)F)C(F)(F)F,202.044,422.0,0.0,[422.0],['6'],25.0,0.0,[25.0],['6'],348.31,0.0,[348.31],['6'],,,,
C2Cl5F,Pentachlorofluoroethane,FC(Cl)(Cl)C(Cl)(Cl)Cl,217.8426666,623.0,0.0,[623.0],['7'],38.0113,0.0,[38.0113],['7'],,,,,,,,
C3Cl5F,"1,1,2,3,3-Pentachloro-3-fluoro-1-propene",FC(Cl)(Cl)C(Cl)=C(Cl)Cl,229.8426666,666.0,0.0,[666.0],['7'],33.1433,0.0,[33.1433],['7'],,,,,,,,
C2HCl4F,"1,1,2,2-Tetrachloro-1-fluoroethane",FC(Cl)(Cl)C(Cl)Cl,183.881639,614.0,0.0,[614.0],['7'],45.3344,0.0,[45.3344],['7'],,,,,,,,
C2Cl4F2,"1,1,2,2-Tetrachloro-1,2-difluoroethane",FC(Cl)(Cl)C(F)(Cl)Cl,201.8722172,551.0875,0.064951905,"[551.15, 551.0, 551.15, 551.05]","['7', '14', '19', '13']",35.13026667,1.075458418,"[36.6508, 34.4, 34.34]","['7', '19', '13']",360.94,10.06,"[371.0, 350.88]","['19', '13']",0.29,0.0,[0.29],['13']
C3HCl4F3,"1,1,3,3-Tetrachloro-1,2,2-trifluoropropane",FC(Cl)(Cl)C(F)(F)C(Cl)Cl,233.8784454,593.0,0.0,[593.0],['7'],30.3235,0.0,[30.3235],['7'],,,,,,,,
C2H2Cl3F,"1,1,2-Trichloro-1-fluoroethane",FC(Cl)(Cl)CCl,149.9206113,547.0,0.0,[547.0],['7'],41.0488,0.0,[41.0488],['7'],,,,,,,,
CCl3F,trichlorofluoromethane,FC(Cl)(Cl)Cl,137.367,471.15575,0.053997106,"[471.2, 471.11, 471.171, 471.14, 471.2, 471.25, 471.1, 471.06, 471.2, 471.138, 471.1, 471.2]","['12', '1', '7', '11', '14', '19', '22', '13', '24', '21', '23', '18']",44.09583309,0.21463313,"[44.08, 44.07638, 43.945, 43.86778399, 44.1, 44.72, 43.94, 44.065, 44.18, 44.0, 44.08]","['12', '1', '7', '11', '19', '22', '13', '24', '21', '23', '18']",247.2051903,1.609847186,"[248.0, 247.9567127, 248.0, 248.0, 243.13, 248.02, 245.7, 248.02, 248.02]","['12', '1', '19', '22', '13', '24', '21', '23', '18']",0.188361502,0.000937899,"[0.189, 0.18875, 0.186419011, 0.188, 0.189, 0.189]","['12', '1', '11', '13', '24', '18']"
C2Cl3F,Trichloromonofluoroethylene,FC(Cl)=C(Cl)Cl,147.9049613,566.0,0.0,[566.0],['7'],42.0626,0.0,[42.0626],['7'],,,,,,,,
C3HCl6F,"1,1,1,2,2,3-Hexachloro-3-fluoropropane",FC(Cl)C(Cl)(Cl)C(Cl)(Cl)Cl,265.8193443,732.0,0.0,[732.0],['7'],31.2198,0.0,[31.2198],['7'],,,,,,,,
C2HCl4F,"1,1,1,2-Tetrachloro-2-fluoroethane",FC(Cl)C(Cl)(Cl)Cl,183.881639,604.0,0.0,[604.0],['7'],38.6538,0.0,[38.6538],['7'],,,,,,,,
C3H2Cl2F4,"2,3-Dichloro-1,1,1,3-tetrafluoropropane",FC(Cl)C(Cl)C(F)(F)F,183.9469683,513.55,3.220507206,"[509.0, 515.65, 516.0]","['7', '15', '6']",32.6531,0.0,[32.6531],['7'],,,,,,,,
C2H2Cl3F,"1,1,2-Trichloro-2-fluoroethane",FC(Cl)C(Cl)Cl,149.9206113,576.0,0.0,[576.0],['7'],47.5848,0.0,[47.5848],['7'],,,,,,,,
C3HCl2F5,"2,3-Dichloro-1,1,1,2,3-pentafluoropropane",FC(Cl)C(F)(Cl)C(F)(F)F,201.9375465,485.0166667,1.426144764,"[483.0, 486.05, 486.0]","['7', '15', '6']",31.20643333,0.518738318,"[31.9193, 30.7, 31.0]","['7', '15', '6']",344.6566023,0.65660225,"[345.3132045, 344.0]","['15', '6']",,,,
C2HCl3F2,"1,1,2-Trichloro-1,2-difluoroethane",FC(Cl)C(F)(Cl)Cl,167.9111895,528.0,0.0,[528.0],['7'],38.7287,0.0,[38.7287],['7'],,,,,,,,
C2HBrClF3,"1-bromo-2-chloro-1,1,2-trifloroethane",FC(Cl)C(F)(F)Br,197.382,487.3,0.0,[487.3],['22'],34.2,0.0,[34.2],['22'],,,,,,,,
C3HCl2F5,"1,3-Dichloro-1,1,2,2,3-pentafluoropropane",FC(Cl)C(F)(F)C(F)(F)Cl,201.9375465,484.95,0.05,"[485.0, 484.9]","['7', '6']",32.8693,0.0,[32.8693],['7'],364.3,0.0,[364.3],['6'],,,,
C2HCl2F3,"1,2-dichloro-1,1,2-trifluoroethane",FC(Cl)C(F)(F)Cl,152.93,461.6142857,0.034992711,"[461.6, 461.6, 461.6, 461.6, 461.7, 461.6, 461.6]","['12', '7', '11', '14', '22', '23', '18']",37.74359776,0.235268795,"[38.14, 37.5754, 37.55899105, 37.7]","['12', '7', '11', '23']",280.605,2.605,"[278.0, 283.21]","['22', '23']",0.278189385,0.0,[0.278189385],['11']
C2HClF4,"2-chloro-1,1,1,2-tetrafluoroethane",FC(Cl)C(F)(F)F,136.476,395.4961111,0.104184073,"[395.65, 395.425, 395.43, 395.43, 395.5, 395.6, 395.35, 395.43, 395.65]","['12', '1', '7', '11', '14', '22', '21', '23', '18']",36.30915384,0.176924035,"[36.6, 36.24295, 36.1718, 36.16848075, 36.34, 36.15, 36.2, 36.6]","['12', '1', '7', '11', '22', '21', '23', '18']",243.3458931,1.071305948,"[243.81, 243.7053587, 243.8, 240.96, 244.02, 243.78]","['12', '1', '22', '21', '23', '18']",0.287946773,0.000155386,"[0.288, 0.2881, 0.287687091, 0.288]","['12', '1', '11', '18']"
C3H3Cl2F3O,"Chloromethyl 2-chloro-1,1,2-trifluoroethyl ether",FC(Cl)C(F)(F)OCCl,181.9513047,532.0,0.0,[532.0],['7'],22.9758,0.0,[22.9758],['7'],,,,,,,,
C2H2Cl2F2,"1,2-Dichloro-1,2-difluoroethane",FC(Cl)C(F)Cl,133.9501619,526.0,0.0,[526.0],['7'],44.4091,0.0,[44.4091],['7'],,,,,,,,
C2H3Cl2F,"1,2-Dichloro-1-fluoroethane",FC(Cl)CCl,115.9595837,542.0,0.0,[542.0],['7'],48.8155,0.0,[48.8155],['7'],,,,,,,,
CHCl2F,dichlorofluoromethane,FC(Cl)Cl,102.922,451.5853333,0.04826547,"[451.58, 451.48, 451.644, 451.64, 451.6, 451.58, 451.52, 451.55, 451.6, 451.65, 451.6, 451.58]","['12', '1', '7', '11', '14', '19', '22', '13', '24', '21', '23', '18']",51.88801911,0.078611321,"[51.84, 51.812, 52.0043, 52.00829111, 51.8, 51.87, 51.84, 51.8656, 52.0, 51.84]","['12', '1', '7', '11', '19', '22', '13', '24', '23', '18']",196.1050445,0.415243884,"[196.0, 195.6654009, 196.0, 196.0, 196.04, 196.0, 197.24, 196.0, 196.0]","['12', '1', '19', '22', '13', '24', '21', '23', '18']",0.20642804,0.001828771,"[0.205, 0.2061, 0.207468238, 0.205, 0.21, 0.205]","['12', '1', '11', '13', '24', '18']"
C3HCl4F3O,"1,1,1-Trichloro-2-(chlorofluoromethoxy)-2,2-difluoroethane",FC(Cl)OC(F)(F)C(Cl)(Cl)Cl,249.87336,591.0,0.0,[591.0],['7'],30.1896,0.0,[30.1896],['7'],,,,,,,,
CBr2F2,dibromodifluoromethane,FC(F)(Br)Br,207.8334806,471.2625,0.16345871,"[471.3, 471.45, 471.3, 471.0]","['14', '19', '22', '6']",43.3,2.0,"[41.3, 45.3]","['19', '22']",249.5,0.5,"[249.0, 250.0]","['19', '22']",,,,
C2Br2ClF3,"1,2-dibromo-2-chloro-1,1,2-trifluoroethane",FC(F)(Br)C(F)(Cl)Br,273.8007365,560.94,0.264669605,"[560.61, 561.2, 560.75, 561.2]","['11', '14', '19', '22']",36.07604502,0.023954985,"[36.05209003, 36.1]","['11', '22']",357.8,0.0,[357.8],['22'],0.244964066,0.0,[0.244964066],['11']
C2Br2F4,"1,2-dibromotetrafluoroethane",FC(F)(Br)C(F)(F)Br,259.824,487.81,0.02,"[487.8, 487.8, 487.85, 487.8, 487.8]","['12', '14', '19', '21', '18']",33.93,0.0,"[33.93, 33.93, 33.93]","['12', '19', '18']",336.9833333,5.645106042,"[341.0, 329.0, 340.95]","['12', '19', '18']",0.243,0.0,"[0.243, 0.243]","['12', '18']"
C4Br2F8,"1,4-dibromoperfluorobutane",FC(F)(Br)C(F)(F)C(F)(F)C(F)(F)Br,357.8239,532.6666667,0.23570226,"[532.5, 532.5, 533.0]","['11', '14', '6']",23.93946189,0.060538115,"[23.87892377, 24.0]","['11', '6']",,,,,,,,
C3HCl5F2,"1,1,1,3,3-Pentachloro-2,2-difluoropropane",FC(F)(C(Cl)Cl)C(Cl)(Cl)Cl,249.8488949,660.0,0.0,[660.0],['7'],30.7238,0.0,[30.7238],['7'],,,,,,,,
CBrClF2,bromochlorodifluoromethane,FC(F)(Cl)Br,165.365,428.0071429,2.030733255,"[426.15, 430.0, 426.9, 431.95, 426.9, 428.0, 426.15]","['12', '11', '14', '19', '22', '23', '18']",42.7777957,0.323729267,"[42.54, 43.34677419, 42.54, 42.6, 43.1, 42.54]","['12', '11', '19', '22', '23', '18']",242.598,6.804,"[246.0, 246.0, 246.0, 228.99, 246.0]","['12', '19', '22', '23', '18']",0.184818688,0.003084841,"[0.187, 0.180456064, 0.187]","['12', '11', '18']"
C2Cl4F2,"1,1,1,2-Tetrachloro-2,2-difluoroethane",FC(F)(Cl)C(Cl)(Cl)Cl,201.8722172,552.35,0.0,[552.35],['7'],25.3578,0.0,[25.3578],['7'],,,,,,,,
C3Cl4F2,"1,1,2,3-Tetrachloro-3,3-difluoro-1-propene",FC(F)(Cl)C(Cl)=C(Cl)Cl,213.8722172,606.0,0.0,[606.0],['7'],33.237,0.0,[33.237],['7'],,,,,,,,
C2HCl3F2,"1,2,2-Trichloro-1,1-difluoroethane",FC(F)(Cl)C(Cl)Cl,167.9111895,526.0,0.0,[526.0],['7'],37.8172,0.0,[37.8172],['7'],,,,,,,,
C2Cl3F3,"1,1,2-trichloro-1,2,2-trifluoroethane",FC(F)(Cl)C(F)(Cl)Cl,187.375,487.273,0.107950325,"[487.25, 487.21, 487.097, 487.1, 487.4, 487.35, 487.4, 487.21, 487.336, 487.4, 487.25]","['12', '1', '7', '11', '14', '19', '22', '13', '21', '23', '18']",33.97750077,0.117340397,"[34.1, 33.922, 33.9069, 33.89700765, 34.2, 33.78, 33.92, 33.9491, 34.0, 34.1]","['12', '1', '7', '11', '19', '22', '13', '21', '23', '18']",327.7372783,4.049626639,"[325.0, 334.5982262, 325.0, 325.0, 334.56, 327.76, 324.99, 324.99]","['12', '1', '19', '22', '13', '21', '23', '18']",0.252268395,0.000437282,"[0.252, 0.25253, 0.251811973, 0.253, 0.252]","['12', '1', '11', '13', '18']"
C3HCl3F4,"1,1,3-Trichloro-2,2,3,3-tetrafluoropropane",FC(F)(Cl)C(F)(F)C(Cl)Cl,217.907996,545.0,0.0,[545.0],['7'],30.76,0.0,[30.76],['7'],,,,,,,,
C3Cl2F6,"1,3-Dichloro-1,1,2,2,3,3-hexafluoropropane",FC(F)(Cl)C(F)(F)C(F)(F)Cl,219.9281247,453.15,0.0,[453.15],['15'],27.54,0.0,[27.54],['15'],382.6749369,0.0,[382.6749369],['15'],,,,
C2Cl2F4,"1,2-dichloro-1,1,2,2-tetrafluoroethane",FC(F)(Cl)C(F)(F)Cl,170.921,418.8233818,0.057920978,"[418.85, 418.83, 418.7452, 418.745, 418.9, 418.78, 418.9, 418.85, 418.867, 418.74, 418.85]","['12', '1', '7', '11', '14', '19', '22', '13', '21', '23', '18']",32.71681313,0.41729214,"[32.6, 32.57, 32.7381, 32.74003127, 32.52, 32.37, 32.6, 33.93, 32.5, 32.6]","['12', '1', '7', '11', '19', '22', '13', '21', '23', '18']",294.5871327,0.988435478,"[294.0, 294.7070612, 297.0, 294.0, 294.2, 293.77, 294.99, 294.03]","['12', '1', '19', '22', '13', '21', '23', '18']",0.252801403,0.001457446,"[0.252, 0.2523, 0.255707017, 0.252, 0.252]","['12', '1', '11', '13', '18']"
C2H2Cl2F2,"1,2-Dichloro-1,1-difluoroethane",FC(F)(Cl)CCl,133.9501619,495.0,0.0,[495.0],['7'],44.1886,0.0,[44.1886],['7'],,,,,,,,
CCl2F2,dichlorodifluoromethane,FC(F)(Cl)Cl,120.913,383.6232917,4.553204936,"[384.95, 385.12, 384.9395, 384.926, 385.0, 384.95, 385.1, 385.12, 385.0, 368.524, 384.9, 384.95]","['12', '1', '7', '11', '14', '19', '22', '13', '24', '21', '23', '18']",41.22170604,0.175215987,"[41.25, 41.361, 41.1074, 41.19499144, 41.36, 41.3, 41.36, 41.33, 40.725375, 41.2, 41.25]","['12', '1', '7', '11', '19', '22', '13', '24', '21', '23', '18']",214.8650357,4.484891267,"[217.0, 214.0053215, 217.0, 217.0, 214.0, 217.01, 202.75, 218.01, 217.01]","['12', '1', '19', '22', '13', '24', '21', '23', '18']",0.183614603,0.0091242,"[0.18, 0.17948, 0.179207619, 0.179, 0.204, 0.18]","['12', '1', '11', '13', '24', '18']"
C4H2F6,"(E)-1,1,1,4,4,4-Hexafluoro-2-butene",FC(F)(F)/C=C/C(F)(F)F,164.0060694,443.52,0.0,[443.52],['7'],27.7,0.0,[27.7],['7'],,,,,,,,
C3H2ClF3,"trans-1-Chloro-3,3,3-trifluoro-1-propene",FC(F)(F)/C=C/Cl,130.4962,439.0333333,0.400693843,"[439.6, 438.75, 438.75]","['1', '7', '11']",35.9657,0.2713,"[36.237, 35.6944]","['1', '7']",271.7391304,0.0,[271.7391304],['1'],0.3025,0.0,[0.3025],['1']
C4H2F6,"(Z)-1,1,1,4,4,4-Hexafluoro-2-butene",FC(F)(F)/C=C\C(F)(F)F,164.056,444.4855,0.0145,"[444.5, 444.471]","['1', '7']",29.0102,0.0198,"[29.03, 28.9904]","['1', '7']",328.5151117,0.0,[328.5151117],['1'],0.386,0.0,[0.386],['1']
CBrF3,bromotrifluoromethane,FC(F)(F)Br,148.911,340.1447778,0.06264854,"[340.15, 340.063, 340.2, 340.25, 340.15, 340.2, 340.08, 340.06, 340.15]","['12', '11', '14', '19', '22', '24', '21', '23', '18']",39.6641529,0.053139423,"[39.7, 39.64362322, 39.7, 39.7, 39.7096, 39.56, 39.6, 39.7]","['12', '11', '19', '22', '24', '21', '23', '18']",198.5614286,2.007787898,"[200.0, 200.0, 200.0, 196.0, 194.93, 199.0, 200.0]","['12', '19', '22', '24', '21', '23', '18']",0.170681722,0.000728554,"[0.17, 0.171726888, 0.171, 0.17]","['12', '11', '24', '18']"
C2Cl3F3,"1,1,1-Trichloro-2,2,2-trifluoroethane",FC(F)(F)C(Cl)(Cl)Cl,185.9017677,483.95,1.05,"[485.0, 482.9]","['7', '21']",34.94,0.0,[34.94],['7'],,,,,,,,
C3Cl3F3,"1,1,2-Trichloro-3,3,3-trifluoro-1-propene",FC(F)(F)C(Cl)=C(Cl)Cl,197.9017677,542.0,0.0,[542.0],['7'],32.985,0.0,[32.985],['7'],,,,,,,,
C2HBrClF3,"1-bromo-1-chloro-2,2,2-trifloroethane",FC(F)(F)C(Cl)Br,197.382,494.25,2.05,"[492.2, 496.3]","['22', '21']",38.0,0.0,[38.0],['22'],,,,,,,,
C3HCl2F5,"1,2-Dichloro-1,1,3,3,3-pentafluoropropane",FC(F)(F)C(Cl)C(F)(F)Cl,201.9375465,479.45,0.414326763,"[480.0, 479.35, 479.0]","['7', '15', '6']",29.5554,0.700660393,"[28.5662, 30.1, 30.0]","['7', '15', '6']",343.6469145,0.3530855,"[343.293829, 344.0]","['15', '6']",,,,
C3HClF6,"2-Chloro-1,1,1,3,3,3-hexafluoropropane",FC(F)(F)C(Cl)C(F)(F)F,185.967097,428.7833333,4.098034759,"[423.0, 431.35, 432.0]","['7', '15', '6']",29.2712,1.174940657,"[27.6136, 30.2, 30.0]","['7', '15', '6']",315.172197,0.887803,"[314.284394, 316.06]","['15', '6']",,,,
C3H3Cl2F3,"2,3-Dichloro-1,1,1-trifluoropropane",FC(F)(F)C(Cl)CCl,165.9563901,523.6833333,1.897512992,"[521.0, 525.05, 525.0]","['7', '15', '6']",40.5821,0.0,[40.5821],['7'],,,,,,,,
C2HCl2F3,"2,2-dichloro-1,1,1-trifluoroethane",FC(F)(F)C(Cl)Cl,152.93,456.8768889,0.04832171,"[456.94, 456.831, 456.835, 456.84, 456.9, 456.9, 456.906, 456.8, 456.94]","['12', '1', '7', '11', '14', '22', '21', '23', '18']",36.69963761,0.049419786,"[36.76, 36.618, 36.6554, 36.65570087, 36.74, 36.708, 36.7, 36.76]","['12', '1', '7', '11', '22', '21', '23', '18']",277.6007532,0.948655574,"[278.0, 278.0545193, 278.05, 275.48, 278.01, 278.01]","['12', '1', '22', '21', '23', '18']",0.281999994,5.66e-05,"[0.282, 0.28192, 0.282079974, 0.282]","['12', '1', '11', '18']"
C6F14,"butane, octafluoro-2,3-bis(trifluoromethyl)-",FC(F)(F)C(F)(C(F)(F)F)C(F)(C(F)(F)F)C(F)(F)F,337.9776451,462.9866667,0.018856181,"[462.96, 463.0, 463.0]","['11', '14', '22']",19.11708861,0.41708861,"[19.53417722, 18.7]","['11', '22']",528.0,0.0,[528.0],['22'],0.41930306,0.0,[0.41930306],['11']
C4F10,perfluoro-2-methylpropane,FC(F)(F)C(F)(C(F)(F)F)C(F)(F)F,237.9840322,395.39,0.014142136,"[395.37, 395.37, 395.4, 395.4, 395.4, 395.4]","['7', '11', '14', '22', '21', '23']",24.19881681,0.001673283,"[24.19645043, 24.2, 24.2]","['11', '22', '21']",387.02,9.02,"[378.0, 396.04]","['22', '23']",,,,
C3Cl2F6,"1,2-dichloro-1,1,2,3,3,3-hexafluoropropane",FC(F)(F)C(F)(Cl)C(F)(F)Cl,219.9281247,448.925,2.900107757,"[451.85, 446.05, 446.0, 451.8]","['11', '19', '21', '23']",26.3,0.0,[26.3],['23'],364.96,0.0,[364.96],['23'],,,,
C2Cl2F4,"1,1-dichloro-1,2,2,2-tetrafluoroethane",FC(F)(F)C(F)(Cl)Cl,170.921,418.6181111,0.045991411,"[418.55, 418.633, 418.63, 418.6, 418.65, 418.7, 418.65, 418.6, 418.55]","['12', '7', '11', '14', '19', '22', '21', '23', '18']",32.89597402,0.292610018,"[33.0, 32.949, 32.96299213, 33.0, 32.13, 33.0258, 33.1, 33.0]","['12', '7', '11', '19', '22', '21', '23', '18']",293.8866667,0.280574807,"[294.0, 294.0, 294.0, 293.26, 294.03, 294.03]","['12', '19', '22', '21', '23', '18']",0.253381602,0.000539666,"[0.253, 0.254144805, 0.253]","['12', '11', '18']"
C3HCl2F5,"3,3-Dichloro-1,1,1,2,2-pentafluoropropane",FC(F)(F)C(F)(F)C(Cl)Cl,201.9375465,481.0,0.0,[481.0],['7'],31.5854,0.0,[31.5854],['7'],,,,,,,,
C6F14,"pentane, undecafluoro-3-(trifluoromethyl)-",FC(F)(F)C(F)(F)C(F)(C(F)(F)F)C(F)(F)C(F)(F)F,337.9776451,450.0,0.0,"[450.0, 450.0, 450.0]","['11', '14', '22']",16.91182775,0.011827755,"[16.92365551, 16.9]","['11', '22']",,,,,0.468521083,0.0,[0.468521083],['11']
C6F14,"pentane, undecafluoro-2-(trifluoromethyl)-",FC(F)(F)C(F)(F)C(F)(F)C(F)(C(F)(F)F)C(F)(F)F,337.9776451,453.9075,0.916879899,"[454.63, 453.0, 453.0, 455.0]","['11', '14', '22', '6']",18.67482153,0.369096487,"[18.72446458, 18.2, 19.1]","['11', '22', '6']",535.01,14.99,"[550.0, 520.02]","['22', '6']",0.459045191,0.0,[0.459045191],['11']
C10F22,"decane, docosafluoro-",FC(F)(F)C(F)(F)C(F)(F)C(F)(F)C(F)(F)C(F)(F)C(F)(F)C(F)(F)C(F)(F)C(F)(F)F,537.9648708,542.226,0.135292276,"[542.38, 542.3, 542.15, 542.3, 542.0]","['11', '14', '19', '22', '6']",14.50344528,0.005967396,"[14.51378111, 14.5, 14.5, 14.5]","['11', '19', '22', '6']",624.2,0.0,[624.2],['22'],,,,
C9F20,eicosafluorononane,FC(F)(F)C(F)(F)C(F)(F)C(F)(F)C(F)(F)C(F)(F)C(F)(F)C(F)(F)C(F)(F)F,487.9680644,523.984,0.091782351,"[523.97, 523.9, 524.15, 523.9, 524.0]","['11', '14', '19', '22', '6']",15.60090828,0.001573183,"[15.60363311, 15.6, 15.6, 15.6]","['11', '19', '22', '6']",590.6,0.0,[590.6],['22'],0.494850022,0.0,[0.494850022],['11']
C8F18,octadecafluorooctane,FC(F)(F)C(F)(F)C(F)(F)C(F)(F)C(F)(F)C(F)(F)C(F)(F)C(F)(F)F,437.971258,501.17,1.543243338,"[501.1, 502.2, 502.15, 502.2, 498.2]","['11', '14', '19', '22', '6']",16.11869113,0.659383274,"[16.27476453, 16.6, 16.6, 15.0]","['11', '19', '22', '6']",626.14,91.74,"[534.4, 717.88]","['22', '6']",0.617982957,0.0,[0.617982957],['11']
C7F16,hexadecafluoroheptane,FC(F)(F)C(F)(F)C(F)(F)C(F)(F)C(F)(F)C(F)(F)C(F)(F)F,387.9744515,476.0728571,1.243091932,"[477.6, 477.8, 474.85, 475.0, 475.46, 477.0, 474.8]","['11', '14', '19', '22', '21', '23', '24']",16.24279129,0.036165318,"[16.25595643, 16.2, 16.25, 16.3, 16.208]","['11', '19', '21', '23', '24']",651.672,24.27064021,"[664.0, 664.3, 662.91, 603.14, 664.01]","['19', '22', '21', '23', '24']",0.542891868,0.017108132,"[0.525783736, 0.56]","['11', '24']"
C6F14,Tetradecafluorohexane,FC(F)(F)C(F)(F)C(F)(F)C(F)(F)C(F)(F)C(F)(F)F,338.042,449.204,1.259414376,"[448.0, 451.1, 448.8, 447.65, 448.7, 449.178, 451.0]","['1', '11', '14', '19', '22', '21', '23']",18.5846675,0.53031553,"[17.416, 18.788005, 19.0, 18.7, 18.804, 18.8]","['1', '11', '19', '22', '21', '23']",569.7713014,23.04941837,"[547.9452055, 573.2, 606.06, 551.88]","['1', '22', '21', '23']",0.495925011,0.001074989,"[0.497, 0.494850022]","['1', '11']"
C5F12,Dodecafluoropentane,FC(F)(F)C(F)(F)C(F)(F)C(F)(F)C(F)(F)F,288.034,421.6633333,0.478074843,"[421.0, 421.83, 422.0, 422.15, 422.0, 421.0]","['1', '11', '14', '19', '22', '6']",20.42559381,0.109205228,"[20.63, 20.39796905, 20.3, 20.4, 20.4]","['1', '11', '19', '22', '6']",436.1331644,37.52955027,"[460.8294931, 383.1, 464.47]","['1', '22', '6']",0.428680395,0.007319605,"[0.436, 0.42136079]","['1', '11']"
C8F16O,perfluoro-2-butyl-tetrahydrofuran,FC(F)(F)C(F)(F)C(F)(F)C(F)(F)C1(F)OC(F)(F)C(F)(F)C1(F)F,415.9693661,500.2166667,0.023570226,"[500.2, 500.25, 500.2]","['14', '19', '8']",16.07,0.0,"[16.07, 16.07]","['19', '8']",647.855,59.855,"[588.0, 707.71]","['19', '8']",,,,
C4F10,decafluorobutane,FC(F)(F)C(F)(F)C(F)(F)C(F)(F)F,238.029,386.3626667,0.040628397,"[386.35, 386.326, 386.368, 386.37, 386.4, 386.45, 386.35, 386.3, 386.35]","['12', '1', '7', '11', '14', '19', '21', '23', '18']",23.21928309,0.044467763,"[23.23, 23.224, 23.1539, 23.15256472, 23.23, 23.2338, 23.3, 23.23]","['12', '1', '7', '11', '19', '21', '23', '18']",387.9948016,8.959929761,"[397.0, 379.2188093, 378.0, 396.83, 379.94, 396.98]","['12', '1', '19', '21', '23', '18']",0.371724087,0.000477894,"[0.372, 0.372, 0.37089635, 0.372]","['12', '1', '11', '18']"
C12F27N,Perfluorotributylamine,FC(F)(F)C(F)(F)C(F)(F)C(F)(F)N(C(F)(F)C(F)(F)C(F)(F)C(F)(F)F)C(F)(F)C(F)(F)C(F)(F)C(F)(F)F,670.9599609,563.245,2.155,"[561.09, 565.4]","['11', '8']",11.31168959,0.288310415,"[11.02337917, 11.6]","['11', '8']",,,,,0.891773344,0.0,[0.891773344],['11']
C3F8,octafluoropropane,FC(F)(F)C(F)(F)C(F)(F)F,188.021,345.13181,0.240904348,"[345.05, 345.02, 345.0291, 345.029, 345.1, 345.85, 345.1, 345.06, 345.03, 345.05]","['12', '1', '7', '11', '14', '19', '22', '21', '23', '18']",26.73482566,0.132991407,"[26.8, 26.4, 26.7084, 26.70503096, 26.9, 26.8, 26.8, 26.7, 26.8]","['12', '1', '7', '11', '19', '22', '21', '23', '18']",300.3744568,2.134312839,"[299.0, 299.4011976, 299.0, 299.82, 305.34, 301.02, 299.04]","['12', '1', '19', '22', '21', '23', '18']",0.324267772,0.00363809,"[0.327, 0.3172, 0.325138859, 0.325, 0.327]","['12', '1', '11', '22', '18']"
C3F7I,"1,1,2,2,3,3,3-heptafluoro-1-iodopropane ",FC(F)(F)C(F)(F)C(F)(F)I,295.923,457.0,0.0,[457.0],['6'],29.0,0.0,[29.0],['6'],,,,,,,,
C9F21N,"1,1,2,2,3,3,3-heptafluoro-N,N-bis(heptafluoropropyl)-1-propanamine",FC(F)(F)C(F)(F)C(F)(F)N(C(F)(F)C(F)(F)C(F)(F)F)C(F)(F)C(F)(F)C(F)(F)F,520.9695416,523.89,0.11,"[523.78, 524.0]","['11', '8']",13.52243341,0.02243341,"[13.54486682, 13.5]","['11', '8']",,,,,0.640354207,0.0,[0.640354207],['11']
C4F9I,"1,1,1,2,2,3,4,4,4-nonafluoro-3-iodobutane ",FC(F)(F)C(F)(F)C(F)(I)C(F)(F)F,345.93,489.0,0.0,[489.0],['6'],24.0,0.0,[24.0],['6'],,,,,,,,
C8F18O,"Perfluoroethyl-2,2,2-trifluoroethyl ether",FC(F)(F)C(F)(F)C(F)(OC(F)(C(F)(F)F)C(F)(F)C(F)(F)F)C(F)(F)F,453.9661726,421.7,0.0,[421.7],['14'],,,,,,,,,,,,
C12F22,perfluoro-1-ethyldecalin,FC(F)(F)C(F)(F)C1(F)C(F)(F)C(F)(F)C(F)(F)C2(F)C(F)(F)C(F)(F)C(F)(F)C(F)(F)C12F,561.9648708,574.88,0.0,[574.88],['11'],16.05810056,0.0,[16.05810056],['11'],,,,,0.718512112,0.0,[0.718512112],['11']
C3H2ClF5,"1-Chloro-2,2,3,3,3-pentafluoropropane",FC(F)(F)C(F)(F)CCl,167.9765188,446.0,2.0,"[448.0, 444.0]","['7', '6']",31.99165,0.99165,"[32.9833, 31.0]","['7', '6']",306.37,0.0,[306.37],['6'],,,,
C2ClF5,chloropentafluoroethane,FC(F)(F)C(F)(F)Cl,154.467,353.1027273,0.091759657,"[353.15, 353.1, 352.98, 352.98, 353.2, 353.25, 353.1, 353.2, 353.02, 353.0, 353.15]","['12', '1', '7', '11', '14', '19', '22', '24', '21', '23', '18']",31.588315,0.368478453,"[31.57, 31.29, 31.3857, 31.376, 32.29, 31.29, 32.315, 31.38645, 31.41, 31.57]","['12', '1', '7', '11', '19', '22', '24', '21', '23', '18']",253.0132852,1.602593312,"[252.0, 251.2562814, 252.0, 256.0, 252.02, 253.84, 254.97, 252.02]","['12', '1', '19', '22', '24', '21', '23', '18']",0.256069381,0.01152933,"[0.251, 0.248, 0.251346907, 0.279, 0.251]","['12', '1', '11', '24', '18']"
C2F6,hexafluoroethane,FC(F)(F)C(F)(F)F,138.013,292.9005,0.085745262,"[292.8, 293.03, 292.855, 292.86, 293.0, 292.85, 293.04, 292.87, 292.9, 292.8]","['12', '1', '7', '11', '14', '19', '22', '21', '23', '18']",30.2012858,0.242096848,"[29.8, 30.48, 30.2222, 30.30108639, 30.39, 30.317, 30.3, 29.8]","['12', '1', '7', '11', '22', '21', '23', '18']",224.5103575,2.273359934,"[224.0, 225.0225023, 224.0, 221.9, 229.62, 223.02, 224.01]","['12', '1', '19', '22', '21', '23', '18']",0.252694194,0.003697224,"[0.249, 0.2566, 0.256176778, 0.249]","['12', '1', '11', '18']"
C8F16,"1,1,2,2,3,3,4,5,5,6-decafluoro-4,6-bis(trifluoromethyl)cyclohexane",FC(F)(F)C1(F)C(F)(F)C(F)(F)C(F)(F)C(F)(C(F)(F)F)C1(F)F,399.9744515,512.0,0.0,"[512.0, 512.0]","['11', '6']",18.69989043,0.00010957,"[18.69978086, 18.7]","['11', '6']",,,,,0.48691564,0.0,[0.48691564],['11']
C7F14,(trifluoromethyl)undecafluorocyclohexane,FC(F)(F)C1(F)C(F)(F)C(F)(F)C(F)(F)C(F)(F)C1(F)F,349.9776451,486.194,0.382235529,"[486.41, 485.9, 486.85, 485.91, 485.9]","['11', '14', '19', '22', '6']",20.96993771,1.345267982,"[20.19975083, 23.3, 20.19, 20.19]","['11', '19', '22', '6']",570.13,0.0,[570.13],['6'],0.426200418,0.0,[0.426200418],['11']
C6F12,perfluoromethylcyclopentane,FC(F)(F)C1(F)C(F)(F)C(F)(F)C(F)(F)C1(F)F,299.9808386,451.435,0.005,"[451.43, 451.44]","['11', '6']",21.73678296,0.01678296,"[21.75356592, 21.72]","['11', '6']",,,,,0.417311794,0.0,[0.417311794],['11']
C3F6O,"2,2,3-trifluoro-3-(trifluoromethyl)oxirane",FC(F)(F)C1(F)OC1(F)F,165.9853339,359.5,0.1,"[359.4, 359.6]","['11', '10']",29.29547678,0.004523225,"[29.29095355, 29.3]","['11', '10']",291.29,0.0,[291.29],['10'],0.31354249,0.0,[0.31354249],['11']
C4HF7O2,"2-(trifluoromethyl)-4,4,5,5-tetrafluoro-1,3-dioxolane",FC(F)(F)C1OC(F)(F)C(F)(F)O1,213.9864768,435.1,0.0,"[435.1, 435.1]","['11', '14']",26.49817296,0.0,[26.49817296],['11'],,,,,0.419075024,0.0,[0.419075024],['11']
C3H2Cl3F3,"1,1,1-Trichloro-3,3,3-trifluoropropane",FC(F)(F)CC(Cl)(Cl)Cl,199.9174178,534.0,0.0,[534.0],['7'],31.2376,0.0,[31.2376],['7'],,,,,,,,
C3H3Cl2F3,"3,3-Dichloro-1,1,1-trifluoropropane",FC(F)(F)CC(Cl)Cl,165.9563901,515.0,0.0,[515.0],['7'],30.3913,0.0,[30.3913],['7'],,,,,,,,
C3H2Cl2F4,"3,3-Dichloro-1,1,1,3-tetrafluoropropane",FC(F)(F)CC(F)(Cl)Cl,183.9469683,491.0,0.0,[491.0],['7'],33.845,0.0,[33.845],['7'],,,,,,,,
C3H2ClF5,"3-Chloro-1,1,1,3,3-pentafluoropropane",FC(F)(F)CC(F)(F)Cl,167.9765188,442.0,0.0,[442.0],['7'],32.495,0.0,[32.495],['7'],,,,,,,,
C3H2F6,"1,1,1,3,3,3-hexafluoropropane",FC(F)(F)CC(F)(F)F,152.04,398.0785714,0.013552619,"[398.07, 398.07, 398.07, 398.07, 398.1, 398.1, 398.07]","['12', '1', '7', '11', '14', '22', '6']",31.88948166,0.091239205,"[32.0, 32.0, 31.8076, 31.79980828, 31.84]","['12', '1', '7', '11', '6']",276.6419967,0.61598727,"[275.7859901, 277.21, 276.93]","['1', '22', '6']",0.362447619,0.023946789,"[0.321, 0.377, 0.374790475, 0.377]","['12', '1', '11', '22']"
C5H2F10O,"1,1,1,2,4,4,4-heptafluoro-2-trifluoromethoxybutane",FC(F)(F)CC(F)(OC(F)(F)F)C(F)(F)F,267.9945969,447.4,5.68e-14,"[447.4, 447.4, 447.4]","['11', '14', '8']",21.48592093,0.085920925,"[21.57184185, 21.4]","['11', '8']",460.62,0.0,[460.62],['8'],0.478861916,0.0,[0.478861916],['11']
C4H4F6,"1,1,1,4,4,4-Hexafluorobutane",FC(F)(F)CCC(F)(F)F,166.0217194,426.0,0.0,[426.0],['7'],29.3477,0.0,[29.3477],['7'],,,,,,,,
C3H4ClF3,"3-Chloro-1,1,1-trifluoropropane",FC(F)(F)CCCl,131.9953625,453.0,0.0,[453.0],['7'],37.1641,0.0,[37.1641],['7'],,,,,,,,
C2H2ClF3,"2-Chloro-1,1,1-trifluoroethane",FC(F)(F)CCl,117.9797124,425.0075,0.004330127,"[425.01, 425.01, 425.01, 425.0]","['7', '11', '21', '23']",40.16247229,0.026544309,"[40.1429, 40.14451686, 40.2]","['7', '11', '23']",229.905,2.115,"[227.79, 232.02]","['21', '23']",0.302421966,0.0,[0.302421966],['11']
C4H2F8O,"1,1,1,2,2-Pentafluoro-2-(2,2,2-trifluoroethoxy)ethane",FC(F)(F)COC(F)(F)C(F)(F)F,217.9977904,421.6685,0.0115,"[421.657, 421.68]","['7', '11']",23.29015606,0.009656065,"[23.2805, 23.29981213]","['7', '11']",,,,,0.457174573,0.0,[0.457174573],['11']
C3H2F6O,"1,1,1-Trifluoro-2-trifluoromethoxyethane",FC(F)(F)COC(F)(F)F,168.000984,401.9,0.0,"[401.9, 401.9]","['7', '8']",28.56675,0.00675,"[28.5735, 28.56]","['7', '8']",,,,,,,,
C4H4F6O,"1,1,1-trifluoro-2-(2,2,2-trifluoroethoxy)ethane",FC(F)(F)COCC(F)(F)F,182.0166341,476.31,0.0,"[476.31, 476.31, 476.31]","['7', '11', '8']",27.82658193,0.003456951,"[27.8279, 27.82184579, 27.83]","['7', '11', '8']",364.17,0.0,[364.17],['8'],0.488250289,0.0,[0.488250289],['11']
CClF3,chlorotrifluoromethane,FC(F)(F)Cl,104.459,301.9668182,0.092448333,"[301.8, 302.0, 301.945, 301.95, 302.0, 302.15, 301.84, 302.05, 302.0, 301.9, 302.0]","['12', '1', '7', '11', '14', '19', '22', '13', '24', '23', '18']",38.83661035,0.210842376,"[38.7, 38.79, 38.8771, 38.8760139, 39.46, 38.73, 38.7, 38.6966, 38.773, 38.9, 38.7]","['12', '1', '7', '11', '19', '22', '13', '24', '21', '23', '18']",179.9312744,0.560849699,"[180.18, 179.2114695, 180.0, 180.3, 180.41, 179.99, 178.67, 180.31, 180.31]","['12', '1', '19', '22', '13', '24', '21', '23', '18']",0.176996479,0.009485386,"[0.172, 0.1723, 0.175678875, 0.172, 0.198, 0.172]","['12', '1', '11', '13', '24', '18']"
CF4,carbon tetrafluoride,FC(F)(F)F,88.005,227.5192,0.035183424,"[227.5, 227.51, 227.5354, 227.535, 227.5, 227.45, 227.51, 227.55, 227.5, 227.54, 227.6, 227.5]","['12', '1', '7', '11', '14', '19', '22', '13', '21', '23', '24', '18']",37.40439482,0.04850663,"[37.4, 37.5, 37.394, 37.37434297, 37.4, 37.45, 37.4, 37.45, 37.3, 37.38, 37.4]","['12', '1', '7', '11', '19', '22', '13', '21', '23', '24', '18']",140.1131625,0.311968797,"[140.0, 140.6584622, 140.0, 140.7, 139.9, 139.76, 140.0, 140.0, 140.0]","['12', '1', '19', '22', '13', '21', '23', '24', '18']",0.178397294,0.000734499,"[0.179, 0.1785, 0.178486472, 0.177, 0.179]","['12', '1', '11', '24', '18']"
CF3I,Trifluoroiodomethane,FC(F)(F)I,195.9104,396.32,0.18547237,"[396.44, 396.44, 396.4, 396.0]","['1', '11', '14', '6']",39.51190998,0.013003707,"[39.53, 39.50572995, 39.5]","['1', '11', '6']",225.4365325,0.2665325,"[225.703065, 225.17]","['1', '6']",0.17590453,9.55e-05,"[0.176, 0.175809059]","['1', '11']"
C9F21N,Perfluoro(dibutylmethylamine),FC(F)(F)N(C(F)(F)C(F)(F)C(F)(F)C(F)(F)F)C(F)(F)C(F)(F)C(F)(F)C(F)(F)F,520.9695416,529.49,0.0,[529.49],['11'],13.60107886,0.0,[13.60107886],['11'],,,,,0.65150043,0.0,[0.65150043],['11']
C4F10O,"1,1,1,2,2,3,3-Heptafluoro-3-(trifluoromethoxy)propane",FC(F)(F)OC(F)(F)C(F)(F)C(F)(F)F,253.9789468,391.7,0.0,"[391.7, 391.7, 391.7]","['7', '11', '8']",18.74445951,0.031969243,"[18.7738, 18.75957854, 18.7]","['7', '11', '8']",403.23,0.0,[403.23],['8'],0.364516253,0.0,[0.364516253],['11']
C3F8O,Pentafluoro(trifluoromethoxy)ethane,FC(F)(F)OC(F)(F)C(F)(F)F,203.9821404,356.85,0.0,"[356.85, 356.85]","['7', '11']",23.5363,0.0,[23.5363],['7'],,,,,,,,
C3F8O2,difluorobis(trifluoromethoxy)methane,FC(F)(F)OC(F)(F)OC(F)(F)F,219.977055,372.35,0.0,[372.35],['11'],23.3477552,0.0,[23.3477552],['11'],,,,,0.409827168,0.0,[0.409827168],['11']
C4H2F8O,"1,1,1,2,2-Pentafluoro-3-(trifluoromethoxy)propane",FC(F)(F)OCC(F)(F)C(F)(F)F,217.9977904,426.0,0.0,[426.0],['7'],21.9377,0.0,[21.9377],['7'],,,,,,,,
CF8S,pentafluoro(trifluoromethyl)sulfur,FC(F)(F)S(F)(F)(F)(F)F,195.9592968,381.225,0.025,"[381.25, 381.2]","['11', '8']",33.68966431,0.01033569,"[33.67932862, 33.7]","['11', '8']",284.17,0.0,[284.17],['8'],0.271646218,0.0,[0.271646218],['11']
C2F6S,"methane, thiobis[trifluoro-",FC(F)(F)SC(F)(F)F,169.9624903,376.75,0.0,[376.75],['11'],,,,,,,,,,,,
C7H4BrF3,1-bromo-4-(trifluoromethyl)benzene,FC(F)(F)c1ccc(Br)cc1,223.9448469,629.8,0.0,[629.8],['11'],,,,,,,,,,,,
C7H4BrF3,3-bromobenzotrifluoride,FC(F)(F)c1cccc(Br)c1,223.9448469,627.1,0.0,[627.1],['11'],,,,,,,,,,,,
C7H5F3,benzotrifluoride,FC(F)(F)c1ccccc1,146.112,559.9125,0.021650635,"[559.9, 559.95, 559.9, 559.9]","['12', '19', '21', '18']",36.88,0.0,[36.88],['12'],,,,,,,,
C7H4BrF3,2-bromobenzotrifluoride,FC(F)(F)c1ccccc1Br,223.9448469,656.5,0.0,[656.5],['11'],,,,,,,,,,,,
C3Cl2F4,"2,3-Dichloro-1,1,3,3-tetrafluoro-1-propene",FC(F)=C(Cl)C(F)(F)Cl,181.9313182,478.0,0.0,[478.0],['7'],31.35,0.0,[31.35],['7'],,,,,,,,
C3ClF5,"2-Chloro-1,1,3,3,3-pentafluoro-1-propene",FC(F)=C(Cl)C(F)(F)F,165.9608688,416.0,0.0,[416.0],['7'],30.256,0.0,[30.256],['7'],,,,,,,,
C2Cl2F2,"1,1-Dichloro-2,2-difluoroethylene",FC(F)=C(Cl)Cl,131.9345118,467.575,8.425,"[476.0, 459.15]","['7', '15']",51.00535,15.09465,"[35.9107, 66.1]","['7', '15']",172.8342105,0.0,[172.8342105],['15'],,,,
C7F14,perfluoro-1-heptene,FC(F)=C(F)C(F)(F)C(F)(F)C(F)(F)C(F)(F)C(F)(F)F,349.9776451,478.2025,0.031917863,"[478.16, 478.2, 478.25, 478.2]","['11', '14', '19', '6']",,,,,,,,,,,,
C6F12,"1,1,2,3,3,4,4,5,5,6,6,6-dodecafluoro-1-hexene",FC(F)=C(F)C(F)(F)C(F)(F)C(F)(F)C(F)(F)F,299.9808386,454.4,0.040824829,"[454.35, 454.4, 454.45]","['11', '14', '19']",,,,,,,,,,,,
C3F6,Hexafluoropropene,FC(F)=C(F)C(F)(F)F,150.0225192,358.975,0.04330127,"[358.9, 359.0, 359.0, 359.0]","['1', '7', '11', '10']",31.43277052,0.057043556,"[31.49528, 31.4432, 31.45260207, 31.34]","['1', '7', '11', '10']",258.1393674,0.9906326,"[257.1487348, 259.13]","['1', '10']",0.333147432,0.000147432,"[0.333, 0.333294864]","['1', '11']"
C4F6,"hexafluoro-1,3-butadiene ",FC(F)=C(F)C(F)=C(F)F,162.032,412.8,0.0,[412.8],['6'],31.9,0.0,[31.9],['6'],320.82,0.0,[320.82],['6'],,,,
C2ClF3,chlorotrifluoroethylene,FC(F)=C(F)Cl,116.47,379.2466667,0.197202659,"[379.15, 379.53, 379.5, 379.0, 379.15, 379.15]","['12', '7', '11', '14', '13', '18']",40.69020227,0.196272222,"[40.53, 40.9225, 40.93851133, 40.53, 40.53]","['12', '7', '11', '13', '18']",212.0433333,0.061282588,"[212.0, 212.13, 212.0]","['12', '13', '18']",0.244295892,0.001856401,"[0.244, 0.247183569, 0.242, 0.244]","['12', '11', '13', '18']"
C2F4,tetrafluoroethylene,FC(F)=C(F)F,100.016,306.7144444,0.32965002,"[306.45, 306.88, 306.9, 306.4, 306.55, 306.4, 307.4, 307.0, 306.45]","['12', '7', '11', '14', '19', '22', '21', '23', '18']",39.41147154,0.142169511,"[39.44, 39.613, 39.44730077, 39.1, 39.44, 39.4, 39.44]","['12', '7', '11', '19', '22', '23', '18']",174.1983333,4.125798576,"[172.0, 175.0, 172.0, 171.17, 183.02, 172.0]","['12', '19', '22', '21', '23', '18']",0.222890055,0.00581234,"[0.227, 0.214670165, 0.227]","['12', '11', '18']"
C3HF5,"1,1,3,3,3-Pentafluoro-1-propene",FC(F)=CC(F)(F)F,131.9998411,376.55,0.0,[376.55],['7'],33.1,0.0,[33.1],['7'],,,,,,,,
C2HClF2,"2-chloro-1,1-difluoroethylene",FC(F)=CCl,98.479,400.557375,0.04388319,"[400.55, 400.529, 400.53, 400.6, 400.65, 400.55, 400.5, 400.55]","['12', '7', '11', '14', '19', '21', '23', '18']",44.95560923,0.42092217,"[44.58, 45.5088, 45.41156463, 44.6, 44.6089, 45.4, 44.58]","['12', '7', '11', '19', '21', '23', '18']",197.052,0.094106323,"[197.0, 197.0, 197.24, 197.01, 197.01]","['12', '19', '21', '23', '18']",0.21432102,0.003282418,"[0.212, 0.218963061, 0.212]","['12', '11', '18']"
CHBrF2,bromodifluoromethane,FC(F)Br,130.92,411.9742857,0.031558174,"[411.98, 411.98, 411.9, 412.0, 411.98, 412.0, 411.98]","['12', '11', '14', '22', '21', '23', '18']",52.96325628,4.680130029,"[61.84, 51.75628141, 47.9, 51.32, 52.0]","['12', '11', '22', '21', '23']",168.5025,2.602406338,"[167.0, 167.0, 173.01, 167.0]","['12', '22', '23', '18']",0.207608311,0.0,[0.207608311],['11']
C2HCl3F2,"1,1,1-Trichloro-2,2-difluoroethane",FC(F)C(Cl)(Cl)Cl,167.9111895,518.0,0.0,[518.0],['7'],37.1078,0.0,[37.1078],['7'],,,,,,,,
C2H2Cl2F2,"1,1-Dichloro-2,2-difluoroethane",FC(F)C(Cl)Cl,133.9501619,505.0,0.0,[505.0],['7'],43.7892,0.0,[43.7892],['7'],,,,,,,,
C2HCl2F3,"2,2-Dichloro-1,1,2-trifluoroethane",FC(F)C(F)(Cl)Cl,151.9407401,487.0,0.0,[487.0],['7'],38.5309,0.0,[38.5309],['7'],,,,,,,,
C7HF15,"1,1,1,2,2,3,3,4,4,5,5,6,6,7,7-pentadecafluoroheptane",FC(F)C(F)(F)C(F)(F)C(F)(F)C(F)(F)C(F)(F)C(F)(F)F,369.9838733,495.88,0.12,"[495.76, 496.0]","['11', '6']",,,,,,,,,,,,
C6HF13,"1,1,1,2,2,3,3,4,4,5,5,6,6-tridecafluorohexane",FC(F)C(F)(F)C(F)(F)C(F)(F)C(F)(F)C(F)(F)F,319.9870669,471.775,0.025,"[471.75, 471.8]","['11', '14']",,,,,,,,,,,,
C5HF11,"1,1,1,2,2,3,3,4,4,5,5-undecafluoropentane",FC(F)C(F)(F)C(F)(F)C(F)(F)C(F)(F)F,269.9902605,443.9633333,0.026246693,"[443.94, 444.0, 443.95]","['11', '14', '19']",,,,,,,,,,,,
C4HF9,"1,1,1,2,2,3,3,4,4-Nonafluorobutane",FC(F)C(F)(F)C(F)(F)C(F)(F)F,219.993454,412.1166667,1.503514402,"[410.0, 413.35, 413.0]","['7', '15', '6']",24.60433333,0.92626718,"[25.913, 23.9, 24.0]","['7', '15', '6']",367.0445341,0.3445341,"[367.3890682, 366.7]","['15', '6']",,,,
C4H2F8,"1,1,2,2,3,3,4,4-Octafluorobutane",FC(F)C(F)(F)C(F)(F)C(F)F,202.0028758,459.0,1.0,"[458.0, 460.0]","['7', '6']",28.7129,0.7129,"[29.4258, 28.0]","['7', '6']",348.31,0.0,[348.31],['6'],,,,
C3HClF6,"1-Chloro-1,1,2,2,3,3-hexafluoropropane",FC(F)C(F)(F)C(F)(F)Cl,185.967097,434.0,0.0,[434.0],['7'],31.35,0.0,[31.35],['7'],,,,,,,,
C3HF7,heptafluoropropane,FC(F)C(F)(F)C(F)(F)F,170.03,378.32,2.045837237,"[374.83, 379.0, 379.45, 380.0]","['12', '7', '15', '6']",29.18935,0.819058769,"[28.45, 30.5674, 28.74, 29.0]","['12', '7', '15', '6']",282.591456,6.166101419,"[274.0, 285.5943679, 288.18]","['12', '15', '6']",,,,
C3H2F6,"1,1,2,2,3,3-hexafluoropropane",FC(F)C(F)(F)C(F)F,152.037,428.0,0.0,[428.0],['6'],34.0,0.0,[34.0],['6'],271.52,0.0,[271.52],['6'],,,,
C3H3ClF4,"3-Chloro-1,1,2,2-tetrafluoropropane",FC(F)C(F)(F)CCl,149.9859407,494.075,0.075,"[494.15, 494.0]","['15', '6']",37.05,0.05,"[37.1, 37.0]","['15', '6']",284.4516436,0.5216436,"[284.9732872, 283.93]","['15', '6']",,,,
C6H4F10O,"1,1,1,2,3,3-hexafluoro-3-(2,2,3,3-tetrafluoropropoxy)propane",FC(F)C(F)(F)COC(F)(F)C(F)C(F)(F)F,282.0102469,511.905,4.305,"[516.21, 507.6]","['11', '8']",20.18319149,1.78319149,"[21.96638298, 18.4]","['11', '8']",529.1,0.0,[529.1],['8'],,,,
C5H4F8O,"1,1,2,2-tetrafluoro-3-(1,1,2,2-tetrafluoroethoxy)propane",FC(F)C(F)(F)COC(F)(F)C(F)F,232.0134405,510.07,0.0,"[510.07, 510.07]","['11', '8']",25.81032335,0.00032335,"[25.8106467, 25.81]","['11', '8']",437.83,0.0,[437.83],['8'],0.537602002,0.0,[0.537602002],['11']
C4H3F7O,"1-Trifluoromethoxy-2,2,3,3-tetrafluoropropane",FC(F)C(F)(F)COC(F)(F)F,200.0072123,447.0,0.0,[447.0],['7'],24.0747,0.0,[24.0747],['7'],,,,,,,,
C2HClF4,"1-chloro-1,1,2,2-tetrafluoroethane",FC(F)C(F)(F)Cl,136.476,399.18,1.590471628,"[400.0, 396.0, 399.9, 400.0, 400.0]","['12', '7', '14', '22', '18']",37.25195,0.602840284,"[37.6, 36.2078, 37.6, 37.6]","['12', '7', '22', '18']",249.34,3.775959039,"[252.0, 244.0, 252.02]","['12', '22', '18']",0.274,0.0,"[0.274, 0.274]","['12', '18']"
C2HF5,pentafluoroethane,FC(F)C(F)(F)F,120.022,339.1914444,0.021649281,"[339.17, 339.173, 339.202, 339.2, 339.2, 339.17, 339.238, 339.2, 339.17]","['12', '1', '7', '11', '14', '22', '21', '23', '18']",36.1875381,0.07764973,"[36.2, 36.177, 36.2318, 36.2277048, 36.15, 36.0138, 36.3, 36.2]","['12', '1', '7', '11', '22', '21', '23', '18']",210.4617594,0.78192042,"[211.3, 209.2487968, 210.48, 210.0, 211.28]","['12', '1', '21', '23', '18']",0.305192577,0.000232867,"[0.305, 0.3052, 0.305570309, 0.305]","['12', '1', '11', '18']"
C4HF9O,"1,1,1,2,2-Pentafluoro-2-(1,1,2,2-tetrafluoroethoxy)ethane",FC(F)C(F)(F)OC(F)(F)C(F)(F)F,235.9883686,417.0,0.0,[417.0],['7'],22.4613,0.0,[22.4613],['7'],,,,,,,,
C3HF7O,"1,1,2,2-Tetrafluoro-2-trifluoromethoxyethane",FC(F)C(F)(F)OC(F)(F)F,185.9915622,387.7743333,0.018190352,"[387.763, 387.76, 387.8]","['7', '11', '8']",26.36253101,0.114929657,"[26.4428, 26.44479302, 26.2]","['7', '11', '8']",338.18,0.0,[338.18],['8'],0.387746094,0.0,[0.387746094],['11']
C7H4F12O,"1,1,2,2,3,3,4,4-octafluoro-5-(1,1,2,2-tetrafluoroethoxy)pentane",FC(F)C(F)(F)OCC(F)(F)C(F)(F)C(F)(F)C(F)F,332.084,546.8,0.0,[546.8],['8'],20.1,0.0,[20.1],['8'],599.52,0.0,[599.52],['8'],,,,
C5H3F9O,"1,1,1,2,2-pentafluoro-3-(1,1,2,2-tetrafluoroethoxy)propane",FC(F)C(F)(F)OCC(F)(F)C(F)(F)F,250.0040187,473.01,0.0,"[473.01, 473.01]","['11', '8']",22.42929902,0.01070098,"[22.41859804, 22.44]","['11', '8']",454.75,0.0,[454.75],['8'],0.535063571,0.0,[0.535063571],['11']
C4H3F7O,"1,1,2,2-Tetrafluoro-1-(2,2,2-trifluoroethoxy)ethane",FC(F)C(F)(F)OCC(F)(F)F,200.0072123,463.89,5.68e-14,"[463.89, 463.89, 463.89]","['7', '11', '8']",27.1257753,0.003380157,"[27.1256, 27.12172591, 27.13]","['7', '11', '8']",369.82,0.0,[369.82],['8'],0.500725418,0.0,[0.500725418],['11']
C8H6F4O,"1,1,2,2-tetrafluoroethoxybenzene",FC(F)C(F)(F)Oc1ccccc1,194.127,603.8,0.0,[603.8],['8'],28.5,0.0,[28.5],['8'],455.79,0.0,[455.79],['8'],,,,
C3H2Cl3F3,"1,1,1-Trichloro-2,3,3-trifluoropropane",FC(F)C(F)C(Cl)(Cl)Cl,199.9174178,547.0,0.0,[547.0],['7'],31.5248,0.0,[31.5248],['7'],,,,,,,,
C3H2F6,"1,1,1,2,3,3-hexafluoropropane",FC(F)C(F)C(F)(F)F,152.04,412.4184333,0.04743454,"[412.38, 412.44, 412.3979, 412.398, 412.5, 412.5, 412.37, 412.4, 412.38]","['12', '1', '7', '11', '14', '22', '21', '23', '18']",34.18462017,0.032256839,"[34.2, 34.2, 34.1695, 34.21822104, 34.2, 34.12]","['12', '1', '7', '11', '23', '18']",268.8336284,0.935068805,"[269.0945134, 268.88, 267.38, 269.98]","['1', '22', '21', '23']",0.371755118,0.005131241,"[0.369, 0.369, 0.369775589, 0.382, 0.369]","['12', '1', '11', '22', '18']"
C2H2ClF3,"2-Chloro-1,1,2-trifluoroethane",FC(F)C(F)Cl,117.9797124,458.0,0.0,[458.0],['7'],43.1669,0.0,[43.1669],['7'],,,,,,,,
C2H2F4,"1,1,2,2-tetrafluoroethane",FC(F)C(F)F,102.032,391.758,0.030610456,"[391.8, 391.752, 391.752, 391.7, 391.74, 391.77, 391.75, 391.8]","['12', '7', '11', '14', '22', '21', '23', '18']",45.61127142,1.155934068,"[43.31, 46.1199, 46.12645708, 46.4, 46.1]","['12', '7', '11', '22', '23']",191.335,0.675,"[190.66, 192.01]","['21', '23']",0.292600169,0.0,[0.292600169],['11']
C3H3F5,"1,1,1,3,3-pentafluoropropane",FC(F)CC(F)(F)F,134.049,427.092,0.081212244,"[427.16, 427.01, 427.104, 427.17, 427.0, 427.0, 427.2]","['12', '1', '7', '11', '14', '22', '6']",36.51257276,0.072705588,"[36.51, 36.51, 36.5362, 36.61666381, 36.39]","['12', '1', '7', '11', '6']",259.088629,0.621009201,"[259.74, 258.0645161, 259.28, 259.27]","['12', '1', '22', '6']",0.367875194,0.022040211,"[0.33, 0.3783, 0.378200776, 0.385]","['12', '1', '11', '22']"
C3H4F4,"1,1,3,3-Tetrafluoropropane",FC(F)CC(F)F,116.024913,442.0,0.0,[442.0],['7'],36.2025,0.0,[36.2025],['7'],,,,,,,,
C4H3F8N,"2,2-difluoroethylbis(trifluoromethyl)amine",FC(F)CN(C(F)(F)F)C(F)(F)F,217.0137749,460.2,0.0,"[460.2, 460.2]","['11', '8']",26.41364951,0.00635049,"[26.40729902, 26.42]","['11', '8']",374.95,0.0,[374.95],['8'],0.446238302,0.0,[0.446238302],['11']
C4H3F7O,"(2,2-Difluoroethoxy)pentafluoroethane",FC(F)COC(F)(F)C(F)(F)F,200.0072123,446.0,0.0,[446.0],['7'],25.0582,0.0,[25.0582],['7'],,,,,,,,
C4H4F6O,"1,1,2,2-tetrafluoro-2-(2,2-difluoroethoxy)ethane",FC(F)COC(F)(F)C(F)F,182.0166341,501.08,0.0,[501.08],['11'],30.89272503,0.0,[30.89272503],['11'],,,,,0.500863005,0.0,[0.500863005],['11']
C3H3F5O,"1,1-Difluoro-2-Trifluoromethoxyethane",FC(F)COC(F)(F)F,150.0104058,444.05,0.0,[444.05],['7'],28.9051,0.0,[28.9051],['7'],,,,,,,,
C3H4F4O,"2-Difluoromethoxy-1,1-difluoroethane",FC(F)COC(F)F,132.0198276,483.0,0.0,[483.0],['7'],42.4305,0.0,[42.4305],['7'],,,,,,,,
CHClF2,chlorodifluoromethane,FC(F)Cl,86.468,369.28919,0.015017486,"[369.3, 369.295, 369.2909, 369.296, 369.3, 369.25, 369.28, 369.28, 369.3, 369.3]","['12', '1', '7', '11', '14', '19', '22', '13', '24', '18']",49.80683245,0.068020667,"[49.71, 49.9, 49.8327, 49.83079207, 49.8, 49.86, 49.88, 49.738, 49.71]","['12', '1', '7', '11', '19', '22', '13', '24', '18']",165.7635694,0.472282472,"[166.0, 165.0649861, 165.0, 166.0, 166.28, 166.0, 166.0]","['12', '1', '19', '22', '13', '24', '18']",0.22015584,0.000869858,"[0.219, 0.22082, 0.220115037, 0.221, 0.221, 0.219]","['12', '1', '11', '13', '24', '18']"
CHF3,fluoroform,FC(F)F,70.014,299.12906,0.239877703,"[299.01, 299.293, 299.0036, 299.004, 299.0, 298.95, 298.97, 299.75, 299.3, 299.01]","['12', '1', '7', '11', '14', '19', '22', '13', '24', '18']",48.32336264,0.179227786,"[48.16, 48.32, 48.1852, 48.1720638, 48.3, 48.36, 48.69, 48.563, 48.16]","['12', '1', '7', '11', '19', '22', '13', '24', '18']",132.7255319,0.460298596,"[132.0, 132.9787234, 133.0, 133.0, 133.1, 133.0, 132.0]","['12', '1', '19', '22', '13', '24', '18']",0.263112159,0.001635432,"[0.264, 0.263, 0.264560797, 0.26, 0.264]","['12', '1', '11', '24', '18']"
C4H2F8O,"2-(Difluoromethoxy)-1,1,1,3,3,3-hexafluoropropane",FC(F)OC(C(F)(F)F)C(F)(F)F,217.9977904,446.0,0.0,[446.0],['7'],21.836,0.0,[21.836],['7'],,,,,,,,
C3H2ClF5O,"2-chloro-2-(difluoromethoxy)-1,1,1-trifluoroethane",FC(F)OC(Cl)C(F)(F)F,183.9714335,467.7866667,0.018856181,"[467.76, 467.8, 467.8]","['11', '21', '23']",30.47104167,0.020668095,"[30.453125, 30.46, 30.5]","['11', '21', '23']",315.96,0.0,[315.96],['23'],0.402304814,0.0,[0.402304814],['11']
C3H2ClF5O,"2-chloro-1,1,2-trifluoroethyl difluoromethyl ether",FC(F)OC(F)(F)C(F)Cl,183.9714335,474.885,0.155617051,"[474.99, 474.665, 475.0]","['11', '21', '23']",29.81201843,0.016996622,"[29.83605528, 29.8, 29.8]","['11', '21', '23']",343.05,0.0,[343.05],['23'],0.430275051,0.0,[0.430275051],['11']
C3H2F6O,"1-Difluoromethoxy-1,1,2,2-tetrafluoroethane",FC(F)OC(F)(F)C(F)F,168.000984,439.0,0.0,[439.0],['7'],32.3566,0.0,[32.3566],['7'],,,,,,,,
C2HF5O,"Methane, (difluoromethoxy)trifluoro-",FC(F)OC(F)(F)F,135.9947558,354.3325,0.278601418,"[354.49, 354.49, 353.85, 354.5]","['7', '11', '15', '22']",34.24159205,1.194480737,"[33.5677, 33.57866818, 33.51, 36.31]","['7', '11', '15', '22']",234.3305162,1.77948385,"[232.5510323, 236.11]","['15', '22']",0.32707131,0.0,[0.32707131],['11']
C4H2F8O2,"1,1-Bis(difluoromethoxy)-1,2,2,2-tetrafluoroethane",FC(F)OC(F)(OC(F)F)C(F)(F)F,233.9927051,449.8033333,0.004714045,"[449.81, 449.8, 449.8]","['7', '11', '14']",24.22466335,0.01583665,"[24.2405, 24.2088267]","['7', '11']",,,,,0.455931956,0.0,[0.455931956],['11']
C3H2F6O,"1,1,1,2-Tetrafluoro-2-difluoromethoxyethane",FC(F)OC(F)C(F)(F)F,168.000984,428.944,0.036851052,"[428.926, 428.95, 429.0, 428.9]","['7', '11', '14', '8']",30.46158593,0.032685919,"[30.4649, 30.49985779, 30.42]","['7', '11', '8']",315.26,0.0,[315.26],['8'],0.415668776,0.0,[0.415668776],['11']
C2H2F4O,(Difluoromethoxy)(difluoro)methane,FC(F)OC(F)F,118.0041776,420.29375,0.106617013,"[420.25, 420.25, 420.475, 420.2]","['7', '11', '21', '23']",41.73174496,0.318080571,"[41.5203, 41.52667984, 42.28, 41.6]","['7', '11', '21', '23']",223.115,0.095,"[223.21, 223.02]","['21', '23']",0.351639989,0.0,[0.351639989],['11']
C4H3F7O,"3-(Difluoromethoxy)-1,1,1,2,2-pentafluoropropane",FC(F)OCC(F)(F)C(F)(F)F,200.0072123,455.1,0.0,"[455.1, 455.1]","['7', '11']",27.75431553,0.01261553,"[27.7417, 27.76693106]","['7', '11']",,,,,0.449038248,0.0,[0.449038248],['11']
C4H4F6O,"3-Difluoromethoxy-1,1,2,2-tetrafluoropropane",FC(F)OCC(F)(F)C(F)F,182.0166341,497.0,0.0,[497.0],['7'],27.9628,0.0,[27.9628],['7'],,,,,,,,
C3H3F5O,"difluoromethyl 2,2,2-trifluoroethyl ether",FC(F)OCC(F)(F)F,150.049,444.595,0.403309228,"[444.88, 444.88, 444.88, 444.88, 444.05, 444.0]","['12', '1', '7', '11', '15', '22']",34.30202951,0.059139706,"[34.33, 34.33, 34.2779, 34.37224755, 34.2]","['12', '1', '7', '11', '15']",290.9811817,0.320929434,"[291.3533889, 290.5701561, 291.02]","['1', '15', '22']",0.387107361,0.000151831,"[0.387, 0.387, 0.387322082]","['12', '1', '11']"
C3HF7O,"1,1,1,2-Tetrafluoro-2-trifluoromethoxyethane",FC(OC(F)(F)F)C(F)(F)F,185.9915622,377.26,0.0,"[377.26, 377.26, 377.26]","['7', '11', '8']",26.20657725,0.004513447,"[26.2002, 26.20953175, 26.21]","['7', '11', '8']",320.72,0.0,[320.72],['8'],0.403402904,0.0,[0.403402904],['11']
C4HClF6,"4-chloro-1,1,2,2,3,3-hexafluorocyclobutane ",FC1(F)C(Cl)C(F)(F)C1(F)F,198.493,470.0,0.0,[470.0],['6'],,,,,,,,,,,,
C6F12,dodecafluorocyclohexane,FC1(F)C(F)(F)C(F)(F)C(F)(F)C(F)(F)C1(F)F,299.9808386,457.264,0.04586938,"[457.18, 457.3, 457.25, 457.29, 457.3]","['11', '14', '19', '22', '6']",22.86745101,0.827172635,"[22.39980402, 24.3, 22.37, 22.4]","['11', '19', '22', '6']",458.72,0.0,[458.72],['6'],0.416801226,0.0,[0.416801226],['11']
C4F8,octafluorocyclobutane,FC1(F)C(F)(F)C(F)(F)C1(F)F,200.032,388.3891,0.030667409,"[388.37, 388.38, 388.358, 388.36, 388.4, 388.46, 388.37, 388.423, 388.4, 388.37]","['12', '1', '7', '11', '14', '19', '22', '21', '23', '18']",27.79027259,0.023918263,"[27.78, 27.775, 27.7657, 27.76975331, 27.84, 27.78, 27.822, 27.8, 27.78]","['12', '1', '7', '11', '19', '22', '21', '23', '18']",322.997529,3.248996376,"[324.8, 322.6451742, 325.0, 324.8, 315.96, 324.78]","['12', '1', '19', '22', '23', '18']",0.355887829,0.000354552,"[0.356, 0.3553, 0.356251315, 0.356]","['12', '1', '11', '18']"
C10F18,"naphthalene, octadecafluorodecahydro-",FC1(F)C(F)(F)C(F)(F)C2(F)C(F)(F)C(F)(F)C(F)(F)C(F)(F)C2(F)C1(F)F,461.971258,565.37,0.447735041,"[565.11, 566.0, 565.0]","['11', '14', '6']",17.7825841,0.017415905,"[17.76516819, 17.8]","['11', '6']",,,,,0.499351937,0.0,[0.499351937],['11']
C9F16,trans-perfluorobicyclo[4.3.0]nonane,FC1(F)C(F)(F)C(F)(F)[C@]2(F)C(F)(F)C(F)(F)C(F)(F)[C@@]2(F)C1(F)F,411.9744515,526.0,0.0,[526.0],['11'],16.82661548,0.0,[16.82661548],['11'],,,,,0.497299825,0.0,[0.497299825],['11']
C9F16,cis-perfluorobicyclo[4.3.0]nonane,FC1(F)C(F)(F)C(F)(F)[C@]2(F)C(F)(F)C(F)(F)C(F)(F)[C@]2(F)C1(F)F,411.9744515,530.0,0.0,[530.0],['11'],17.11886305,0.0,[17.11886305],['11'],,,,,0.499351937,0.0,[0.499351937],['11']
C4F8O,Octafluorotetrahydrofuran,FC1(F)OC(F)(F)C(F)(F)C1(F)F,215.9821404,399.7333333,0.188561808,"[399.6, 399.6, 400.0]","['7', '11', '8']",27.04877514,0.108324974,"[27.1548, 27.09152542, 26.9]","['7', '11', '8']",317.66,0.0,[317.66],['8'],0.308034897,0.0,[0.308034897],['11']
C3F6O2,"1,3-dioxolane, 2,2,4,4,5,5-hexafluoro-",FC1(F)OC(F)(F)C(F)(F)O1,181.9802486,368.085,0.015,"[368.07, 368.1]","['11', '8']",27.15199557,0.051995565,"[27.20399113, 27.1]","['11', '8']",,,,,0.308918508,0.0,[0.308918508],['11']
C3F6O,"1,3-epoxyhexafluoropropane",FC1(F)OC(F)(F)C1(F)F,165.9853339,361.875,0.025,"[361.85, 361.9]","['11', '8']",30.78220093,0.182200925,"[30.96440185, 30.6]","['11', '8']",272.18,0.0,[272.18],['8'],0.321117585,0.0,[0.321117585],['11']
C6F10,"cyclohexene, decafluoro-",FC1=C(F)C(F)(F)C(F)(F)C(F)(F)C1(F)F,261.9840322,461.8,0.035355339,"[461.75, 461.8, 461.85, 461.8]","['11', '14', '19', '6']",25.2,0.0,[25.2],['6'],,,,,,,,
C6HF11,Undecafluorocyclohexane,FC1C(F)(F)C(F)(F)C(F)(F)C(F)(F)C1(F)F,281.9902605,477.83,0.17,"[477.66, 478.0]","['11', '6']",,,,,,,,,,,,
C6H11F,fluorocyclohexane,FC1CCCCC1,102.152,667.93,0.0,[667.93],['21'],51.7259,0.0,[51.7259],['21'],,,,,,,,
C4HF7O2,"2,2,3,3,5,5,6-heptafluoro-1,4-dioxane",FC1OC(F)(F)C(F)(F)OC1(F)F,213.9864768,452.9,0.0,"[452.9, 452.9]","['11', '14']",28.68271058,0.0,[28.68271058],['11'],,,,,0.382999659,0.0,[0.382999659],['11']
C2HCl2F,"1,1-Dichloro-2-fluoroethylene",FC=C(Cl)Cl,113.9439336,503.0,0.0,[503.0],['7'],48.7346,0.0,[48.7346],['7'],,,,,,,,
C2HF3,Trifluoroethylene,FC=C(F)F,82.02455,331.73,0.0,"[331.73, 331.73]","['1', '7']",45.4055,0.0205,"[45.426, 45.385]","['1', '7']",166.6666667,0.0,[166.6666667],['1'],0.261,0.0,[0.261],['1']
C2H2Cl3F,"1,1,1-Trichloro-2-fluoroethane",FCC(Cl)(Cl)Cl,149.9206113,549.0,0.0,[549.0],['7'],41.9534,0.0,[41.9534],['7'],,,,,,,,
C2H3Cl2F,"1,1-Dichloro-2-fluoroethane",FCC(Cl)Cl,115.9595837,544.0,0.0,[544.0],['7'],49.0393,0.0,[49.0393],['7'],,,,,,,,
C2H2Cl2F2,"1,1-Dichloro-1,2-difluoroethane",FCC(F)(Cl)Cl,133.9501619,491.0,0.0,[491.0],['7'],41.7403,0.0,[41.7403],['7'],,,,,,,,
C4H2F8,"1,1,1,2,2,3,3,4-Octafluorobutane",FCC(F)(F)C(F)(F)C(F)(F)F,202.0028758,431.95,0.0,"[431.95, 431.95, 431.95]","['7', '11', '6']",27.91953307,0.553629686,"[27.8147, 28.6438992, 27.3]","['7', '11', '6']",353.23,0.0,[353.23],['6'],0.422853015,0.0,[0.422853015],['11']
C3H2F6,"1,1,1,2,2,3-Hexafluoropropane",FCC(F)(F)C(F)(F)F,152.0060694,403.175,0.175,"[403.35, 403.0]","['7', '6']",32.33995,1.33995,"[33.6799, 31.0]","['7', '6']",276.4,0.0,[276.4],['6'],,,,
C3H3F5,"1,1,2,2,3-pentafluoropropane",FCC(F)(F)C(F)F,134.049,447.15,1.053361965,"[444.57, 447.57, 447.57, 447.57, 447.6, 447.6, 447.57]","['12', '1', '7', '11', '14', '22', '23']",39.48933112,0.091055581,"[39.41, 39.407, 39.4287, 39.60095558, 39.6]","['12', '1', '7', '11', '23']",256.3740136,1.209279704,"[255.1020408, 256.02, 258.0]","['1', '22', '23']",0.35491151,0.001292103,"[0.355, 0.355, 0.356646038, 0.353]","['12', '1', '11', '22']"
C3H4F4,"1,2,2,3-Tetrafluoropropane",FCC(F)(F)CF,116.024913,447.0,0.0,[447.0],['7'],38.8679,0.0,[38.8679],['7'],,,,,,,,
C2H2ClF3,"1-Chloro-1,1,2-trifluoroethane",FCC(F)(F)Cl,117.9797124,448.0,0.0,[448.0],['7'],39.7051,0.0,[39.7051],['7'],,,,,,,,
C2H2F4,"1,1,1,2-tetrafluoroethane",FCC(F)(F)F,102.032,374.211625,0.041993861,"[374.18, 374.21, 374.183, 374.18, 374.3, 374.26, 374.2, 374.18]","['12', '1', '7', '11', '14', '22', '23', '18']",40.57835898,0.015237812,"[40.56, 40.5928, 40.5666, 40.57911289, 40.59, 40.6, 40.56]","['12', '1', '7', '11', '22', '23', '18']",199.2325496,0.490486944,"[198.8, 199.3201985, 200.0, 198.81]","['12', '1', '23', '18']",0.326954773,6.68e-05,"[0.327, 0.32684, 0.326979093, 0.327]","['12', '1', '11', '18']"
C4H2F8O,"1,1,1,2,2-Pentafluoro-2-(1,1,2-trifluoroethoxy)ethane",FCC(F)(F)OC(F)(F)C(F)(F)F,217.9977904,439.0,0.0,[439.0],['7'],23.7045,0.0,[23.7045],['7'],,,,,,,,
C3H3F5O,"1-Difluoromethoxy-1,1,2-trifluoroethane",FCC(F)(F)OC(F)F,150.0104058,463.025,0.975,"[464.0, 462.05]","['7', '15']",32.76955,2.61045,"[30.1591, 35.38]","['7', '15']",282.0195629,0.0,[282.0195629],['15'],,,,
C4H4F6O,"1,1,1-Trifluoro-2-(1,1,2-trifluoroethoxy)ethane",FCC(F)(F)OCC(F)(F)F,182.0166341,474.0,0.0,[474.0],['7'],26.4236,0.0,[26.4236],['7'],,,,,,,,
C3H3F5,"1,1,1,2,3-Pentafluoropropane",FCC(F)C(F)(F)F,134.0154912,442.0,0.0,[442.0],['7'],33.3738,0.0,[33.3738],['7'],,,,,,,,
C2H3ClF2,"1-Chloro-1,2-difluoroethane",FCC(F)Cl,99.98913422,476.0,0.0,[476.0],['7'],46.2141,0.0,[46.2141],['7'],,,,,,,,
C2H3F3,"1,1,2-Trifluoroethane",FCC(F)F,84.01868476,433.6875,6.937612612,"[429.85, 429.4, 429.8, 445.7]","['7', '14', '22', '21']",51.0575,1.912723843,"[48.3525, 52.41, 52.41]","['7', '22', '21']",165.02,0.0,[165.02],['21'],,,,
C3H3F3,"1,1,3-Trifluoro-1-propene",FCC=C(F)F,96.01868476,431.0,0.0,[431.0],['7'],39.9565,0.0,[39.9565],['7'],,,,,,,,
C3H4F4,"1,1,1,3-Tetrafluoropropane",FCCC(F)(F)F,116.024913,429.0,0.0,[429.0],['7'],38.6872,0.0,[38.6872],['7'],,,,,,,,
C4H8F2,"1,4-Difluorobutane",FCCCCF,94.0594067,506.0,0.0,[506.0],['7'],41.3571,0.0,[41.3571],['7'],,,,,,,,
C3H6F2,"1,3-Difluoropropane",FCCCF,80.04375663,468.0,0.0,[468.0],['7'],47.5788,0.0,[47.5788],['7'],,,,,,,,
C2H4ClF,1-Chloro-2-fluoroethane,FCCCl,81.99855603,510.2,0.0,[510.2],['7'],50.4194,0.0,[50.4194],['7'],,,,,,,,
C2H4F2,"1,2-Difluoroethane",FCCF,66.02810657,453.0,0.0,[453.0],['7'],50.8428,0.0,[50.8428],['7'],,,,,,,,
CH2ClF,Chlorofluoromethane,FCCl,67.98290596,424.95,0.0,[424.95],['7'],51.3,0.0,[51.3],['7'],,,,,,,,
CH2F2,difluoromethane,FCF,52.024,351.3062778,0.104781018,"[351.26, 351.255, 351.2805, 351.281, 351.3, 351.26, 351.26, 351.6, 351.26]","['12', '1', '7', '11', '14', '22', '13', '24', '18']",57.91919699,0.156181948,"[57.84, 57.82, 57.8425, 57.84307591, 58.05, 57.83, 58.288, 57.84]","['12', '1', '7', '11', '22', '13', '24', '18']",122.2313522,0.876424433,"[123.0, 122.6981129, 121.0, 122.68, 121.01, 123.0]","['12', '1', '22', '13', '24', '18']",0.275705287,0.002356614,"[0.277, 0.2769, 0.276626433, 0.271, 0.277]","['12', '1', '11', '24', '18']"
C4H3F7O,"1,1,1,3,3,3-Hexafluoro-2-(fluoromethoxy)propane",FCOC(C(F)(F)F)C(F)(F)F,200.0072123,467.0,0.0,[467.0],['7'],22.453,0.0,[22.453],['7'],,,,,,,,
C4H2F8O,"1,1,1,2,2,3,3-Heptafluoro-3-fluoromethoxypropane",FCOC(F)(F)C(F)(F)C(F)(F)F,217.9977904,450.0,0.0,[450.0],['7'],24.0619,0.0,[24.0619],['7'],,,,,,,,
C3H3F5O,"1,1,2,2-Tetrafluoro-1-fluoromethoxyethane",FCOC(F)(F)C(F)F,150.0104058,458.6,0.0,[458.6],['7'],26.9437,0.0,[26.9437],['7'],,,,,,,,
ClF5,chlorine pentafloride,FCl(F)(F)(F)F,130.445,416.0,0.0,[416.0],['22'],53.0,0.0,[53.0],['22'],230.4,0.0,[230.4],['22'],,,,
F2,Fluorine,FF,37.99681,144.208,0.158974841,"[144.414, 144.0, 144.3, 144.41, 144.12, 144.0, 144.3, 144.12]","['1', '11', '22', '13', '2', '21', '24', '20']",51.97716667,0.274623631,"[51.724, 52.15, 52.4, 51.7, 52.169, 51.72]","['1', '22', '13', '2', '24', '20']",65.68503984,1.162611102,"[64.09023906, 66.2, 64.08, 67.0, 66.2, 66.54]","['1', '22', '13', '2', '24', '20']",0.051225,0.00367449,"[0.0449, 0.053, 0.054, 0.053]","['1', '2', '24', '20']"
F3N,Nitrogen trifluoride,FN(F)F,71.019,234.0,0.0,"[234.0, 234.0, 234.0, 234.0]","['1', '22', '24', '20']",44.9495,0.341067809,"[44.607, 45.3, 45.281, 44.61]","['1', '22', '24', '20']",121.2542088,3.541486001,"[126.2626263, 118.75, 118.75]","['1', '22', '20']",0.12625,0.005494315,"[0.126, 0.124, 0.135, 0.12]","['1', '22', '24', '20']"
F4N2,"1,1,2,2-tetrafluorohydrazine",FN(F)N(F)F,103.9997609,308.746,1.149897387,"[309.33, 306.45, 309.2, 309.4, 309.35]","['11', '19', '22', '21', '20']",37.15798561,0.175094139,"[37.08992806, 37.5, 37.0, 37.1, 37.1]","['11', '19', '22', '21', '20']",181.0,0.0,[181.0],['22'],0.2233,0.0,[0.2233],['20']
HF2N,Difluoroamine,FNF,53.00770547,403.05,0.070710678,"[403.15, 403.0, 403.0]","['19', '22', '20']",78.6,15.6,"[94.2, 63.0]","['19', '22']",,,,,,,,
F2O,Oxygen difluoride,FOF,53.99172106,215.1166667,0.084983659,"[215.15, 215.2, 215.0]","['19', '22', '20']",49.5,0.0,"[49.5, 49.5]","['19', '22']",97.65,0.05,"[97.7, 97.6]","['19', '22']",,,,
F3P,trifluorophosphane,FP(F)F,87.968,271.2,0.0,[271.2],['20'],43.3,0.0,[43.3],['20'],,,,,,,,
F6S,Sulfur hexafluoride,FS(F)(F)(F)(F)F,146.0554192,318.7257429,0.065343463,"[318.7232, 318.667, 318.72, 318.88, 318.7, 318.7, 318.69]","['1', '11', '22', '13', '21', '24', '20']",37.60588174,0.038467932,"[37.54983, 37.66304219, 37.6, 37.66, 37.586, 37.5823, 37.6]","['1', '11', '22', '13', '21', '24', '20']",197.4167725,0.943336275,"[196.7606348, 198.4, 196.85, 195.98, 197.98, 198.53]","['1', '22', '13', '21', '24', '20']",0.230814175,0.027656026,"[0.218, 0.219970873, 0.215, 0.286, 0.2151]","['1', '11', '13', '24', '20']"
F4S,sulfur tetrafluoride,FS(F)(F)F,107.9656839,364.025,0.04330127,"[364.0, 364.0, 364.1, 364.0]","['11', '22', '21', '20']",43.3,0.0,[43.3],['22'],,,,,,,,
H6F6N3P3,"2,2,4,4,6,6-hexafluoro-1,3,5,2,4,6-triazatriphosphorine",F[PH]1(F)N[PH](F)(F)N[PH](F)(F)N1,254.9678764,460.85,0.0,[460.85],['11'],,,,,,,,,,,,
H8F8N4P4,"2,2,4,4,6,6,8,8-octafluoro-1,3,5,7,2,4,6,8-tetrazatetraphosphocine",F[PH]1(F)N[PH](F)(F)N[PH](F)(F)N[PH](F)(F)N1,339.9571685,496.36,0.0,[496.36],['11'],,,,,,,,,,,,
H10F10N5P5,"2,2,4,4,6,6,8,8,10,10-decafluoro-1,3,5,7,9,2,4,6,8,10-pentazapentaphosphecine",F[PH]1(F)N[PH](F)(F)N[PH](F)(F)N[PH](F)(F)N[PH](F)(F)N1,424.9464607,523.97,0.0,[523.97],['11'],,,,,,,,,,,,
Cl3FSi,fluorotrichlorosilane,F[Si](Cl)(Cl)Cl,151.8818878,438.475,0.075,"[438.4, 438.55]","['11', '19']",35.68563873,0.01436127,"[35.67127746, 35.7]","['11', '19']",,,,,0.197910742,0.0,[0.197910742],['11']
Cl2F2Si,dichlorodifluorosilane,F[Si](F)(Cl)Cl,135.9114383,368.92,0.03,"[368.89, 368.95]","['11', '19']",35.06619048,0.066190475,"[35.13238095, 35.0]","['11', '19']",,,,,0.195860568,0.0,[0.195860568],['11']
ClF3Si,chlorotrifluorosilane,F[Si](F)(F)Cl,119.9409889,308.08,0.47,"[307.61, 308.55]","['11', '19']",34.59271301,0.107286995,"[34.48542601, 34.7]","['11', '19']",,,,,,,,
F4Si,"silane, tetrafluoro-",F[Si](F)(F)F,103.9705394,259.01,0.0,[259.01],['11'],37.37518038,0.0,[37.37518038],['11'],,,,,,,,
F6U,uranium hexafloride,F[U](F)(F)(F)(F)F,352.07,,,,,,,,,250.0,0.0,[250.0],['22'],,,,
F4Xe,xenon tetrafloride,F[Xe](F)(F)F,207.284,612.0,0.0,[612.0],['22'],70.4,0.0,[70.4],['22'],,,,,,,,
F2Xe,xenon difloride,F[Xe]F,169.287,631.0,0.0,[631.0],['22'],93.0,0.0,[93.0],['22'],149.0,0.0,[149.0],['22'],,,,
C6Cl3F3,"1,3,5-trichloro-2,4,6-trifluorobenzene",Fc1c(Cl)c(F)c(Cl)c(F)c1Cl,233.9017677,684.8166667,0.062360956,"[684.75, 684.9, 684.8]","['11', '14', '6']",32.7,0.0,[32.7],['6'],447.63,0.0,[447.63],['6'],,,,
C12F10,Decafluorobiphenyl,Fc1c(F)c(F)c(-c2c(F)c(F)c(F)c(F)c2F)c(F)c1F,333.9840322,640.1,0.1,"[640.2, 640.0]","['11', '6']",21.55555556,0.0,[21.55555556],['11'],,,,,0.735182177,0.0,[0.735182177],['11']
C6BrF5,pentafluoro bromobenzene,Fc1c(F)c(F)c(Br)c(F)c1F,245.9103532,635.575,34.575,"[601.0, 670.15]","['14', '19']",45.2,0.0,[45.2],['19'],,,,,,,,
C7F8,octafluorotoluene,Fc1c(F)c(F)c(C(F)(F)F)c(F)c1F,235.9872258,534.44425,0.036320621,"[534.43, 534.5, 534.447, 534.4]","['11', '14', '21', '23']",26.99035088,0.049888302,"[27.04605263, 26.925, 27.0]","['11', '21', '23']",425.365,2.355,"[427.72, 423.01]","['21', '23']",0.474955193,0.0,[0.474955193],['11']
C6ClF5,chloropentafluorobenzene,Fc1c(F)c(F)c(Cl)c(F)c1F,201.9608688,570.62,0.46738635,"[569.83, 570.8, 571.05, 570.8]","['11', '14', '19', '6']",32.13512505,0.167508736,"[31.90537514, 32.2, 32.3]","['11', '19', '6']",375.83,0.17,"[376.0, 375.66]","['22', '6']",,,,
C6F6,hexafluorobenzene,Fc1c(F)c(F)c(F)c(F)c1F,186.057,516.6328571,0.141997413,"[516.73, 516.42, 516.7, 516.75, 516.4, 516.7, 516.73]","['12', '11', '14', '19', '23', '24', '18']",32.74352359,0.02692471,"[32.73, 32.75114155, 32.73, 32.8, 32.72, 32.73]","['12', '11', '19', '23', '24', '18']",336.9528571,8.82790335,"[335.0, 335.0, 335.0, 356.63, 337.04, 324.99, 335.01]","['12', '19', '22', '21', '23', '24', '18']",0.396229568,0.001605109,"[0.395, 0.398918272, 0.396, 0.395]","['12', '11', '24', '18']"
C10F8,"1,2,3,4,5,6,7,8-octafluoronaphthalene",Fc1c(F)c(F)c2c(F)c(F)c(F)c(F)c2c1F,271.9872258,673.0625,0.04145781,"[673.1, 673.1, 673.05, 673.0]","['11', '14', '19', '6']",,,,,,,,,,,,
C6H2F4,"1,2,3,5-tetrafluorobenzene",Fc1cc(F)c(F)c(F)c1,150.0092629,535.24,0.039370039,"[535.21, 535.3, 535.25, 535.2]","['11', '14', '21', '23']",37.48323063,0.012500455,"[37.47969188, 37.47, 37.5]","['11', '21', '23']",311.04,0.0,[311.04],['23'],0.346305205,0.0,[0.346305205],['11']
C6HF5,pentafluorobenzene,Fc1cc(F)c(F)c(F)c1F,167.9998411,531.2492,0.427713175,"[530.93, 531.0, 532.05, 531.336, 530.93]","['11', '14', '19', '21', '23']",35.22394782,0.108878401,"[35.33879127, 35.2, 35.057, 35.3]","['11', '19', '21', '23']",323.5466667,1.155777756,"[324.0, 324.68, 321.96]","['22', '21', '23']",0.373659633,0.0,[0.373659633],['11']
C6H2F4,"1,2,4,5-tetrafluorobenzene",Fc1cc(F)c(F)cc1F,150.0092629,543.34,0.039370039,"[543.31, 543.4, 543.35, 543.3]","['11', '14', '21', '23']",37.99946441,0.008829053,"[37.98839323, 38.01, 38.0]","['11', '21', '23']",309.02,0.0,[309.02],['23'],0.355659901,0.0,[0.355659901],['11']
C6H3ClF2,"1-chloro-3,5-difluorobenzene",Fc1cc(F)cc(Cl)c1,147.9891342,592.0,0.0,"[592.0, 592.0]","['11', '6']",,,,,,,,,,,,
C6H3F3,"1,3,5-trifluorobenzene",Fc1cc(F)cc(F)c1,132.0186848,530.9,0.0,"[530.9, 530.9]","['11', '6']",,,,,,,,,,,,
C6H4BrF,1-bromo-4-fluorobenzene,Fc1ccc(Br)cc1,173.9480404,654.8,0.0,"[654.8, 654.8]","['11', '6']",,,,,,,,,,,,
C6H3ClF2,"1-chloro-2,4-difluorobenzene",Fc1ccc(Cl)c(F)c1,147.9891342,609.6,0.0,"[609.6, 609.6]","['11', '6']",,,,,,,,,,,,
C6H4ClF,1-chloro-4-fluorobenzene,Fc1ccc(Cl)cc1,129.998556,620.1,0.0,"[620.1, 620.1]","['11', '6']",,,,,,,,,,,,
C6H3ClF2,"1-chloro-3,4-difluorobenzene",Fc1ccc(Cl)cc1F,147.9891342,609.2,0.0,"[609.2, 609.2]","['11', '6']",,,,,,,,,,,,
C6H3ClF2,"1-chloro-2,5-difluorobenzene",Fc1ccc(F)c(Cl)c1,147.9891342,612.5,0.0,"[612.5, 612.5]","['11', '6']",,,,,,,,,,,,
C6H3F3,"1,2,4-trifluorobenzene",Fc1ccc(F)c(F)c1,132.0186848,551.1,0.0,"[551.1, 551.1]","['11', '6']",,,,,,,,,,,,
C6H2F4,"1,2,3,4-tetrafluorobenzene",Fc1ccc(F)c(F)c1F,150.0092629,550.8066667,0.016996732,"[550.79, 550.83, 550.8]","['11', '21', '23']",37.90989928,0.000142435,"[37.90969785, 37.91, 37.91]","['11', '21', '23']",312.45,0.44,"[312.89, 312.01]","['21', '23']",0.344765493,0.0,[0.344765493],['11']
C6H4F2,"1,4-difluorobenzene",Fc1ccc(F)cc1,114.0281066,561.2333333,6.12825877,"[556.9, 569.9, 556.9]","['11', '14', '23']",42.8,0.0,[42.8],['23'],297.0,0.0,[297.0],['23'],,,,
C6H4BrF,1-bromo-3-fluorobenzene,Fc1cccc(Br)c1,173.9480404,652.0,0.0,"[652.0, 652.0]","['11', '6']",,,,,,,,,,,,
C6H4ClF,1-chloro-3-fluorobenzene,Fc1cccc(Cl)c1,129.998556,615.9,0.0,"[615.9, 615.9]","['11', '6']",,,,,,,,,,,,
C6H4F2,"1,3-difluorobenzene",Fc1cccc(F)c1,114.0281066,552.4333333,5.703994702,"[548.4, 560.5, 548.4]","['11', '14', '23']",42.37178488,0.37178488,"[42.74356976, 42.0]","['11', '23']",289.02,0.0,[289.02],['23'],0.283162277,0.0,[0.283162277],['11']
C6H3F3,"1,2,3-trifluorobenzene",Fc1cccc(F)c1F,132.0186848,560.3,0.0,"[560.3, 560.3]","['11', '6']",,,,,,,,,,,,
C6H5F,fluorobenzene,Fc1ccccc1,96.104,560.0808,0.032691895,"[560.09, 560.105, 560.1, 560.09, 560.09, 560.05, 559.993, 560.1, 560.1, 560.09]","['12', '11', '14', '19', '2', '13', '21', '23', '24', '18']",45.47626072,0.053309897,"[45.51, 45.50369648, 45.51, 45.4, 45.51, 45.35865, 45.5, 45.484, 45.51]","['12', '11', '19', '2', '13', '21', '23', '24', '18']",282.0428571,30.61839583,"[269.0, 357.0, 269.03, 269.18, 272.03, 269.03, 269.03]","['12', '19', '2', '13', '23', '24', '18']",0.246060649,0.001728535,"[0.247, 0.243363892, 0.247, 0.248, 0.244, 0.247]","['12', '11', '2', '13', '24', '18']"
C6H4BrF,1-bromo-2-fluorobenzene,Fc1ccccc1Br,173.9480404,669.6,0.0,"[669.6, 669.6]","['11', '6']",,,,,,,,,,,,
C6H4ClF,1-chloro-2-fluorobenzene,Fc1ccccc1Cl,129.998556,633.8,0.0,"[633.8, 633.8]","['11', '6']",,,,,,,,,,,,
C6H4F2,"1,2-difluorobenzene",Fc1ccccc1F,114.0281066,561.6625,4.337536023,"[566.0, 557.35, 557.3, 566.0]","['11', '19', '21', '23']",43.08582376,0.285823755,"[43.37164751, 42.8]","['11', '23']",295.01,4.99,"[300.0, 290.02]","['19', '23']",0.282329497,0.0,[0.282329497],['11']
HI,hydrogen iodide,I,127.912,423.9,0.061237244,"[423.9, 423.85, 424.0, 423.85]","['22', '13', '24', '20']",84.8165,2.99272731,"[90.0, 83.1, 83.066, 83.1]","['22', '13', '24', '20']",126.885,4.996721425,"[132.7, 121.94, 130.99, 121.91]","['22', '13', '24', '20']",0.040775,0.004748881,"[0.038, 0.038, 0.049, 0.0381]","['22', '13', '24', '20']"
I2,Iodine,II,126.904473,819.09,0.073484692,"[819.15, 819.0, 819.15, 819.0, 819.15]","['19', '22', '13', '24', '20']",116.64375,0.206499849,"[117.0, 116.54, 116.495, 116.54]","['19', '13', '24', '20']",155.004,0.018547237,"[155.0, 155.0, 155.04, 154.99, 154.99]","['19', '22', '13', '24', '20']",0.17025,0.05875,"[0.229, 0.1115]","['24', '20']"
C6H5I,iodobenzene,Ic1ccccc1,204.01,721.13,0.0678233,"[721.15, 721.0, 721.15, 721.2, 721.15]","['12', '14', '19', '13', '18']",45.1925,0.004330127,"[45.19, 45.2, 45.19, 45.19]","['12', '19', '13', '18']",351.03,0.051961524,"[351.0, 351.0, 351.12, 351.0]","['12', '19', '13', '18']",0.247,0.0,"[0.247, 0.247, 0.247]","['12', '13', '18']"
H3N,Ammonia,N,17.03052,405.52375,0.085868722,"[405.56, 405.43, 405.4, 405.5, 405.65, 405.5, 405.5, 405.65]","['1', '11', '22', '21', '2', '13', '24', '20']",113.1857964,0.334134154,"[113.634, 113.1853713, 113.53, 113.0, 113.0, 113.59, 112.747, 112.8]","['1', '11', '22', '21', '2', '13', '24', '20']",73.02400312,1.227778456,"[73.01401869, 72.47, 72.0, 75.69, 72.5, 72.47]","['1', '22', '2', '13', '24', '20']",0.253715157,0.002119378,"[0.256, 0.25469094, 0.253, 0.256, 0.25, 0.2526]","['1', '11', '2', '13', '24', '20']"
C2N2,cyanogen,N#CC#N,52.036,399.65,1.046422477,"[400.15, 397.1, 400.0, 399.85, 400.15, 400.15, 400.15]","['12', '11', '14', '19', '2', '13', '18']",60.71923885,1.46133465,"[59.8, 62.53543307, 63.0, 59.4, 59.78, 59.8]","['12', '11', '19', '2', '13', '18']",178.3,23.54670678,"[145.0, 195.01, 194.89]","['19', '2', '13']",0.27825,0.001299038,"[0.279, 0.276, 0.279, 0.279]","['12', '2', '13', '18']"
C2F3N,trifluoroethanenitrile,N#CC(F)(F)F,94.99828366,311.1,0.0,"[311.1, 311.1, 311.1]","['11', '14', '8']",36.17039963,0.02960037,"[36.14079926, 36.2]","['11', '8']",202.18,0.0,[202.18],['8'],0.266000713,0.0,[0.266000713],['11']
CClN,carbononitridic chloride,N#CCl,61.471,449.05,0.0,[449.05],['13'],59.9,0.0,[59.9],['13'],163.05,0.0,[163.05],['13'],0.323,0.0,[0.323],['13']
C7H5N,benzonitrile,N#Cc1ccccc1,103.124,697.805,3.160573524,"[699.35, 692.0, 699.4, 699.4, 699.45, 699.35, 699.35, 691.0, 699.4, 699.35]","['12', '11', '14', '17', '19', '2', '13', '23', '24', '18']",42.1549022,0.034715883,"[42.15, 42.19512195, 42.2, 42.1, 42.1, 42.15, 42.1631, 42.2, 42.1408, 42.15]","['12', '11', '17', '19', '2', '13', '21', '23', '24', '18']",327.8671429,13.57654881,"[313.2, 339.0, 338.98, 313.48, 329.27, 347.95, 313.19]","['12', '19', '2', '13', '21', '23', '18']",0.371633538,0.020830043,"[0.366, 0.416801226, 0.352, 0.367, 0.362, 0.366]","['12', '11', '2', '13', '24', '18']"
N2,Nitrogen,N#N,28.01348,126.2774286,0.197048839,"[126.192, 126.2, 126.19, 126.2, 126.76, 126.2, 126.2]","['1', '22', '13', '2', '21', '24', '20']",34.04764286,0.227418857,"[33.958, 33.98, 33.96, 33.9, 34.0, 33.9355, 34.6]","['1', '22', '13', '2', '21', '24', '20']",89.44060675,0.314815281,"[89.41424727, 90.1, 89.49, 89.0, 89.37, 89.5, 89.21]","['1', '22', '13', '2', '21', '24', '20']",0.037725,0.000779022,"[0.0372, 0.037, 0.039, 0.0377]","['1', '2', '24', '20']"
N2O,nitrous oxide,N#[N+][O-],44.00106262,309.561,0.0,[309.561],['11'],72.41192982,0.0,[72.41192982],['11'],,,,,0.161402747,0.0,[0.161402747],['11']
C8H9NO,Phenylacetamide,NC(=O)Cc1ccccc1,135.0684139,825.0,0.0,[825.0],['17'],47.0,0.0,[47.0],['17'],,,,,,,,
C6H13N,cyclohexaneamine,NC1CCCCC1,99.10479942,622.75,5.727564928,"[626.8, 614.65, 626.8]","['11', '19', '5']",,,,,,,,,,,,
CH3NO,formamide,NC=O,45.041,771.0,0.0,"[771.0, 771.0]","['2', '13']",77.75,0.25,"[77.5, 78.0]","['2', '13']",163.095,0.095,"[163.0, 163.19]","['2', '13']",0.411,0.001,"[0.41, 0.412]","['2', '13']"
C12H28N2,"1,12-dodecanediamine",NCCCCCCCCCCCCN,200.2252489,767.0,0.0,"[767.0, 767.0, 767.0]","['11', '14', '5']",20.01305483,0.01305483,"[20.02610966, 20.0]","['11', '5']",,,,,,,,
C10H24N2,"1,10-diaminodecane",NCCCCCCCCCCN,172.1939488,736.0,0.0,"[736.0, 736.0, 736.0]","['11', '14', '5']",24.14521452,0.14521452,"[24.29042904, 24.0]","['11', '5']",,,,,,,,
C9H22N2,"1,9-diaminononane",NCCCCCCCCCN,158.1782987,726.0,0.0,"[726.0, 726.0, 726.0]","['11', '14', '5']",26.10469314,0.10469314,"[26.20938628, 26.0]","['11', '5']",,,,,,,,
C8H20N2,"1,8-diaminooctane",NCCCCCCCCN,144.1626486,712.0,0.0,"[712.0, 712.0, 712.0]","['11', '14', '5']",27.96078431,0.039215685,"[27.92156863, 28.0]","['11', '5']",,,,,,,,
C6H16N2,"1,6-hexanediamine",NCCCCCCN,116.1313485,685.0,0.0,"[685.0, 685.0, 685.0]","['11', '14', '5']",35.74611399,0.25388601,"[35.49222798, 36.0]","['11', '5']",,,,,0.469800302,0.0,[0.469800302],['11']
C4H12N2,"1,4-butanediamine",NCCCCN,88.10004838,651.0,0.0,"[651.0, 651.0, 651.0]","['11', '14', '5']",45.10416667,0.104166665,"[45.20833333, 45.0]","['11', '5']",,,,,0.879426069,0.0,[0.879426069],['11']
C3H10N2,"1,3-propanediamine",NCCCN,74.08439832,632.0,0.0,"[632.0, 632.0, 632.0]","['11', '14', '5']",55.96460177,0.03539823,"[55.92920354, 56.0]","['11', '5']",,,,,0.403402904,0.0,[0.403402904],['11']
C2H8N2,"1,2-ethanediamine",NCCN,60.06874826,606.3916667,9.487026961,"[613.1, 613.1, 592.95, 613.1, 613.1, 593.0]","['11', '14', '19', '21', '23', '24']",65.39095492,2.072467667,"[67.07877462, 62.9, 67.07, 67.1, 62.806]","['11', '19', '21', '23', '24']",205.34,0.947558266,"[206.0, 204.0, 206.02]","['19', '23', '24']",0.42575581,0.084244191,"[0.341511619, 0.51]","['11', '24']"
C4H13N3,di(2-aminoethyl)amine,NCCNCCN,103.1109474,701.45,14.12117205,"[709.8, 709.0, 677.0, 710.0]","['11', '14', '21', '23']",44.33125,0.03125,"[44.3625, 44.3]","['11', '23']",354.865,4.845,"[359.71, 350.02]","['21', '23']",0.455931956,0.0,[0.455931956],['11']
C4H12N2O,N-(2-aminoethyl)ethanolamine,NCCNCCO,104.094963,739.1,0.1,"[739.2, 739.0]","['11', '23']",45.46481482,0.164814815,"[45.62962963, 45.3]","['11', '23']",340.02,0.0,[340.02],['23'],0.562249437,0.0,[0.562249437],['11']
C2H7NO,monoethanolamine,NCCO,61.084,658.63125,25.88707372,"[678.2, 671.4, 671.4, 614.0, 614.15, 670.7, 671.0, 678.2]","['12', '1', '11', '14', '19', '21', '23', '18']",72.43809524,13.18348513,"[68.55, 81.25, 79.92857143, 44.6, 80.3, 80.0]","['12', '1', '11', '19', '21', '23']",196.1762523,8.766484193,"[185.528757, 196.0, 207.0]","['1', '19', '23']",0.567624719,0.005375281,"[0.573, 0.562249437]","['1', '11']"
C4H11NO2,2-(2-aminoethoxy)ethanol,NCCOCCO,105.0789786,721.1,0.1,"[721.2, 721.0]","['11', '23']",48.42398401,0.37601599,"[48.04796802, 48.8]","['11', '23']",333.0,0.0,[333.0],['23'],0.576754126,0.0,[0.576754126],['11']
C7H9N,benzenemethanamine,NCc1ccccc1,107.0734993,686.0,0.0,[686.0],['17'],48.0,0.0,[48.0],['17'],,,,,,,,
H4N2,hydrazine,NN,32.045,653.0775,0.072586156,"[653.01, 653.15, 653.0, 653.15]","['22', '2', '24', '20']",147.04625,0.153841436,"[147.0, 147.3, 146.885, 147.0]","['22', '2', '24', '20']",101.1,0.0,[101.1],['22'],0.315066667,0.000736357,"[0.315, 0.316, 0.3142]","['2', '24', '20']"
C12H12N2,"1,1-Diphenyl hydrazine",NN(c1ccccc1)c1ccccc1,184.1000484,830.0,0.0,[830.0],['17'],40.0,0.0,[40.0],['17'],,,,,,,,
C6H8N2,Phenyl hydrazine,NNc1ccccc1,108.0687483,755.5,5.5,"[750.0, 761.0]","['17', '13']",50.55,1.45,"[52.0, 49.1]","['17', '13']",417.54,0.0,[417.54],['13'],0.535,0.0,[0.535],['13']
C6H4N4O6,"2,4,6-Trinitro aminobenzene",Nc1c([N+](=O)[O-])cc([N+](=O)[O-])cc1[N+](=O)[O-],228.0130838,920.0,0.0,[920.0],['17'],19.5,0.0,[19.5],['17'],,,,,,,,
C6H6ClN,4-Chloro aminobenzene,Nc1ccc(Cl)cc1,127.0188769,756.0,0.0,[756.0],['17'],44.5,0.0,[44.5],['17'],,,,,,,,
C6H6N2O2,4-Nitro aminobenzene,Nc1ccc([N+](=O)[O-])cc1,138.0429274,870.0,0.0,[870.0],['17'],55.0,0.0,[55.0],['17'],,,,,,,,
C10H9N,2-Aminonaphthalene,Nc1ccc2ccccc2c1,143.0734993,850.0,0.0,[850.0],['17'],49.0,0.0,[49.0],['17'],,,,,,,,
C6H6ClN,3-Chloro benzenamine,Nc1cccc(Cl)c1,127.0188769,753.0,0.0,[753.0],['17'],50.0,0.0,[50.0],['17'],,,,,,,,
C6H8N2,"1,3-Benzenediamine",Nc1cccc(N)c1,108.0687483,815.0,0.0,[815.0],['17'],,,,,,,,,,,,
C6H6N2O2,3-Nitro aminobenzene,Nc1cccc([N+](=O)[O-])c1,138.0429274,840.0,0.0,[840.0],['17'],50.0,0.0,[50.0],['17'],,,,,,,,
C10H9N,1-Aminonaphthalene,Nc1cccc2ccccc12,143.0734993,850.0,0.0,[850.0],['17'],50.0,0.0,[50.0],['17'],,,,,,,,
C6H7N,aniline,Nc1ccccc1,93.129,699.7727273,1.691336701,"[698.8, 702.6, 699.0, 698.9, 699.15, 699.0, 699.0, 699.05, 704.0, 699.0, 699.0]","['12', '11', '14', '17', '19', '22', '2', '13', '23', '24', '18']",52.63638843,1.329557291,"[53.1, 52.94649586, 53.0, 48.9, 53.1, 53.5, 53.1, 53.0, 53.081]","['12', '11', '17', '19', '22', '2', '13', '23', '24']",280.07375,8.31827046,"[287.36, 287.0, 273.9, 269.98, 269.98, 287.36, 291.04, 273.97]","['12', '19', '22', '2', '13', '21', '23', '24']",0.375905178,0.008969945,"[0.378, 0.358525889, 0.381, 0.378, 0.384]","['12', '11', '2', '13', '24']"
C12H11N,"2-amino-1,1'biphenyl",Nc1ccccc1-c1ccccc1,169.0891494,838.0,0.0,"[838.0, 838.0]","['11', '5']",37.05033223,2.249667775,"[34.80066445, 39.3]","['11', '5']",583.43,0.0,[583.43],['5'],0.402304814,0.0,[0.402304814],['11']
C6H6ClN,2-Chloro aminobenzene,Nc1ccccc1Cl,127.0188769,730.0,0.0,[730.0],['17'],46.0,0.0,[46.0],['17'],,,,,,,,
C6H6N2O2,2-Nitrobenzenamine,Nc1ccccc1[N+](=O)[O-],138.0429274,800.0,0.0,[800.0],['17'],55.0,0.0,[55.0],['17'],,,,,,,,
H2O,Water,O,18.015268,647.116,0.017701224,"[647.096, 647.14, 647.13, 647.1, 647.1, 647.13]","['1', '22', '2', '13', '24', '20']",220.4135714,0.419739326,"[220.64, 220.64, 220.596, 219.4, 220.64, 220.429, 220.55]","['1', '22', '21', '2', '13', '24', '20']",55.95257675,0.043354642,"[55.94803727, 55.95, 55.86, 56.0, 55.96, 56.0, 55.95]","['1', '22', '21', '2', '13', '24', '20']",0.34084,0.006449372,"[0.3443, 0.343, 0.344, 0.328, 0.3449]","['1', '2', '13', '24', '20']"
C5H2F6O2,"(Z)-1,1,1,5,5,5-hexafluoro-4-hydroxypent-3-en-2-one",O=C(/C=C(\O)C(F)(F)F)C(F)(F)F,208.057,485.1,0.0,"[485.1, 485.1]","['21', '23']",28.8358,0.1642,"[28.6716, 29.0]","['21', '23']",312.99,0.0,[312.99],['23'],,,,
C6F12O,"1,1,1,2,2,4,5,5,5-Nonafluoro-4-(trifluoromethyl)-3",O=C(C(F)(F)C(F)(F)F)C(F)(C(F)(F)F)C(F)(F)F,316.0444,441.81,0.0,[441.81],['1'],18.69,0.0,[18.69],['1'],520.8333333,0.0,[520.8333333],['1'],0.471,0.0,[0.471],['1']
C3ClF5O,"1-chloro-1,1,3,3,3-pentafluoro-2-propanone",O=C(C(F)(F)F)C(F)(F)Cl,181.9557834,410.645,0.061846584,"[410.63, 410.6, 410.75, 410.6]","['11', '14', '19', '8']",28.8209086,0.029569226,"[28.8627258, 28.8, 28.8]","['11', '19', '8']",,,,,0.346690987,0.0,[0.346690987],['11']
C3F6O,hexafluoroacetone,O=C(C(F)(F)F)C(F)(F)F,166.023,357.17,0.049856938,"[357.14, 357.22, 357.1, 357.25, 357.14, 357.2, 357.14]","['12', '11', '14', '19', '21', '23', '18']",28.58199148,0.373471354,"[28.37, 28.53194888, 29.4, 28.32, 28.5, 28.37]","['12', '11', '19', '21', '23', '18']",328.97,0.024494897,"[329.0, 329.0, 328.95, 328.95, 328.95]","['12', '19', '21', '23', '18']",0.364843848,0.001193381,"[0.364, 0.366531544, 0.364]","['12', '11', '18']"
C5H2F6O2,"1,1,1,5,5,5-hexafluoro-2,4-pentanedione",O=C(CC(=O)C(F)(F)F)C(F)(F)F,207.9958986,485.0866667,0.018856181,"[485.06, 485.1, 485.1]","['11', '14', '8']",28.20088758,0.500887575,"[28.70177515, 27.7]","['11', '8']",288.93,0.0,[288.93],['8'],0.493494968,0.0,[0.493494968],['11']
C2Cl4O,trichloroacetyl chloride,O=C(Cl)C(Cl)(Cl)Cl,179.8703253,604.0,0.0,"[604.0, 604.0]","['11', '23']",42.1,0.0,[42.1],['23'],331.02,0.0,[331.02],['23'],,,,
C7ClF13O,tridecafluoroheptanoyl chloride,O=C(Cl)C(F)(F)C(F)(F)C(F)(F)C(F)(F)C(F)(F)C(F)(F)F,382.503,519.8,0.0,[519.8],['8'],14.5,0.0,[14.5],['8'],651.47,0.0,[651.47],['8'],,,,
C2H2Cl2O,chloroacetyl chloride,O=C(Cl)CCl,111.94827,581.0,0.0,[581.0],['14'],,,,,,,,,,,,
CCl2O,phosgene,O=C(Cl)Cl,98.915,455.0125,0.021650635,"[455.0, 455.05, 455.0, 455.0]","['12', '13', '24', '18']",56.737,0.005196152,"[56.74, 56.74, 56.728, 56.74]","['12', '13', '24', '18']",190.07,0.145430396,"[190.22, 189.86, 190.01, 190.19]","['12', '13', '24', '18']",0.202,0.001732051,"[0.201, 0.201, 0.205, 0.201]","['12', '13', '24', '18']"
C5F10O,nonafluoropentanoyl fluoride,O=C(F)C(F)(F)C(F)(F)C(F)(F)C(F)(F)F,266.034,427.0,0.0,[427.0],['8'],19.0,0.0,[19.0],['8'],443.46,0.0,[443.46],['8'],,,,
C4H4O4,(Z)-but-2-enedioic acid,O=C(O)/C=C\C(=O)O,116.072,620.0,0.0,[620.0],['3'],,,,,,,,,,,,
C2HCl3O2,"2,2,2-trichloroacetic acid",O=C(O)C(Cl)(Cl)Cl,163.387,688.05,0.0,[688.05],['13'],48.1,0.0,[48.1],['13'],308.83,0.0,[308.83],['13'],0.549,0.0,[0.549],['13']
C2H2Cl2O2,"2,2-dichloroacetic acid",O=C(O)C(Cl)Cl,128.942,686.05,0.0,[686.05],['13'],51.7,0.0,[51.7],['13'],264.76,0.0,[264.76],['13'],0.555,0.0,[0.555],['13']
C5HF9O2,perfluoropentanoic acid,O=C(O)C(F)(F)C(F)(F)C(F)(F)C(F)(F)F,263.9832833,545.555,0.045,"[545.51, 545.6]","['11', '8']",23.38116592,1.08116592,"[24.46233184, 22.3]","['11', '8']",532.48,0.0,[532.48],['8'],0.924453039,0.0,[0.924453039],['11']
C2HF3O2,trifluoroacetic acid,O=C(O)C(F)(F)F,114.024,491.288,0.037094474,"[491.25, 491.29, 491.3, 491.35, 491.25]","['12', '11', '14', '19', '18']",32.57972812,0.000470914,"[32.58, 32.57891247, 32.58, 32.58]","['12', '11', '19', '18']",204.0,0.0,"[204.0, 204.0, 204.0]","['12', '19', '18']",0.524109604,0.000155003,"[0.524, 0.524328812, 0.524]","['12', '11', '18']"
C4H4O4,2-butenedioic acid,O=C(O)C=CC(=O)O,116.0109586,620.0,0.0,[620.0],['14'],,,,,,,,,,,,
C4H6O4,butanedioic acid,O=C(O)CCC(=O)O,118.0266087,851.0,0.0,"[851.0, 851.0, 851.0, 851.0]","['11', '14', '23', '10']",65.93449613,0.034496125,"[65.96899225, 65.9]","['11', '10']",307.98,0.0,[307.98],['23'],,,,
C5H8O4,"1,5-pentanedioic acid",O=C(O)CCCC(=O)O,132.0422587,840.0,0.0,"[840.0, 840.0, 840.0]","['11', '14', '10']",42.77857143,0.07857143,"[42.85714286, 42.7]","['11', '10']",,,,,,,,
C6H10O4,"1,6-hexanedioic acid",O=C(O)CCCCC(=O)O,146.0579088,841.0,0.0,"[841.0, 841.0, 841.0]","['11', '14', '10']",38.53899083,0.038990825,"[38.57798165, 38.5]","['11', '10']",,,,,,,,
C7H12O4,"1,7-heptanedioic acid",O=C(O)CCCCCC(=O)O,160.0735589,842.0,0.0,"[842.0, 842.0, 842.0]","['11', '14', '23']",32.88132296,0.118677045,"[32.76264591, 33.0]","['11', '23']",462.96,0.0,[462.96],['23'],,,,
C8H14O4,octanedioic acid,O=C(O)CCCCCCC(=O)O,174.0892089,843.0,0.0,"[843.0, 843.0, 843.0]","['11', '14', '10']",29.6915493,0.008450705,"[29.68309859, 29.7]","['11', '10']",,,,,,,,
C9H16O4,"1,9-nonanedioic acid",O=C(O)CCCCCCCC(=O)O,188.104859,844.0,0.0,"[844.0, 844.0, 844.0]","['11', '14', '10']",27.21290322,0.012903225,"[27.22580645, 27.2]","['11', '10']",,,,,,,,
C10H18O4,"1,10-decanedioic acid",O=C(O)CCCCCCCCC(=O)O,202.1205091,845.0,0.0,"[845.0, 845.0, 845.0]","['11', '14', '10']",25.0,0.0,"[25.0, 25.0]","['11', '10']",,,,,,,,
C12H22O4,"1,12-dodecanedioic acid",O=C(O)CCCCCCCCCCC(=O)O,230.1518092,859.0,0.0,"[859.0, 859.0, 859.0]","['11', '14', '10']",21.4875,0.0125,"[21.475, 21.5]","['11', '10']",,,,,,,,
C14H26O4,"1,12-dodecanedicarboxylic acid",O=C(O)CCCCCCCCCCCCC(=O)O,258.1831093,846.0,22.627417,"[814.0, 862.0, 862.0]","['11', '14', '10']",19.0093458,0.009345795,"[19.01869159, 19.0]","['11', '10']",,,,,,,,
C13H18O2,7-phenylheptanoic acid,O=C(O)CCCCCCc1ccccc1,206.1306798,798.0,0.0,"[798.0, 798.0]","['11', '10']",24.70294118,0.002941175,"[24.70588235, 24.7]","['11', '10']",,,,,,,,
C12H16O2,6-phenylhexanoic acid,O=C(O)CCCCCc1ccccc1,192.1150298,794.0,0.0,"[794.0, 794.0]","['11', '10']",26.01639345,0.016393445,"[26.03278689, 26.0]","['11', '10']",,,,,,,,
C11H14O2,5-phenylvaleric acid,O=C(O)CCCCc1ccccc1,178.0993797,790.0,0.0,[790.0],['11'],29.69924812,0.0,[29.69924812],['11'],,,,,,,,
C10H12O2,4-phenylbutanoic acid,O=C(O)CCCc1ccccc1,164.0837296,783.0,0.0,"[783.0, 783.0]","['11', '10']",32.16111111,0.06111111,"[32.22222222, 32.1]","['11', '10']",,,,,,,,
C9H10O2,3-phenylpropanoic acid,O=C(O)CCc1ccccc1,150.0680796,776.0,0.0,"[776.0, 776.0]","['11', '10']",34.62142857,0.02142857,"[34.64285714, 34.6]","['11', '10']",,,,,,,,
C2H3ClO2,2-chloroacetic acid,O=C(O)CCl,94.497,686.05,0.0,[686.05],['13'],57.8,0.0,[57.8],['13'],220.8,0.0,[220.8],['13'],0.546,0.0,[0.546],['13']
C8H8O2,phenylethanoic acid,O=C(O)Cc1ccccc1,136.0524295,766.0,0.0,"[766.0, 766.0]","['11', '10']",39.49226804,0.00773196,"[39.48453608, 39.5]","['11', '10']",,,,,,,,
C7H6O2,benzoic acid,O=C(O)c1ccccc1,122.0367794,751.7875,0.458768733,"[752.0, 752.15, 751.0, 752.0]","['14', '19', '2', '24']",44.12833333,1.47905563,"[42.1, 44.7, 45.585]","['19', '2', '24']",342.9766667,2.830857742,"[341.0, 346.98, 340.95]","['19', '2', '24']",0.6115,0.0085,"[0.603, 0.62]","['2', '24']"
C13H10O,benzophenone,O=C(c1ccccc1)c1ccccc1,182.222,830.0083333,0.0186339,"[830.0, 830.0, 830.05, 830.0, 830.0, 830.0]","['12', '11', '13', '21', '23', '18']",31.70236187,2.319321517,"[27.95, 33.52180937, 33.52, 33.52, 30.0]","['12', '11', '13', '21', '23']",567.7,0.143108351,"[567.7, 567.54, 567.54, 567.86, 567.86]","['12', '13', '21', '23', '18']",0.50091367,0.000913669,"[0.501827339, 0.5]","['11', '13']"
C6H8O,2-cyclohexen-1-one,O=C1C=CCCC1,96.131,685.0,0.0,[685.0],['22'],,,,,305.18,0.0,[305.18],['22'],,,,
C5H8O,cyclopentanone,O=C1CCCC1,84.118,626.09375,3.296061807,"[624.5, 624.5, 634.6, 626.15, 624.5, 624.0, 626.0, 624.5]","['12', '11', '14', '19', '21', '23', '24', '18']",48.14377473,3.511820447,"[46.0, 45.71742313, 53.7, 46.0, 45.9, 53.689, 46.0]","['12', '11', '19', '21', '23', '24', '18']",270.0075,3.465554609,"[268.0, 268.0, 276.01, 268.02]","['19', '22', '23', '24']",0.30291756,0.027199694,"[0.288, 0.28567024, 0.35, 0.288]","['12', '11', '24', '18']"
C6H10O,cyclohexanone,O=C1CCCCC1,98.145,642.5167,32.59296581,"[664.3, 664.9, 665.0, 629.1, 653.05, 653.0, 629.0, 648.817, 665.0, 553.0]","['12', '11', '14', '17', '19', '2', '24', '21', '23', '18']",42.06520833,2.791513876,"[46.0, 44.32666667, 40.0, 40.1, 38.494, 41.501, 46.1, 40.0]","['12', '11', '19', '2', '24', '21', '23', '18']",322.2575,18.31923084,"[312.0, 311.04, 312.01, 353.98]","['19', '2', '24', '23']",0.326040034,0.061614302,"[0.306, 0.26520017, 0.308, 0.445, 0.306]","['12', '11', '2', '24', '18']"
C12H20O,"[1,1'-bicyclohexyl]-2-one",O=C1CCCCC1C1CCCCC1,180.29,787.0,0.0,"[787.0, 787.0, 787.0, 787.0]","['12', '14', '18', '3']",26.5,0.0,[26.5],['12'],,,,,,,,
C4H6O2,γ-butyrolactone,O=C1CCCO1,86.03677943,726.63,8.74,"[731.0, 731.0, 709.15, 731.0, 731.0]","['11', '14', '19', '21', '23']",50.92962441,0.660949169,"[51.47887324, 51.31, 50.0]","['11', '21', '23']",246.0,0.0,[246.0],['23'],0.404503778,0.0,[0.404503778],['11']
C8H4O3,phthalic anhydride,O=C1OC(=O)c2ccccc21,148.016044,810.05,0.070710678,"[810.0, 810.15, 810.0]","['14', '19', '24']",47.6055,0.0055,"[47.6, 47.611]","['19', '24']",368.025,0.025,"[368.0, 368.05]","['19', '24']",,,,
C4H4O4,dihydroxy-2(3H)-furanone ,O=C1OC=CC1(O)O,116.072,731.0,0.0,[731.0],['3'],51.3,0.0,[51.3],['3'],,,,,,,,
C3O2,carbon suboxide,O=C=C=C=O,68.031,427.58,0.0,[427.58],['13'],69.44,0.0,[69.44],['13'],177.62,0.0,[177.62],['13'],,,,
C8H12N2O2,hexamethylene diisocyanate,O=C=NCCCCCCN=C=O,168.196,720.8,0.0,"[720.8, 720.8]","['12', '18']",27.97,0.0,[27.97],['12'],513.04,0.04,"[513.0, 513.08]","['12', '18']",,,,
C7H4ClNO,1-Chloro-4-isocyanato benzene,O=C=Nc1ccc(Cl)cc1,152.9981414,695.0,0.0,[695.0],['17'],40.0,0.0,[40.0],['17'],,,,,,,,
C7H4ClNO,1-Chloro-3-isocyanato benzene,O=C=Nc1cccc(Cl)c1,152.9981414,695.0,0.0,[695.0],['17'],35.5,0.0,[35.5],['17'],,,,,,,,
C7H5NO,phenyl isocyanate,O=C=Nc1ccccc1,119.0371138,659.2,8.352245207,"[657.0, 650.0, 675.0, 657.0, 657.0]","['11', '17', '21', '23', '8']",39.60248447,1.180102431,"[40.80745342, 38.0, 40.0]","['11', '17', '8']",341.765,0.235,"[341.53, 342.0]","['21', '23']",0.366531544,0.0,[0.366531544],['11']
CO2,carbon dioxide,O=C=O,44.01,304.1694667,0.034373245,"[304.19, 304.1282, 304.155, 304.12, 304.212, 304.21, 304.13, 304.19, 304.19]","['12', '1', '11', '22', '21', '2', '13', '18', '20']",73.79156834,0.059115289,"[73.82, 73.773, 73.80611502, 73.74, 73.675, 73.9, 73.77, 73.82, 73.82]","['12', '1', '11', '22', '21', '2', '13', '18', '20']",94.13355963,0.336048994,"[94.0, 94.11847707, 94.07, 93.84, 95.0, 94.04, 94.0, 94.0]","['12', '1', '22', '21', '2', '13', '18', '20']",0.225850007,0.001812424,"[0.228, 0.22394, 0.22541005, 0.224, 0.224, 0.228, 0.2276]","['12', '1', '11', '2', '13', '18', '20']"
COS,carbonyl sulfide,O=C=S,60.076,378.7871429,0.01484615,"[378.8, 378.77, 378.77, 378.8, 378.77, 378.8, 378.8]","['12', '1', '11', '21', '13', '18', '20']",63.54526044,0.095064759,"[63.49, 63.7, 63.46682306, 63.49, 63.69, 63.49, 63.49]","['12', '1', '11', '21', '13', '18', '20']",134.9285533,0.275248197,"[135.1, 134.9527665, 134.39, 135.1, 135.1]","['12', '1', '13', '18', '20']",0.097411782,0.000422777,"[0.097, 0.0978, 0.097670694, 0.098, 0.097, 0.097]","['12', '1', '11', '13', '18', '20']"
C5H9NO2,N-formylmorpholine,O=CN1CCOCC1,115.0633285,779.1,0.141421356,"[779.3, 779.0, 779.0]","['11', '23', '8']",50.70194805,0.09805195,"[50.6038961, 50.8]","['11', '8']",326.05,0.0,[326.05],['23'],0.37675071,0.0,[0.37675071],['11']
CH2O2,formic acid,O=CO,46.026,586.025,3.478864757,"[588.0, 588.0, 580.0, 588.15, 588.0, 588.05, 580.0, 588.0]","['12', '11', '14', '19', '2', '13', '24', '18']",52.93333333,7.306770072,"[42.6, 58.1, 58.1]","['12', '2', '13']",125.025,0.025,"[125.0, 125.05]","['2', '13']",0.3165,0.0005,"[0.317, 0.316]","['2', '13']"
C7H6O,benzaldehyde,O=Cc1ccccc1,106.124,691.88125,8.251929225,"[695.0, 694.8, 695.0, 695.15, 695.05, 670.05, 695.0, 695.0]","['12', '14', '17', '19', '13', '21', '24', '18']",46.21534,0.567671439,"[45.08, 46.5, 46.5, 46.5, 46.4967]","['12', '19', '13', '21', '24']",323.76,0.24,"[324.0, 323.52]","['19', '13']",0.319,0.003,"[0.322, 0.316]","['13', '24']"
C8H6O3,2-formylbenzoic acid,O=Cc1ccccc1C(=O)O,150.133,864.0,0.0,[864.0],['10'],48.0,0.0,[48.0],['10'],,,,,,,,
C7H6O2,2-hydroxybenzaldehyde,O=Cc1ccccc1O,122.123,680.0,0.0,[680.0],['13'],49.9,0.0,[49.9],['13'],342.11,0.0,[342.11],['13'],0.619,0.0,[0.619],['13']
C5H4O2,furfural,O=Cc1ccco1,96.086,670.1083333,0.078616509,"[670.15, 670.0, 670.15, 670.2, 670.0, 670.15]","['12', '14', '19', '13', '21', '18']",56.76,1.2175385,"[56.6, 58.9, 56.6, 55.1, 56.6]","['12', '19', '13', '21', '18']",252.21,0.0,[252.21],['13'],0.368,5.55e-17,"[0.368, 0.368, 0.368]","['12', '13', '18']"
ClFO3,Perchloryl fluoride,O=Cl(=O)(=O)F,101.9519998,368.425,0.025,"[368.45, 368.4]","['19', '22']",53.7,0.0,"[53.7, 53.7]","['19', '22']",161.0,0.0,"[161.0, 161.0]","['19', '22']",,,,
ClNO,nitrogen oxychloride,O=NCl,65.459,440.3,0.3,"[440.6, 440.0]","['22', '24']",91.19,0.014142136,"[91.2, 91.17, 91.2]","['22', '24', '20']",139.0,0.0,"[139.0, 139.0]","['24', '20']",0.318,0.0,[0.318],['24']
O2,Oxygen,O=O,31.9988,154.610125,0.060972202,"[154.581, 154.59, 154.58, 154.6, 154.77, 154.58, 154.6, 154.58]","['1', '19', '22', '13', '21', '2', '24', '20']",50.36084375,0.138254009,"[50.43, 50.43, 50.43, 50.46, 50.05975, 50.2, 50.447, 50.43]","['1', '19', '22', '13', '21', '2', '24', '20']",73.67594644,0.517358688,"[73.36757153, 73.4, 73.37, 74.94, 73.53, 74.0, 73.4, 73.4]","['1', '19', '22', '13', '21', '2', '24', '20']",0.02235,0.001774119,"[0.0222, 0.02, 0.025, 0.0222]","['1', '2', '24', '20']"
Cl2O2S,sulfuryl dichloride,O=S(=O)(Cl)Cl,134.971,545.05,0.0,[545.05],['13'],46.1,0.0,[46.1],['13'],233.92,0.0,[233.92],['13'],0.176,0.0,[0.176],['13']
H2O4S,sulfuric acid,O=S(=O)(O)O,98.079,924.0,0.0,[924.0],['20'],,,,,177.71,0.0,[177.71],['20'],,,,
O3S,sulfur trioxide,O=S(=O)=O,79.95681486,490.985,0.218993912,"[491.46, 490.9, 490.85, 490.85, 491.0, 490.85]","['11', '22', '2', '13', '24', '20']",82.0506,0.077468962,"[82.1, 81.9, 82.1, 82.053, 82.1]","['22', '2', '13', '24', '20']",126.874,0.193659495,"[126.5, 127.0, 126.87, 127.0, 127.0]","['22', '2', '13', '24', '20']",0.438,0.024829418,"[0.423, 0.424, 0.481, 0.424]","['2', '13', '24', '20']"
C4H8O2S,"thiolane 1,1-dioxide",O=S1(=O)CCCC1,120.173,855.0,0.0,[855.0],['21'],,,,,333.78,0.0,[333.78],['21'],,,,
O2S,Sulfur dioxide,O=S=O,64.0638,430.7201429,0.066419508,"[430.64, 430.661, 430.8, 430.75, 430.64, 430.8, 430.75]","['1', '11', '22', '2', '13', '24', '20']",78.69669873,0.234313076,"[78.866, 78.15989111, 78.84, 78.6, 78.76, 78.811, 78.84]","['1', '11', '22', '2', '13', '24', '20']",122.470503,0.693730901,"[123.7930181, 122.0, 123.0, 122.03, 122.0, 122.0]","['1', '22', '2', '13', '24', '20']",0.251351996,0.004956576,"[0.256, 0.251811973, 0.244, 0.255, 0.256, 0.2453]","['1', '11', '2', '13', '24', '20']"
FNO2,nitrogen dioxyfloride,O=[N+]([O-])F,65.004,349.4,0.1,"[349.3, 349.5]","['22', '20']",,,,,,,,,,,,
N2O4,dinitrogen tetroxide,O=[N+]([O-])[N+](=O)[O-],92.011,431.0866667,0.057927157,"[431.01, 431.1, 431.15]","['22', '13', '20']",101.2166667,0.153260852,"[101.0, 101.32, 101.33]","['22', '13', '20']",82.52,0.0,[82.52],['13'],0.8533,0.0,[0.8533],['20']
C6H3N3O6,"1,3,5-Trinitrobenzene",O=[N+]([O-])c1cc([N+](=O)[O-])cc([N+](=O)[O-])c1,213.0021848,835.0,0.0,[835.0],['17'],19.5,0.0,[19.5],['17'],,,,,,,,
C6H4N2O4,"1,3-Dinitrobenzene",O=[N+]([O-])c1cccc([N+](=O)[O-])c1,168.0171066,800.0,0.0,[800.0],['17'],,,,,,,,,,,,
C6H3N3O6,"1,2,3-Trinitrobenzene",O=[N+]([O-])c1cccc([N+](=O)[O-])c1[N+](=O)[O-],213.0021848,920.0,0.0,[920.0],['17'],16.5,0.0,[16.5],['17'],,,,,,,,
C6H5NO2,Nitrobenzene,O=[N+]([O-])c1ccccc1,123.0320284,721.0666667,8.348885488,"[712.0, 732.15, 719.05]","['17', '19', '13']",44.0,0.0,[44.0],['13'],348.8,0.0,[348.8],['13'],0.443,0.0,[0.443],['13']
O3,ozone,O=[O+][O-],47.98474386,261.058,0.03544009,"[261.09, 261.05, 261.05, 261.1, 261.0]","['11', '19', '22', '24', '20']",55.40375,0.521816239,"[54.5, 55.7, 55.715, 55.7]","['19', '22', '24', '20']",89.05,0.206155281,"[88.9, 89.4, 88.9, 89.0]","['19', '22', '24', '20']",,,,
O4Os,Osmium  tetroxide,O=[Os](=O)(=O)=O,255.9411392,405.15,0.0,[405.15],['19'],172.0,0.0,[172.0],['19'],,,,,,,,
C3H2F6O,"1,1,1,3,3,3-Hexafluoro-2-propanol",OC(C(F)(F)F)C(F)(F)F,168.000984,460.0,0.0,[460.0],['7'],31.1546,0.0,[31.1546],['7'],,,,,,,,
C3H6Cl2O,"1,3-Dichloro-2-propanol",OC(CCl)CCl,127.9795702,635.0,0.0,[635.0],['7'],44.7582,0.0,[44.7582],['7'],,,,,,,,
C7H4F12O,"1,2,2,3,3,4,4,5,5,6,6,7-dodecafluoro-1-heptanol",OC(F)C(F)(F)C(F)(F)C(F)(F)C(F)(F)C(F)(F)CF,332.0070534,589.2,0.0,[589.2],['11'],,,,,,,,,,,,
C5H4F8O,"1,2,2,3,3,4,4,5-Octafluoropentan-1-ol",OC(F)C(F)(F)C(F)(F)C(F)(F)CF,232.0134405,571.2,0.0,[571.2],['11'],,,,,,,,,,,,
C3H4F4O,"1,2,2,3-Tetrafluoro-1-propanol",OC(F)C(F)(F)CF,132.0198276,553.675,0.025,"[553.65, 553.7]","['7', '11']",27.5413,0.0,[27.5413],['7'],,,,,,,,
C5H10O,cyclopentanol,OC1CCCC1,86.134,619.55,0.331662479,"[620.0, 619.5, 619.5, 619.75, 619.0]","['12', '11', '14', '21', '23']",49.04166667,0.072168785,"[49.0, 49.16666667, 49.0, 49.0]","['12', '11', '21', '23']",288.02,0.0,[288.02],['23'],0.4612541,0.0387459,"[0.5, 0.4225082]","['12', '11']"
C6H12O,cyclohexanol,OC1CCCCC1,100.161,646.55,7.285739496,"[650.1, 647.1, 648.0, 650.05, 648.0, 650.0, 650.05, 647.1, 625.0, 650.1]","['12', '11', '14', '19', '22', '2', '13', '23', '24', '18']",42.00233778,1.655323796,"[42.6, 43.14, 42.6, 42.5, 42.6, 41.50004, 43.0, 37.481, 42.6]","['12', '11', '19', '2', '13', '21', '23', '24', '18']",328.4628571,4.945834363,"[327.0, 333.88, 321.96, 322.06, 333.33, 334.0, 327.01]","['19', '22', '2', '13', '21', '23', '24']",0.400642605,0.057813507,"[0.369, 0.396855627, 0.371, 0.37, 0.528, 0.369]","['12', '11', '2', '13', '24', '18']"
C3H6Cl2O,"2,3-Dichloro-1-propanol",OCC(Cl)CCl,127.9795702,629.0,0.0,[629.0],['7'],44.77,0.0,[44.77],['7'],,,,,,,,
C7H3F13O,"2,2,3,3,4,4,5,5,6,6,7,7,7-tridecafluoro-1-heptanol",OCC(F)(F)C(F)(F)C(F)(F)C(F)(F)C(F)(F)C(F)(F)F,350.074,554.7,0.0,[554.7],['8'],23.5,0.0,[23.5],['8'],606.8,0.0,[606.8],['8'],,,,
C7H4F12O,"2,2,3,3,4,4,5,5,6,6,7,7-dodecafluoro-1-heptanol",OCC(F)(F)C(F)(F)C(F)(F)C(F)(F)C(F)(F)C(F)F,332.084,589.0,0.0,[589.0],['8'],20.3,0.0,[20.3],['8'],601.68,0.0,[601.68],['8'],,,,
C5H3F9O,"2,2,3,3,4,4,5,5,5-nonafluoro-1-pentanol",OCC(F)(F)C(F)(F)C(F)(F)C(F)(F)F,250.06,521.4,0.0,[521.4],['8'],23.1,0.0,[23.1],['8'],446.63,0.0,[446.63],['8'],,,,
C5H4F8O,"2,2,3,3,4,4,5,5-octafluoro-1-pentanol",OCC(F)(F)C(F)(F)C(F)(F)C(F)F,232.07,571.2,0.0,[571.2],['8'],27.5,0.0,[27.5],['8'],424.27,0.0,[424.27],['8'],,,,
C4H3F7O,"2,2,3,3,4,4,4-Heptafluorobutanol",OCC(F)(F)C(F)(F)C(F)(F)F,200.0072123,506.0,0.0,[506.0],['7'],26.7222,0.0,[26.7222],['7'],,,,,,,,
C3H4F4O,"2,2,3,3-Tetrafluoro-1-propanol",OCC(F)(F)C(F)F,132.0198276,546.8,6.8,"[540.0, 553.6]","['7', '8']",41.7349,4.5651,"[37.1698, 46.3]","['7', '8']",266.24,0.0,[266.24],['8'],,,,
C2H3F3O,"2,2,2-Trifluoroethanol",OCC(F)(F)F,100.0135994,498.57,0.0,"[498.57, 498.57, 498.57, 498.57]","['7', '11', '21', '23']",48.15219353,0.069969736,"[48.1853, 48.07347411, 48.25, 48.1]","['7', '11', '21', '23']",211.01,0.0,[211.01],['23'],0.641132802,0.0,[0.641132802],['11']
C3H8O3,glycerol,OCC(O)CO,92.095,822.4666667,51.52352753,"[850.0, 850.0, 850.0, 726.15, 850.05, 726.0, 850.0, 850.0, 850.0]","['12', '11', '14', '19', '13', '24', '21', '23', '18']",73.12240487,3.618497665,"[75.0, 75.22123894, 66.9, 75.0, 66.858, 75.0, 76.0, 75.0]","['12', '11', '19', '13', '24', '21', '23', '18']",256.205,4.704128506,"[255.0, 263.85, 254.97, 251.0]","['19', '13', '24', '23']",0.519275539,0.011454181,"[0.513, 0.539102157, 0.512, 0.513]","['12', '11', '13', '18']"
C3H6Cl2O,"3,3-Dichloro-1-propanol",OCCC(Cl)Cl,127.9795702,655.0,0.0,[655.0],['7'],45.7551,0.0,[45.7551],['7'],,,,,,,,
C12H26O2,"dodecane-1,12-diol",OCCCCCCCCCCCCO,202.338,798.0,0.0,[798.0],['10'],19.3,0.0,[19.3],['10'],,,,,,,,
C10H22O2,"decane-1,10-diol",OCCCCCCCCCCO,174.284,770.0,0.0,[770.0],['10'],22.0,0.0,[22.0],['10'],,,,,,,,
C9H20O2,"nonane-1,9-diol",OCCCCCCCCCO,160.257,760.0,0.0,[760.0],['10'],24.0,0.0,[24.0],['10'],,,,,,,,
C8H18O2,"octane-1,8-diol",OCCCCCCCCO,146.23,752.0,0.0,[752.0],['10'],27.0,0.0,[27.0],['10'],,,,,,,,
C6H14O2,"1,6-hexanediol",OCCCCCCO,118.0993797,727.2666667,19.28061779,"[741.0, 740.8, 700.0]","['11', '14', '21']",37.57769653,7.577696525,"[45.15539305, 30.0]","['11', '21']",401.61,0.0,[401.61],['21'],0.73754891,0.0,[0.73754891],['11']
C5H12O2,"pentane-1,5-diol",OCCCCCO,104.149,731.0,0.0,[731.0],['10'],40.0,0.0,[40.0],['10'],,,,,,,,
C4H10O2,"1,4-Butanediol",OCCCCO,90.06807956,725.5766667,1.425501861,"[724.26, 724.2, 727.0, 727.0, 724.0, 727.0]","['7', '11', '14', '21', '23', '3']",57.1528089,3.860150524,"[56.904, 52.55442671, 62.0]","['7', '11', '3']",307.03,0.0,[307.03],['23'],0.649751982,0.0,[0.649751982],['11']
C10H14O,4-phenyl-1-butanol,OCCCCc1ccccc1,150.1044651,746.0,0.0,"[746.0, 746.0, 746.0]","['11', '14', '10']",30.69979424,0.00020576,"[30.69958848, 30.7]","['11', '10']",,,,,,,,
C3H8O2,"1,3-propanediol",OCCCO,76.095,714.3366667,20.00633733,"[724.0, 718.63, 718.2, 722.0, 658.15, 724.05, 718.0, 724.0, 722.0]","['12', '7', '11', '14', '19', '13', '23', '18', '3']",64.5876559,2.880615595,"[67.96, 65.8012, 66.37707948, 59.8, 63.0]","['12', '7', '11', '19', '3']",237.5833333,15.7770769,"[241.0, 216.78, 254.97]","['19', '13', '23']",0.685322039,0.052677961,"[0.632644079, 0.738]","['11', '13']"
C6H14O3,"4-oxa-1,7-heptanediol",OCCCOCCCO,134.0942943,705.1,0.1,"[705.2, 705.0]","['11', '10']",33.84663163,0.15336837,"[33.69326326, 34.0]","['11', '10']",,,,,0.653647026,0.0,[0.653647026],['11']
C9H12O,3-phenyl-1-propanol,OCCCc1ccccc1,136.088815,732.0,0.0,"[732.0, 732.0, 732.0]","['11', '14', '23']",34.26415095,0.264150945,"[34.52830189, 34.0]","['11', '23']",450.05,0.0,[450.05],['23'],0.552841969,0.0,[0.552841969],['11']
C2H5ClO,2-Chloroethanol,OCCCl,80.00289246,566.0,0.0,[566.0],['7'],52.5136,0.0,[52.5136],['7'],,,,,,,,
C6H15NO3,triethanolamine,OCCN(CCO)CCO,149.19,777.2166667,7.236059394,"[772.1, 787.45, 772.1]","['12', '19', '18']",28.92,4.42,"[33.34, 24.5]","['12', '19']",,,,,,,,
C4H11NO2,"2,2'-Iminodiethanol",OCCNCCO,105.1356,729.4166667,10.08813935,"[736.5, 715.15, 736.6]","['1', '19', '18']",41.10375,8.40375,"[49.5075, 32.7]","['1', '19']",326.0151515,22.9848485,"[303.030303, 349.0]","['1', '19']",1.013,0.0,[1.013],['1']
C2H6O2,ethylene glycol,OCCO,62.068,725.1975,19.54652106,"[720.0, 719.0, 719.47, 719.3, 720.0, 718.15, 719.7, 719.15, 790.0, 718.6, 719.0, 720.0]","['12', '1', '7', '11', '14', '19', '2', '13', '24', '21', '23', '18']",83.01993058,7.464208983,"[82.0, 105.087, 82.3056, 81.73863636, 77.0, 77.1, 82.0, 76.988, 86.0, 81.0, 82.0]","['12', '1', '7', '11', '19', '2', '13', '24', '21', '23', '18']",184.0080045,7.256489988,"[170.0680272, 186.0, 190.99, 190.99, 186.01, 179.99]","['1', '19', '2', '13', '24', '23']",0.525498843,0.043003055,"[0.507, 0.619, 0.519993057, 0.487, 0.513, 0.507]","['12', '1', '11', '2', '13', '18']"
C4H10O3,diethylene glycol,OCCOCCO,106.122,728.272875,29.09570566,"[744.6, 753.0, 750.0, 681.15, 718.833, 753.0, 681.0, 744.6]","['12', '11', '14', '19', '21', '23', '24', '18']",47.78940173,1.188071428,"[50.15, 47.68841039, 46.6, 47.7, 48.0, 46.598]","['12', '11', '19', '21', '23', '24']",318.9833333,4.247386124,"[316.0, 324.99, 315.96]","['19', '23', '24']",0.576754126,0.0,[0.576754126],['11']
C6H14O4,triethylene glycol,OCCOCCOCCO,150.175,774.3333333,12.69404935,"[769.5, 797.0, 780.0, 755.0, 775.0, 769.5]","['12', '11', '14', '21', '23', '18']",33.37347108,0.685574341,"[34.56, 32.9338843, 33.0, 33.0]","['12', '11', '21', '23']",453.93,0.0,[453.93],['23'],0.57024772,0.0,[0.57024772],['11']
C8H18O5,"3,6,9-trioxa-1,11-undecanediol",OCCOCCOCCOCCO,194.1154237,795.25,8.227241336,"[800.0, 800.0, 781.0, 800.0]","['11', '14', '21', '23']",30.66666667,1.885618083,"[32.0, 32.0, 28.0]","['11', '21', '23']",607.9,0.0,[607.9],['23'],,,,
C8H10O,2-phenylethanol,OCCc1ccccc1,122.0731649,723.6666667,0.23570226,"[723.5, 723.5, 724.0]","['11', '14', '23']",40.43785311,0.437853105,"[40.87570621, 40.0]","['11', '23']",390.02,0.0,[390.02],['23'],0.454692884,0.0,[0.454692884],['11']
C7H8O,benzyl alcohol,OCc1ccccc1,108.14,709.6857143,15.79755212,"[720.15, 715.0, 720.2, 695.15, 720.15, 677.0, 720.15]","['12', '11', '14', '19', '13', '24', '18']",44.55325039,1.354697276,"[45.06, 43.09825196, 43.0, 45.01, 46.598]","['12', '11', '19', '13', '24']",334.26,0.367695526,"[334.0, 334.78, 334.0]","['19', '13', '24']",0.391473966,0.0,[0.391473966],['11']
H2O2,hydrogen peroxide,OO,34.014,729.075,1.075,"[728.0, 730.15]","['21', '20']",218.5,1.5,"[220.0, 217.0]","['21', '20']",77.7,0.0,[77.7],['20'],0.3582,0.0,[0.3582],['20']
C6HF5O,pentafluorophenol,Oc1c(F)c(F)c(F)c(F)c1F,183.9947558,608.0,1.0,"[609.0, 607.0]","['14', '21']",38.0,0.0,[38.0],['21'],346.62,0.0,[346.62],['21'],,,,
C6H6O2,"1,3-benzenediol",Oc1cccc(O)c1,110.0367794,836.0,0.0,"[836.0, 836.0, 836.0]","['11', '23', '10']",62.39402985,0.00597015,"[62.3880597, 62.4]","['11', '10']",291.97,0.0,[291.97],['23'],0.482804102,0.0,[0.482804102],['11']
C6H6O,phenol,Oc1ccccc1,94.113,694.085,0.394091783,"[694.25, 694.27, 694.2, 692.9, 694.25, 694.25, 694.25, 694.25, 694.2, 693.65, 694.3, 694.25]","['12', '11', '14', '17', '19', '22', '2', '13', '24', '21', '23', '18']",60.06837806,2.238757135,"[61.3, 55.76465863, 61.3, 61.3, 61.3, 60.6, 61.3, 61.2865, 60.301, 55.0, 61.3]","['12', '11', '17', '19', '22', '2', '13', '24', '21', '23', '18']",235.74125,17.8507902,"[229.0, 229.0, 229.0, 228.99, 228.99, 228.99, 282.97, 228.99]","['12', '19', '22', '2', '13', '24', '23', '18']",0.429050802,0.013550015,"[0.426, 0.402304814, 0.438, 0.442, 0.44, 0.426]","['12', '11', '2', '13', '24', '18']"
C6H5ClO,2-Chlorophenol,Oc1ccccc1Cl,128.0028925,675.0,0.0,[675.0],['17'],50.0,0.0,[50.0],['17'],,,,,,,,
H3P,phosphine,P,33.998,324.625,0.125,"[324.5, 324.75]","['22', '20']",65.4,0.0,"[65.4, 65.4]","['22', '20']",155.96,0.0,[155.96],['20'],0.0452,0.0,[0.0452],['20']
H2S,Hydrogen sulfide,S,34.08088,373.3014286,0.172496673,"[373.1, 373.25, 373.4, 373.53, 373.1, 373.2, 373.53]","['1', '11', '22', '2', '13', '24', '20']",89.72621908,0.250535647,"[90.0, 89.48693359, 89.63, 90.0, 89.99, 89.3466, 89.63]","['1', '11', '22', '2', '13', '24', '20']",98.29757115,0.430028858,"[98.13542689, 98.0, 99.0, 97.65, 98.5, 98.5]","['1', '22', '2', '13', '24', '20']",0.099416909,0.004814574,"[0.1005, 0.096801453, 0.096, 0.1, 0.109, 0.0942]","['1', '11', '2', '13', '24', '20']"
CS2,carbon disulfide,S=C=S,76.143,552.0416667,0.073124703,"[552.0, 552.2, 552.0, 552.05, 552.0, 552.0]","['12', '11', '2', '13', '18', '20']",79.88548549,1.44720306,"[79.0, 82.91291291, 80.4, 79.0, 79.0, 79.0]","['12', '11', '2', '13', '18', '20']",159.99,0.02,"[160.0, 160.0, 159.95, 160.0, 160.0]","['12', '2', '13', '18', '20']",0.118360932,0.009817915,"[0.111, 0.138465589, 0.118, 0.121, 0.111, 0.1107]","['12', '11', '2', '13', '18', '20']"
C5H10S,cyclopentanethiol,SC1CCCC1,102.2,631.2625,2.26256906,"[629.0, 633.55, 633.5, 629.0]","['12', '19', '21', '18']",43.27,0.0,[43.27],['12'],,,,,,,,
C6H12S,Cyclohexanethiol,SC1CCCCC1,116.0659714,670.6833333,9.416327428,"[664.05, 664.0, 684.0]","['19', '21', '4']",,,,,400.8,0.0,[400.8],['4'],,,,
H2S2,dihydrogen disulfie,SS,66.148,572.0,0.0,[572.0],['22'],59.1,0.0,[59.1],['22'],,,,,,,,
H2S3,dihydrogen trisulfie,SSS,98.214,738.0,0.0,[738.0],['22'],51.3,0.0,[51.3],['22'],,,,,,,,
H2S4,dihydrogen tetrasulfie,SSSS,130.28,855.0,0.0,[855.0],['22'],43.7,0.0,[43.7],['22'],,,,,,,,
H2S5,dihydrogen pentasulfie,SSSSS,162.346,930.0,0.0,[930.0],['22'],38.9,0.0,[38.9],['22'],,,,,,,,
C6H6S,phenyl mercaptan,Sc1ccccc1,110.18,689.5166667,0.023570226,"[689.5, 689.55, 689.5]","['12', '19', '21']",48.98,0.0,[48.98],['12'],,,,,,,,
H2,deuterium hydride,[2H][H],3.022,35.9,0.0,[35.9],['22'],14.8,0.0,[14.8],['22'],,,,,,,,
HBr,deuterium bromide,[2H]Br,81.918,362.0,0.0,[362.0],['22'],,,,,,,,,,,,
HCl,deuterium chloride,[2H]Cl,37.467,323.5,0.0,[323.5],['22'],,,,,,,,,,,,
HI,deuterium iodide,[2H]I,128.919,421.8,0.0,[421.8],['22'],,,,,,,,,,,,
H3N,trideuteroammonia,[2H]N([2H])[2H],20.049,405.5,0.0,[405.5],['22'],113.0,0.0,[113.0],['22'],,,,,,,,
H2O,Deuterium oxide,[2H]O[2H],20.027508,643.90675,0.056627621,"[643.847, 643.89, 644.0, 643.89]","['1', '22', '24', '20']",217.32935,1.202200344,"[216.618, 216.71, 216.5794, 219.41]","['1', '22', '24', '20']",56.10426243,0.291629876,"[56.25704971, 56.26, 55.6, 56.3]","['1', '22', '24', '20']",0.3609,0.007161471,"[0.364, 0.351, 0.3677]","['1', '24', '20']"
H3P,trideuterophosphine,[2H]P([2H])[2H],37.016,323.6,0.0,[323.6],['22'],65.0,0.0,[65.0],['22'],,,,,,,,
H2S,deuterium sulfie,[2H]S[2H],36.094,372.3,0.0,[372.3],['22'],89.0,0.0,[89.0],['22'],,,,,,,,
H2,Deuterium,[2H][2H],4.0282,38.285,0.06264982,"[38.34, 38.25, 38.2, 38.35]","['1', '22', '24', '20']",16.611975,0.119586796,"[16.796, 16.5, 16.5119, 16.64]","['1', '22', '24', '20']",59.69957632,0.959795372,"[58.03830528, 60.2, 60.3, 60.26]","['1', '22', '24', '20']",-0.1393,0.003980787,"[-0.136, -0.137, -0.1449]","['1', '24', '20']"
H2O,tritium oxide,[3H]O[3H],22.032,641.72,0.0,[641.72],['22'],214.1,0.0,[214.1],['22'],,,,,,,,
H2,tritium,[3H][3H],6.032,40.0,0.0,[40.0],['22'],18.5,0.0,[18.5],['22'],,,,,,,,
He,helium-3,[3He],3.017,3.31,0.0,[3.31],['22'],1.14,0.0,[1.14],['22'],72.5,0.0,[72.5],['22'],,,,
Ar,Argon,[Ar],39.948,150.7735,0.0865,"[150.687, 150.86]","['1', '22']",48.805,0.175,"[48.63, 48.98]","['1', '22']",74.57775581,0.00775581,"[74.58551162, 74.57]","['1', '22']",-0.002095,9.5e-05,"[-0.00219, -0.002]","['1', '22']"
CO,carbon monoxide,[C-]#[O+],28.01,132.8928571,0.03149344,"[132.92, 132.86, 132.85, 132.86, 132.92, 132.92, 132.92]","['12', '1', '22', '13', '2', '18', '20']",34.96142857,0.032701495,"[34.99, 34.94, 34.94, 34.98, 34.9, 34.99, 34.99]","['12', '1', '22', '13', '2', '18', '20']",93.10084266,0.878646721,"[93.1, 92.16589862, 93.1, 92.14, 95.0, 93.1, 93.1]","['12', '1', '22', '13', '2', '18', '20']",0.0592,0.00846853,"[0.066, 0.0497, 0.048, 0.066, 0.0663]","['12', '1', '2', '18', '20']"
H4ClN,ammonium chloride,[Cl-].[NH4+],53.491,882.0,0.0,[882.0],['22'],,,,,165.0,0.0,[165.0],['22'],,,,
H2,Hydrogen (normal),[H][H],2.01588,33.101,0.092325511,"[33.145, 32.98, 33.19, 33.0, 33.19]","['1', '22', '2', '24', '13']",13.04208,0.110427649,"[12.964, 12.93, 13.2, 12.9664, 13.15]","['1', '22', '2', '24', '13']",64.80456951,1.280006349,"[64.48284756, 64.2, 64.0, 64.0, 67.34]","['1', '22', '2', '24', '13']",-0.216666667,0.001699673,"[-0.219, -0.215, -0.216]","['1', '2', '24']"
He,Helium-4,[He],4.002602,5.19265,0.00265,"[5.1953, 5.19]","['1', '22']",2.2766,0.0066,"[2.2832, 2.27]","['1', '22']",57.41257644,0.112576435,"[57.52515287, 57.3]","['1', '22']",-0.3868,0.0032,"[-0.3836, -0.39]","['1', '22']"
Kr,Krypton,[Kr],83.798,209.44,0.04,"[209.48, 209.4]","['1', '22']",55.125,0.125,"[55.25, 55.0]","['1', '22']",91.68294931,0.48294931,"[92.16589862, 91.2]","['1', '22']",-0.000894,0.0,[-0.000894],['1']
N2O,Dinitrogen monoxide,[N-]=[N+]=O,44.0128,309.5632143,0.030551896,"[309.52, 309.6, 309.5625, 309.57, 309.52, 309.6, 309.57]","['1', '22', '21', '2', '13', '24', '20']",72.51485714,0.121960683,"[72.45, 72.55, 72.475, 72.8, 72.45, 72.429, 72.45]","['1', '22', '21', '2', '13', '24', '20']",97.35871192,0.320826839,"[97.37098345, 97.0, 97.4, 98.0, 96.94, 97.4, 97.4]","['1', '22', '21', '2', '13', '24', '20']",0.15456,0.010417984,"[0.162, 0.143, 0.162, 0.165, 0.1408]","['1', '2', '13', '24', '20']"
NO,nitrogen monoxide,[N]=O,30.006,180.09,0.073484692,"[180.0, 180.15, 180.15, 180.0, 180.15]","['22', '2', '13', '24', '20']",64.8864,0.157289033,"[64.8, 65.2, 64.8, 64.832, 64.8]","['22', '2', '13', '24', '20']",58.01,0.02,"[58.0, 58.0, 58.05, 58.0, 58.0]","['22', '2', '13', '24', '20']",0.58545,0.00255,"[0.588, 0.5829]","['24', '20']"
Ne,Neon,[Ne],20.179,44.4,0.0,"[44.4, 44.4]","['1', '22']",27.10815,0.49185,"[26.6163, 27.6]","['1', '22']",41.59688797,0.103112035,"[41.49377593, 41.7]","['1', '22']",-0.0355,0.0,[-0.0355],['1']
F3NO,Trifluoroamine oxide,[O-][N+](F)(F)F,86.99319828,302.625,0.025,"[302.65, 302.6]","['19', '22']",,,,,159.55,9.45,"[169.0, 150.1]","['19', '22']",,,,
NO2,nitrous acid,[O]N=O,46.005,431.2333333,0.11785113,"[431.15, 431.4, 431.15]","['13', '24', '20']",101.3166667,0.012472191,"[101.32, 101.3, 101.33]","['13', '24', '20']",,,,,0.854033333,0.004219268,"[0.851, 0.86, 0.8511]","['13', '24', '20']"
Rn,radon,[Rn],222.018,377.0,0.0,[377.0],['22'],63.0,0.0,[63.0],['22'],140.0,0.0,[140.0],['22'],,,,
S,sulfur,[S],32.066,1313.01,0.0,[1313.01],['22'],182.0,0.0,[182.0],['22'],158.0,0.0,[158.0],['22'],,,,
H2Se,hydrogen selenide,[SeH2],80.976,411.0,0.0,[411.0],['22'],89.2,0.0,[89.2],['22'],,,,,,,,
Se,selenium,[Se],78.96,1766.0,0.0,[1766.0],['22'],271.6,0.0,[271.6],['22'],62.3,0.0,[62.3],['22'],,,,
CH3Cl3Si,"silane, trichloromethyl-",[SiH3]C(Cl)(Cl)Cl,147.9069597,517.43,0.28,"[517.71, 517.15]","['11', '19']",34.02717058,1.22717058,"[35.25434116, 32.8]","['11', '19']",348.0,0.0,[348.0],['19'],0.254847105,0.0,[0.254847105],['11']
CH4Cl2Si,dichloromethylsilane,[SiH3]C(Cl)Cl,113.945932,475.0,0.0,[475.0],['11'],38.93442623,0.0,[38.93442623],['11'],,,,,,,,
C2H5Cl3Si,trichloroethylsilane,[SiH3]CC(Cl)(Cl)Cl,163.504,559.95,0.0,[559.95],['12'],33.3,0.0,[33.3],['12'],,,,,0.269,0.0,[0.269],['12']
Xe,Xenon,[Xe],131.293,289.7365,0.0035,"[289.733, 289.74]","['1', '22']",58.41,0.01,"[58.42, 58.4]","['1', '22']",118.5238095,0.5238095,"[119.047619, 118.0]","['1', '22']",0.00363,0.0,[0.00363],['1']
C12H10,"1,2-dihydroacenaphthylene",c1cc2c3c(cccc3c1)CC2,154.212,820.0,0.0,[820.0],['10'],37.0,0.0,[37.0],['10'],,,,,,,,
C16H10,pyrene,c1cc2ccc3cccc4ccc(c1)c2c34,202.256,974.0,0.0,[974.0],['10'],30.3,0.0,[30.3],['10'],,,,,,,,
C4H5N,pyrrole,c1cc[nH]c1,67.091,639.207,1.529140935,"[639.75, 639.73, 639.8, 639.75, 639.7, 639.8, 634.883, 639.7, 639.75]","['12', '11', '14', '19', '22', '24', '21', '23', '18']",62.7255,3.840662801,"[67.46, 63.4, 63.3, 56.742]","['12', '19', '22', '21']",210.99,10.99,"[200.0, 221.98]","['19', '23']",,,,
C18H14,p-terphenyl,c1ccc(-c2ccc(-c3ccccc3)cc2)cc1,230.309,911.7796667,5.60589638,"[908.0, 913.0, 908.0, 908.0, 926.05, 908.0, 913.967, 913.0, 908.0]","['12', '11', '14', '16', '19', '22', '21', '23', '18']",29.82783333,2.457323776,"[29.9, 33.2, 29.9, 31.067, 25.0, 29.9]","['12', '19', '22', '21', '23', '18']",732.2728571,13.71828885,"[729.0, 729.0, 762.0, 729.0, 735.29, 712.76, 728.86]","['12', '16', '19', '22', '21', '23', '18']",0.643,0.0,"[0.643, 0.643]","['12', '18']"
C18H14,m-terphenyl,c1ccc(-c2cccc(-c3ccccc3)c2)cc1,230.309,892.7133,16.59440122,"[883.0, 882.5, 883.0, 883.0, 924.85, 883.0, 924.85, 896.933, 883.0, 883.0]","['12', '11', '14', '16', '19', '22', '2', '21', '23', '18']",27.08050214,5.061894256,"[24.8, 21.57701711, 35.1, 24.8, 35.3, 28.267, 22.0, 24.8]","['12', '11', '19', '22', '2', '21', '23', '18']",739.285,18.22099682,"[724.0, 724.0, 768.0, 724.0, 768.05, 735.29, 746.83, 724.11]","['12', '16', '19', '22', '2', '21', '23', '18']",0.614114955,0.038629154,"[0.651, 0.59345982, 0.561, 0.651]","['12', '11', '2', '18']"
C12H10,phenylbenzene,c1ccc(-c2ccccc2)cc1,154.211,779.6341667,7.988033194,"[773.0, 773.0, 772.2, 773.0, 773.0, 789.0, 789.15, 773.0, 789.26, 789.0, 789.0, 773.0]","['12', '9', '11', '14', '16', '17', '19', '22', '2', '13', '24', '18']",35.59364621,2.450606584,"[33.8, 33.8, 34.44246209, 32.2, 38.5, 33.8, 38.6, 38.5, 38.494, 33.8]","['12', '9', '11', '17', '19', '22', '2', '13', '24', '18']",498.7277778,2.323640715,"[497.0, 497.0, 497.0, 502.0, 497.0, 502.01, 497.51, 502.01, 497.02]","['12', '9', '16', '19', '22', '2', '13', '24', '18']",0.388179171,0.020981994,"[0.403, 0.419075024, 0.367, 0.365, 0.372, 0.403]","['12', '11', '2', '13', '24', '18']"
C18H14,o-terphenyl,c1ccc(-c2ccccc2-c2ccccc2)cc1,230.309,866.94375,14.37057405,"[857.0, 857.2, 891.05, 857.0, 868.3, 857.0, 891.0, 857.0]","['12', '11', '19', '22', '21', '23', '24', '18']",32.619,4.100218844,"[29.9, 39.0, 29.9, 31.633, 29.0, 39.0, 29.9]","['12', '19', '22', '21', '23', '24', '18']",739.7416667,10.30588087,"[731.0, 755.0, 731.53, 736.92, 753.01, 730.99]","['12', '19', '21', '23', '24', '18']",0.511,0.056568542,"[0.551, 0.431, 0.551]","['12', '24', '18']"
C25H20,tritylbenzene,c1ccc(C(c2ccccc2)(c2ccccc2)c2ccccc2)cc1,320.435,983.0,0.0,[983.0],['13'],17.9,0.0,[17.9],['13'],965.25,0.0,[965.25],['13'],0.679,0.0,[0.679],['13']
C19H16,benzhydrylbenzene,c1ccc(C(c2ccccc2)c2ccccc2)cc1,244.337,865.0,0.0,[865.0],['13'],22.0,0.0,[22.0],['13'],751.88,0.0,[751.88],['13'],0.574,0.0,[0.574],['13']
C13H12,diphenylmethane,c1ccc(Cc2ccccc2)cc1,168.238,763.895,6.364371532,"[760.0, 760.0, 775.8, 760.0, 760.0, 767.15, 760.0, 760.0, 776.0, 760.0]","['12', '9', '11', '14', '16', '19', '22', '13', '23', '18']",28.21711462,1.447101149,"[27.1, 27.1, 30.66403162, 29.8, 27.1, 27.1, 27.79, 30.2, 27.1]","['12', '9', '11', '19', '22', '13', '21', '23', '18']",562.3528571,1.510446616,"[563.0, 563.0, 563.0, 563.0, 562.75, 558.66, 563.06]","['12', '9', '16', '22', '13', '21', '18']",0.468864265,0.02275176,"[0.482, 0.42945706, 0.482, 0.482]","['12', '11', '13', '18']"
C12H11N,diphenylamine,c1ccc(Nc2ccccc2)cc1,169.0891494,822.3333333,3.771236166,"[825.0, 825.0, 817.0]","['14', '17', '13']",34.9,3.1,"[38.0, 31.8]","['17', '13']",539.08,0.0,[539.08],['13'],0.53,0.0,[0.53],['13']
C12H10O,diphenyl ether,c1ccc(Oc2ccccc2)cc1,170.211,768.1333333,2.91156697,"[766.8, 773.0, 766.0, 766.85, 766.8, 774.05, 766.9, 766.0, 766.8]","['12', '11', '14', '19', '2', '21', '23', '24', '18']",30.96561667,0.645547598,"[29.58, 31.4, 31.0, 31.4107, 31.0, 31.403]","['12', '19', '2', '21', '23', '24']",514.53,11.51,"[503.02, 526.04]","['2', '23']",0.4405,0.0005,"[0.441, 0.44]","['2', '24']"
C9H10,indane,c1ccc2c(c1)CCC2,118.178,684.8888889,0.03928371,"[684.9, 684.85, 684.9, 684.9, 684.95, 684.9, 684.9, 684.8, 684.9]","['12', '11', '14', '16', '19', '22', '21', '23', '18']",39.52221027,0.054403839,"[39.5, 39.65547192, 39.5, 39.5, 39.5, 39.5, 39.5]","['12', '11', '19', '22', '21', '23', '18']",383.03,2.03,"[381.0, 385.06]","['19', '23']",0.308972836,3.84e-05,"[0.309, 0.308918508, 0.309]","['12', '11', '18']"
C10H12,"1,2,3,4-tetrahydronaphthalene",c1ccc2c(c1)CCCC2,132.205,720.11,0.203469899,"[720.0, 720.0, 720.3, 720.0, 720.0, 720.15, 720.0, 720.65, 720.0, 720.0]","['12', '9', '11', '14', '16', '19', '22', '21', '23', '18']",36.31869817,0.504210475,"[36.5, 36.48, 35.13658537, 36.5, 36.5, 36.933, 36.0, 36.5]","['12', '9', '11', '19', '22', '21', '23', '18']",412.3542857,8.045981885,"[408.0, 408.0, 408.0, 408.0, 415.45, 431.03, 408.0]","['12', '9', '19', '22', '21', '23', '18']",0.327193393,0.01104021,"[0.335, 0.311580178, 0.335]","['12', '11', '18']"
C8H8O,phthalan,c1ccc2c(c1)COC2,120.151,700.0,0.0,"[700.0, 700.0, 700.0]","['12', '21', '18']",42.85,0.0,"[42.85, 42.85, 42.85]","['12', '21', '18']",356.2333333,0.023570226,"[356.2, 356.25, 356.25]","['12', '21', '18']",0.372,0.0,"[0.372, 0.372]","['12', '18']"
C13H10,9H-fluorene,c1ccc2c(c1)Cc1ccccc1-2,166.223,836.0,0.0,[836.0],['10'],31.8,0.0,[31.8],['10'],,,,,,,,
C14H10,phenanthrene,c1ccc2c(c1)ccc1ccccc12,178.233,872.1444444,7.476312387,"[869.0, 869.0, 869.0, 869.15, 869.0, 869.15, 873.0, 869.0, 893.0]","['12', '14', '16', '19', '22', '21', '24', '18', '10']",30.79666667,1.576078114,"[31.19, 28.7, 32.5]","['12', '22', '10']",554.0066667,0.00942809,"[554.0, 554.0, 554.02]","['19', '22', '24']",,,,
C12H8O,dibenzofuran,c1ccc2c(c1)oc1ccccc12,168.195,824.0,0.0,"[824.0, 824.0, 824.0, 824.0, 824.0, 824.0]","['12', '11', '14', '21', '23', '18']",35.62574605,1.064380284,"[36.4, 35.22873023, 36.4, 33.7, 36.4]","['12', '11', '21', '23', '18']",494.7925,0.417634709,"[495.0, 495.05, 494.07, 495.05]","['12', '21', '23', '18']",0.393666553,0.007542633,"[0.399, 0.382999659, 0.399]","['12', '11', '18']"
C12H8S,dibenzothiophene,c1ccc2c(c1)sc1ccccc12,184.262,897.0,0.0,"[897.0, 897.0, 897.0, 897.0]","['12', '11', '23', '18']",36.72166667,2.176565848,"[33.79, 37.375, 39.0]","['12', '11', '23']",512.0,0.0,"[512.0, 512.0]","['12', '18']",0.382999659,0.0,[0.382999659],['11']
C14H10,anthracene,c1ccc2cc3ccccc3cc2c1,178.233,875.51875,8.172741947,"[873.0, 869.3, 873.1, 883.15, 869.3, 869.3, 873.0, 894.0]","['12', '14', '17', '19', '22', '24', '18', '10']",30.2025,1.360521499,"[31.41, 29.0, 28.7, 31.7]","['12', '19', '22', '10']",554.0066667,0.00942809,"[554.0, 554.0, 554.02]","['19', '22', '24']",,,,
C10H8,naphthalene,c1ccc2ccccc2c1,128.174,748.3483333,0.168415821,"[748.4, 748.4, 748.33, 748.4, 748.4, 747.8, 748.45, 748.4, 748.35, 748.45, 748.4, 748.4]","['12', '9', '11', '14', '16', '17', '19', '22', '2', '13', '24', '18']",40.43955001,0.19817938,"[40.5, 40.62595005, 40.4, 40.51, 40.5, 39.9, 40.5, 40.52, 40.5]","['12', '11', '17', '19', '22', '2', '13', '24', '18']",408.3255556,2.525866677,"[407.0, 407.0, 407.0, 407.0, 407.0, 413.05, 406.83, 413.05, 407.0]","['12', '9', '16', '19', '22', '2', '13', '24', '18']",0.301899134,0.002928698,"[0.302, 0.305394801, 0.296, 0.304, 0.302, 0.302]","['12', '11', '2', '13', '24', '18']"
C9H7N,isoquinoline,c1ccc2cnccc2c1,129.162,803.0875,0.069597055,"[803.15, 803.1, 803.0, 803.15, 803.0, 803.15, 803.0, 803.15]","['12', '11', '14', '19', '22', '21', '23', '18']",48.51333333,3.306814513,"[43.84, 51.0, 50.7]","['12', '19', '23']",376.97,2.97,"[374.0, 379.94]","['19', '23']",,,,
C9H7N,quinoline,c1ccc2ncccc2c1,129.162,783.1666667,3.106087213,"[782.15, 782.1, 782.0, 782.15, 782.0, 791.95, 782.0, 782.15, 782.0]","['12', '11', '14', '19', '22', '21', '23', '18', '5']",45.625,2.975,"[42.65, 48.6]","['12', '19']",409.485,27.515,"[437.0, 381.97]","['19', '23']",,,,
C8H6S,benzo[b]thiophene,c1ccc2sccc2c1,134.0190212,764.0,0.0,"[764.0, 764.0]","['11', '4']",47.26437347,0.335626535,"[46.92874693, 47.6]","['11', '4']",379.08,0.0,[379.08],['4'],0.300162274,0.0,[0.300162274],['11']
C6H6,benzene,c1ccccc1,78.114,562.0661538,0.056912681,"[562.05, 562.02, 562.05, 562.02, 562.1, 562.1, 562.0, 562.05, 562.05, 562.16, 562.01, 562.2, 562.05]","['12', '1', '9', '11', '14', '16', '17', '19', '22', '2', '13', '24', '18']",48.94701964,0.063317609,"[48.95, 49.07277, 48.95, 48.95644599, 48.9, 48.95, 48.95, 48.8, 49.01, 48.928, 48.95]","['12', '1', '9', '11', '17', '19', '22', '2', '13', '24', '18']",256.6604527,1.779059335,"[256.0, 256.344527, 256.0, 256.0, 255.0, 256.0, 261.03, 255.23, 259.0, 256.0]","['12', '1', '9', '16', '19', '22', '2', '13', '24', '18']",0.21027515,0.00088443,"[0.21, 0.211, 0.209926052, 0.209, 0.21, 0.212, 0.21]","['12', '1', '11', '2', '13', '24', '18']"
C5H5N,pyridine,c1ccncc1,79.102,619.78,0.430813185,"[619.95, 619.2, 620.0, 618.7, 620.05, 620.0, 619.95, 620.0, 620.0, 619.95]","['12', '11', '14', '17', '19', '22', '2', '13', '24', '18']",56.7024188,0.803395557,"[56.3, 56.49635036, 58.8, 56.7, 56.4, 56.3, 56.323, 56.3]","['12', '11', '17', '19', '2', '13', '24', '18']",252.4742857,3.869436493,"[254.0, 243.0, 254.0, 254.0, 254.32, 254.0, 254.0]","['12', '19', '22', '2', '13', '24', '18']",0.240902824,0.002866083,"[0.239, 0.246416941, 0.239, 0.239, 0.243, 0.239]","['12', '11', '2', '13', '24', '18']"
C4H4O,furan,c1ccoc1,68.075,490.0743,0.315528778,"[490.15, 490.21, 490.2, 490.25, 490.15, 490.15, 490.15, 489.133, 490.2, 490.15]","['12', '11', '14', '19', '22', '2', '13', '21', '23', '18']",54.85618687,0.690559104,"[55.0, 55.70568182, 55.0, 55.0, 55.5, 55.0, 53.2, 54.3, 55.0]","['12', '11', '19', '22', '2', '13', '21', '23', '18']",218.0328571,0.068392624,"[218.0, 218.0, 218.0, 218.01, 218.2, 218.01, 218.01]","['12', '19', '22', '2', '13', '23', '18']",0.20406187,0.002389618,"[0.202, 0.208309351, 0.205, 0.203, 0.202]","['12', '11', '2', '13', '18']"
C4H4S,thiophene,c1ccsc1,84.142,579.5172727,0.237949227,"[579.35, 579.44, 580.0, 579.45, 580.0, 579.35, 579.35, 579.4, 579.6, 579.4, 579.35]","['12', '11', '14', '19', '22', '2', '13', '24', '21', '23', '18']",56.88718512,0.147052739,"[56.9, 56.64125122, 56.9, 56.6, 57.1, 56.9, 56.9306, 57.0, 57.0, 56.9]","['12', '11', '19', '22', '2', '13', '24', '21', '23', '18']",220.39125,3.628151863,"[219.0, 219.0, 219.0, 219.01, 219.11, 219.01, 229.99, 219.01]","['12', '19', '22', '2', '13', '24', '23', '18']",0.195406714,0.002338037,"[0.197, 0.190440285, 0.195, 0.197, 0.196, 0.197]","['12', '11', '2', '13', '24', '18']"
C4H4N2,pyrazine,c1cnccn1,80.03744813,627.0,0.0,"[627.0, 627.0, 627.0]","['11', '23', '5']",66.02074689,0.97925311,"[65.04149378, 67.0]","['11', '5']",228.83,0.0,[228.83],['5'],0.256490235,0.0,[0.256490235],['11']
C3H3NO,isoxazole,c1cnoc1,69.063,577.3416667,17.9015925,"[590.0, 552.0, 552.05, 590.0, 590.0, 590.0]","['12', '14', '19', '22', '21', '18']",61.0,0.0,"[61.0, 61.0, 61.0]","['12', '21', '18']",190.92,0.021602469,"[190.9, 190.95, 190.91]","['12', '21', '18']",0.257,0.0,"[0.257, 0.257]","['12', '18']"
C3H3NO,"1,3-oxazole",c1cocn1,69.02146372,550.9,0.1,"[550.8, 551.0]","['11', '23']",67.95807645,0.04192355,"[67.9161529, 68.0]","['11', '23']",185.01,0.0,[185.01],['23'],0.274088368,0.0,[0.274088368],['11']
C3H3NS,thiazole,c1cscn1,84.9986201,631.0,0.0,[631.0],['14'],,,,,,,,,,,,
